<?xml version="1.0" encoding="UTF-8"?>
<gpx version="1.1" creator="Health Auto Export - https://healthyapps.dev" xmlns="http://www.topografix.com/GPX/1/1" xmlns:xsi="http://www.w3.org/2001/XMLSchema-instance" xsi:schemaLocation="http://www.topografix.com/GPX/1/1 http://www.topografix.com/GPX/1/1/gpx.xsd">
    <metadata>
        <time>2026-09-06T7:52:33Z</time>
    </metadata>
    <trk>
        <name>Route 2026-09-06T7:52:33Z</name>
        <trkseg>
            <trkpt lat="49.63104" lon="10.86096367"><ele>-20000.0</ele><time>2026-09-06T7:52:33Z</time><extensions><speed>-1.0</speed><course>-1.0</course><hAcc>0.0</hAcc><vAcc>0.0</vAcc></extensions></trkpt><trkpt lat="49.631063" lon="10.86095034"><ele>-20000.0</ele><time>2026-09-06T7:52:34Z</time><extensions><speed>-1.0</speed><course>-1.0</course><hAcc>0.0</hAcc><vAcc>0.0</vAcc></extensions></trkpt><trkpt lat="49.63108467" lon="10.86091867"><ele>-20000.0</ele><time>2026-09-06T7:52:35Z</time><extensions><speed>-1.0</speed><course>-1.0</course><hAcc>0.0</hAcc><vAcc>0.0</vAcc></extensions></trkpt><trkpt lat="49.63110667" lon="10.86086334"><ele>-20000.0</ele><time>2026-09-06T7:52:36Z</time><extensions><speed>-1.0</speed><course>-1.0</course><hAcc>0.0</hAcc><vAcc>0.0</vAcc></extensions></trkpt><trkpt lat="49.63112334" lon="10.86078034"><ele>-20000.0</ele><time>2026-09-06T7:52:38Z</time><extensions><speed>-1.0</speed><course>-1.0</course><hAcc>0.0</hAcc><vAcc>0.0</vAcc></extensions></trkpt><trkpt lat="49.63112667" lon="10.86067067"><ele>-20000.0</ele><time>2026-09-06T7:52:40Z</time><extensions><speed>-1.0</speed><course>-1.0</course><hAcc>0.0</hAcc><vAcc>0.0</vAcc></extensions></trkpt><trkpt lat="49.63112734" lon="10.860544339999999"><ele>-20000.0</ele><time>2026-09-06T7:52:42Z</time><extensions><speed>-1.0</speed><course>-1.0</course><hAcc>0.0</hAcc><vAcc>0.0</vAcc></extensions></trkpt><trkpt lat="49.631126009999996" lon="10.86040467"><ele>-20000.0</ele><time>2026-09-06T7:52:44Z</time><extensions><speed>-1.0</speed><course>-1.0</course><hAcc>0.0</hAcc><vAcc>0.0</vAcc></extensions></trkpt><trkpt lat="49.631126679999994" lon="10.860273339999999"><ele>299.58</ele><time>2026-09-06T7:52:46Z</time><extensions><speed>-1.0</speed><course>-1.0</course><hAcc>0.0</hAcc><vAcc>0.0</vAcc></extensions></trkpt><trkpt lat="49.631123679999995" lon="10.860134339999998"><ele>299.58</ele><time>2026-09-06T7:52:48Z</time><extensions><speed>-1.0</speed><course>-1.0</course><hAcc>0.0</hAcc><vAcc>0.0</vAcc></extensions></trkpt><trkpt lat="49.631121349999994" lon="10.860015669999997"><ele>299.58</ele><time>2026-09-06T7:52:49Z</time><extensions><speed>-1.0</speed><course>-1.0</course><hAcc>0.0</hAcc><vAcc>0.0</vAcc></extensions></trkpt><trkpt lat="49.631120349999996" lon="10.859881999999997"><ele>299.58</ele><time>2026-09-06T7:52:51Z</time><extensions><speed>-1.0</speed><course>-1.0</course><hAcc>0.0</hAcc><vAcc>0.0</vAcc></extensions></trkpt><trkpt lat="49.631121019999995" lon="10.859740999999998"><ele>299.58</ele><time>2026-09-06T7:52:53Z</time><extensions><speed>-1.0</speed><course>-1.0</course><hAcc>0.0</hAcc><vAcc>0.0</vAcc></extensions></trkpt><trkpt lat="49.631120689999996" lon="10.859592669999998"><ele>299.58</ele><time>2026-09-06T7:52:55Z</time><extensions><speed>-1.0</speed><course>-1.0</course><hAcc>0.0</hAcc><vAcc>0.0</vAcc></extensions></trkpt><trkpt lat="49.631118689999994" lon="10.859464669999998"><ele>299.58</ele><time>2026-09-06T7:52:56Z</time><extensions><speed>-1.0</speed><course>-1.0</course><hAcc>0.0</hAcc><vAcc>0.0</vAcc></extensions></trkpt><trkpt lat="49.63111735999999" lon="10.859327669999997"><ele>299.58</ele><time>2026-09-06T7:52:58Z</time><extensions><speed>-1.0</speed><course>-1.0</course><hAcc>0.0</hAcc><vAcc>0.0</vAcc></extensions></trkpt><trkpt lat="49.63111668999999" lon="10.859209669999997"><ele>299.58</ele><time>2026-09-06T7:52:59Z</time><extensions><speed>-1.0</speed><course>-1.0</course><hAcc>0.0</hAcc><vAcc>0.0</vAcc></extensions></trkpt><trkpt lat="49.63111535999999" lon="10.859104999999996"><ele>299.58</ele><time>2026-09-06T7:53:00Z</time><extensions><speed>-1.0</speed><course>-1.0</course><hAcc>0.0</hAcc><vAcc>0.0</vAcc></extensions></trkpt><trkpt lat="49.63111268999999" lon="10.858982329999996"><ele>299.58</ele><time>2026-09-06T7:53:02Z</time><extensions><speed>-1.0</speed><course>-1.0</course><hAcc>0.0</hAcc><vAcc>0.0</vAcc></extensions></trkpt><trkpt lat="49.631108359999985" lon="10.858850659999996"><ele>299.58</ele><time>2026-09-06T7:53:04Z</time><extensions><speed>-1.0</speed><course>-1.0</course><hAcc>0.0</hAcc><vAcc>0.0</vAcc></extensions></trkpt><trkpt lat="49.63110468999999" lon="10.858736659999996"><ele>299.58</ele><time>2026-09-06T7:53:05Z</time><extensions><speed>-1.0</speed><course>-1.0</course><hAcc>0.0</hAcc><vAcc>0.0</vAcc></extensions></trkpt><trkpt lat="49.63110101999999" lon="10.858632659999996"><ele>299.58</ele><time>2026-09-06T7:53:06Z</time><extensions><speed>-1.0</speed><course>-1.0</course><hAcc>0.0</hAcc><vAcc>0.0</vAcc></extensions></trkpt><trkpt lat="49.63109168999999" lon="10.858510329999996"><ele>299.58</ele><time>2026-09-06T7:53:08Z</time><extensions><speed>-1.0</speed><course>-1.0</course><hAcc>0.0</hAcc><vAcc>0.0</vAcc></extensions></trkpt><trkpt lat="49.63108035999999" lon="10.858374659999996"><ele>299.58</ele><time>2026-09-06T7:53:10Z</time><extensions><speed>-1.0</speed><course>-1.0</course><hAcc>0.0</hAcc><vAcc>0.0</vAcc></extensions></trkpt><trkpt lat="49.63106868999999" lon="10.858230989999996"><ele>299.58</ele><time>2026-09-06T7:53:12Z</time><extensions><speed>-1.0</speed><course>-1.0</course><hAcc>0.0</hAcc><vAcc>0.0</vAcc></extensions></trkpt><trkpt lat="49.63105768999999" lon="10.858080989999996"><ele>299.58</ele><time>2026-09-06T7:53:14Z</time><extensions><speed>-1.0</speed><course>-1.0</course><hAcc>0.0</hAcc><vAcc>0.0</vAcc></extensions></trkpt><trkpt lat="49.63104868999999" lon="10.857953659999996"><ele>299.58</ele><time>2026-09-06T7:53:15Z</time><extensions><speed>-1.0</speed><course>-1.0</course><hAcc>0.0</hAcc><vAcc>0.0</vAcc></extensions></trkpt><trkpt lat="49.63103501999999" lon="10.857815659999996"><ele>299.58</ele><time>2026-09-06T7:53:17Z</time><extensions><speed>-1.0</speed><course>-1.0</course><hAcc>0.0</hAcc><vAcc>0.0</vAcc></extensions></trkpt><trkpt lat="49.63102401999999" lon="10.857695989999996"><ele>299.58</ele><time>2026-09-06T7:53:18Z</time><extensions><speed>-1.0</speed><course>-1.0</course><hAcc>0.0</hAcc><vAcc>0.0</vAcc></extensions></trkpt><trkpt lat="49.63101401999999" lon="10.857589319999997"><ele>299.58</ele><time>2026-09-06T7:53:19Z</time><extensions><speed>-1.0</speed><course>-1.0</course><hAcc>0.0</hAcc><vAcc>0.0</vAcc></extensions></trkpt><trkpt lat="49.63100434999999" lon="10.857490989999997"><ele>299.58</ele><time>2026-09-06T7:53:20Z</time><extensions><speed>-1.0</speed><course>-1.0</course><hAcc>0.0</hAcc><vAcc>0.0</vAcc></extensions></trkpt><trkpt lat="49.63099134999999" lon="10.857373319999997"><ele>299.58</ele><time>2026-09-06T7:53:22Z</time><extensions><speed>-1.0</speed><course>-1.0</course><hAcc>0.0</hAcc><vAcc>0.0</vAcc></extensions></trkpt><trkpt lat="49.63097601999999" lon="10.857241319999996"><ele>299.58</ele><time>2026-09-06T7:53:24Z</time><extensions><speed>-1.0</speed><course>-1.0</course><hAcc>0.0</hAcc><vAcc>0.0</vAcc></extensions></trkpt><trkpt lat="49.63095868999999" lon="10.857100649999996"><ele>299.58</ele><time>2026-09-06T7:53:26Z</time><extensions><speed>-1.0</speed><course>-1.0</course><hAcc>0.0</hAcc><vAcc>0.0</vAcc></extensions></trkpt><trkpt lat="49.630941019999995" lon="10.856952979999996"><ele>299.58</ele><time>2026-09-06T7:53:28Z</time><extensions><speed>-1.0</speed><course>-1.0</course><hAcc>0.0</hAcc><vAcc>0.0</vAcc></extensions></trkpt><trkpt lat="49.63092501999999" lon="10.856828979999996"><ele>299.58</ele><time>2026-09-06T7:53:29Z</time><extensions><speed>-1.0</speed><course>-1.0</course><hAcc>0.0</hAcc><vAcc>0.0</vAcc></extensions></trkpt><trkpt lat="49.630904689999994" lon="10.856693309999995"><ele>299.58</ele><time>2026-09-06T7:53:31Z</time><extensions><speed>-1.0</speed><course>-1.0</course><hAcc>0.0</hAcc><vAcc>0.0</vAcc></extensions></trkpt><trkpt lat="49.63088268999999" lon="10.856551309999995"><ele>299.58</ele><time>2026-09-06T7:53:33Z</time><extensions><speed>-1.0</speed><course>-1.0</course><hAcc>0.0</hAcc><vAcc>0.0</vAcc></extensions></trkpt><trkpt lat="49.63086435999999" lon="10.856430979999995"><ele>299.58</ele><time>2026-09-06T7:53:34Z</time><extensions><speed>-1.0</speed><course>-1.0</course><hAcc>0.0</hAcc><vAcc>0.0</vAcc></extensions></trkpt><trkpt lat="49.63084202999999" lon="10.856299309999995"><ele>299.58</ele><time>2026-09-06T7:53:36Z</time><extensions><speed>-1.0</speed><course>-1.0</course><hAcc>0.0</hAcc><vAcc>0.0</vAcc></extensions></trkpt><trkpt lat="49.63081969999999" lon="10.856160639999995"><ele>299.58</ele><time>2026-09-06T7:53:38Z</time><extensions><speed>-1.0</speed><course>-1.0</course><hAcc>0.0</hAcc><vAcc>0.0</vAcc></extensions></trkpt><trkpt lat="49.63080069999999" lon="10.856042309999996"><ele>299.58</ele><time>2026-09-06T7:53:39Z</time><extensions><speed>-1.0</speed><course>-1.0</course><hAcc>0.0</hAcc><vAcc>0.0</vAcc></extensions></trkpt><trkpt lat="49.630776699999984" lon="10.855912309999995"><ele>299.58</ele><time>2026-09-06T7:53:41Z</time><extensions><speed>-1.0</speed><course>-1.0</course><hAcc>0.0</hAcc><vAcc>0.0</vAcc></extensions></trkpt><trkpt lat="49.63074969999998" lon="10.855779979999996"><ele>299.58</ele><time>2026-09-06T7:53:43Z</time><extensions><speed>-1.0</speed><course>-1.0</course><hAcc>0.0</hAcc><vAcc>0.0</vAcc></extensions></trkpt><trkpt lat="49.63072469999998" lon="10.855668309999995"><ele>299.58</ele><time>2026-09-06T7:53:44Z</time><extensions><speed>-1.0</speed><course>-1.0</course><hAcc>0.0</hAcc><vAcc>0.0</vAcc></extensions></trkpt><trkpt lat="49.63068502999998" lon="10.855557309999995"><ele>299.58</ele><time>2026-09-06T7:53:46Z</time><extensions><speed>-1.0</speed><course>-1.0</course><hAcc>0.0</hAcc><vAcc>0.0</vAcc></extensions></trkpt><trkpt lat="49.63064102999998" lon="10.855439979999995"><ele>299.58</ele><time>2026-09-06T7:53:48Z</time><extensions><speed>-1.0</speed><course>-1.0</course><hAcc>0.0</hAcc><vAcc>0.0</vAcc></extensions></trkpt><trkpt lat="49.630599699999976" lon="10.855310649999995"><ele>299.58</ele><time>2026-09-06T7:53:50Z</time><extensions><speed>-1.0</speed><course>-1.0</course><hAcc>0.0</hAcc><vAcc>0.0</vAcc></extensions></trkpt><trkpt lat="49.63056836999998" lon="10.855199649999994"><ele>299.58</ele><time>2026-09-06T7:53:51Z</time><extensions><speed>-1.0</speed><course>-1.0</course><hAcc>0.0</hAcc><vAcc>0.0</vAcc></extensions></trkpt><trkpt lat="49.630541369999975" lon="10.855076319999995"><ele>299.58</ele><time>2026-09-06T7:53:53Z</time><extensions><speed>-1.0</speed><course>-1.0</course><hAcc>0.0</hAcc><vAcc>0.0</vAcc></extensions></trkpt><trkpt lat="49.63052303999997" lon="10.854941319999995"><ele>299.58</ele><time>2026-09-06T7:53:55Z</time><extensions><speed>-1.0</speed><course>-1.0</course><hAcc>0.0</hAcc><vAcc>0.0</vAcc></extensions></trkpt><trkpt lat="49.63050336999997" lon="10.854799989999995"><ele>299.58</ele><time>2026-09-06T7:53:57Z</time><extensions><speed>-1.0</speed><course>-1.0</course><hAcc>0.0</hAcc><vAcc>0.0</vAcc></extensions></trkpt><trkpt lat="49.63048469999997" lon="10.854678319999994"><ele>299.58</ele><time>2026-09-06T7:53:58Z</time><extensions><speed>-1.0</speed><course>-1.0</course><hAcc>0.0</hAcc><vAcc>0.0</vAcc></extensions></trkpt><trkpt lat="49.630463029999966" lon="10.854548989999994"><ele>299.58</ele><time>2026-09-06T7:54:00Z</time><extensions><speed>-1.0</speed><course>-1.0</course><hAcc>0.0</hAcc><vAcc>0.0</vAcc></extensions></trkpt><trkpt lat="49.630444029999964" lon="10.854437319999994"><ele>299.58</ele><time>2026-09-06T7:54:01Z</time><extensions><speed>-1.0</speed><course>-1.0</course><hAcc>0.0</hAcc><vAcc>0.0</vAcc></extensions></trkpt><trkpt lat="49.63042535999996" lon="10.854338319999993"><ele>299.58</ele><time>2026-09-06T7:54:02Z</time><extensions><speed>-1.0</speed><course>-1.0</course><hAcc>0.0</hAcc><vAcc>0.0</vAcc></extensions></trkpt><trkpt lat="49.63040002999996" lon="10.854225319999992"><ele>299.58</ele><time>2026-09-06T7:54:04Z</time><extensions><speed>-1.0</speed><course>-1.0</course><hAcc>0.0</hAcc><vAcc>0.0</vAcc></extensions></trkpt><trkpt lat="49.63037802999996" lon="10.854123989999993"><ele>299.58</ele><time>2026-09-06T7:54:05Z</time><extensions><speed>-1.0</speed><course>-1.0</course><hAcc>0.0</hAcc><vAcc>0.0</vAcc></extensions></trkpt><trkpt lat="49.63035769999996" lon="10.854029659999993"><ele>299.58</ele><time>2026-09-06T7:54:06Z</time><extensions><speed>-1.0</speed><course>-1.0</course><hAcc>0.0</hAcc><vAcc>0.0</vAcc></extensions></trkpt><trkpt lat="49.630331369999965" lon="10.853917659999993"><ele>299.58</ele><time>2026-09-06T7:54:08Z</time><extensions><speed>-1.0</speed><course>-1.0</course><hAcc>0.0</hAcc><vAcc>0.0</vAcc></extensions></trkpt><trkpt lat="49.63030769999997" lon="10.853816659999993"><ele>299.58</ele><time>2026-09-06T7:54:09Z</time><extensions><speed>-1.0</speed><course>-1.0</course><hAcc>0.0</hAcc><vAcc>0.0</vAcc></extensions></trkpt><trkpt lat="49.630286029999965" lon="10.853723989999992"><ele>299.58</ele><time>2026-09-06T7:54:10Z</time><extensions><speed>-1.0</speed><course>-1.0</course><hAcc>0.0</hAcc><vAcc>0.0</vAcc></extensions></trkpt><trkpt lat="49.63025935999997" lon="10.853612319999991"><ele>299.58</ele><time>2026-09-06T7:54:12Z</time><extensions><speed>-1.0</speed><course>-1.0</course><hAcc>0.0</hAcc><vAcc>0.0</vAcc></extensions></trkpt><trkpt lat="49.63023002999997" lon="10.85348598999999"><ele>299.58</ele><time>2026-09-06T7:54:14Z</time><extensions><speed>-1.0</speed><course>-1.0</course><hAcc>0.0</hAcc><vAcc>0.0</vAcc></extensions></trkpt><trkpt lat="49.63019835999997" lon="10.853349989999991"><ele>299.58</ele><time>2026-09-06T7:54:16Z</time><extensions><speed>-1.0</speed><course>-1.0</course><hAcc>0.0</hAcc><vAcc>0.0</vAcc></extensions></trkpt><trkpt lat="49.630172029999976" lon="10.85323265999999"><ele>299.58</ele><time>2026-09-06T7:54:17Z</time><extensions><speed>-1.0</speed><course>-1.0</course><hAcc>0.0</hAcc><vAcc>0.0</vAcc></extensions></trkpt><trkpt lat="49.630141699999974" lon="10.853104989999991"><ele>299.58</ele><time>2026-09-06T7:54:19Z</time><extensions><speed>-1.0</speed><course>-1.0</course><hAcc>0.0</hAcc><vAcc>0.0</vAcc></extensions></trkpt><trkpt lat="49.63011402999997" lon="10.852994989999992"><ele>299.58</ele><time>2026-09-06T7:54:20Z</time><extensions><speed>-1.0</speed><course>-1.0</course><hAcc>0.0</hAcc><vAcc>0.0</vAcc></extensions></trkpt><trkpt lat="49.630082359999975" lon="10.852872659999992"><ele>299.58</ele><time>2026-09-06T7:54:22Z</time><extensions><speed>-1.0</speed><course>-1.0</course><hAcc>0.0</hAcc><vAcc>0.0</vAcc></extensions></trkpt><trkpt lat="49.630057359999974" lon="10.852766659999991"><ele>299.58</ele><time>2026-09-06T7:54:23Z</time><extensions><speed>-1.0</speed><course>-1.0</course><hAcc>0.0</hAcc><vAcc>0.0</vAcc></extensions></trkpt><trkpt lat="49.630034689999974" lon="10.85264665999999"><ele>299.58</ele><time>2026-09-06T7:54:25Z</time><extensions><speed>-1.0</speed><course>-1.0</course><hAcc>0.0</hAcc><vAcc>0.0</vAcc></extensions></trkpt><trkpt lat="49.63001335999997" lon="10.85254132999999"><ele>299.58</ele><time>2026-09-06T7:54:26Z</time><extensions><speed>-1.0</speed><course>-1.0</course><hAcc>0.0</hAcc><vAcc>0.0</vAcc></extensions></trkpt><trkpt lat="49.62999435999997" lon="10.852446659999991"><ele>299.58</ele><time>2026-09-06T7:54:27Z</time><extensions><speed>-1.0</speed><course>-1.0</course><hAcc>0.0</hAcc><vAcc>0.0</vAcc></extensions></trkpt><trkpt lat="49.62997702999997" lon="10.852361989999991"><ele>299.58</ele><time>2026-09-06T7:54:28Z</time><extensions><speed>-1.0</speed><course>-1.0</course><hAcc>0.0</hAcc><vAcc>0.0</vAcc></extensions></trkpt><trkpt lat="49.629956029999974" lon="10.852257989999991"><ele>299.58</ele><time>2026-09-06T7:54:30Z</time><extensions><speed>-1.0</speed><course>-1.0</course><hAcc>0.0</hAcc><vAcc>0.0</vAcc></extensions></trkpt><trkpt lat="49.629935359999976" lon="10.852164989999991"><ele>299.58</ele><time>2026-09-06T7:54:31Z</time><extensions><speed>-1.0</speed><course>-1.0</course><hAcc>0.0</hAcc><vAcc>0.0</vAcc></extensions></trkpt><trkpt lat="49.62991468999998" lon="10.85207798999999"><ele>299.58</ele><time>2026-09-06T7:54:32Z</time><extensions><speed>-1.0</speed><course>-1.0</course><hAcc>0.0</hAcc><vAcc>0.0</vAcc></extensions></trkpt><trkpt lat="49.62988935999998" lon="10.851971319999992"><ele>299.58</ele><time>2026-09-06T7:54:34Z</time><extensions><speed>-1.0</speed><course>-1.0</course><hAcc>0.0</hAcc><vAcc>0.0</vAcc></extensions></trkpt><trkpt lat="49.629859689999975" lon="10.851850989999992"><ele>299.58</ele><time>2026-09-06T7:54:36Z</time><extensions><speed>-1.0</speed><course>-1.0</course><hAcc>0.0</hAcc><vAcc>0.0</vAcc></extensions></trkpt><trkpt lat="49.629829359999974" lon="10.851721659999992"><ele>299.58</ele><time>2026-09-06T7:54:38Z</time><extensions><speed>-1.0</speed><course>-1.0</course><hAcc>0.0</hAcc><vAcc>0.0</vAcc></extensions></trkpt><trkpt lat="49.62980235999997" lon="10.851611659999993"><ele>299.58</ele><time>2026-09-06T7:54:39Z</time><extensions><speed>-1.0</speed><course>-1.0</course><hAcc>0.0</hAcc><vAcc>0.0</vAcc></extensions></trkpt><trkpt lat="49.62977702999997" lon="10.851512989999993"><ele>299.58</ele><time>2026-09-06T7:54:40Z</time><extensions><speed>-1.0</speed><course>-1.0</course><hAcc>0.0</hAcc><vAcc>0.0</vAcc></extensions></trkpt><trkpt lat="49.62974702999997" lon="10.851398989999993"><ele>299.58</ele><time>2026-09-06T7:54:42Z</time><extensions><speed>-1.0</speed><course>-1.0</course><hAcc>0.0</hAcc><vAcc>0.0</vAcc></extensions></trkpt><trkpt lat="49.62971969999997" lon="10.851298319999993"><ele>299.58</ele><time>2026-09-06T7:54:43Z</time><extensions><speed>-1.0</speed><course>-1.0</course><hAcc>0.0</hAcc><vAcc>0.0</vAcc></extensions></trkpt><trkpt lat="49.62968869999997" lon="10.851182319999992"><ele>299.58</ele><time>2026-09-06T7:54:45Z</time><extensions><speed>-1.0</speed><course>-1.0</course><hAcc>0.0</hAcc><vAcc>0.0</vAcc></extensions></trkpt><trkpt lat="49.62965469999997" lon="10.851057649999992"><ele>299.58</ele><time>2026-09-06T7:54:47Z</time><extensions><speed>-1.0</speed><course>-1.0</course><hAcc>0.0</hAcc><vAcc>0.0</vAcc></extensions></trkpt><trkpt lat="49.62962536999997" lon="10.850950319999992"><ele>299.58</ele><time>2026-09-06T7:54:48Z</time><extensions><speed>-1.0</speed><course>-1.0</course><hAcc>0.0</hAcc><vAcc>0.0</vAcc></extensions></trkpt><trkpt lat="49.62959003999997" lon="10.850834989999992"><ele>299.58</ele><time>2026-09-06T7:54:50Z</time><extensions><speed>-1.0</speed><course>-1.0</course><hAcc>0.0</hAcc><vAcc>0.0</vAcc></extensions></trkpt><trkpt lat="49.62955803999997" lon="10.850736319999992"><ele>299.58</ele><time>2026-09-06T7:54:51Z</time><extensions><speed>-1.0</speed><course>-1.0</course><hAcc>0.0</hAcc><vAcc>0.0</vAcc></extensions></trkpt><trkpt lat="49.62952636999997" lon="10.850618989999992"><ele>299.58</ele><time>2026-09-06T7:54:53Z</time><extensions><speed>-1.0</speed><course>-1.0</course><hAcc>0.0</hAcc><vAcc>0.0</vAcc></extensions></trkpt><trkpt lat="49.62950369999997" lon="10.850507659999993"><ele>299.58</ele><time>2026-09-06T7:54:54Z</time><extensions><speed>-1.0</speed><course>-1.0</course><hAcc>0.0</hAcc><vAcc>0.0</vAcc></extensions></trkpt><trkpt lat="49.629485699999975" lon="10.850375329999993"><ele>299.58</ele><time>2026-09-06T7:54:56Z</time><extensions><speed>-1.0</speed><course>-1.0</course><hAcc>0.0</hAcc><vAcc>0.0</vAcc></extensions></trkpt><trkpt lat="49.62946236999998" lon="10.850228329999993"><ele>299.58</ele><time>2026-09-06T7:54:58Z</time><extensions><speed>-1.0</speed><course>-1.0</course><hAcc>0.0</hAcc><vAcc>0.0</vAcc></extensions></trkpt><trkpt lat="49.629440699999975" lon="10.850070999999993"><ele>299.58</ele><time>2026-09-06T7:55:00Z</time><extensions><speed>-1.0</speed><course>-1.0</course><hAcc>0.0</hAcc><vAcc>0.0</vAcc></extensions></trkpt><trkpt lat="49.62941469999998" lon="10.849910329999993"><ele>299.58</ele><time>2026-09-06T7:55:02Z</time><extensions><speed>-1.0</speed><course>-1.0</course><hAcc>0.0</hAcc><vAcc>0.0</vAcc></extensions></trkpt><trkpt lat="49.62939369999998" lon="10.849775329999993"><ele>299.58</ele><time>2026-09-06T7:55:03Z</time><extensions><speed>-1.0</speed><course>-1.0</course><hAcc>0.0</hAcc><vAcc>0.0</vAcc></extensions></trkpt><trkpt lat="49.62937502999998" lon="10.849657329999992"><ele>299.58</ele><time>2026-09-06T7:55:04Z</time><extensions><speed>-1.0</speed><course>-1.0</course><hAcc>0.0</hAcc><vAcc>0.0</vAcc></extensions></trkpt><trkpt lat="49.629353029999976" lon="10.849523999999992"><ele>299.58</ele><time>2026-09-06T7:55:06Z</time><extensions><speed>-1.0</speed><course>-1.0</course><hAcc>0.0</hAcc><vAcc>0.0</vAcc></extensions></trkpt><trkpt lat="49.62933302999998" lon="10.849381329999991"><ele>299.58</ele><time>2026-09-06T7:55:08Z</time><extensions><speed>-1.0</speed><course>-1.0</course><hAcc>0.0</hAcc><vAcc>0.0</vAcc></extensions></trkpt><trkpt lat="49.62931769999998" lon="10.849257329999991"><ele>299.58</ele><time>2026-09-06T7:55:09Z</time><extensions><speed>-1.0</speed><course>-1.0</course><hAcc>0.0</hAcc><vAcc>0.0</vAcc></extensions></trkpt><trkpt lat="49.62930002999998" lon="10.849120329999991"><ele>299.58</ele><time>2026-09-06T7:55:11Z</time><extensions><speed>-1.0</speed><course>-1.0</course><hAcc>0.0</hAcc><vAcc>0.0</vAcc></extensions></trkpt><trkpt lat="49.62928369999998" lon="10.849001999999992"><ele>299.58</ele><time>2026-09-06T7:55:12Z</time><extensions><speed>-1.0</speed><course>-1.0</course><hAcc>0.0</hAcc><vAcc>0.0</vAcc></extensions></trkpt><trkpt lat="49.629268369999984" lon="10.848896669999991"><ele>299.58</ele><time>2026-09-06T7:55:13Z</time><extensions><speed>-1.0</speed><course>-1.0</course><hAcc>0.0</hAcc><vAcc>0.0</vAcc></extensions></trkpt><trkpt lat="49.62925003999998" lon="10.848772669999992"><ele>299.58</ele><time>2026-09-06T7:55:15Z</time><extensions><speed>-1.0</speed><course>-1.0</course><hAcc>0.0</hAcc><vAcc>0.0</vAcc></extensions></trkpt><trkpt lat="49.62923070999998" lon="10.848635669999991"><ele>299.58</ele><time>2026-09-06T7:55:17Z</time><extensions><speed>-1.0</speed><course>-1.0</course><hAcc>0.0</hAcc><vAcc>0.0</vAcc></extensions></trkpt><trkpt lat="49.62921403999998" lon="10.848518339999991"><ele>299.58</ele><time>2026-09-06T7:55:18Z</time><extensions><speed>-1.0</speed><course>-1.0</course><hAcc>0.0</hAcc><vAcc>0.0</vAcc></extensions></trkpt><trkpt lat="49.62919370999998" lon="10.84838633999999"><ele>299.58</ele><time>2026-09-06T7:55:20Z</time><extensions><speed>-1.0</speed><course>-1.0</course><hAcc>0.0</hAcc><vAcc>0.0</vAcc></extensions></trkpt><trkpt lat="49.629175709999984" lon="10.848272669999991"><ele>299.58</ele><time>2026-09-06T7:55:21Z</time><extensions><speed>-1.0</speed><course>-1.0</course><hAcc>0.0</hAcc><vAcc>0.0</vAcc></extensions></trkpt><trkpt lat="49.62915770999999" lon="10.84817233999999"><ele>299.58</ele><time>2026-09-06T7:55:22Z</time><extensions><speed>-1.0</speed><course>-1.0</course><hAcc>0.0</hAcc><vAcc>0.0</vAcc></extensions></trkpt><trkpt lat="49.629133379999985" lon="10.848053339999991"><ele>299.58</ele><time>2026-09-06T7:55:24Z</time><extensions><speed>-1.0</speed><course>-1.0</course><hAcc>0.0</hAcc><vAcc>0.0</vAcc></extensions></trkpt><trkpt lat="49.62911204999998" lon="10.847916669999991"><ele>299.58</ele><time>2026-09-06T7:55:26Z</time><extensions><speed>-1.0</speed><course>-1.0</course><hAcc>0.0</hAcc><vAcc>0.0</vAcc></extensions></trkpt><trkpt lat="49.62909071999998" lon="10.847769999999992"><ele>299.58</ele><time>2026-09-06T7:55:28Z</time><extensions><speed>-1.0</speed><course>-1.0</course><hAcc>0.0</hAcc><vAcc>0.0</vAcc></extensions></trkpt><trkpt lat="49.629072389999976" lon="10.847644329999993"><ele>299.58</ele><time>2026-09-06T7:55:29Z</time><extensions><speed>-1.0</speed><course>-1.0</course><hAcc>0.0</hAcc><vAcc>0.0</vAcc></extensions></trkpt><trkpt lat="49.629056059999975" lon="10.847506329999993"><ele>299.58</ele><time>2026-09-06T7:55:31Z</time><extensions><speed>-1.0</speed><course>-1.0</course><hAcc>0.0</hAcc><vAcc>0.0</vAcc></extensions></trkpt><trkpt lat="49.62904072999998" lon="10.847386659999993"><ele>299.58</ele><time>2026-09-06T7:55:32Z</time><extensions><speed>-1.0</speed><course>-1.0</course><hAcc>0.0</hAcc><vAcc>0.0</vAcc></extensions></trkpt><trkpt lat="49.629025059999975" lon="10.847251989999993"><ele>299.58</ele><time>2026-09-06T7:55:34Z</time><extensions><speed>-1.0</speed><course>-1.0</course><hAcc>0.0</hAcc><vAcc>0.0</vAcc></extensions></trkpt><trkpt lat="49.62901005999998" lon="10.847107989999992"><ele>299.58</ele><time>2026-09-06T7:55:36Z</time><extensions><speed>-1.0</speed><course>-1.0</course><hAcc>0.0</hAcc><vAcc>0.0</vAcc></extensions></trkpt><trkpt lat="49.62899538999998" lon="10.846957319999992"><ele>299.58</ele><time>2026-09-06T7:55:38Z</time><extensions><speed>-1.0</speed><course>-1.0</course><hAcc>0.0</hAcc><vAcc>0.0</vAcc></extensions></trkpt><trkpt lat="49.62898471999998" lon="10.846828319999993"><ele>299.58</ele><time>2026-09-06T7:55:39Z</time><extensions><speed>-1.0</speed><course>-1.0</course><hAcc>0.0</hAcc><vAcc>0.0</vAcc></extensions></trkpt><trkpt lat="49.62897304999998" lon="10.846688319999993"><ele>299.58</ele><time>2026-09-06T7:55:41Z</time><extensions><speed>-1.0</speed><course>-1.0</course><hAcc>0.0</hAcc><vAcc>0.0</vAcc></extensions></trkpt><trkpt lat="49.62896137999998" lon="10.846540989999992"><ele>299.58</ele><time>2026-09-06T7:55:43Z</time><extensions><speed>-1.0</speed><course>-1.0</course><hAcc>0.0</hAcc><vAcc>0.0</vAcc></extensions></trkpt><trkpt lat="49.628951049999976" lon="10.846388319999992"><ele>299.58</ele><time>2026-09-06T7:55:45Z</time><extensions><speed>-1.0</speed><course>-1.0</course><hAcc>0.0</hAcc><vAcc>0.0</vAcc></extensions></trkpt><trkpt lat="49.62893971999998" lon="10.846229989999992"><ele>299.58</ele><time>2026-09-06T7:55:47Z</time><extensions><speed>-1.0</speed><course>-1.0</course><hAcc>0.0</hAcc><vAcc>0.0</vAcc></extensions></trkpt><trkpt lat="49.62893038999998" lon="10.846097319999993"><ele>299.58</ele><time>2026-09-06T7:55:48Z</time><extensions><speed>-1.0</speed><course>-1.0</course><hAcc>0.0</hAcc><vAcc>0.0</vAcc></extensions></trkpt><trkpt lat="49.62892238999998" lon="10.845981649999993"><ele>299.58</ele><time>2026-09-06T7:55:49Z</time><extensions><speed>-1.0</speed><course>-1.0</course><hAcc>0.0</hAcc><vAcc>0.0</vAcc></extensions></trkpt><trkpt lat="49.62891605999998" lon="10.845849979999993"><ele>299.58</ele><time>2026-09-06T7:55:51Z</time><extensions><speed>-1.0</speed><course>-1.0</course><hAcc>0.0</hAcc><vAcc>0.0</vAcc></extensions></trkpt><trkpt lat="49.62890872999998" lon="10.845734309999994"><ele>299.58</ele><time>2026-09-06T7:55:52Z</time><extensions><speed>-1.0</speed><course>-1.0</course><hAcc>0.0</hAcc><vAcc>0.0</vAcc></extensions></trkpt><trkpt lat="49.62890039999998" lon="10.845602979999994"><ele>299.58</ele><time>2026-09-06T7:55:54Z</time><extensions><speed>-1.0</speed><course>-1.0</course><hAcc>0.0</hAcc><vAcc>0.0</vAcc></extensions></trkpt><trkpt lat="49.628890399999975" lon="10.845458649999994"><ele>299.58</ele><time>2026-09-06T7:55:56Z</time><extensions><speed>-1.0</speed><course>-1.0</course><hAcc>0.0</hAcc><vAcc>0.0</vAcc></extensions></trkpt><trkpt lat="49.628881399999976" lon="10.845307979999994"><ele>299.58</ele><time>2026-09-06T7:55:58Z</time><extensions><speed>-1.0</speed><course>-1.0</course><hAcc>0.0</hAcc><vAcc>0.0</vAcc></extensions></trkpt><trkpt lat="49.62886939999998" lon="10.845153979999994"><ele>299.58</ele><time>2026-09-06T7:56:00Z</time><extensions><speed>-1.0</speed><course>-1.0</course><hAcc>0.0</hAcc><vAcc>0.0</vAcc></extensions></trkpt><trkpt lat="49.62885806999998" lon="10.845024309999994"><ele>299.58</ele><time>2026-09-06T7:56:01Z</time><extensions><speed>-1.0</speed><course>-1.0</course><hAcc>0.0</hAcc><vAcc>0.0</vAcc></extensions></trkpt><trkpt lat="49.62884606999998" lon="10.844883639999994"><ele>299.58</ele><time>2026-09-06T7:56:03Z</time><extensions><speed>-1.0</speed><course>-1.0</course><hAcc>0.0</hAcc><vAcc>0.0</vAcc></extensions></trkpt><trkpt lat="49.62883473999998" lon="10.844762309999993"><ele>299.58</ele><time>2026-09-06T7:56:04Z</time><extensions><speed>-1.0</speed><course>-1.0</course><hAcc>0.0</hAcc><vAcc>0.0</vAcc></extensions></trkpt><trkpt lat="49.628819409999984" lon="10.844628309999994"><ele>299.58</ele><time>2026-09-06T7:56:06Z</time><extensions><speed>-1.0</speed><course>-1.0</course><hAcc>0.0</hAcc><vAcc>0.0</vAcc></extensions></trkpt><trkpt lat="49.628805409999984" lon="10.844511309999994"><ele>299.58</ele><time>2026-09-06T7:56:07Z</time><extensions><speed>-1.0</speed><course>-1.0</course><hAcc>0.0</hAcc><vAcc>0.0</vAcc></extensions></trkpt><trkpt lat="49.62879207999998" lon="10.844405979999994"><ele>299.58</ele><time>2026-09-06T7:56:08Z</time><extensions><speed>-1.0</speed><course>-1.0</course><hAcc>0.0</hAcc><vAcc>0.0</vAcc></extensions></trkpt><trkpt lat="49.628774409999984" lon="10.844281649999994"><ele>299.58</ele><time>2026-09-06T7:56:10Z</time><extensions><speed>-1.0</speed><course>-1.0</course><hAcc>0.0</hAcc><vAcc>0.0</vAcc></extensions></trkpt><trkpt lat="49.628753739999986" lon="10.844141319999993"><ele>299.58</ele><time>2026-09-06T7:56:12Z</time><extensions><speed>-1.0</speed><course>-1.0</course><hAcc>0.0</hAcc><vAcc>0.0</vAcc></extensions></trkpt><trkpt lat="49.62872840999999" lon="10.843990319999993"><ele>299.58</ele><time>2026-09-06T7:56:14Z</time><extensions><speed>-1.0</speed><course>-1.0</course><hAcc>0.0</hAcc><vAcc>0.0</vAcc></extensions></trkpt><trkpt lat="49.62869973999999" lon="10.843834319999992"><ele>299.58</ele><time>2026-09-06T7:56:16Z</time><extensions><speed>-1.0</speed><course>-1.0</course><hAcc>0.0</hAcc><vAcc>0.0</vAcc></extensions></trkpt><trkpt lat="49.62867640999999" lon="10.843701989999992"><ele>299.58</ele><time>2026-09-06T7:56:17Z</time><extensions><speed>-1.0</speed><course>-1.0</course><hAcc>0.0</hAcc><vAcc>0.0</vAcc></extensions></trkpt><trkpt lat="49.62865540999999" lon="10.843585989999992"><ele>299.58</ele><time>2026-09-06T7:56:18Z</time><extensions><speed>-1.0</speed><course>-1.0</course><hAcc>0.0</hAcc><vAcc>0.0</vAcc></extensions></trkpt><trkpt lat="49.62862807999999" lon="10.843455659999993"><ele>299.58</ele><time>2026-09-06T7:56:20Z</time><extensions><speed>-1.0</speed><course>-1.0</course><hAcc>0.0</hAcc><vAcc>0.0</vAcc></extensions></trkpt><trkpt lat="49.62860507999999" lon="10.843342659999992"><ele>299.58</ele><time>2026-09-06T7:56:21Z</time><extensions><speed>-1.0</speed><course>-1.0</course><hAcc>0.0</hAcc><vAcc>0.0</vAcc></extensions></trkpt><trkpt lat="49.62857674999999" lon="10.843215659999991"><ele>299.58</ele><time>2026-09-06T7:56:23Z</time><extensions><speed>-1.0</speed><course>-1.0</course><hAcc>0.0</hAcc><vAcc>0.0</vAcc></extensions></trkpt><trkpt lat="49.62854441999999" lon="10.843082659999991"><ele>299.58</ele><time>2026-09-06T7:56:25Z</time><extensions><speed>-1.0</speed><course>-1.0</course><hAcc>0.0</hAcc><vAcc>0.0</vAcc></extensions></trkpt><trkpt lat="49.62850841999999" lon="10.842942989999992"><ele>299.58</ele><time>2026-09-06T7:56:27Z</time><extensions><speed>-1.0</speed><course>-1.0</course><hAcc>0.0</hAcc><vAcc>0.0</vAcc></extensions></trkpt><trkpt lat="49.62846974999999" lon="10.842799989999993"><ele>299.58</ele><time>2026-09-06T7:56:29Z</time><extensions><speed>-1.0</speed><course>-1.0</course><hAcc>0.0</hAcc><vAcc>0.0</vAcc></extensions></trkpt><trkpt lat="49.628436079999986" lon="10.842679989999992"><ele>299.58</ele><time>2026-09-06T7:56:30Z</time><extensions><speed>-1.0</speed><course>-1.0</course><hAcc>0.0</hAcc><vAcc>0.0</vAcc></extensions></trkpt><trkpt lat="49.62839607999999" lon="10.842549659999992"><ele>299.58</ele><time>2026-09-06T7:56:32Z</time><extensions><speed>-1.0</speed><course>-1.0</course><hAcc>0.0</hAcc><vAcc>0.0</vAcc></extensions></trkpt><trkpt lat="49.62835274999999" lon="10.842411659999993"><ele>299.58</ele><time>2026-09-06T7:56:34Z</time><extensions><speed>-1.0</speed><course>-1.0</course><hAcc>0.0</hAcc><vAcc>0.0</vAcc></extensions></trkpt><trkpt lat="49.62831474999999" lon="10.842293329999993"><ele>299.58</ele><time>2026-09-06T7:56:35Z</time><extensions><speed>-1.0</speed><course>-1.0</course><hAcc>0.0</hAcc><vAcc>0.0</vAcc></extensions></trkpt><trkpt lat="49.628279419999984" lon="10.842189659999994"><ele>299.58</ele><time>2026-09-06T7:56:36Z</time><extensions><speed>-1.0</speed><course>-1.0</course><hAcc>0.0</hAcc><vAcc>0.0</vAcc></extensions></trkpt><trkpt lat="49.628236419999986" lon="10.842071659999993"><ele>299.58</ele><time>2026-09-06T7:56:38Z</time><extensions><speed>-1.0</speed><course>-1.0</course><hAcc>0.0</hAcc><vAcc>0.0</vAcc></extensions></trkpt><trkpt lat="49.628197749999984" lon="10.841967989999993"><ele>299.58</ele><time>2026-09-06T7:56:39Z</time><extensions><speed>-1.0</speed><course>-1.0</course><hAcc>0.0</hAcc><vAcc>0.0</vAcc></extensions></trkpt><trkpt lat="49.62815341999998" lon="10.841850989999994"><ele>299.58</ele><time>2026-09-06T7:56:41Z</time><extensions><speed>-1.0</speed><course>-1.0</course><hAcc>0.0</hAcc><vAcc>0.0</vAcc></extensions></trkpt><trkpt lat="49.62810274999998" lon="10.841728319999994"><ele>299.58</ele><time>2026-09-06T7:56:43Z</time><extensions><speed>-1.0</speed><course>-1.0</course><hAcc>0.0</hAcc><vAcc>0.0</vAcc></extensions></trkpt><trkpt lat="49.62805807999998" lon="10.841626319999994"><ele>299.58</ele><time>2026-09-06T7:56:44Z</time><extensions><speed>-1.0</speed><course>-1.0</course><hAcc>0.0</hAcc><vAcc>0.0</vAcc></extensions></trkpt><trkpt lat="49.628017749999984" lon="10.841538649999995"><ele>299.58</ele><time>2026-09-06T7:56:45Z</time><extensions><speed>-1.0</speed><course>-1.0</course><hAcc>0.0</hAcc><vAcc>0.0</vAcc></extensions></trkpt><trkpt lat="49.62797307999998" lon="10.841434649999995"><ele>299.58</ele><time>2026-09-06T7:56:47Z</time><extensions><speed>-1.0</speed><course>-1.0</course><hAcc>0.0</hAcc><vAcc>0.0</vAcc></extensions></trkpt><trkpt lat="49.627927749999984" lon="10.841319979999994"><ele>299.58</ele><time>2026-09-06T7:56:49Z</time><extensions><speed>-1.0</speed><course>-1.0</course><hAcc>0.0</hAcc><vAcc>0.0</vAcc></extensions></trkpt><trkpt lat="49.627884749999986" lon="10.841191309999994"><ele>299.58</ele><time>2026-09-06T7:56:51Z</time><extensions><speed>-1.0</speed><course>-1.0</course><hAcc>0.0</hAcc><vAcc>0.0</vAcc></extensions></trkpt><trkpt lat="49.62784441999999" lon="10.841052639999994"><ele>299.58</ele><time>2026-09-06T7:56:53Z</time><extensions><speed>-1.0</speed><course>-1.0</course><hAcc>0.0</hAcc><vAcc>0.0</vAcc></extensions></trkpt><trkpt lat="49.62781074999999" lon="10.840933309999993"><ele>299.58</ele><time>2026-09-06T7:56:54Z</time><extensions><speed>-1.0</speed><course>-1.0</course><hAcc>0.0</hAcc><vAcc>0.0</vAcc></extensions></trkpt><trkpt lat="49.62777674999999" lon="10.840803979999993"><ele>299.58</ele><time>2026-09-06T7:56:56Z</time><extensions><speed>-1.0</speed><course>-1.0</course><hAcc>0.0</hAcc><vAcc>0.0</vAcc></extensions></trkpt><trkpt lat="49.62774841999999" lon="10.840692309999993"><ele>299.58</ele><time>2026-09-06T7:56:57Z</time><extensions><speed>-1.0</speed><course>-1.0</course><hAcc>0.0</hAcc><vAcc>0.0</vAcc></extensions></trkpt><trkpt lat="49.62771908999999" lon="10.840565309999992"><ele>299.58</ele><time>2026-09-06T7:56:59Z</time><extensions><speed>-1.0</speed><course>-1.0</course><hAcc>0.0</hAcc><vAcc>0.0</vAcc></extensions></trkpt><trkpt lat="49.627692759999995" lon="10.840452309999991"><ele>299.58</ele><time>2026-09-06T7:57:00Z</time><extensions><speed>-1.0</speed><course>-1.0</course><hAcc>0.0</hAcc><vAcc>0.0</vAcc></extensions></trkpt><trkpt lat="49.62766308999999" lon="10.84032797999999"><ele>299.58</ele><time>2026-09-06T7:57:02Z</time><extensions><speed>-1.0</speed><course>-1.0</course><hAcc>0.0</hAcc><vAcc>0.0</vAcc></extensions></trkpt><trkpt lat="49.62763441999999" lon="10.84019164999999"><ele>299.58</ele><time>2026-09-06T7:57:04Z</time><extensions><speed>-1.0</speed><course>-1.0</course><hAcc>0.0</hAcc><vAcc>0.0</vAcc></extensions></trkpt><trkpt lat="49.62760374999999" lon="10.84004897999999"><ele>299.58</ele><time>2026-09-06T7:57:06Z</time><extensions><speed>-1.0</speed><course>-1.0</course><hAcc>0.0</hAcc><vAcc>0.0</vAcc></extensions></trkpt><trkpt lat="49.62757307999999" lon="10.83990264999999"><ele>299.58</ele><time>2026-09-06T7:57:08Z</time><extensions><speed>-1.0</speed><course>-1.0</course><hAcc>0.0</hAcc><vAcc>0.0</vAcc></extensions></trkpt><trkpt lat="49.62754107999999" lon="10.83975697999999"><ele>299.58</ele><time>2026-09-06T7:57:10Z</time><extensions><speed>-1.0</speed><course>-1.0</course><hAcc>0.0</hAcc><vAcc>0.0</vAcc></extensions></trkpt><trkpt lat="49.62751407999999" lon="10.83963464999999"><ele>299.58</ele><time>2026-09-06T7:57:11Z</time><extensions><speed>-1.0</speed><course>-1.0</course><hAcc>0.0</hAcc><vAcc>0.0</vAcc></extensions></trkpt><trkpt lat="49.62748674999999" lon="10.83953031999999"><ele>299.58</ele><time>2026-09-06T7:57:12Z</time><extensions><speed>-1.0</speed><course>-1.0</course><hAcc>0.0</hAcc><vAcc>0.0</vAcc></extensions></trkpt><trkpt lat="49.62744174999999" lon="10.839432319999991"><ele>299.58</ele><time>2026-09-06T7:57:14Z</time><extensions><speed>-1.0</speed><course>-1.0</course><hAcc>0.0</hAcc><vAcc>0.0</vAcc></extensions></trkpt><trkpt lat="49.627395419999985" lon="10.839348649999991"><ele>299.58</ele><time>2026-09-06T7:57:15Z</time><extensions><speed>-1.0</speed><course>-1.0</course><hAcc>0.0</hAcc><vAcc>0.0</vAcc></extensions></trkpt><trkpt lat="49.62734908999998" lon="10.839244319999992"><ele>299.58</ele><time>2026-09-06T7:57:17Z</time><extensions><speed>-1.0</speed><course>-1.0</course><hAcc>0.0</hAcc><vAcc>0.0</vAcc></extensions></trkpt><trkpt lat="49.62731075999998" lon="10.839151319999992"><ele>299.58</ele><time>2026-09-06T7:57:18Z</time><extensions><speed>-1.0</speed><course>-1.0</course><hAcc>0.0</hAcc><vAcc>0.0</vAcc></extensions></trkpt><trkpt lat="49.62726608999998" lon="10.839044649999993"><ele>299.58</ele><time>2026-09-06T7:57:20Z</time><extensions><speed>-1.0</speed><course>-1.0</course><hAcc>0.0</hAcc><vAcc>0.0</vAcc></extensions></trkpt><trkpt lat="49.62722675999998" lon="10.838949319999992"><ele>299.58</ele><time>2026-09-06T7:57:21Z</time><extensions><speed>-1.0</speed><course>-1.0</course><hAcc>0.0</hAcc><vAcc>0.0</vAcc></extensions></trkpt><trkpt lat="49.62718208999998" lon="10.838837649999991"><ele>299.58</ele><time>2026-09-06T7:57:23Z</time><extensions><speed>-1.0</speed><course>-1.0</course><hAcc>0.0</hAcc><vAcc>0.0</vAcc></extensions></trkpt><trkpt lat="49.62714541999998" lon="10.838739649999992"><ele>299.58</ele><time>2026-09-06T7:57:24Z</time><extensions><speed>-1.0</speed><course>-1.0</course><hAcc>0.0</hAcc><vAcc>0.0</vAcc></extensions></trkpt><trkpt lat="49.627101419999974" lon="10.838629319999992"><ele>299.58</ele><time>2026-09-06T7:57:26Z</time><extensions><speed>-1.0</speed><course>-1.0</course><hAcc>0.0</hAcc><vAcc>0.0</vAcc></extensions></trkpt><trkpt lat="49.62705774999998" lon="10.838507649999992"><ele>299.58</ele><time>2026-09-06T7:57:28Z</time><extensions><speed>-1.0</speed><course>-1.0</course><hAcc>0.0</hAcc><vAcc>0.0</vAcc></extensions></trkpt><trkpt lat="49.62701841999998" lon="10.838403649999991"><ele>299.58</ele><time>2026-09-06T7:57:29Z</time><extensions><speed>-1.0</speed><course>-1.0</course><hAcc>0.0</hAcc><vAcc>0.0</vAcc></extensions></trkpt><trkpt lat="49.626983089999975" lon="10.838311979999991"><ele>299.58</ele><time>2026-09-06T7:57:30Z</time><extensions><speed>-1.0</speed><course>-1.0</course><hAcc>0.0</hAcc><vAcc>0.0</vAcc></extensions></trkpt><trkpt lat="49.626943089999976" lon="10.838204309999991"><ele>299.58</ele><time>2026-09-06T7:57:32Z</time><extensions><speed>-1.0</speed><course>-1.0</course><hAcc>0.0</hAcc><vAcc>0.0</vAcc></extensions></trkpt><trkpt lat="49.62689508999998" lon="10.838084639999991"><ele>299.58</ele><time>2026-09-06T7:57:34Z</time><extensions><speed>-1.0</speed><course>-1.0</course><hAcc>0.0</hAcc><vAcc>0.0</vAcc></extensions></trkpt><trkpt lat="49.626844759999976" lon="10.837959309999992"><ele>299.58</ele><time>2026-09-06T7:57:36Z</time><extensions><speed>-1.0</speed><course>-1.0</course><hAcc>0.0</hAcc><vAcc>0.0</vAcc></extensions></trkpt><trkpt lat="49.62679275999998" lon="10.837830639999991"><ele>299.58</ele><time>2026-09-06T7:57:38Z</time><extensions><speed>-1.0</speed><course>-1.0</course><hAcc>0.0</hAcc><vAcc>0.0</vAcc></extensions></trkpt><trkpt lat="49.62674908999998" lon="10.837721969999992"><ele>299.58</ele><time>2026-09-06T7:57:39Z</time><extensions><speed>-1.0</speed><course>-1.0</course><hAcc>0.0</hAcc><vAcc>0.0</vAcc></extensions></trkpt><trkpt lat="49.626700759999984" lon="10.837604969999992"><ele>299.58</ele><time>2026-09-06T7:57:41Z</time><extensions><speed>-1.0</speed><course>-1.0</course><hAcc>0.0</hAcc><vAcc>0.0</vAcc></extensions></trkpt><trkpt lat="49.62665742999999" lon="10.837505969999992"><ele>299.58</ele><time>2026-09-06T7:57:42Z</time><extensions><speed>-1.0</speed><course>-1.0</course><hAcc>0.0</hAcc><vAcc>0.0</vAcc></extensions></trkpt><trkpt lat="49.62661809999999" lon="10.837420299999991"><ele>299.58</ele><time>2026-09-06T7:57:43Z</time><extensions><speed>-1.0</speed><course>-1.0</course><hAcc>0.0</hAcc><vAcc>0.0</vAcc></extensions></trkpt><trkpt lat="49.62658076999999" lon="10.837343299999992"><ele>299.58</ele><time>2026-09-06T7:57:44Z</time><extensions><speed>-1.0</speed><course>-1.0</course><hAcc>0.0</hAcc><vAcc>0.0</vAcc></extensions></trkpt><trkpt lat="49.62653143999999" lon="10.837254299999993"><ele>299.58</ele><time>2026-09-06T7:57:46Z</time><extensions><speed>-1.0</speed><course>-1.0</course><hAcc>0.0</hAcc><vAcc>0.0</vAcc></extensions></trkpt><trkpt lat="49.62648576999999" lon="10.837174299999992"><ele>299.58</ele><time>2026-09-06T7:57:47Z</time><extensions><speed>-1.0</speed><course>-1.0</course><hAcc>0.0</hAcc><vAcc>0.0</vAcc></extensions></trkpt><trkpt lat="49.626444769999985" lon="10.837101299999992"><ele>299.58</ele><time>2026-09-06T7:57:48Z</time><extensions><speed>-1.0</speed><course>-1.0</course><hAcc>0.0</hAcc><vAcc>0.0</vAcc></extensions></trkpt><trkpt lat="49.62639543999998" lon="10.837016969999992"><ele>299.58</ele><time>2026-09-06T7:57:50Z</time><extensions><speed>-1.0</speed><course>-1.0</course><hAcc>0.0</hAcc><vAcc>0.0</vAcc></extensions></trkpt><trkpt lat="49.62635076999998" lon="10.836941639999992"><ele>299.58</ele><time>2026-09-06T7:57:51Z</time><extensions><speed>-1.0</speed><course>-1.0</course><hAcc>0.0</hAcc><vAcc>0.0</vAcc></extensions></trkpt><trkpt lat="49.62629709999998" lon="10.836858639999992"><ele>299.58</ele><time>2026-09-06T7:57:53Z</time><extensions><speed>-1.0</speed><course>-1.0</course><hAcc>0.0</hAcc><vAcc>0.0</vAcc></extensions></trkpt><trkpt lat="49.62624609999998" lon="10.836792969999992"><ele>299.58</ele><time>2026-09-06T7:57:54Z</time><extensions><speed>-1.0</speed><course>-1.0</course><hAcc>0.0</hAcc><vAcc>0.0</vAcc></extensions></trkpt><trkpt lat="49.62619509999998" lon="10.836745639999993"><ele>299.58</ele><time>2026-09-06T7:57:55Z</time><extensions><speed>-1.0</speed><course>-1.0</course><hAcc>0.0</hAcc><vAcc>0.0</vAcc></extensions></trkpt><trkpt lat="49.626129099999986" lon="10.836706969999993"><ele>299.58</ele><time>2026-09-06T7:57:57Z</time><extensions><speed>-1.0</speed><course>-1.0</course><hAcc>0.0</hAcc><vAcc>0.0</vAcc></extensions></trkpt><trkpt lat="49.626070429999984" lon="10.836679639999993"><ele>299.58</ele><time>2026-09-06T7:57:58Z</time><extensions><speed>-1.0</speed><course>-1.0</course><hAcc>0.0</hAcc><vAcc>0.0</vAcc></extensions></trkpt><trkpt lat="49.626000099999985" lon="10.836673639999992"><ele>299.58</ele><time>2026-09-06T7:58:00Z</time><extensions><speed>-1.0</speed><course>-1.0</course><hAcc>0.0</hAcc><vAcc>0.0</vAcc></extensions></trkpt><trkpt lat="49.62592442999998" lon="10.836689639999992"><ele>299.58</ele><time>2026-09-06T7:58:02Z</time><extensions><speed>-1.0</speed><course>-1.0</course><hAcc>0.0</hAcc><vAcc>0.0</vAcc></extensions></trkpt><trkpt lat="49.625845099999985" lon="10.836706639999992"><ele>299.58</ele><time>2026-09-06T7:58:04Z</time><extensions><speed>-1.0</speed><course>-1.0</course><hAcc>0.0</hAcc><vAcc>0.0</vAcc></extensions></trkpt><trkpt lat="49.62576209999999" lon="10.836695309999993"><ele>299.58</ele><time>2026-09-06T7:58:06Z</time><extensions><speed>-1.0</speed><course>-1.0</course><hAcc>0.0</hAcc><vAcc>0.0</vAcc></extensions></trkpt><trkpt lat="49.62568609999999" lon="10.836646639999993"><ele>299.58</ele><time>2026-09-06T7:58:08Z</time><extensions><speed>-1.0</speed><course>-1.0</course><hAcc>0.0</hAcc><vAcc>0.0</vAcc></extensions></trkpt><trkpt lat="49.625622429999986" lon="10.836562639999993"><ele>299.58</ele><time>2026-09-06T7:58:10Z</time><extensions><speed>-1.0</speed><course>-1.0</course><hAcc>0.0</hAcc><vAcc>0.0</vAcc></extensions></trkpt><trkpt lat="49.625566429999985" lon="10.836446969999994"><ele>299.58</ele><time>2026-09-06T7:58:12Z</time><extensions><speed>-1.0</speed><course>-1.0</course><hAcc>0.0</hAcc><vAcc>0.0</vAcc></extensions></trkpt><trkpt lat="49.62551742999999" lon="10.836310969999994"><ele>299.58</ele><time>2026-09-06T7:58:14Z</time><extensions><speed>-1.0</speed><course>-1.0</course><hAcc>0.0</hAcc><vAcc>0.0</vAcc></extensions></trkpt><trkpt lat="49.62547242999999" lon="10.836176639999994"><ele>299.58</ele><time>2026-09-06T7:58:16Z</time><extensions><speed>-1.0</speed><course>-1.0</course><hAcc>0.0</hAcc><vAcc>0.0</vAcc></extensions></trkpt><trkpt lat="49.62543009999999" lon="10.836077639999994"><ele>299.58</ele><time>2026-09-06T7:58:17Z</time><extensions><speed>-1.0</speed><course>-1.0</course><hAcc>0.0</hAcc><vAcc>0.0</vAcc></extensions></trkpt><trkpt lat="49.62536842999999" lon="10.836043969999993"><ele>299.58</ele><time>2026-09-06T7:58:19Z</time><extensions><speed>-1.0</speed><course>-1.0</course><hAcc>0.0</hAcc><vAcc>0.0</vAcc></extensions></trkpt><trkpt lat="49.62531942999999" lon="10.836055299999993"><ele>299.58</ele><time>2026-09-06T7:58:20Z</time><extensions><speed>-1.0</speed><course>-1.0</course><hAcc>0.0</hAcc><vAcc>0.0</vAcc></extensions></trkpt><trkpt lat="49.62528775999999" lon="10.836116299999993"><ele>299.58</ele><time>2026-09-06T7:58:22Z</time><extensions><speed>-1.0</speed><course>-1.0</course><hAcc>0.0</hAcc><vAcc>0.0</vAcc></extensions></trkpt><trkpt lat="49.62526508999999" lon="10.836177299999994"><ele>299.58</ele><time>2026-09-06T7:58:23Z</time><extensions><speed>-1.0</speed><course>-1.0</course><hAcc>0.0</hAcc><vAcc>0.0</vAcc></extensions></trkpt><trkpt lat="49.625244759999994" lon="10.836234299999994"><ele>299.58</ele><time>2026-09-06T7:58:24Z</time><extensions><speed>-1.0</speed><course>-1.0</course><hAcc>0.0</hAcc><vAcc>0.0</vAcc></extensions></trkpt><trkpt lat="49.62520908999999" lon="10.836285299999993"><ele>299.58</ele><time>2026-09-06T7:58:26Z</time><extensions><speed>-1.0</speed><course>-1.0</course><hAcc>0.0</hAcc><vAcc>0.0</vAcc></extensions></trkpt><trkpt lat="49.625165419999995" lon="10.836316629999994"><ele>299.58</ele><time>2026-09-06T7:58:27Z</time><extensions><speed>-1.0</speed><course>-1.0</course><hAcc>0.0</hAcc><vAcc>0.0</vAcc></extensions></trkpt><trkpt lat="49.62511574999999" lon="10.836319959999994"><ele>299.58</ele><time>2026-09-06T7:58:29Z</time><extensions><speed>-1.0</speed><course>-1.0</course><hAcc>0.0</hAcc><vAcc>0.0</vAcc></extensions></trkpt><trkpt lat="49.62507174999999" lon="10.836310629999995"><ele>299.58</ele><time>2026-09-06T7:58:30Z</time><extensions><speed>-1.0</speed><course>-1.0</course><hAcc>0.0</hAcc><vAcc>0.0</vAcc></extensions></trkpt><trkpt lat="49.62500974999999" lon="10.836299299999995"><ele>299.58</ele><time>2026-09-06T7:58:32Z</time><extensions><speed>-1.0</speed><course>-1.0</course><hAcc>0.0</hAcc><vAcc>0.0</vAcc></extensions></trkpt><trkpt lat="49.62492907999999" lon="10.836301969999996"><ele>299.58</ele><time>2026-09-06T7:58:34Z</time><extensions><speed>-1.0</speed><course>-1.0</course><hAcc>0.0</hAcc><vAcc>0.0</vAcc></extensions></trkpt><trkpt lat="49.624853409999986" lon="10.836309639999996"><ele>299.58</ele><time>2026-09-06T7:58:35Z</time><extensions><speed>-1.0</speed><course>-1.0</course><hAcc>0.0</hAcc><vAcc>0.0</vAcc></extensions></trkpt><trkpt lat="49.62478173999999" lon="10.836316639999996"><ele>299.58</ele><time>2026-09-06T7:58:36Z</time><extensions><speed>-1.0</speed><course>-1.0</course><hAcc>0.0</hAcc><vAcc>0.0</vAcc></extensions></trkpt><trkpt lat="49.62471473999999" lon="10.836325309999996"><ele>299.58</ele><time>2026-09-06T7:58:37Z</time><extensions><speed>-1.0</speed><course>-1.0</course><hAcc>0.0</hAcc><vAcc>0.0</vAcc></extensions></trkpt><trkpt lat="49.62463340999999" lon="10.836341639999995"><ele>299.58</ele><time>2026-09-06T7:58:39Z</time><extensions><speed>-1.0</speed><course>-1.0</course><hAcc>0.0</hAcc><vAcc>0.0</vAcc></extensions></trkpt><trkpt lat="49.624561409999984" lon="10.836356969999995"><ele>299.58</ele><time>2026-09-06T7:58:40Z</time><extensions><speed>-1.0</speed><course>-1.0</course><hAcc>0.0</hAcc><vAcc>0.0</vAcc></extensions></trkpt><trkpt lat="49.62448040999998" lon="10.836369969999994"><ele>299.58</ele><time>2026-09-06T7:58:42Z</time><extensions><speed>-1.0</speed><course>-1.0</course><hAcc>0.0</hAcc><vAcc>0.0</vAcc></extensions></trkpt><trkpt lat="49.62441007999998" lon="10.836378639999994"><ele>299.58</ele><time>2026-09-06T7:58:43Z</time><extensions><speed>-1.0</speed><course>-1.0</course><hAcc>0.0</hAcc><vAcc>0.0</vAcc></extensions></trkpt><trkpt lat="49.62432974999998" lon="10.836388309999995"><ele>299.58</ele><time>2026-09-06T7:58:45Z</time><extensions><speed>-1.0</speed><course>-1.0</course><hAcc>0.0</hAcc><vAcc>0.0</vAcc></extensions></trkpt><trkpt lat="49.62425974999998" lon="10.836396639999995"><ele>299.58</ele><time>2026-09-06T7:58:46Z</time><extensions><speed>-1.0</speed><course>-1.0</course><hAcc>0.0</hAcc><vAcc>0.0</vAcc></extensions></trkpt><trkpt lat="49.62419707999998" lon="10.836403309999994"><ele>299.58</ele><time>2026-09-06T7:58:47Z</time><extensions><speed>-1.0</speed><course>-1.0</course><hAcc>0.0</hAcc><vAcc>0.0</vAcc></extensions></trkpt><trkpt lat="49.62412574999998" lon="10.836411639999994"><ele>299.58</ele><time>2026-09-06T7:58:49Z</time><extensions><speed>-1.0</speed><course>-1.0</course><hAcc>0.0</hAcc><vAcc>0.0</vAcc></extensions></trkpt><trkpt lat="49.62404807999998" lon="10.836426639999994"><ele>299.58</ele><time>2026-09-06T7:58:51Z</time><extensions><speed>-1.0</speed><course>-1.0</course><hAcc>0.0</hAcc><vAcc>0.0</vAcc></extensions></trkpt><trkpt lat="49.62398140999998" lon="10.836438639999994"><ele>299.58</ele><time>2026-09-06T7:58:52Z</time><extensions><speed>-1.0</speed><course>-1.0</course><hAcc>0.0</hAcc><vAcc>0.0</vAcc></extensions></trkpt><trkpt lat="49.62392473999998" lon="10.836444639999995"><ele>299.58</ele><time>2026-09-06T7:58:53Z</time><extensions><speed>-1.0</speed><course>-1.0</course><hAcc>0.0</hAcc><vAcc>0.0</vAcc></extensions></trkpt><trkpt lat="49.62387040999998" lon="10.836425309999994"><ele>299.58</ele><time>2026-09-06T7:58:55Z</time><extensions><speed>-1.0</speed><course>-1.0</course><hAcc>0.0</hAcc><vAcc>0.0</vAcc></extensions></trkpt><trkpt lat="49.62383107999998" lon="10.836361639999994"><ele>299.58</ele><time>2026-09-06T7:58:57Z</time><extensions><speed>-1.0</speed><course>-1.0</course><hAcc>0.0</hAcc><vAcc>0.0</vAcc></extensions></trkpt><trkpt lat="49.62380007999998" lon="10.836273639999995"><ele>299.58</ele><time>2026-09-06T7:58:59Z</time><extensions><speed>-1.0</speed><course>-1.0</course><hAcc>0.0</hAcc><vAcc>0.0</vAcc></extensions></trkpt><trkpt lat="49.62377607999998" lon="10.836190309999994"><ele>299.58</ele><time>2026-09-06T7:59:00Z</time><extensions><speed>-1.0</speed><course>-1.0</course><hAcc>0.0</hAcc><vAcc>0.0</vAcc></extensions></trkpt><trkpt lat="49.623754409999975" lon="10.836084979999994"><ele>299.58</ele><time>2026-09-06T7:59:02Z</time><extensions><speed>-1.0</speed><course>-1.0</course><hAcc>0.0</hAcc><vAcc>0.0</vAcc></extensions></trkpt><trkpt lat="49.623737409999976" lon="10.835989979999994"><ele>299.58</ele><time>2026-09-06T7:59:03Z</time><extensions><speed>-1.0</speed><course>-1.0</course><hAcc>0.0</hAcc><vAcc>0.0</vAcc></extensions></trkpt><trkpt lat="49.623720739999975" lon="10.835877979999994"><ele>299.58</ele><time>2026-09-06T7:59:05Z</time><extensions><speed>-1.0</speed><course>-1.0</course><hAcc>0.0</hAcc><vAcc>0.0</vAcc></extensions></trkpt><trkpt lat="49.62370240999997" lon="10.835751649999994"><ele>299.58</ele><time>2026-09-06T7:59:07Z</time><extensions><speed>-1.0</speed><course>-1.0</course><hAcc>0.0</hAcc><vAcc>0.0</vAcc></extensions></trkpt><trkpt lat="49.62368673999997" lon="10.835642979999994"><ele>299.58</ele><time>2026-09-06T7:59:08Z</time><extensions><speed>-1.0</speed><course>-1.0</course><hAcc>0.0</hAcc><vAcc>0.0</vAcc></extensions></trkpt><trkpt lat="49.623671069999965" lon="10.835520649999994"><ele>299.58</ele><time>2026-09-06T7:59:10Z</time><extensions><speed>-1.0</speed><course>-1.0</course><hAcc>0.0</hAcc><vAcc>0.0</vAcc></extensions></trkpt><trkpt lat="49.623657069999965" lon="10.835414319999995"><ele>299.58</ele><time>2026-09-06T7:59:11Z</time><extensions><speed>-1.0</speed><course>-1.0</course><hAcc>0.0</hAcc><vAcc>0.0</vAcc></extensions></trkpt><trkpt lat="49.623640399999964" lon="10.835294319999994"><ele>299.58</ele><time>2026-09-06T7:59:13Z</time><extensions><speed>-1.0</speed><course>-1.0</course><hAcc>0.0</hAcc><vAcc>0.0</vAcc></extensions></trkpt><trkpt lat="49.62362472999996" lon="10.835187989999994"><ele>299.58</ele><time>2026-09-06T7:59:14Z</time><extensions><speed>-1.0</speed><course>-1.0</course><hAcc>0.0</hAcc><vAcc>0.0</vAcc></extensions></trkpt><trkpt lat="49.62360739999996" lon="10.835069989999994"><ele>299.58</ele><time>2026-09-06T7:59:16Z</time><extensions><speed>-1.0</speed><course>-1.0</course><hAcc>0.0</hAcc><vAcc>0.0</vAcc></extensions></trkpt><trkpt lat="49.62359172999996" lon="10.834942989999993"><ele>299.58</ele><time>2026-09-06T7:59:18Z</time><extensions><speed>-1.0</speed><course>-1.0</course><hAcc>0.0</hAcc><vAcc>0.0</vAcc></extensions></trkpt><trkpt lat="49.62358005999996" lon="10.834830989999993"><ele>299.58</ele><time>2026-09-06T7:59:19Z</time><extensions><speed>-1.0</speed><course>-1.0</course><hAcc>0.0</hAcc><vAcc>0.0</vAcc></extensions></trkpt><trkpt lat="49.623570059999956" lon="10.834730319999993"><ele>299.58</ele><time>2026-09-06T7:59:20Z</time><extensions><speed>-1.0</speed><course>-1.0</course><hAcc>0.0</hAcc><vAcc>0.0</vAcc></extensions></trkpt><trkpt lat="49.623559059999955" lon="10.834613989999992"><ele>299.58</ele><time>2026-09-06T7:59:22Z</time><extensions><speed>-1.0</speed><course>-1.0</course><hAcc>0.0</hAcc><vAcc>0.0</vAcc></extensions></trkpt><trkpt lat="49.62354972999996" lon="10.834511989999992"><ele>299.58</ele><time>2026-09-06T7:59:23Z</time><extensions><speed>-1.0</speed><course>-1.0</course><hAcc>0.0</hAcc><vAcc>0.0</vAcc></extensions></trkpt><trkpt lat="49.62353839999996" lon="10.834394659999992"><ele>299.58</ele><time>2026-09-06T7:59:25Z</time><extensions><speed>-1.0</speed><course>-1.0</course><hAcc>0.0</hAcc><vAcc>0.0</vAcc></extensions></trkpt><trkpt lat="49.62352706999996" lon="10.834266989999993"><ele>299.58</ele><time>2026-09-06T7:59:27Z</time><extensions><speed>-1.0</speed><course>-1.0</course><hAcc>0.0</hAcc><vAcc>0.0</vAcc></extensions></trkpt><trkpt lat="49.62351739999996" lon="10.834155319999992"><ele>299.58</ele><time>2026-09-06T7:59:28Z</time><extensions><speed>-1.0</speed><course>-1.0</course><hAcc>0.0</hAcc><vAcc>0.0</vAcc></extensions></trkpt><trkpt lat="49.62350272999996" lon="10.834031319999992"><ele>299.58</ele><time>2026-09-06T7:59:30Z</time><extensions><speed>-1.0</speed><course>-1.0</course><hAcc>0.0</hAcc><vAcc>0.0</vAcc></extensions></trkpt><trkpt lat="49.62348972999996" lon="10.833921319999993"><ele>299.58</ele><time>2026-09-06T7:59:31Z</time><extensions><speed>-1.0</speed><course>-1.0</course><hAcc>0.0</hAcc><vAcc>0.0</vAcc></extensions></trkpt><trkpt lat="49.62347405999996" lon="10.833796989999993"><ele>299.58</ele><time>2026-09-06T7:59:33Z</time><extensions><speed>-1.0</speed><course>-1.0</course><hAcc>0.0</hAcc><vAcc>0.0</vAcc></extensions></trkpt><trkpt lat="49.62346272999996" lon="10.833689319999992"><ele>299.58</ele><time>2026-09-06T7:59:34Z</time><extensions><speed>-1.0</speed><course>-1.0</course><hAcc>0.0</hAcc><vAcc>0.0</vAcc></extensions></trkpt><trkpt lat="49.62345039999996" lon="10.833570319999993"><ele>299.58</ele><time>2026-09-06T7:59:36Z</time><extensions><speed>-1.0</speed><course>-1.0</course><hAcc>0.0</hAcc><vAcc>0.0</vAcc></extensions></trkpt><trkpt lat="49.62343339999996" lon="10.833444649999993"><ele>299.58</ele><time>2026-09-06T7:59:38Z</time><extensions><speed>-1.0</speed><course>-1.0</course><hAcc>0.0</hAcc><vAcc>0.0</vAcc></extensions></trkpt><trkpt lat="49.62341506999996" lon="10.833315649999994"><ele>299.58</ele><time>2026-09-06T7:59:40Z</time><extensions><speed>-1.0</speed><course>-1.0</course><hAcc>0.0</hAcc><vAcc>0.0</vAcc></extensions></trkpt><trkpt lat="49.62339706999996" lon="10.833181319999994"><ele>299.58</ele><time>2026-09-06T7:59:42Z</time><extensions><speed>-1.0</speed><course>-1.0</course><hAcc>0.0</hAcc><vAcc>0.0</vAcc></extensions></trkpt><trkpt lat="49.62337539999996" lon="10.833046319999994"><ele>299.58</ele><time>2026-09-06T7:59:44Z</time><extensions><speed>-1.0</speed><course>-1.0</course><hAcc>0.0</hAcc><vAcc>0.0</vAcc></extensions></trkpt><trkpt lat="49.62335606999996" lon="10.832907989999994"><ele>299.58</ele><time>2026-09-06T7:59:46Z</time><extensions><speed>-1.0</speed><course>-1.0</course><hAcc>0.0</hAcc><vAcc>0.0</vAcc></extensions></trkpt><trkpt lat="49.623339399999956" lon="10.832790989999994"><ele>299.58</ele><time>2026-09-06T7:59:47Z</time><extensions><speed>-1.0</speed><course>-1.0</course><hAcc>0.0</hAcc><vAcc>0.0</vAcc></extensions></trkpt><trkpt lat="49.623320399999955" lon="10.832668989999995"><ele>299.58</ele><time>2026-09-06T7:59:49Z</time><extensions><speed>-1.0</speed><course>-1.0</course><hAcc>0.0</hAcc><vAcc>0.0</vAcc></extensions></trkpt><trkpt lat="49.62330806999996" lon="10.832565989999996"><ele>299.58</ele><time>2026-09-06T7:59:50Z</time><extensions><speed>-1.0</speed><course>-1.0</course><hAcc>0.0</hAcc><vAcc>0.0</vAcc></extensions></trkpt><trkpt lat="49.62331806999996" lon="10.832460319999996"><ele>299.58</ele><time>2026-09-06T7:59:52Z</time><extensions><speed>-1.0</speed><course>-1.0</course><hAcc>0.0</hAcc><vAcc>0.0</vAcc></extensions></trkpt><trkpt lat="49.62333906999996" lon="10.832375989999996"><ele>299.58</ele><time>2026-09-06T7:59:53Z</time><extensions><speed>-1.0</speed><course>-1.0</course><hAcc>0.0</hAcc><vAcc>0.0</vAcc></extensions></trkpt><trkpt lat="49.623362399999955" lon="10.832302319999995"><ele>299.58</ele><time>2026-09-06T7:59:54Z</time><extensions><speed>-1.0</speed><course>-1.0</course><hAcc>0.0</hAcc><vAcc>0.0</vAcc></extensions></trkpt><trkpt lat="49.623384729999955" lon="10.832229319999994"><ele>299.58</ele><time>2026-09-06T7:59:55Z</time><extensions><speed>-1.0</speed><course>-1.0</course><hAcc>0.0</hAcc><vAcc>0.0</vAcc></extensions></trkpt><trkpt lat="49.623399399999954" lon="10.832151319999994"><ele>299.58</ele><time>2026-09-06T7:59:56Z</time><extensions><speed>-1.0</speed><course>-1.0</course><hAcc>0.0</hAcc><vAcc>0.0</vAcc></extensions></trkpt><trkpt lat="49.623402399999954" lon="10.832044319999994"><ele>299.58</ele><time>2026-09-06T7:59:58Z</time><extensions><speed>-1.0</speed><course>-1.0</course><hAcc>0.0</hAcc><vAcc>0.0</vAcc></extensions></trkpt><trkpt lat="49.62340606999995" lon="10.831919989999994"><ele>299.58</ele><time>2026-09-06T8:00:00Z</time><extensions><speed>-1.0</speed><course>-1.0</course><hAcc>0.0</hAcc><vAcc>0.0</vAcc></extensions></trkpt><trkpt lat="49.623402399999954" lon="10.831785989999995"><ele>299.58</ele><time>2026-09-06T8:00:02Z</time><extensions><speed>-1.0</speed><course>-1.0</course><hAcc>0.0</hAcc><vAcc>0.0</vAcc></extensions></trkpt><trkpt lat="49.623396069999956" lon="10.831645319999994"><ele>299.58</ele><time>2026-09-06T8:00:04Z</time><extensions><speed>-1.0</speed><course>-1.0</course><hAcc>0.0</hAcc><vAcc>0.0</vAcc></extensions></trkpt><trkpt lat="49.623384739999956" lon="10.831500989999995"><ele>299.58</ele><time>2026-09-06T8:00:06Z</time><extensions><speed>-1.0</speed><course>-1.0</course><hAcc>0.0</hAcc><vAcc>0.0</vAcc></extensions></trkpt><trkpt lat="49.62337573999996" lon="10.831378319999995"><ele>299.58</ele><time>2026-09-06T8:00:07Z</time><extensions><speed>-1.0</speed><course>-1.0</course><hAcc>0.0</hAcc><vAcc>0.0</vAcc></extensions></trkpt><trkpt lat="49.62336873999996" lon="10.831270989999995"><ele>299.58</ele><time>2026-09-06T8:00:08Z</time><extensions><speed>-1.0</speed><course>-1.0</course><hAcc>0.0</hAcc><vAcc>0.0</vAcc></extensions></trkpt><trkpt lat="49.62336506999996" lon="10.831149319999994"><ele>299.58</ele><time>2026-09-06T8:00:10Z</time><extensions><speed>-1.0</speed><course>-1.0</course><hAcc>0.0</hAcc><vAcc>0.0</vAcc></extensions></trkpt><trkpt lat="49.62336506999996" lon="10.831016649999995"><ele>299.58</ele><time>2026-09-06T8:00:12Z</time><extensions><speed>-1.0</speed><course>-1.0</course><hAcc>0.0</hAcc><vAcc>0.0</vAcc></extensions></trkpt><trkpt lat="49.623367069999965" lon="10.830903979999995"><ele>299.58</ele><time>2026-09-06T8:00:13Z</time><extensions><speed>-1.0</speed><course>-1.0</course><hAcc>0.0</hAcc><vAcc>0.0</vAcc></extensions></trkpt><trkpt lat="49.623372739999965" lon="10.830785309999994"><ele>299.58</ele><time>2026-09-06T8:00:15Z</time><extensions><speed>-1.0</speed><course>-1.0</course><hAcc>0.0</hAcc><vAcc>0.0</vAcc></extensions></trkpt><trkpt lat="49.62337940999996" lon="10.830655979999994"><ele>299.58</ele><time>2026-09-06T8:00:17Z</time><extensions><speed>-1.0</speed><course>-1.0</course><hAcc>0.0</hAcc><vAcc>0.0</vAcc></extensions></trkpt><trkpt lat="49.623384409999964" lon="10.830547309999995"><ele>299.58</ele><time>2026-09-06T8:00:18Z</time><extensions><speed>-1.0</speed><course>-1.0</course><hAcc>0.0</hAcc><vAcc>0.0</vAcc></extensions></trkpt><trkpt lat="49.623387079999965" lon="10.830427639999995"><ele>299.58</ele><time>2026-09-06T8:00:20Z</time><extensions><speed>-1.0</speed><course>-1.0</course><hAcc>0.0</hAcc><vAcc>0.0</vAcc></extensions></trkpt><trkpt lat="49.62338607999997" lon="10.830300969999994"><ele>299.58</ele><time>2026-09-06T8:00:22Z</time><extensions><speed>-1.0</speed><course>-1.0</course><hAcc>0.0</hAcc><vAcc>0.0</vAcc></extensions></trkpt><trkpt lat="49.62338374999997" lon="10.830170639999995"><ele>299.58</ele><time>2026-09-06T8:00:24Z</time><extensions><speed>-1.0</speed><course>-1.0</course><hAcc>0.0</hAcc><vAcc>0.0</vAcc></extensions></trkpt><trkpt lat="49.62338007999997" lon="10.830060969999995"><ele>299.58</ele><time>2026-09-06T8:00:25Z</time><extensions><speed>-1.0</speed><course>-1.0</course><hAcc>0.0</hAcc><vAcc>0.0</vAcc></extensions></trkpt><trkpt lat="49.62337640999997" lon="10.829965639999994"><ele>299.58</ele><time>2026-09-06T8:00:26Z</time><extensions><speed>-1.0</speed><course>-1.0</course><hAcc>0.0</hAcc><vAcc>0.0</vAcc></extensions></trkpt><trkpt lat="49.62337207999997" lon="10.829853969999993"><ele>299.58</ele><time>2026-09-06T8:00:28Z</time><extensions><speed>-1.0</speed><course>-1.0</course><hAcc>0.0</hAcc><vAcc>0.0</vAcc></extensions></trkpt><trkpt lat="49.623370079999965" lon="10.829757639999993"><ele>299.58</ele><time>2026-09-06T8:00:29Z</time><extensions><speed>-1.0</speed><course>-1.0</course><hAcc>0.0</hAcc><vAcc>0.0</vAcc></extensions></trkpt><trkpt lat="49.62336940999997" lon="10.829655309999993"><ele>299.58</ele><time>2026-09-06T8:00:31Z</time><extensions><speed>-1.0</speed><course>-1.0</course><hAcc>0.0</hAcc><vAcc>0.0</vAcc></extensions></trkpt><trkpt lat="49.62337073999997" lon="10.829574979999993"><ele>299.58</ele><time>2026-09-06T8:00:32Z</time><extensions><speed>-1.0</speed><course>-1.0</course><hAcc>0.0</hAcc><vAcc>0.0</vAcc></extensions></trkpt><trkpt lat="49.62337106999997" lon="10.829499649999994"><ele>299.58</ele><time>2026-09-06T8:00:34Z</time><extensions><speed>-1.0</speed><course>-1.0</course><hAcc>0.0</hAcc><vAcc>0.0</vAcc></extensions></trkpt><trkpt lat="49.62337106999997" lon="10.829437979999994"><ele>299.58</ele><time>2026-09-06T8:00:35Z</time><extensions><speed>-1.0</speed><course>-1.0</course><hAcc>0.0</hAcc><vAcc>0.0</vAcc></extensions></trkpt><trkpt lat="49.62336606999997" lon="10.829378979999994"><ele>299.58</ele><time>2026-09-06T8:00:37Z</time><extensions><speed>-1.0</speed><course>-1.0</course><hAcc>0.0</hAcc><vAcc>0.0</vAcc></extensions></trkpt><trkpt lat="49.62335506999997" lon="10.829334649999995"><ele>299.58</ele><time>2026-09-06T8:00:38Z</time><extensions><speed>-1.0</speed><course>-1.0</course><hAcc>0.0</hAcc><vAcc>0.0</vAcc></extensions></trkpt><trkpt lat="49.623324399999966" lon="10.829323319999995"><ele>299.58</ele><time>2026-09-06T8:00:40Z</time><extensions><speed>-1.0</speed><course>-1.0</course><hAcc>0.0</hAcc><vAcc>0.0</vAcc></extensions></trkpt><trkpt lat="49.62328872999996" lon="10.829321989999995"><ele>299.58</ele><time>2026-09-06T8:00:41Z</time><extensions><speed>-1.0</speed><course>-1.0</course><hAcc>0.0</hAcc><vAcc>0.0</vAcc></extensions></trkpt><trkpt lat="49.623237059999965" lon="10.829328319999995"><ele>299.58</ele><time>2026-09-06T8:00:43Z</time><extensions><speed>-1.0</speed><course>-1.0</course><hAcc>0.0</hAcc><vAcc>0.0</vAcc></extensions></trkpt><trkpt lat="49.623172729999965" lon="10.829336319999994"><ele>299.58</ele><time>2026-09-06T8:00:45Z</time><extensions><speed>-1.0</speed><course>-1.0</course><hAcc>0.0</hAcc><vAcc>0.0</vAcc></extensions></trkpt><trkpt lat="49.62311739999996" lon="10.829343649999995"><ele>299.58</ele><time>2026-09-06T8:00:46Z</time><extensions><speed>-1.0</speed><course>-1.0</course><hAcc>0.0</hAcc><vAcc>0.0</vAcc></extensions></trkpt><trkpt lat="49.62305106999996" lon="10.829350649999995"><ele>299.58</ele><time>2026-09-06T8:00:48Z</time><extensions><speed>-1.0</speed><course>-1.0</course><hAcc>0.0</hAcc><vAcc>0.0</vAcc></extensions></trkpt><trkpt lat="49.62299139999996" lon="10.829354319999995"><ele>299.58</ele><time>2026-09-06T8:00:49Z</time><extensions><speed>-1.0</speed><course>-1.0</course><hAcc>0.0</hAcc><vAcc>0.0</vAcc></extensions></trkpt><trkpt lat="49.62292206999996" lon="10.829354319999995"><ele>299.58</ele><time>2026-09-06T8:00:51Z</time><extensions><speed>-1.0</speed><course>-1.0</course><hAcc>0.0</hAcc><vAcc>0.0</vAcc></extensions></trkpt><trkpt lat="49.622847069999956" lon="10.829350319999994"><ele>299.58</ele><time>2026-09-06T8:00:53Z</time><extensions><speed>-1.0</speed><course>-1.0</course><hAcc>0.0</hAcc><vAcc>0.0</vAcc></extensions></trkpt><trkpt lat="49.62276473999996" lon="10.829348649999995"><ele>299.58</ele><time>2026-09-06T8:00:55Z</time><extensions><speed>-1.0</speed><course>-1.0</course><hAcc>0.0</hAcc><vAcc>0.0</vAcc></extensions></trkpt><trkpt lat="49.62269640999996" lon="10.829344979999995"><ele>299.58</ele><time>2026-09-06T8:00:56Z</time><extensions><speed>-1.0</speed><course>-1.0</course><hAcc>0.0</hAcc><vAcc>0.0</vAcc></extensions></trkpt><trkpt lat="49.62262273999996" lon="10.829337309999994"><ele>299.58</ele><time>2026-09-06T8:00:58Z</time><extensions><speed>-1.0</speed><course>-1.0</course><hAcc>0.0</hAcc><vAcc>0.0</vAcc></extensions></trkpt><trkpt lat="49.62254373999996" lon="10.829331979999994"><ele>299.58</ele><time>2026-09-06T8:01:00Z</time><extensions><speed>-1.0</speed><course>-1.0</course><hAcc>0.0</hAcc><vAcc>0.0</vAcc></extensions></trkpt><trkpt lat="49.622461409999964" lon="10.829325309999994"><ele>299.58</ele><time>2026-09-06T8:01:02Z</time><extensions><speed>-1.0</speed><course>-1.0</course><hAcc>0.0</hAcc><vAcc>0.0</vAcc></extensions></trkpt><trkpt lat="49.62237840999997" lon="10.829328639999995"><ele>299.58</ele><time>2026-09-06T8:01:04Z</time><extensions><speed>-1.0</speed><course>-1.0</course><hAcc>0.0</hAcc><vAcc>0.0</vAcc></extensions></trkpt><trkpt lat="49.62230507999997" lon="10.829336309999995"><ele>299.58</ele><time>2026-09-06T8:01:05Z</time><extensions><speed>-1.0</speed><course>-1.0</course><hAcc>0.0</hAcc><vAcc>0.0</vAcc></extensions></trkpt><trkpt lat="49.622224749999965" lon="10.829357979999996"><ele>299.58</ele><time>2026-09-06T8:01:07Z</time><extensions><speed>-1.0</speed><course>-1.0</course><hAcc>0.0</hAcc><vAcc>0.0</vAcc></extensions></trkpt><trkpt lat="49.62215807999996" lon="10.829384309999996"><ele>299.58</ele><time>2026-09-06T8:01:08Z</time><extensions><speed>-1.0</speed><course>-1.0</course><hAcc>0.0</hAcc><vAcc>0.0</vAcc></extensions></trkpt><trkpt lat="49.622083409999966" lon="10.829416309999996"><ele>299.58</ele><time>2026-09-06T8:01:10Z</time><extensions><speed>-1.0</speed><course>-1.0</course><hAcc>0.0</hAcc><vAcc>0.0</vAcc></extensions></trkpt><trkpt lat="49.622018739999966" lon="10.829445979999996"><ele>299.58</ele><time>2026-09-06T8:01:11Z</time><extensions><speed>-1.0</speed><course>-1.0</course><hAcc>0.0</hAcc><vAcc>0.0</vAcc></extensions></trkpt><trkpt lat="49.62196140999997" lon="10.829474309999995"><ele>299.58</ele><time>2026-09-06T8:01:12Z</time><extensions><speed>-1.0</speed><course>-1.0</course><hAcc>0.0</hAcc><vAcc>0.0</vAcc></extensions></trkpt><trkpt lat="49.62190840999997" lon="10.829501639999995"><ele>299.58</ele><time>2026-09-06T8:01:13Z</time><extensions><speed>-1.0</speed><course>-1.0</course><hAcc>0.0</hAcc><vAcc>0.0</vAcc></extensions></trkpt><trkpt lat="49.621847739999964" lon="10.829528639999994"><ele>299.58</ele><time>2026-09-06T8:01:15Z</time><extensions><speed>-1.0</speed><course>-1.0</course><hAcc>0.0</hAcc><vAcc>0.0</vAcc></extensions></trkpt><trkpt lat="49.621790739999966" lon="10.829533639999994"><ele>299.58</ele><time>2026-09-06T8:01:17Z</time><extensions><speed>-1.0</speed><course>-1.0</course><hAcc>0.0</hAcc><vAcc>0.0</vAcc></extensions></trkpt><trkpt lat="49.621743739999964" lon="10.829500969999994"><ele>299.58</ele><time>2026-09-06T8:01:19Z</time><extensions><speed>-1.0</speed><course>-1.0</course><hAcc>0.0</hAcc><vAcc>0.0</vAcc></extensions></trkpt><trkpt lat="49.62170806999996" lon="10.829434969999994"><ele>299.58</ele><time>2026-09-06T8:01:21Z</time><extensions><speed>-1.0</speed><course>-1.0</course><hAcc>0.0</hAcc><vAcc>0.0</vAcc></extensions></trkpt><trkpt lat="49.621678739999965" lon="10.829344639999993"><ele>299.58</ele><time>2026-09-06T8:01:23Z</time><extensions><speed>-1.0</speed><course>-1.0</course><hAcc>0.0</hAcc><vAcc>0.0</vAcc></extensions></trkpt><trkpt lat="49.62165440999996" lon="10.829261639999993"><ele>299.58</ele><time>2026-09-06T8:01:24Z</time><extensions><speed>-1.0</speed><course>-1.0</course><hAcc>0.0</hAcc><vAcc>0.0</vAcc></extensions></trkpt><trkpt lat="49.62163173999996" lon="10.829156639999994"><ele>299.58</ele><time>2026-09-06T8:01:26Z</time><extensions><speed>-1.0</speed><course>-1.0</course><hAcc>0.0</hAcc><vAcc>0.0</vAcc></extensions></trkpt><trkpt lat="49.621608409999965" lon="10.829042639999994"><ele>299.58</ele><time>2026-09-06T8:01:28Z</time><extensions><speed>-1.0</speed><course>-1.0</course><hAcc>0.0</hAcc><vAcc>0.0</vAcc></extensions></trkpt><trkpt lat="49.62157607999996" lon="10.828923639999994"><ele>299.58</ele><time>2026-09-06T8:01:30Z</time><extensions><speed>-1.0</speed><course>-1.0</course><hAcc>0.0</hAcc><vAcc>0.0</vAcc></extensions></trkpt><trkpt lat="49.62155007999996" lon="10.828819969999994"><ele>299.58</ele><time>2026-09-06T8:01:31Z</time><extensions><speed>-1.0</speed><course>-1.0</course><hAcc>0.0</hAcc><vAcc>0.0</vAcc></extensions></trkpt><trkpt lat="49.621529409999965" lon="10.828695299999994"><ele>299.58</ele><time>2026-09-06T8:01:33Z</time><extensions><speed>-1.0</speed><course>-1.0</course><hAcc>0.0</hAcc><vAcc>0.0</vAcc></extensions></trkpt><trkpt lat="49.621513079999964" lon="10.828585969999994"><ele>299.58</ele><time>2026-09-06T8:01:34Z</time><extensions><speed>-1.0</speed><course>-1.0</course><hAcc>0.0</hAcc><vAcc>0.0</vAcc></extensions></trkpt><trkpt lat="49.62149640999996" lon="10.828488639999994"><ele>299.58</ele><time>2026-09-06T8:01:35Z</time><extensions><speed>-1.0</speed><course>-1.0</course><hAcc>0.0</hAcc><vAcc>0.0</vAcc></extensions></trkpt><trkpt lat="49.621481739999965" lon="10.828397309999994"><ele>299.58</ele><time>2026-09-06T8:01:36Z</time><extensions><speed>-1.0</speed><course>-1.0</course><hAcc>0.0</hAcc><vAcc>0.0</vAcc></extensions></trkpt><trkpt lat="49.62146673999997" lon="10.828286639999995"><ele>299.58</ele><time>2026-09-06T8:01:38Z</time><extensions><speed>-1.0</speed><course>-1.0</course><hAcc>0.0</hAcc><vAcc>0.0</vAcc></extensions></trkpt><trkpt lat="49.62144606999997" lon="10.828165639999995"><ele>299.58</ele><time>2026-09-06T8:01:40Z</time><extensions><speed>-1.0</speed><course>-1.0</course><hAcc>0.0</hAcc><vAcc>0.0</vAcc></extensions></trkpt><trkpt lat="49.62142306999997" lon="10.828035309999995"><ele>299.58</ele><time>2026-09-06T8:01:42Z</time><extensions><speed>-1.0</speed><course>-1.0</course><hAcc>0.0</hAcc><vAcc>0.0</vAcc></extensions></trkpt><trkpt lat="49.62140339999997" lon="10.827925309999996"><ele>299.58</ele><time>2026-09-06T8:01:43Z</time><extensions><speed>-1.0</speed><course>-1.0</course><hAcc>0.0</hAcc><vAcc>0.0</vAcc></extensions></trkpt><trkpt lat="49.62138239999997" lon="10.827805639999996"><ele>299.58</ele><time>2026-09-06T8:01:45Z</time><extensions><speed>-1.0</speed><course>-1.0</course><hAcc>0.0</hAcc><vAcc>0.0</vAcc></extensions></trkpt><trkpt lat="49.62136306999997" lon="10.827685639999995"><ele>299.58</ele><time>2026-09-06T8:01:47Z</time><extensions><speed>-1.0</speed><course>-1.0</course><hAcc>0.0</hAcc><vAcc>0.0</vAcc></extensions></trkpt><trkpt lat="49.62134439999997" lon="10.827570639999996"><ele>299.58</ele><time>2026-09-06T8:01:49Z</time><extensions><speed>-1.0</speed><course>-1.0</course><hAcc>0.0</hAcc><vAcc>0.0</vAcc></extensions></trkpt><trkpt lat="49.62132939999997" lon="10.827474309999996"><ele>299.58</ele><time>2026-09-06T8:01:50Z</time><extensions><speed>-1.0</speed><course>-1.0</course><hAcc>0.0</hAcc><vAcc>0.0</vAcc></extensions></trkpt><trkpt lat="49.62131639999997" lon="10.827398309999996"><ele>299.58</ele><time>2026-09-06T8:01:52Z</time><extensions><speed>-1.0</speed><course>-1.0</course><hAcc>0.0</hAcc><vAcc>0.0</vAcc></extensions></trkpt><trkpt lat="49.621306399999966" lon="10.827336639999997"><ele>299.58</ele><time>2026-09-06T8:01:53Z</time><extensions><speed>-1.0</speed><course>-1.0</course><hAcc>0.0</hAcc><vAcc>0.0</vAcc></extensions></trkpt><trkpt lat="49.62128572999997" lon="10.827282639999996"><ele>299.58</ele><time>2026-09-06T8:01:55Z</time><extensions><speed>-1.0</speed><course>-1.0</course><hAcc>0.0</hAcc><vAcc>0.0</vAcc></extensions></trkpt><trkpt lat="49.62125705999997" lon="10.827250969999996"><ele>299.58</ele><time>2026-09-06T8:01:56Z</time><extensions><speed>-1.0</speed><course>-1.0</course><hAcc>0.0</hAcc><vAcc>0.0</vAcc></extensions></trkpt><trkpt lat="49.621224389999966" lon="10.827242299999996"><ele>299.58</ele><time>2026-09-06T8:01:57Z</time><extensions><speed>-1.0</speed><course>-1.0</course><hAcc>0.0</hAcc><vAcc>0.0</vAcc></extensions></trkpt><trkpt lat="49.621177389999964" lon="10.827249969999997"><ele>299.58</ele><time>2026-09-06T8:01:59Z</time><extensions><speed>-1.0</speed><course>-1.0</course><hAcc>0.0</hAcc><vAcc>0.0</vAcc></extensions></trkpt><trkpt lat="49.62113338999996" lon="10.827263969999997"><ele>299.58</ele><time>2026-09-06T8:02:00Z</time><extensions><speed>-1.0</speed><course>-1.0</course><hAcc>0.0</hAcc><vAcc>0.0</vAcc></extensions></trkpt><trkpt lat="49.621090389999964" lon="10.827278299999998"><ele>299.58</ele><time>2026-09-06T8:02:01Z</time><extensions><speed>-1.0</speed><course>-1.0</course><hAcc>0.0</hAcc><vAcc>0.0</vAcc></extensions></trkpt><trkpt lat="49.621035719999966" lon="10.827301629999997"><ele>299.58</ele><time>2026-09-06T8:02:03Z</time><extensions><speed>-1.0</speed><course>-1.0</course><hAcc>0.0</hAcc><vAcc>0.0</vAcc></extensions></trkpt><trkpt lat="49.620985049999966" lon="10.827324629999998"><ele>299.58</ele><time>2026-09-06T8:02:04Z</time><extensions><speed>-1.0</speed><course>-1.0</course><hAcc>0.0</hAcc><vAcc>0.0</vAcc></extensions></trkpt><trkpt lat="49.620923719999965" lon="10.827358299999998"><ele>299.58</ele><time>2026-09-06T8:02:06Z</time><extensions><speed>-1.0</speed><course>-1.0</course><hAcc>0.0</hAcc><vAcc>0.0</vAcc></extensions></trkpt><trkpt lat="49.62086038999996" lon="10.827401629999999"><ele>299.58</ele><time>2026-09-06T8:02:08Z</time><extensions><speed>-1.0</speed><course>-1.0</course><hAcc>0.0</hAcc><vAcc>0.0</vAcc></extensions></trkpt><trkpt lat="49.62080638999996" lon="10.827438299999999"><ele>299.58</ele><time>2026-09-06T8:02:09Z</time><extensions><speed>-1.0</speed><course>-1.0</course><hAcc>0.0</hAcc><vAcc>0.0</vAcc></extensions></trkpt><trkpt lat="49.620746719999964" lon="10.82747897"><ele>299.58</ele><time>2026-09-06T8:02:11Z</time><extensions><speed>-1.0</speed><course>-1.0</course><hAcc>0.0</hAcc><vAcc>0.0</vAcc></extensions></trkpt><trkpt lat="49.620693049999964" lon="10.8275093"><ele>299.58</ele><time>2026-09-06T8:02:12Z</time><extensions><speed>-1.0</speed><course>-1.0</course><hAcc>0.0</hAcc><vAcc>0.0</vAcc></extensions></trkpt><trkpt lat="49.620627719999966" lon="10.82752897"><ele>299.58</ele><time>2026-09-06T8:02:14Z</time><extensions><speed>-1.0</speed><course>-1.0</course><hAcc>0.0</hAcc><vAcc>0.0</vAcc></extensions></trkpt><trkpt lat="49.62055704999997" lon="10.82755397"><ele>299.58</ele><time>2026-09-06T8:02:16Z</time><extensions><speed>-1.0</speed><course>-1.0</course><hAcc>0.0</hAcc><vAcc>0.0</vAcc></extensions></trkpt><trkpt lat="49.620484719999965" lon="10.82758464"><ele>299.58</ele><time>2026-09-06T8:02:18Z</time><extensions><speed>-1.0</speed><course>-1.0</course><hAcc>0.0</hAcc><vAcc>0.0</vAcc></extensions></trkpt><trkpt lat="49.62040971999996" lon="10.82761831"><ele>299.58</ele><time>2026-09-06T8:02:20Z</time><extensions><speed>-1.0</speed><course>-1.0</course><hAcc>0.0</hAcc><vAcc>0.0</vAcc></extensions></trkpt><trkpt lat="49.620347389999964" lon="10.82764831"><ele>299.58</ele><time>2026-09-06T8:02:21Z</time><extensions><speed>-1.0</speed><course>-1.0</course><hAcc>0.0</hAcc><vAcc>0.0</vAcc></extensions></trkpt><trkpt lat="49.620282389999964" lon="10.82768631"><ele>299.58</ele><time>2026-09-06T8:02:23Z</time><extensions><speed>-1.0</speed><course>-1.0</course><hAcc>0.0</hAcc><vAcc>0.0</vAcc></extensions></trkpt><trkpt lat="49.62022738999996" lon="10.827722640000001"><ele>299.58</ele><time>2026-09-06T8:02:24Z</time><extensions><speed>-1.0</speed><course>-1.0</course><hAcc>0.0</hAcc><vAcc>0.0</vAcc></extensions></trkpt><trkpt lat="49.62017938999996" lon="10.82775331"><ele>299.58</ele><time>2026-09-06T8:02:25Z</time><extensions><speed>-1.0</speed><course>-1.0</course><hAcc>0.0</hAcc><vAcc>0.0</vAcc></extensions></trkpt><trkpt lat="49.62012538999996" lon="10.82778131"><ele>299.58</ele><time>2026-09-06T8:02:27Z</time><extensions><speed>-1.0</speed><course>-1.0</course><hAcc>0.0</hAcc><vAcc>0.0</vAcc></extensions></trkpt><trkpt lat="49.62007771999996" lon="10.82779964"><ele>299.58</ele><time>2026-09-06T8:02:28Z</time><extensions><speed>-1.0</speed><course>-1.0</course><hAcc>0.0</hAcc><vAcc>0.0</vAcc></extensions></trkpt><trkpt lat="49.62003504999996" lon="10.82780197"><ele>299.58</ele><time>2026-09-06T8:02:29Z</time><extensions><speed>-1.0</speed><course>-1.0</course><hAcc>0.0</hAcc><vAcc>0.0</vAcc></extensions></trkpt><trkpt lat="49.61998871999996" lon="10.82777997"><ele>299.58</ele><time>2026-09-06T8:02:31Z</time><extensions><speed>-1.0</speed><course>-1.0</course><hAcc>0.0</hAcc><vAcc>0.0</vAcc></extensions></trkpt><trkpt lat="49.61994004999996" lon="10.827746639999999"><ele>299.58</ele><time>2026-09-06T8:02:33Z</time><extensions><speed>-1.0</speed><course>-1.0</course><hAcc>0.0</hAcc><vAcc>0.0</vAcc></extensions></trkpt><trkpt lat="49.61988604999996" lon="10.827704639999999"><ele>299.58</ele><time>2026-09-06T8:02:35Z</time><extensions><speed>-1.0</speed><course>-1.0</course><hAcc>0.0</hAcc><vAcc>0.0</vAcc></extensions></trkpt><trkpt lat="49.619823719999964" lon="10.827670969999998"><ele>299.58</ele><time>2026-09-06T8:02:37Z</time><extensions><speed>-1.0</speed><course>-1.0</course><hAcc>0.0</hAcc><vAcc>0.0</vAcc></extensions></trkpt><trkpt lat="49.619756389999964" lon="10.827658639999997"><ele>299.58</ele><time>2026-09-06T8:02:39Z</time><extensions><speed>-1.0</speed><course>-1.0</course><hAcc>0.0</hAcc><vAcc>0.0</vAcc></extensions></trkpt><trkpt lat="49.61969871999997" lon="10.827656969999998"><ele>299.58</ele><time>2026-09-06T8:02:40Z</time><extensions><speed>-1.0</speed><course>-1.0</course><hAcc>0.0</hAcc><vAcc>0.0</vAcc></extensions></trkpt><trkpt lat="49.619637389999966" lon="10.827666969999997"><ele>299.58</ele><time>2026-09-06T8:02:42Z</time><extensions><speed>-1.0</speed><course>-1.0</course><hAcc>0.0</hAcc><vAcc>0.0</vAcc></extensions></trkpt><trkpt lat="49.61957671999996" lon="10.827682639999997"><ele>299.58</ele><time>2026-09-06T8:02:44Z</time><extensions><speed>-1.0</speed><course>-1.0</course><hAcc>0.0</hAcc><vAcc>0.0</vAcc></extensions></trkpt><trkpt lat="49.619524719999966" lon="10.827694969999998"><ele>299.58</ele><time>2026-09-06T8:02:45Z</time><extensions><speed>-1.0</speed><course>-1.0</course><hAcc>0.0</hAcc><vAcc>0.0</vAcc></extensions></trkpt><trkpt lat="49.619468389999966" lon="10.827707299999998"><ele>299.58</ele><time>2026-09-06T8:02:47Z</time><extensions><speed>-1.0</speed><course>-1.0</course><hAcc>0.0</hAcc><vAcc>0.0</vAcc></extensions></trkpt><trkpt lat="49.61940871999997" lon="10.82772397"><ele>299.58</ele><time>2026-09-06T8:02:49Z</time><extensions><speed>-1.0</speed><course>-1.0</course><hAcc>0.0</hAcc><vAcc>0.0</vAcc></extensions></trkpt><trkpt lat="49.61934904999997" lon="10.82774697"><ele>299.58</ele><time>2026-09-06T8:02:51Z</time><extensions><speed>-1.0</speed><course>-1.0</course><hAcc>0.0</hAcc><vAcc>0.0</vAcc></extensions></trkpt><trkpt lat="49.61929037999997" lon="10.827768299999999"><ele>299.58</ele><time>2026-09-06T8:02:53Z</time><extensions><speed>-1.0</speed><course>-1.0</course><hAcc>0.0</hAcc><vAcc>0.0</vAcc></extensions></trkpt><trkpt lat="49.61924170999997" lon="10.827785969999999"><ele>299.58</ele><time>2026-09-06T8:02:54Z</time><extensions><speed>-1.0</speed><course>-1.0</course><hAcc>0.0</hAcc><vAcc>0.0</vAcc></extensions></trkpt><trkpt lat="49.61919070999997" lon="10.82780697"><ele>299.58</ele><time>2026-09-06T8:02:56Z</time><extensions><speed>-1.0</speed><course>-1.0</course><hAcc>0.0</hAcc><vAcc>0.0</vAcc></extensions></trkpt><trkpt lat="49.61914637999997" lon="10.827823969999999"><ele>299.58</ele><time>2026-09-06T8:02:57Z</time><extensions><speed>-1.0</speed><course>-1.0</course><hAcc>0.0</hAcc><vAcc>0.0</vAcc></extensions></trkpt><trkpt lat="49.61909904999997" lon="10.82783864"><ele>299.58</ele><time>2026-09-06T8:02:59Z</time><extensions><speed>-1.0</speed><course>-1.0</course><hAcc>0.0</hAcc><vAcc>0.0</vAcc></extensions></trkpt><trkpt lat="49.619051719999966" lon="10.82785664"><ele>299.58</ele><time>2026-09-06T8:03:01Z</time><extensions><speed>-1.0</speed><course>-1.0</course><hAcc>0.0</hAcc><vAcc>0.0</vAcc></extensions></trkpt><trkpt lat="49.619004049999965" lon="10.827873310000001"><ele>299.58</ele><time>2026-09-06T8:03:03Z</time><extensions><speed>-1.0</speed><course>-1.0</course><hAcc>0.0</hAcc><vAcc>0.0</vAcc></extensions></trkpt><trkpt lat="49.618956719999964" lon="10.827892310000001"><ele>299.58</ele><time>2026-09-06T8:03:05Z</time><extensions><speed>-1.0</speed><course>-1.0</course><hAcc>0.0</hAcc><vAcc>0.0</vAcc></extensions></trkpt><trkpt lat="49.61890371999996" lon="10.827908980000002"><ele>299.58</ele><time>2026-09-06T8:03:07Z</time><extensions><speed>-1.0</speed><course>-1.0</course><hAcc>0.0</hAcc><vAcc>0.0</vAcc></extensions></trkpt><trkpt lat="49.618849719999965" lon="10.827924310000002"><ele>299.58</ele><time>2026-09-06T8:03:09Z</time><extensions><speed>-1.0</speed><course>-1.0</course><hAcc>0.0</hAcc><vAcc>0.0</vAcc></extensions></trkpt><trkpt lat="49.618807049999965" lon="10.827939640000002"><ele>299.58</ele><time>2026-09-06T8:03:10Z</time><extensions><speed>-1.0</speed><course>-1.0</course><hAcc>0.0</hAcc><vAcc>0.0</vAcc></extensions></trkpt><trkpt lat="49.618759379999965" lon="10.827958640000002"><ele>299.58</ele><time>2026-09-06T8:03:12Z</time><extensions><speed>-1.0</speed><course>-1.0</course><hAcc>0.0</hAcc><vAcc>0.0</vAcc></extensions></trkpt><trkpt lat="49.618711049999966" lon="10.827977310000001"><ele>299.58</ele><time>2026-09-06T8:03:14Z</time><extensions><speed>-1.0</speed><course>-1.0</course><hAcc>0.0</hAcc><vAcc>0.0</vAcc></extensions></trkpt><trkpt lat="49.61867004999996" lon="10.827993980000002"><ele>299.58</ele><time>2026-09-06T8:03:15Z</time><extensions><speed>-1.0</speed><course>-1.0</course><hAcc>0.0</hAcc><vAcc>0.0</vAcc></extensions></trkpt><trkpt lat="49.61862837999996" lon="10.828016980000003"><ele>299.58</ele><time>2026-09-06T8:03:17Z</time><extensions><speed>-1.0</speed><course>-1.0</course><hAcc>0.0</hAcc><vAcc>0.0</vAcc></extensions></trkpt><trkpt lat="49.61858737999996" lon="10.828042650000002"><ele>299.58</ele><time>2026-09-06T8:03:19Z</time><extensions><speed>-1.0</speed><course>-1.0</course><hAcc>0.0</hAcc><vAcc>0.0</vAcc></extensions></trkpt><trkpt lat="49.61855270999996" lon="10.828063320000002"><ele>299.58</ele><time>2026-09-06T8:03:20Z</time><extensions><speed>-1.0</speed><course>-1.0</course><hAcc>0.0</hAcc><vAcc>0.0</vAcc></extensions></trkpt><trkpt lat="49.61852203999996" lon="10.828079990000003"><ele>299.58</ele><time>2026-09-06T8:03:21Z</time><extensions><speed>-1.0</speed><course>-1.0</course><hAcc>0.0</hAcc><vAcc>0.0</vAcc></extensions></trkpt><trkpt lat="49.61848603999996" lon="10.828096660000003"><ele>299.58</ele><time>2026-09-06T8:03:23Z</time><extensions><speed>-1.0</speed><course>-1.0</course><hAcc>0.0</hAcc><vAcc>0.0</vAcc></extensions></trkpt><trkpt lat="49.618450039999956" lon="10.828111990000004"><ele>299.58</ele><time>2026-09-06T8:03:25Z</time><extensions><speed>-1.0</speed><course>-1.0</course><hAcc>0.0</hAcc><vAcc>0.0</vAcc></extensions></trkpt><trkpt lat="49.618411039999955" lon="10.828124990000003"><ele>299.58</ele><time>2026-09-06T8:03:27Z</time><extensions><speed>-1.0</speed><course>-1.0</course><hAcc>0.0</hAcc><vAcc>0.0</vAcc></extensions></trkpt><trkpt lat="49.618380369999954" lon="10.828135990000003"><ele>299.58</ele><time>2026-09-06T8:03:28Z</time><extensions><speed>-1.0</speed><course>-1.0</course><hAcc>0.0</hAcc><vAcc>0.0</vAcc></extensions></trkpt><trkpt lat="49.618343369999955" lon="10.828143990000003"><ele>299.58</ele><time>2026-09-06T8:03:30Z</time><extensions><speed>-1.0</speed><course>-1.0</course><hAcc>0.0</hAcc><vAcc>0.0</vAcc></extensions></trkpt><trkpt lat="49.61830536999995" lon="10.828150660000002"><ele>299.58</ele><time>2026-09-06T8:03:32Z</time><extensions><speed>-1.0</speed><course>-1.0</course><hAcc>0.0</hAcc><vAcc>0.0</vAcc></extensions></trkpt><trkpt lat="49.61827269999995" lon="10.828151330000003"><ele>299.58</ele><time>2026-09-06T8:03:33Z</time><extensions><speed>-1.0</speed><course>-1.0</course><hAcc>0.0</hAcc><vAcc>0.0</vAcc></extensions></trkpt><trkpt lat="49.61823636999995" lon="10.828156330000002"><ele>299.58</ele><time>2026-09-06T8:03:35Z</time><extensions><speed>-1.0</speed><course>-1.0</course><hAcc>0.0</hAcc><vAcc>0.0</vAcc></extensions></trkpt><trkpt lat="49.61819703999995" lon="10.828167330000003"><ele>299.58</ele><time>2026-09-06T8:03:37Z</time><extensions><speed>-1.0</speed><course>-1.0</course><hAcc>0.0</hAcc><vAcc>0.0</vAcc></extensions></trkpt><trkpt lat="49.61816403999995" lon="10.828176330000003"><ele>299.58</ele><time>2026-09-06T8:03:38Z</time><extensions><speed>-1.0</speed><course>-1.0</course><hAcc>0.0</hAcc><vAcc>0.0</vAcc></extensions></trkpt><trkpt lat="49.61813470999995" lon="10.828183330000003"><ele>299.58</ele><time>2026-09-06T8:03:39Z</time><extensions><speed>-1.0</speed><course>-1.0</course><hAcc>0.0</hAcc><vAcc>0.0</vAcc></extensions></trkpt><trkpt lat="49.61810003999995" lon="10.828189330000004"><ele>299.58</ele><time>2026-09-06T8:03:41Z</time><extensions><speed>-1.0</speed><course>-1.0</course><hAcc>0.0</hAcc><vAcc>0.0</vAcc></extensions></trkpt><trkpt lat="49.61806436999995" lon="10.828193000000004"><ele>299.58</ele><time>2026-09-06T8:03:43Z</time><extensions><speed>-1.0</speed><course>-1.0</course><hAcc>0.0</hAcc><vAcc>0.0</vAcc></extensions></trkpt><trkpt lat="49.61802503999995" lon="10.828198330000005"><ele>299.58</ele><time>2026-09-06T8:03:45Z</time><extensions><speed>-1.0</speed><course>-1.0</course><hAcc>0.0</hAcc><vAcc>0.0</vAcc></extensions></trkpt><trkpt lat="49.61798970999995" lon="10.828204330000005"><ele>299.58</ele><time>2026-09-06T8:03:46Z</time><extensions><speed>-1.0</speed><course>-1.0</course><hAcc>0.0</hAcc><vAcc>0.0</vAcc></extensions></trkpt><trkpt lat="49.61795837999995" lon="10.828211000000005"><ele>299.58</ele><time>2026-09-06T8:03:47Z</time><extensions><speed>-1.0</speed><course>-1.0</course><hAcc>0.0</hAcc><vAcc>0.0</vAcc></extensions></trkpt><trkpt lat="49.617928379999945" lon="10.828218670000005"><ele>299.58</ele><time>2026-09-06T8:03:48Z</time><extensions><speed>-1.0</speed><course>-1.0</course><hAcc>0.0</hAcc><vAcc>0.0</vAcc></extensions></trkpt><trkpt lat="49.617889379999944" lon="10.828227340000005"><ele>299.58</ele><time>2026-09-06T8:03:50Z</time><extensions><speed>-1.0</speed><course>-1.0</course><hAcc>0.0</hAcc><vAcc>0.0</vAcc></extensions></trkpt><trkpt lat="49.617844049999945" lon="10.828238340000006"><ele>299.58</ele><time>2026-09-06T8:03:52Z</time><extensions><speed>-1.0</speed><course>-1.0</course><hAcc>0.0</hAcc><vAcc>0.0</vAcc></extensions></trkpt><trkpt lat="49.61779571999995" lon="10.828250010000005"><ele>299.58</ele><time>2026-09-06T8:03:54Z</time><extensions><speed>-1.0</speed><course>-1.0</course><hAcc>0.0</hAcc><vAcc>0.0</vAcc></extensions></trkpt><trkpt lat="49.617753719999946" lon="10.828260680000005"><ele>299.58</ele><time>2026-09-06T8:03:55Z</time><extensions><speed>-1.0</speed><course>-1.0</course><hAcc>0.0</hAcc><vAcc>0.0</vAcc></extensions></trkpt><trkpt lat="49.61770538999995" lon="10.828272680000005"><ele>299.58</ele><time>2026-09-06T8:03:57Z</time><extensions><speed>-1.0</speed><course>-1.0</course><hAcc>0.0</hAcc><vAcc>0.0</vAcc></extensions></trkpt><trkpt lat="49.61766205999995" lon="10.828283350000005"><ele>299.58</ele><time>2026-09-06T8:03:58Z</time><extensions><speed>-1.0</speed><course>-1.0</course><hAcc>0.0</hAcc><vAcc>0.0</vAcc></extensions></trkpt><trkpt lat="49.61761038999995" lon="10.828297020000004"><ele>299.58</ele><time>2026-09-06T8:04:00Z</time><extensions><speed>-1.0</speed><course>-1.0</course><hAcc>0.0</hAcc><vAcc>0.0</vAcc></extensions></trkpt><trkpt lat="49.61755471999995" lon="10.828315690000004"><ele>299.58</ele><time>2026-09-06T8:04:02Z</time><extensions><speed>-1.0</speed><course>-1.0</course><hAcc>0.0</hAcc><vAcc>0.0</vAcc></extensions></trkpt><trkpt lat="49.61749338999995" lon="10.828331020000004"><ele>299.58</ele><time>2026-09-06T8:04:04Z</time><extensions><speed>-1.0</speed><course>-1.0</course><hAcc>0.0</hAcc><vAcc>0.0</vAcc></extensions></trkpt><trkpt lat="49.61743171999995" lon="10.828347020000004"><ele>299.58</ele><time>2026-09-06T8:04:06Z</time><extensions><speed>-1.0</speed><course>-1.0</course><hAcc>0.0</hAcc><vAcc>0.0</vAcc></extensions></trkpt><trkpt lat="49.61736871999995" lon="10.828361350000005"><ele>299.58</ele><time>2026-09-06T8:04:08Z</time><extensions><speed>-1.0</speed><course>-1.0</course><hAcc>0.0</hAcc><vAcc>0.0</vAcc></extensions></trkpt><trkpt lat="49.61730438999995" lon="10.828377350000006"><ele>299.58</ele><time>2026-09-06T8:04:10Z</time><extensions><speed>-1.0</speed><course>-1.0</course><hAcc>0.0</hAcc><vAcc>0.0</vAcc></extensions></trkpt><trkpt lat="49.61723738999995" lon="10.828392350000005"><ele>299.58</ele><time>2026-09-06T8:04:12Z</time><extensions><speed>-1.0</speed><course>-1.0</course><hAcc>0.0</hAcc><vAcc>0.0</vAcc></extensions></trkpt><trkpt lat="49.61717138999995" lon="10.828414350000005"><ele>299.58</ele><time>2026-09-06T8:04:14Z</time><extensions><speed>-1.0</speed><course>-1.0</course><hAcc>0.0</hAcc><vAcc>0.0</vAcc></extensions></trkpt><trkpt lat="49.617117059999956" lon="10.828436350000004"><ele>299.58</ele><time>2026-09-06T8:04:15Z</time><extensions><speed>-1.0</speed><course>-1.0</course><hAcc>0.0</hAcc><vAcc>0.0</vAcc></extensions></trkpt><trkpt lat="49.61707072999995" lon="10.828457350000004"><ele>299.58</ele><time>2026-09-06T8:04:16Z</time><extensions><speed>-1.0</speed><course>-1.0</course><hAcc>0.0</hAcc><vAcc>0.0</vAcc></extensions></trkpt><trkpt lat="49.617019059999954" lon="10.828486020000005"><ele>299.58</ele><time>2026-09-06T8:04:18Z</time><extensions><speed>-1.0</speed><course>-1.0</course><hAcc>0.0</hAcc><vAcc>0.0</vAcc></extensions></trkpt><trkpt lat="49.616962729999955" lon="10.828515690000005"><ele>299.58</ele><time>2026-09-06T8:04:20Z</time><extensions><speed>-1.0</speed><course>-1.0</course><hAcc>0.0</hAcc><vAcc>0.0</vAcc></extensions></trkpt><trkpt lat="49.61691305999995" lon="10.828538360000005"><ele>299.58</ele><time>2026-09-06T8:04:21Z</time><extensions><speed>-1.0</speed><course>-1.0</course><hAcc>0.0</hAcc><vAcc>0.0</vAcc></extensions></trkpt><trkpt lat="49.616869389999955" lon="10.828553030000005"><ele>299.58</ele><time>2026-09-06T8:04:22Z</time><extensions><speed>-1.0</speed><course>-1.0</course><hAcc>0.0</hAcc><vAcc>0.0</vAcc></extensions></trkpt><trkpt lat="49.61683105999995" lon="10.828566700000005"><ele>299.58</ele><time>2026-09-06T8:04:23Z</time><extensions><speed>-1.0</speed><course>-1.0</course><hAcc>0.0</hAcc><vAcc>0.0</vAcc></extensions></trkpt><trkpt lat="49.616785389999954" lon="10.828582370000005"><ele>299.58</ele><time>2026-09-06T8:04:25Z</time><extensions><speed>-1.0</speed><course>-1.0</course><hAcc>0.0</hAcc><vAcc>0.0</vAcc></extensions></trkpt><trkpt lat="49.61674505999996" lon="10.828596370000005"><ele>299.58</ele><time>2026-09-06T8:04:26Z</time><extensions><speed>-1.0</speed><course>-1.0</course><hAcc>0.0</hAcc><vAcc>0.0</vAcc></extensions></trkpt><trkpt lat="49.61669372999996" lon="10.828610040000004"><ele>299.58</ele><time>2026-09-06T8:04:28Z</time><extensions><speed>-1.0</speed><course>-1.0</course><hAcc>0.0</hAcc><vAcc>0.0</vAcc></extensions></trkpt><trkpt lat="49.61664939999996" lon="10.828621040000005"><ele>299.58</ele><time>2026-09-06T8:04:29Z</time><extensions><speed>-1.0</speed><course>-1.0</course><hAcc>0.0</hAcc><vAcc>0.0</vAcc></extensions></trkpt><trkpt lat="49.616600069999954" lon="10.828636040000005"><ele>299.58</ele><time>2026-09-06T8:04:31Z</time><extensions><speed>-1.0</speed><course>-1.0</course><hAcc>0.0</hAcc><vAcc>0.0</vAcc></extensions></trkpt><trkpt lat="49.616557069999956" lon="10.828651040000004"><ele>299.58</ele><time>2026-09-06T8:04:32Z</time><extensions><speed>-1.0</speed><course>-1.0</course><hAcc>0.0</hAcc><vAcc>0.0</vAcc></extensions></trkpt><trkpt lat="49.61651339999996" lon="10.828677040000004"><ele>299.58</ele><time>2026-09-06T8:04:34Z</time><extensions><speed>-1.0</speed><course>-1.0</course><hAcc>0.0</hAcc><vAcc>0.0</vAcc></extensions></trkpt><trkpt lat="49.61647739999996" lon="10.828697710000004"><ele>299.58</ele><time>2026-09-06T8:04:35Z</time><extensions><speed>-1.0</speed><course>-1.0</course><hAcc>0.0</hAcc><vAcc>0.0</vAcc></extensions></trkpt><trkpt lat="49.616445069999955" lon="10.828732710000004"><ele>299.58</ele><time>2026-09-06T8:04:37Z</time><extensions><speed>-1.0</speed><course>-1.0</course><hAcc>0.0</hAcc><vAcc>0.0</vAcc></extensions></trkpt><trkpt lat="49.61641539999995" lon="10.828775040000004"><ele>299.58</ele><time>2026-09-06T8:04:39Z</time><extensions><speed>-1.0</speed><course>-1.0</course><hAcc>0.0</hAcc><vAcc>0.0</vAcc></extensions></trkpt><trkpt lat="49.616386069999955" lon="10.828819370000003"><ele>299.58</ele><time>2026-09-06T8:04:41Z</time><extensions><speed>-1.0</speed><course>-1.0</course><hAcc>0.0</hAcc><vAcc>0.0</vAcc></extensions></trkpt><trkpt lat="49.61635939999996" lon="10.828864040000003"><ele>299.58</ele><time>2026-09-06T8:04:43Z</time><extensions><speed>-1.0</speed><course>-1.0</course><hAcc>0.0</hAcc><vAcc>0.0</vAcc></extensions></trkpt><trkpt lat="49.616335069999955" lon="10.828908710000002"><ele>299.58</ele><time>2026-09-06T8:04:45Z</time><extensions><speed>-1.0</speed><course>-1.0</course><hAcc>0.0</hAcc><vAcc>0.0</vAcc></extensions></trkpt><trkpt lat="49.61631139999996" lon="10.828958040000002"><ele>299.58</ele><time>2026-09-06T8:04:47Z</time><extensions><speed>-1.0</speed><course>-1.0</course><hAcc>0.0</hAcc><vAcc>0.0</vAcc></extensions></trkpt><trkpt lat="49.61628806999996" lon="10.829016370000002"><ele>299.58</ele><time>2026-09-06T8:04:49Z</time><extensions><speed>-1.0</speed><course>-1.0</course><hAcc>0.0</hAcc><vAcc>0.0</vAcc></extensions></trkpt><trkpt lat="49.61626806999996" lon="10.829070370000002"><ele>299.58</ele><time>2026-09-06T8:04:50Z</time><extensions><speed>-1.0</speed><course>-1.0</course><hAcc>0.0</hAcc><vAcc>0.0</vAcc></extensions></trkpt><trkpt lat="49.61624239999996" lon="10.829129700000001"><ele>299.58</ele><time>2026-09-06T8:04:52Z</time><extensions><speed>-1.0</speed><course>-1.0</course><hAcc>0.0</hAcc><vAcc>0.0</vAcc></extensions></trkpt><trkpt lat="49.61621206999996" lon="10.82919337"><ele>299.58</ele><time>2026-09-06T8:04:54Z</time><extensions><speed>-1.0</speed><course>-1.0</course><hAcc>0.0</hAcc><vAcc>0.0</vAcc></extensions></trkpt><trkpt lat="49.61618673999996" lon="10.8292517"><ele>299.58</ele><time>2026-09-06T8:04:55Z</time><extensions><speed>-1.0</speed><course>-1.0</course><hAcc>0.0</hAcc><vAcc>0.0</vAcc></extensions></trkpt><trkpt lat="49.61615306999996" lon="10.82931003"><ele>299.58</ele><time>2026-09-06T8:04:57Z</time><extensions><speed>-1.0</speed><course>-1.0</course><hAcc>0.0</hAcc><vAcc>0.0</vAcc></extensions></trkpt><trkpt lat="49.61612406999996" lon="10.82935803"><ele>299.58</ele><time>2026-09-06T8:04:58Z</time><extensions><speed>-1.0</speed><course>-1.0</course><hAcc>0.0</hAcc><vAcc>0.0</vAcc></extensions></trkpt><trkpt lat="49.616094739999966" lon="10.82940336"><ele>299.58</ele><time>2026-09-06T8:04:59Z</time><extensions><speed>-1.0</speed><course>-1.0</course><hAcc>0.0</hAcc><vAcc>0.0</vAcc></extensions></trkpt><trkpt lat="49.61606506999996" lon="10.829445360000001"><ele>299.58</ele><time>2026-09-06T8:05:00Z</time><extensions><speed>-1.0</speed><course>-1.0</course><hAcc>0.0</hAcc><vAcc>0.0</vAcc></extensions></trkpt><trkpt lat="49.616024399999965" lon="10.829503690000001"><ele>299.58</ele><time>2026-09-06T8:05:02Z</time><extensions><speed>-1.0</speed><course>-1.0</course><hAcc>0.0</hAcc><vAcc>0.0</vAcc></extensions></trkpt><trkpt lat="49.615977069999964" lon="10.829575020000002"><ele>299.58</ele><time>2026-09-06T8:05:04Z</time><extensions><speed>-1.0</speed><course>-1.0</course><hAcc>0.0</hAcc><vAcc>0.0</vAcc></extensions></trkpt><trkpt lat="49.61593639999997" lon="10.829637020000002"><ele>299.58</ele><time>2026-09-06T8:05:05Z</time><extensions><speed>-1.0</speed><course>-1.0</course><hAcc>0.0</hAcc><vAcc>0.0</vAcc></extensions></trkpt><trkpt lat="49.615886399999965" lon="10.829704690000002"><ele>299.58</ele><time>2026-09-06T8:05:07Z</time><extensions><speed>-1.0</speed><course>-1.0</course><hAcc>0.0</hAcc><vAcc>0.0</vAcc></extensions></trkpt><trkpt lat="49.61584272999997" lon="10.829757020000002"><ele>299.58</ele><time>2026-09-06T8:05:08Z</time><extensions><speed>-1.0</speed><course>-1.0</course><hAcc>0.0</hAcc><vAcc>0.0</vAcc></extensions></trkpt><trkpt lat="49.61580639999997" lon="10.829801690000002"><ele>299.58</ele><time>2026-09-06T8:05:09Z</time><extensions><speed>-1.0</speed><course>-1.0</course><hAcc>0.0</hAcc><vAcc>0.0</vAcc></extensions></trkpt><trkpt lat="49.61576706999997" lon="10.829848020000002"><ele>299.58</ele><time>2026-09-06T8:05:11Z</time><extensions><speed>-1.0</speed><course>-1.0</course><hAcc>0.0</hAcc><vAcc>0.0</vAcc></extensions></trkpt><trkpt lat="49.615729069999965" lon="10.829889350000002"><ele>299.58</ele><time>2026-09-06T8:05:12Z</time><extensions><speed>-1.0</speed><course>-1.0</course><hAcc>0.0</hAcc><vAcc>0.0</vAcc></extensions></trkpt><trkpt lat="49.61569473999997" lon="10.829920350000002"><ele>299.58</ele><time>2026-09-06T8:05:13Z</time><extensions><speed>-1.0</speed><course>-1.0</course><hAcc>0.0</hAcc><vAcc>0.0</vAcc></extensions></trkpt><trkpt lat="49.615658409999966" lon="10.829948350000002"><ele>299.58</ele><time>2026-09-06T8:05:15Z</time><extensions><speed>-1.0</speed><course>-1.0</course><hAcc>0.0</hAcc><vAcc>0.0</vAcc></extensions></trkpt><trkpt lat="49.615628079999965" lon="10.829971680000002"><ele>299.58</ele><time>2026-09-06T8:05:16Z</time><extensions><speed>-1.0</speed><course>-1.0</course><hAcc>0.0</hAcc><vAcc>0.0</vAcc></extensions></trkpt><trkpt lat="49.615594079999966" lon="10.829991010000002"><ele>299.58</ele><time>2026-09-06T8:05:18Z</time><extensions><speed>-1.0</speed><course>-1.0</course><hAcc>0.0</hAcc><vAcc>0.0</vAcc></extensions></trkpt><trkpt lat="49.61556207999997" lon="10.830005340000003"><ele>299.58</ele><time>2026-09-06T8:05:19Z</time><extensions><speed>-1.0</speed><course>-1.0</course><hAcc>0.0</hAcc><vAcc>0.0</vAcc></extensions></trkpt><trkpt lat="49.61553440999997" lon="10.830015010000004"><ele>299.58</ele><time>2026-09-06T8:05:20Z</time><extensions><speed>-1.0</speed><course>-1.0</course><hAcc>0.0</hAcc><vAcc>0.0</vAcc></extensions></trkpt><trkpt lat="49.615500739999966" lon="10.830023010000003"><ele>299.58</ele><time>2026-09-06T8:05:22Z</time><extensions><speed>-1.0</speed><course>-1.0</course><hAcc>0.0</hAcc><vAcc>0.0</vAcc></extensions></trkpt><trkpt lat="49.61547140999997" lon="10.830028340000004"><ele>299.58</ele><time>2026-09-06T8:05:23Z</time><extensions><speed>-1.0</speed><course>-1.0</course><hAcc>0.0</hAcc><vAcc>0.0</vAcc></extensions></trkpt><trkpt lat="49.61543140999997" lon="10.830039010000004"><ele>299.58</ele><time>2026-09-06T8:05:25Z</time><extensions><speed>-1.0</speed><course>-1.0</course><hAcc>0.0</hAcc><vAcc>0.0</vAcc></extensions></trkpt><trkpt lat="49.61538707999997" lon="10.830049680000004"><ele>299.58</ele><time>2026-09-06T8:05:27Z</time><extensions><speed>-1.0</speed><course>-1.0</course><hAcc>0.0</hAcc><vAcc>0.0</vAcc></extensions></trkpt><trkpt lat="49.61535107999997" lon="10.830061680000004"><ele>299.58</ele><time>2026-09-06T8:05:28Z</time><extensions><speed>-1.0</speed><course>-1.0</course><hAcc>0.0</hAcc><vAcc>0.0</vAcc></extensions></trkpt><trkpt lat="49.615304079999966" lon="10.830078010000003"><ele>299.58</ele><time>2026-09-06T8:05:30Z</time><extensions><speed>-1.0</speed><course>-1.0</course><hAcc>0.0</hAcc><vAcc>0.0</vAcc></extensions></trkpt><trkpt lat="49.615248079999965" lon="10.830095680000003"><ele>299.58</ele><time>2026-09-06T8:05:32Z</time><extensions><speed>-1.0</speed><course>-1.0</course><hAcc>0.0</hAcc><vAcc>0.0</vAcc></extensions></trkpt><trkpt lat="49.615192079999964" lon="10.830111010000003"><ele>299.58</ele><time>2026-09-06T8:05:34Z</time><extensions><speed>-1.0</speed><course>-1.0</course><hAcc>0.0</hAcc><vAcc>0.0</vAcc></extensions></trkpt><trkpt lat="49.615132749999965" lon="10.830119340000003"><ele>299.58</ele><time>2026-09-06T8:05:36Z</time><extensions><speed>-1.0</speed><course>-1.0</course><hAcc>0.0</hAcc><vAcc>0.0</vAcc></extensions></trkpt><trkpt lat="49.615082419999965" lon="10.830127010000004"><ele>299.58</ele><time>2026-09-06T8:05:37Z</time><extensions><speed>-1.0</speed><course>-1.0</course><hAcc>0.0</hAcc><vAcc>0.0</vAcc></extensions></trkpt><trkpt lat="49.61503641999997" lon="10.830135680000003"><ele>299.58</ele><time>2026-09-06T8:05:38Z</time><extensions><speed>-1.0</speed><course>-1.0</course><hAcc>0.0</hAcc><vAcc>0.0</vAcc></extensions></trkpt><trkpt lat="49.614974749999966" lon="10.830143010000004"><ele>299.58</ele><time>2026-09-06T8:05:40Z</time><extensions><speed>-1.0</speed><course>-1.0</course><hAcc>0.0</hAcc><vAcc>0.0</vAcc></extensions></trkpt><trkpt lat="49.614918749999966" lon="10.830150010000004"><ele>299.58</ele><time>2026-09-06T8:05:41Z</time><extensions><speed>-1.0</speed><course>-1.0</course><hAcc>0.0</hAcc><vAcc>0.0</vAcc></extensions></trkpt><trkpt lat="49.61485207999996" lon="10.830158010000003"><ele>299.58</ele><time>2026-09-06T8:05:43Z</time><extensions><speed>-1.0</speed><course>-1.0</course><hAcc>0.0</hAcc><vAcc>0.0</vAcc></extensions></trkpt><trkpt lat="49.61479640999996" lon="10.830163010000003"><ele>299.58</ele><time>2026-09-06T8:05:44Z</time><extensions><speed>-1.0</speed><course>-1.0</course><hAcc>0.0</hAcc><vAcc>0.0</vAcc></extensions></trkpt><trkpt lat="49.61473573999996" lon="10.830169340000003"><ele>299.58</ele><time>2026-09-06T8:05:46Z</time><extensions><speed>-1.0</speed><course>-1.0</course><hAcc>0.0</hAcc><vAcc>0.0</vAcc></extensions></trkpt><trkpt lat="49.61468506999996" lon="10.830172670000003"><ele>299.58</ele><time>2026-09-06T8:05:47Z</time><extensions><speed>-1.0</speed><course>-1.0</course><hAcc>0.0</hAcc><vAcc>0.0</vAcc></extensions></trkpt><trkpt lat="49.61463939999996" lon="10.830175340000004"><ele>299.58</ele><time>2026-09-06T8:05:48Z</time><extensions><speed>-1.0</speed><course>-1.0</course><hAcc>0.0</hAcc><vAcc>0.0</vAcc></extensions></trkpt><trkpt lat="49.61458606999996" lon="10.830180670000004"><ele>299.58</ele><time>2026-09-06T8:05:50Z</time><extensions><speed>-1.0</speed><course>-1.0</course><hAcc>0.0</hAcc><vAcc>0.0</vAcc></extensions></trkpt><trkpt lat="49.61453339999996" lon="10.830184340000004"><ele>299.58</ele><time>2026-09-06T8:05:51Z</time><extensions><speed>-1.0</speed><course>-1.0</course><hAcc>0.0</hAcc><vAcc>0.0</vAcc></extensions></trkpt><trkpt lat="49.61448772999996" lon="10.830186340000004"><ele>299.58</ele><time>2026-09-06T8:05:52Z</time><extensions><speed>-1.0</speed><course>-1.0</course><hAcc>0.0</hAcc><vAcc>0.0</vAcc></extensions></trkpt><trkpt lat="49.614441059999955" lon="10.830184010000005"><ele>299.58</ele><time>2026-09-06T8:05:54Z</time><extensions><speed>-1.0</speed><course>-1.0</course><hAcc>0.0</hAcc><vAcc>0.0</vAcc></extensions></trkpt><trkpt lat="49.61439138999995" lon="10.830178680000005"><ele>299.58</ele><time>2026-09-06T8:05:56Z</time><extensions><speed>-1.0</speed><course>-1.0</course><hAcc>0.0</hAcc><vAcc>0.0</vAcc></extensions></trkpt><trkpt lat="49.614348389999954" lon="10.830176350000006"><ele>299.58</ele><time>2026-09-06T8:05:57Z</time><extensions><speed>-1.0</speed><course>-1.0</course><hAcc>0.0</hAcc><vAcc>0.0</vAcc></extensions></trkpt><trkpt lat="49.61430471999996" lon="10.830178020000005"><ele>299.58</ele><time>2026-09-06T8:05:59Z</time><extensions><speed>-1.0</speed><course>-1.0</course><hAcc>0.0</hAcc><vAcc>0.0</vAcc></extensions></trkpt><trkpt lat="49.61426171999996" lon="10.830185690000006"><ele>299.58</ele><time>2026-09-06T8:06:01Z</time><extensions><speed>-1.0</speed><course>-1.0</course><hAcc>0.0</hAcc><vAcc>0.0</vAcc></extensions></trkpt><trkpt lat="49.61422504999996" lon="10.830190360000005"><ele>299.58</ele><time>2026-09-06T8:06:02Z</time><extensions><speed>-1.0</speed><course>-1.0</course><hAcc>0.0</hAcc><vAcc>0.0</vAcc></extensions></trkpt><trkpt lat="49.61418071999996" lon="10.830197690000006"><ele>299.58</ele><time>2026-09-06T8:06:04Z</time><extensions><speed>-1.0</speed><course>-1.0</course><hAcc>0.0</hAcc><vAcc>0.0</vAcc></extensions></trkpt><trkpt lat="49.614130719999956" lon="10.830203360000006"><ele>299.58</ele><time>2026-09-06T8:06:06Z</time><extensions><speed>-1.0</speed><course>-1.0</course><hAcc>0.0</hAcc><vAcc>0.0</vAcc></extensions></trkpt><trkpt lat="49.61408104999995" lon="10.830203690000006"><ele>299.58</ele><time>2026-09-06T8:06:08Z</time><extensions><speed>-1.0</speed><course>-1.0</course><hAcc>0.0</hAcc><vAcc>0.0</vAcc></extensions></trkpt><trkpt lat="49.61404304999995" lon="10.830206690000006"><ele>299.58</ele><time>2026-09-06T8:06:09Z</time><extensions><speed>-1.0</speed><course>-1.0</course><hAcc>0.0</hAcc><vAcc>0.0</vAcc></extensions></trkpt><trkpt lat="49.61400637999995" lon="10.830207360000006"><ele>299.58</ele><time>2026-09-06T8:06:11Z</time><extensions><speed>-1.0</speed><course>-1.0</course><hAcc>0.0</hAcc><vAcc>0.0</vAcc></extensions></trkpt><trkpt lat="49.61396704999995" lon="10.830205030000007"><ele>299.58</ele><time>2026-09-06T8:06:13Z</time><extensions><speed>-1.0</speed><course>-1.0</course><hAcc>0.0</hAcc><vAcc>0.0</vAcc></extensions></trkpt><trkpt lat="49.61392371999995" lon="10.830204360000007"><ele>299.58</ele><time>2026-09-06T8:06:15Z</time><extensions><speed>-1.0</speed><course>-1.0</course><hAcc>0.0</hAcc><vAcc>0.0</vAcc></extensions></trkpt><trkpt lat="49.613888719999956" lon="10.830202030000008"><ele>299.58</ele><time>2026-09-06T8:06:16Z</time><extensions><speed>-1.0</speed><course>-1.0</course><hAcc>0.0</hAcc><vAcc>0.0</vAcc></extensions></trkpt><trkpt lat="49.613844389999954" lon="10.830203700000007"><ele>299.58</ele><time>2026-09-06T8:06:18Z</time><extensions><speed>-1.0</speed><course>-1.0</course><hAcc>0.0</hAcc><vAcc>0.0</vAcc></extensions></trkpt><trkpt lat="49.61379838999996" lon="10.830196370000007"><ele>299.58</ele><time>2026-09-06T8:06:20Z</time><extensions><speed>-1.0</speed><course>-1.0</course><hAcc>0.0</hAcc><vAcc>0.0</vAcc></extensions></trkpt><trkpt lat="49.613754059999955" lon="10.830191370000007"><ele>299.58</ele><time>2026-09-06T8:06:22Z</time><extensions><speed>-1.0</speed><course>-1.0</course><hAcc>0.0</hAcc><vAcc>0.0</vAcc></extensions></trkpt><trkpt lat="49.613714389999956" lon="10.830188370000007"><ele>299.58</ele><time>2026-09-06T8:06:23Z</time><extensions><speed>-1.0</speed><course>-1.0</course><hAcc>0.0</hAcc><vAcc>0.0</vAcc></extensions></trkpt><trkpt lat="49.613664059999955" lon="10.830186700000008"><ele>299.58</ele><time>2026-09-06T8:06:25Z</time><extensions><speed>-1.0</speed><course>-1.0</course><hAcc>0.0</hAcc><vAcc>0.0</vAcc></extensions></trkpt><trkpt lat="49.61361705999995" lon="10.830184370000008"><ele>299.58</ele><time>2026-09-06T8:06:26Z</time><extensions><speed>-1.0</speed><course>-1.0</course><hAcc>0.0</hAcc><vAcc>0.0</vAcc></extensions></trkpt><trkpt lat="49.613560059999955" lon="10.830183040000009"><ele>299.58</ele><time>2026-09-06T8:06:28Z</time><extensions><speed>-1.0</speed><course>-1.0</course><hAcc>0.0</hAcc><vAcc>0.0</vAcc></extensions></trkpt><trkpt lat="49.613500729999956" lon="10.830188040000008"><ele>299.58</ele><time>2026-09-06T8:06:30Z</time><extensions><speed>-1.0</speed><course>-1.0</course><hAcc>0.0</hAcc><vAcc>0.0</vAcc></extensions></trkpt><trkpt lat="49.61344372999996" lon="10.830196370000008"><ele>299.58</ele><time>2026-09-06T8:06:31Z</time><extensions><speed>-1.0</speed><course>-1.0</course><hAcc>0.0</hAcc><vAcc>0.0</vAcc></extensions></trkpt><trkpt lat="49.613374059999956" lon="10.830203700000009"><ele>299.58</ele><time>2026-09-06T8:06:33Z</time><extensions><speed>-1.0</speed><course>-1.0</course><hAcc>0.0</hAcc><vAcc>0.0</vAcc></extensions></trkpt><trkpt lat="49.61329405999996" lon="10.830208370000008"><ele>299.58</ele><time>2026-09-06T8:06:35Z</time><extensions><speed>-1.0</speed><course>-1.0</course><hAcc>0.0</hAcc><vAcc>0.0</vAcc></extensions></trkpt><trkpt lat="49.61321172999996" lon="10.830211700000008"><ele>299.58</ele><time>2026-09-06T8:06:37Z</time><extensions><speed>-1.0</speed><course>-1.0</course><hAcc>0.0</hAcc><vAcc>0.0</vAcc></extensions></trkpt><trkpt lat="49.61314172999996" lon="10.830215030000009"><ele>299.58</ele><time>2026-09-06T8:06:38Z</time><extensions><speed>-1.0</speed><course>-1.0</course><hAcc>0.0</hAcc><vAcc>0.0</vAcc></extensions></trkpt><trkpt lat="49.61306839999996" lon="10.830217030000009"><ele>299.58</ele><time>2026-09-06T8:06:40Z</time><extensions><speed>-1.0</speed><course>-1.0</course><hAcc>0.0</hAcc><vAcc>0.0</vAcc></extensions></trkpt><trkpt lat="49.61300639999996" lon="10.83021970000001"><ele>299.58</ele><time>2026-09-06T8:06:41Z</time><extensions><speed>-1.0</speed><course>-1.0</course><hAcc>0.0</hAcc><vAcc>0.0</vAcc></extensions></trkpt><trkpt lat="49.61293506999996" lon="10.83022137000001"><ele>299.58</ele><time>2026-09-06T8:06:43Z</time><extensions><speed>-1.0</speed><course>-1.0</course><hAcc>0.0</hAcc><vAcc>0.0</vAcc></extensions></trkpt><trkpt lat="49.612872739999965" lon="10.830221040000009"><ele>299.58</ele><time>2026-09-06T8:06:44Z</time><extensions><speed>-1.0</speed><course>-1.0</course><hAcc>0.0</hAcc><vAcc>0.0</vAcc></extensions></trkpt><trkpt lat="49.612802739999964" lon="10.830222370000008"><ele>299.58</ele><time>2026-09-06T8:06:46Z</time><extensions><speed>-1.0</speed><course>-1.0</course><hAcc>0.0</hAcc><vAcc>0.0</vAcc></extensions></trkpt><trkpt lat="49.61272440999996" lon="10.830223040000009"><ele>299.58</ele><time>2026-09-06T8:06:48Z</time><extensions><speed>-1.0</speed><course>-1.0</course><hAcc>0.0</hAcc><vAcc>0.0</vAcc></extensions></trkpt><trkpt lat="49.61265673999996" lon="10.830223040000009"><ele>299.58</ele><time>2026-09-06T8:06:49Z</time><extensions><speed>-1.0</speed><course>-1.0</course><hAcc>0.0</hAcc><vAcc>0.0</vAcc></extensions></trkpt><trkpt lat="49.61259473999996" lon="10.830222370000008"><ele>299.58</ele><time>2026-09-06T8:06:50Z</time><extensions><speed>-1.0</speed><course>-1.0</course><hAcc>0.0</hAcc><vAcc>0.0</vAcc></extensions></trkpt><trkpt lat="49.612538069999964" lon="10.83022004000001"><ele>299.58</ele><time>2026-09-06T8:06:51Z</time><extensions><speed>-1.0</speed><course>-1.0</course><hAcc>0.0</hAcc><vAcc>0.0</vAcc></extensions></trkpt><trkpt lat="49.61246906999996" lon="10.83021571000001"><ele>299.58</ele><time>2026-09-06T8:06:53Z</time><extensions><speed>-1.0</speed><course>-1.0</course><hAcc>0.0</hAcc><vAcc>0.0</vAcc></extensions></trkpt><trkpt lat="49.61238673999996" lon="10.83021238000001"><ele>299.58</ele><time>2026-09-06T8:06:55Z</time><extensions><speed>-1.0</speed><course>-1.0</course><hAcc>0.0</hAcc><vAcc>0.0</vAcc></extensions></trkpt><trkpt lat="49.61229773999996" lon="10.83020805000001"><ele>299.58</ele><time>2026-09-06T8:06:57Z</time><extensions><speed>-1.0</speed><course>-1.0</course><hAcc>0.0</hAcc><vAcc>0.0</vAcc></extensions></trkpt><trkpt lat="49.61220773999996" lon="10.83020438000001"><ele>299.58</ele><time>2026-09-06T8:06:59Z</time><extensions><speed>-1.0</speed><course>-1.0</course><hAcc>0.0</hAcc><vAcc>0.0</vAcc></extensions></trkpt><trkpt lat="49.61212906999996" lon="10.83020305000001"><ele>299.58</ele><time>2026-09-06T8:07:00Z</time><extensions><speed>-1.0</speed><course>-1.0</course><hAcc>0.0</hAcc><vAcc>0.0</vAcc></extensions></trkpt><trkpt lat="49.61205839999996" lon="10.83020272000001"><ele>299.58</ele><time>2026-09-06T8:07:01Z</time><extensions><speed>-1.0</speed><course>-1.0</course><hAcc>0.0</hAcc><vAcc>0.0</vAcc></extensions></trkpt><trkpt lat="49.61197372999996" lon="10.83020305000001"><ele>299.58</ele><time>2026-09-06T8:07:03Z</time><extensions><speed>-1.0</speed><course>-1.0</course><hAcc>0.0</hAcc><vAcc>0.0</vAcc></extensions></trkpt><trkpt lat="49.61188105999996" lon="10.83021138000001"><ele>299.58</ele><time>2026-09-06T8:07:05Z</time><extensions><speed>-1.0</speed><course>-1.0</course><hAcc>0.0</hAcc><vAcc>0.0</vAcc></extensions></trkpt><trkpt lat="49.61180038999996" lon="10.83022338000001"><ele>299.58</ele><time>2026-09-06T8:07:06Z</time><extensions><speed>-1.0</speed><course>-1.0</course><hAcc>0.0</hAcc><vAcc>0.0</vAcc></extensions></trkpt><trkpt lat="49.611713389999956" lon="10.83024638000001"><ele>299.58</ele><time>2026-09-06T8:07:08Z</time><extensions><speed>-1.0</speed><course>-1.0</course><hAcc>0.0</hAcc><vAcc>0.0</vAcc></extensions></trkpt><trkpt lat="49.611637719999955" lon="10.830272380000011"><ele>299.58</ele><time>2026-09-06T8:07:09Z</time><extensions><speed>-1.0</speed><course>-1.0</course><hAcc>0.0</hAcc><vAcc>0.0</vAcc></extensions></trkpt><trkpt lat="49.61155504999996" lon="10.83031905000001"><ele>299.58</ele><time>2026-09-06T8:07:11Z</time><extensions><speed>-1.0</speed><course>-1.0</course><hAcc>0.0</hAcc><vAcc>0.0</vAcc></extensions></trkpt><trkpt lat="49.611466049999954" lon="10.830383380000011"><ele>299.58</ele><time>2026-09-06T8:07:13Z</time><extensions><speed>-1.0</speed><course>-1.0</course><hAcc>0.0</hAcc><vAcc>0.0</vAcc></extensions></trkpt><trkpt lat="49.611364719999955" lon="10.830443050000012"><ele>299.58</ele><time>2026-09-06T8:07:15Z</time><extensions><speed>-1.0</speed><course>-1.0</course><hAcc>0.0</hAcc><vAcc>0.0</vAcc></extensions></trkpt><trkpt lat="49.61124438999995" lon="10.830483380000011"><ele>299.58</ele><time>2026-09-06T8:07:17Z</time><extensions><speed>-1.0</speed><course>-1.0</course><hAcc>0.0</hAcc><vAcc>0.0</vAcc></extensions></trkpt><trkpt lat="49.611127719999956" lon="10.830508380000012"><ele>299.58</ele><time>2026-09-06T8:07:18Z</time><extensions><speed>-1.0</speed><course>-1.0</course><hAcc>0.0</hAcc><vAcc>0.0</vAcc></extensions></trkpt><trkpt lat="49.611013049999954" lon="10.830528380000011"><ele>299.58</ele><time>2026-09-06T8:07:19Z</time><extensions><speed>-1.0</speed><course>-1.0</course><hAcc>0.0</hAcc><vAcc>0.0</vAcc></extensions></trkpt><trkpt lat="49.610897379999955" lon="10.830543710000011"><ele>299.58</ele><time>2026-09-06T8:07:20Z</time><extensions><speed>-1.0</speed><course>-1.0</course><hAcc>0.0</hAcc><vAcc>0.0</vAcc></extensions></trkpt><trkpt lat="49.610745049999956" lon="10.830551040000012"><ele>299.58</ele><time>2026-09-06T8:07:22Z</time><extensions><speed>-1.0</speed><course>-1.0</course><hAcc>0.0</hAcc><vAcc>0.0</vAcc></extensions></trkpt><trkpt lat="49.61056904999995" lon="10.830554710000012"><ele>299.58</ele><time>2026-09-06T8:07:24Z</time><extensions><speed>-1.0</speed><course>-1.0</course><hAcc>0.0</hAcc><vAcc>0.0</vAcc></extensions></trkpt><trkpt lat="49.610413379999954" lon="10.830558710000012"><ele>299.58</ele><time>2026-09-06T8:07:25Z</time><extensions><speed>-1.0</speed><course>-1.0</course><hAcc>0.0</hAcc><vAcc>0.0</vAcc></extensions></trkpt><trkpt lat="49.61027104999995" lon="10.830563040000012"><ele>299.58</ele><time>2026-09-06T8:07:26Z</time><extensions><speed>-1.0</speed><course>-1.0</course><hAcc>0.0</hAcc><vAcc>0.0</vAcc></extensions></trkpt><trkpt lat="49.610103719999955" lon="10.830567040000012"><ele>299.58</ele><time>2026-09-06T8:07:28Z</time><extensions><speed>-1.0</speed><course>-1.0</course><hAcc>0.0</hAcc><vAcc>0.0</vAcc></extensions></trkpt><trkpt lat="49.609921389999954" lon="10.830572040000012"><ele>299.58</ele><time>2026-09-06T8:07:30Z</time><extensions><speed>-1.0</speed><course>-1.0</course><hAcc>0.0</hAcc><vAcc>0.0</vAcc></extensions></trkpt><trkpt lat="49.609763719999954" lon="10.830571370000012"><ele>299.58</ele><time>2026-09-06T8:07:31Z</time><extensions><speed>-1.0</speed><course>-1.0</course><hAcc>0.0</hAcc><vAcc>0.0</vAcc></extensions></trkpt><trkpt lat="49.609591719999955" lon="10.830551700000012"><ele>299.58</ele><time>2026-09-06T8:07:33Z</time><extensions><speed>-1.0</speed><course>-1.0</course><hAcc>0.0</hAcc><vAcc>0.0</vAcc></extensions></trkpt><trkpt lat="49.60941538999995" lon="10.830531370000012"><ele>299.58</ele><time>2026-09-06T8:07:35Z</time><extensions><speed>-1.0</speed><course>-1.0</course><hAcc>0.0</hAcc><vAcc>0.0</vAcc></extensions></trkpt><trkpt lat="49.609267719999956" lon="10.830513040000012"><ele>299.58</ele><time>2026-09-06T8:07:36Z</time><extensions><speed>-1.0</speed><course>-1.0</course><hAcc>0.0</hAcc><vAcc>0.0</vAcc></extensions></trkpt><trkpt lat="49.60914004999996" lon="10.830494040000012"><ele>299.58</ele><time>2026-09-06T8:07:37Z</time><extensions><speed>-1.0</speed><course>-1.0</course><hAcc>0.0</hAcc><vAcc>0.0</vAcc></extensions></trkpt><trkpt lat="49.609000719999955" lon="10.830461370000013"><ele>299.58</ele><time>2026-09-06T8:07:39Z</time><extensions><speed>-1.0</speed><course>-1.0</course><hAcc>0.0</hAcc><vAcc>0.0</vAcc></extensions></trkpt><trkpt lat="49.608857389999955" lon="10.830417370000012"><ele>299.58</ele><time>2026-09-06T8:07:41Z</time><extensions><speed>-1.0</speed><course>-1.0</course><hAcc>0.0</hAcc><vAcc>0.0</vAcc></extensions></trkpt><trkpt lat="49.60871305999996" lon="10.830367040000011"><ele>299.58</ele><time>2026-09-06T8:07:43Z</time><extensions><speed>-1.0</speed><course>-1.0</course><hAcc>0.0</hAcc><vAcc>0.0</vAcc></extensions></trkpt><trkpt lat="49.608572389999956" lon="10.830314040000012"><ele>-8677.87</ele><time>2026-09-06T8:07:45Z</time><extensions><speed>-1.0</speed><course>-1.0</course><hAcc>0.0</hAcc><vAcc>0.0</vAcc></extensions></trkpt><trkpt lat="49.608459719999956" lon="10.830268040000012"><ele>-8677.87</ele><time>2026-09-06T8:07:46Z</time><extensions><speed>-1.0</speed><course>-1.0</course><hAcc>0.0</hAcc><vAcc>0.0</vAcc></extensions></trkpt><trkpt lat="49.608345049999954" lon="10.830220040000013"><ele>-8677.87</ele><time>2026-09-06T8:07:48Z</time><extensions><speed>-1.0</speed><course>-1.0</course><hAcc>0.0</hAcc><vAcc>0.0</vAcc></extensions></trkpt><trkpt lat="49.608248719999956" lon="10.830179370000012"><ele>-8682.05</ele><time>2026-09-06T8:07:49Z</time><extensions><speed>-1.0</speed><course>-1.0</course><hAcc>0.0</hAcc><vAcc>0.0</vAcc></extensions></trkpt><trkpt lat="49.608144719999956" lon="10.830136370000012"><ele>-8682.05</ele><time>2026-09-06T8:07:51Z</time><extensions><speed>-1.0</speed><course>-1.0</course><hAcc>0.0</hAcc><vAcc>0.0</vAcc></extensions></trkpt><trkpt lat="49.60805604999996" lon="10.830100040000012"><ele>-8682.05</ele><time>2026-09-06T8:07:52Z</time><extensions><speed>-1.0</speed><course>-1.0</course><hAcc>0.0</hAcc><vAcc>0.0</vAcc></extensions></trkpt><trkpt lat="49.60796004999996" lon="10.830054710000011"><ele>-8682.05</ele><time>2026-09-06T8:07:54Z</time><extensions><speed>-1.0</speed><course>-1.0</course><hAcc>0.0</hAcc><vAcc>0.0</vAcc></extensions></trkpt><trkpt lat="49.60786071999996" lon="10.830006040000011"><ele>-8682.05</ele><time>2026-09-06T8:07:56Z</time><extensions><speed>-1.0</speed><course>-1.0</course><hAcc>0.0</hAcc><vAcc>0.0</vAcc></extensions></trkpt><trkpt lat="49.607758049999966" lon="10.82995137000001"><ele>-8682.05</ele><time>2026-09-06T8:07:58Z</time><extensions><speed>-1.0</speed><course>-1.0</course><hAcc>0.0</hAcc><vAcc>0.0</vAcc></extensions></trkpt><trkpt lat="49.60765771999996" lon="10.82989070000001"><ele>-8682.05</ele><time>2026-09-06T8:08:00Z</time><extensions><speed>-1.0</speed><course>-1.0</course><hAcc>0.0</hAcc><vAcc>0.0</vAcc></extensions></trkpt><trkpt lat="49.60757471999997" lon="10.829839700000012"><ele>-8682.05</ele><time>2026-09-06T8:08:01Z</time><extensions><speed>-1.0</speed><course>-1.0</course><hAcc>0.0</hAcc><vAcc>0.0</vAcc></extensions></trkpt><trkpt lat="49.607482389999966" lon="10.829789030000011"><ele>-8682.05</ele><time>2026-09-06T8:08:03Z</time><extensions><speed>-1.0</speed><course>-1.0</course><hAcc>0.0</hAcc><vAcc>0.0</vAcc></extensions></trkpt><trkpt lat="49.60738805999996" lon="10.829738030000012"><ele>-8682.05</ele><time>2026-09-06T8:08:05Z</time><extensions><speed>-1.0</speed><course>-1.0</course><hAcc>0.0</hAcc><vAcc>0.0</vAcc></extensions></trkpt><trkpt lat="49.607296729999966" lon="10.829691360000012"><ele>-8679.32</ele><time>2026-09-06T8:08:07Z</time><extensions><speed>-1.0</speed><course>-1.0</course><hAcc>0.0</hAcc><vAcc>0.0</vAcc></extensions></trkpt><trkpt lat="49.60722205999997" lon="10.829652690000012"><ele>-8679.32</ele><time>2026-09-06T8:08:08Z</time><extensions><speed>-1.0</speed><course>-1.0</course><hAcc>0.0</hAcc><vAcc>0.0</vAcc></extensions></trkpt><trkpt lat="49.60715738999997" lon="10.829621690000012"><ele>-8679.32</ele><time>2026-09-06T8:08:09Z</time><extensions><speed>-1.0</speed><course>-1.0</course><hAcc>0.0</hAcc><vAcc>0.0</vAcc></extensions></trkpt><trkpt lat="49.60710071999997" lon="10.829594690000013"><ele>-8679.32</ele><time>2026-09-06T8:08:10Z</time><extensions><speed>-1.0</speed><course>-1.0</course><hAcc>0.0</hAcc><vAcc>0.0</vAcc></extensions></trkpt><trkpt lat="49.60703604999997" lon="10.829563020000013"><ele>-8679.32</ele><time>2026-09-06T8:08:12Z</time><extensions><speed>-1.0</speed><course>-1.0</course><hAcc>0.0</hAcc><vAcc>0.0</vAcc></extensions></trkpt><trkpt lat="49.60696971999997" lon="10.829531020000013"><ele>-8679.32</ele><time>2026-09-06T8:08:14Z</time><extensions><speed>-1.0</speed><course>-1.0</course><hAcc>0.0</hAcc><vAcc>0.0</vAcc></extensions></trkpt><trkpt lat="49.606902389999966" lon="10.829497690000013"><ele>-8679.32</ele><time>2026-09-06T8:08:16Z</time><extensions><speed>-1.0</speed><course>-1.0</course><hAcc>0.0</hAcc><vAcc>0.0</vAcc></extensions></trkpt><trkpt lat="49.60683371999997" lon="10.829461690000013"><ele>-8678.41</ele><time>2026-09-06T8:08:18Z</time><extensions><speed>-1.0</speed><course>-1.0</course><hAcc>0.0</hAcc><vAcc>0.0</vAcc></extensions></trkpt><trkpt lat="49.60676571999997" lon="10.829423690000013"><ele>-8678.41</ele><time>2026-09-06T8:08:20Z</time><extensions><speed>-1.0</speed><course>-1.0</course><hAcc>0.0</hAcc><vAcc>0.0</vAcc></extensions></trkpt><trkpt lat="49.60669171999997" lon="10.829385020000013"><ele>-8678.41</ele><time>2026-09-06T8:08:22Z</time><extensions><speed>-1.0</speed><course>-1.0</course><hAcc>0.0</hAcc><vAcc>0.0</vAcc></extensions></trkpt><trkpt lat="49.606625719999975" lon="10.829346350000012"><ele>-8676.14</ele><time>2026-09-06T8:08:24Z</time><extensions><speed>-1.0</speed><course>-1.0</course><hAcc>0.0</hAcc><vAcc>0.0</vAcc></extensions></trkpt><trkpt lat="49.60655738999998" lon="10.829302020000013"><ele>-8676.14</ele><time>2026-09-06T8:08:26Z</time><extensions><speed>-1.0</speed><course>-1.0</course><hAcc>0.0</hAcc><vAcc>0.0</vAcc></extensions></trkpt><trkpt lat="49.60648571999998" lon="10.829258690000012"><ele>-8676.14</ele><time>2026-09-06T8:08:28Z</time><extensions><speed>-1.0</speed><course>-1.0</course><hAcc>0.0</hAcc><vAcc>0.0</vAcc></extensions></trkpt><trkpt lat="49.60642338999998" lon="10.829219360000012"><ele>-8676.14</ele><time>2026-09-06T8:08:29Z</time><extensions><speed>-1.0</speed><course>-1.0</course><hAcc>0.0</hAcc><vAcc>0.0</vAcc></extensions></trkpt><trkpt lat="49.606363389999984" lon="10.829182360000011"><ele>-8676.14</ele><time>2026-09-06T8:08:30Z</time><extensions><speed>-1.0</speed><course>-1.0</course><hAcc>0.0</hAcc><vAcc>0.0</vAcc></extensions></trkpt><trkpt lat="49.606284389999985" lon="10.82914169000001"><ele>-8676.14</ele><time>2026-09-06T8:08:32Z</time><extensions><speed>-1.0</speed><course>-1.0</course><hAcc>0.0</hAcc><vAcc>0.0</vAcc></extensions></trkpt><trkpt lat="49.60620471999999" lon="10.829092020000012"><ele>-8676.14</ele><time>2026-09-06T8:08:34Z</time><extensions><speed>-1.0</speed><course>-1.0</course><hAcc>0.0</hAcc><vAcc>0.0</vAcc></extensions></trkpt><trkpt lat="49.60613638999999" lon="10.82904669000001"><ele>-8676.14</ele><time>2026-09-06T8:08:35Z</time><extensions><speed>-1.0</speed><course>-1.0</course><hAcc>0.0</hAcc><vAcc>0.0</vAcc></extensions></trkpt><trkpt lat="49.60606138999999" lon="10.82899802000001"><ele>-8676.14</ele><time>2026-09-06T8:08:37Z</time><extensions><speed>-1.0</speed><course>-1.0</course><hAcc>0.0</hAcc><vAcc>0.0</vAcc></extensions></trkpt><trkpt lat="49.605997059999986" lon="10.828955350000012"><ele>-8676.14</ele><time>2026-09-06T8:08:38Z</time><extensions><speed>-1.0</speed><course>-1.0</course><hAcc>0.0</hAcc><vAcc>0.0</vAcc></extensions></trkpt><trkpt lat="49.60592272999999" lon="10.828908680000012"><ele>-8676.14</ele><time>2026-09-06T8:08:40Z</time><extensions><speed>-1.0</speed><course>-1.0</course><hAcc>0.0</hAcc><vAcc>0.0</vAcc></extensions></trkpt><trkpt lat="49.605859059999986" lon="10.828867010000012"><ele>-8676.14</ele><time>2026-09-06T8:08:41Z</time><extensions><speed>-1.0</speed><course>-1.0</course><hAcc>0.0</hAcc><vAcc>0.0</vAcc></extensions></trkpt><trkpt lat="49.605800729999984" lon="10.828829680000013"><ele>-8676.14</ele><time>2026-09-06T8:08:42Z</time><extensions><speed>-1.0</speed><course>-1.0</course><hAcc>0.0</hAcc><vAcc>0.0</vAcc></extensions></trkpt><trkpt lat="49.60573439999998" lon="10.828781680000013"><ele>-8676.14</ele><time>2026-09-06T8:08:44Z</time><extensions><speed>-1.0</speed><course>-1.0</course><hAcc>0.0</hAcc><vAcc>0.0</vAcc></extensions></trkpt><trkpt lat="49.60566172999998" lon="10.828726350000013"><ele>-8676.14</ele><time>2026-09-06T8:08:46Z</time><extensions><speed>-1.0</speed><course>-1.0</course><hAcc>0.0</hAcc><vAcc>0.0</vAcc></extensions></trkpt><trkpt lat="49.60558505999998" lon="10.828667020000013"><ele>-8675.32</ele><time>2026-09-06T8:08:48Z</time><extensions><speed>-1.0</speed><course>-1.0</course><hAcc>0.0</hAcc><vAcc>0.0</vAcc></extensions></trkpt><trkpt lat="49.60552305999998" lon="10.828620350000014"><ele>-8675.32</ele><time>2026-09-06T8:08:49Z</time><extensions><speed>-1.0</speed><course>-1.0</course><hAcc>0.0</hAcc><vAcc>0.0</vAcc></extensions></trkpt><trkpt lat="49.60545205999998" lon="10.828561350000014"><ele>-8675.32</ele><time>2026-09-06T8:08:51Z</time><extensions><speed>-1.0</speed><course>-1.0</course><hAcc>0.0</hAcc><vAcc>0.0</vAcc></extensions></trkpt><trkpt lat="49.605392729999984" lon="10.828505350000013"><ele>-8675.32</ele><time>2026-09-06T8:08:52Z</time><extensions><speed>-1.0</speed><course>-1.0</course><hAcc>0.0</hAcc><vAcc>0.0</vAcc></extensions></trkpt><trkpt lat="49.60532339999998" lon="10.828443020000012"><ele>-8675.32</ele><time>2026-09-06T8:08:54Z</time><extensions><speed>-1.0</speed><course>-1.0</course><hAcc>0.0</hAcc><vAcc>0.0</vAcc></extensions></trkpt><trkpt lat="49.60526072999998" lon="10.828389350000013"><ele>-8675.32</ele><time>2026-09-06T8:08:55Z</time><extensions><speed>-1.0</speed><course>-1.0</course><hAcc>0.0</hAcc><vAcc>0.0</vAcc></extensions></trkpt><trkpt lat="49.60519305999998" lon="10.828331020000013"><ele>-8675.32</ele><time>2026-09-06T8:08:57Z</time><extensions><speed>-1.0</speed><course>-1.0</course><hAcc>0.0</hAcc><vAcc>0.0</vAcc></extensions></trkpt><trkpt lat="49.605138389999986" lon="10.828279020000013"><ele>-8672.68</ele><time>2026-09-06T8:08:58Z</time><extensions><speed>-1.0</speed><course>-1.0</course><hAcc>0.0</hAcc><vAcc>0.0</vAcc></extensions></trkpt><trkpt lat="49.60508738999999" lon="10.828232350000013"><ele>-8672.68</ele><time>2026-09-06T8:08:59Z</time><extensions><speed>-1.0</speed><course>-1.0</course><hAcc>0.0</hAcc><vAcc>0.0</vAcc></extensions></trkpt><trkpt lat="49.60502205999999" lon="10.828181680000013"><ele>-8672.68</ele><time>2026-09-06T8:09:01Z</time><extensions><speed>-1.0</speed><course>-1.0</course><hAcc>0.0</hAcc><vAcc>0.0</vAcc></extensions></trkpt><trkpt lat="49.60495205999999" lon="10.828130680000013"><ele>-8672.68</ele><time>2026-09-06T8:09:03Z</time><extensions><speed>-1.0</speed><course>-1.0</course><hAcc>0.0</hAcc><vAcc>0.0</vAcc></extensions></trkpt><trkpt lat="49.60487605999999" lon="10.828079680000014"><ele>-8672.68</ele><time>2026-09-06T8:09:05Z</time><extensions><speed>-1.0</speed><course>-1.0</course><hAcc>0.0</hAcc><vAcc>0.0</vAcc></extensions></trkpt><trkpt lat="49.60480872999999" lon="10.828036680000015"><ele>-8672.68</ele><time>2026-09-06T8:09:06Z</time><extensions><speed>-1.0</speed><course>-1.0</course><hAcc>0.0</hAcc><vAcc>0.0</vAcc></extensions></trkpt><trkpt lat="49.60473305999999" lon="10.827994010000015"><ele>-8672.68</ele><time>2026-09-06T8:09:08Z</time><extensions><speed>-1.0</speed><course>-1.0</course><hAcc>0.0</hAcc><vAcc>0.0</vAcc></extensions></trkpt><trkpt lat="49.60465138999999" lon="10.827955010000016"><ele>-8672.68</ele><time>2026-09-06T8:09:10Z</time><extensions><speed>-1.0</speed><course>-1.0</course><hAcc>0.0</hAcc><vAcc>0.0</vAcc></extensions></trkpt><trkpt lat="49.60458105999999" lon="10.827927340000016"><ele>-8671.87</ele><time>2026-09-06T8:09:11Z</time><extensions><speed>-1.0</speed><course>-1.0</course><hAcc>0.0</hAcc><vAcc>0.0</vAcc></extensions></trkpt><trkpt lat="49.604503059999985" lon="10.827901010000016"><ele>-8671.87</ele><time>2026-09-06T8:09:13Z</time><extensions><speed>-1.0</speed><course>-1.0</course><hAcc>0.0</hAcc><vAcc>0.0</vAcc></extensions></trkpt><trkpt lat="49.60441638999998" lon="10.827874340000015"><ele>-8671.87</ele><time>2026-09-06T8:09:15Z</time><extensions><speed>-1.0</speed><course>-1.0</course><hAcc>0.0</hAcc><vAcc>0.0</vAcc></extensions></trkpt><trkpt lat="49.604342059999986" lon="10.827855010000015"><ele>-8671.87</ele><time>2026-09-06T8:09:16Z</time><extensions><speed>-1.0</speed><course>-1.0</course><hAcc>0.0</hAcc><vAcc>0.0</vAcc></extensions></trkpt><trkpt lat="49.604274389999986" lon="10.827837340000015"><ele>-8671.87</ele><time>2026-09-06T8:09:17Z</time><extensions><speed>-1.0</speed><course>-1.0</course><hAcc>0.0</hAcc><vAcc>0.0</vAcc></extensions></trkpt><trkpt lat="49.60421105999998" lon="10.827822010000014"><ele>-8671.87</ele><time>2026-09-06T8:09:18Z</time><extensions><speed>-1.0</speed><course>-1.0</course><hAcc>0.0</hAcc><vAcc>0.0</vAcc></extensions></trkpt><trkpt lat="49.60412938999998" lon="10.827802010000015"><ele>-8671.87</ele><time>2026-09-06T8:09:20Z</time><extensions><speed>-1.0</speed><course>-1.0</course><hAcc>0.0</hAcc><vAcc>0.0</vAcc></extensions></trkpt><trkpt lat="49.604058059999986" lon="10.827787340000015"><ele>-8671.87</ele><time>2026-09-06T8:09:21Z</time><extensions><speed>-1.0</speed><course>-1.0</course><hAcc>0.0</hAcc><vAcc>0.0</vAcc></extensions></trkpt><trkpt lat="49.60397205999998" lon="10.827770670000014"><ele>-8671.87</ele><time>2026-09-06T8:09:23Z</time><extensions><speed>-1.0</speed><course>-1.0</course><hAcc>0.0</hAcc><vAcc>0.0</vAcc></extensions></trkpt><trkpt lat="49.603895059999985" lon="10.827758000000014"><ele>-8671.87</ele><time>2026-09-06T8:09:24Z</time><extensions><speed>-1.0</speed><course>-1.0</course><hAcc>0.0</hAcc><vAcc>0.0</vAcc></extensions></trkpt><trkpt lat="49.603804729999986" lon="10.827745330000013"><ele>-8671.87</ele><time>2026-09-06T8:09:26Z</time><extensions><speed>-1.0</speed><course>-1.0</course><hAcc>0.0</hAcc><vAcc>0.0</vAcc></extensions></trkpt><trkpt lat="49.60372439999998" lon="10.827735000000013"><ele>-8671.87</ele><time>2026-09-06T8:09:27Z</time><extensions><speed>-1.0</speed><course>-1.0</course><hAcc>0.0</hAcc><vAcc>0.0</vAcc></extensions></trkpt><trkpt lat="49.603630399999986" lon="10.827727000000014"><ele>-8671.87</ele><time>2026-09-06T8:09:29Z</time><extensions><speed>-1.0</speed><course>-1.0</course><hAcc>0.0</hAcc><vAcc>0.0</vAcc></extensions></trkpt><trkpt lat="49.603526729999984" lon="10.827716670000013"><ele>-8671.87</ele><time>2026-09-06T8:09:31Z</time><extensions><speed>-1.0</speed><course>-1.0</course><hAcc>0.0</hAcc><vAcc>0.0</vAcc></extensions></trkpt><trkpt lat="49.603436399999985" lon="10.827710670000013"><ele>-8673.23</ele><time>2026-09-06T8:09:32Z</time><extensions><speed>-1.0</speed><course>-1.0</course><hAcc>0.0</hAcc><vAcc>0.0</vAcc></extensions></trkpt><trkpt lat="49.603333069999984" lon="10.827703340000012"><ele>-8673.23</ele><time>2026-09-06T8:09:34Z</time><extensions><speed>-1.0</speed><course>-1.0</course><hAcc>0.0</hAcc><vAcc>0.0</vAcc></extensions></trkpt><trkpt lat="49.60321839999998" lon="10.827698010000011"><ele>-8673.23</ele><time>2026-09-06T8:09:36Z</time><extensions><speed>-1.0</speed><course>-1.0</course><hAcc>0.0</hAcc><vAcc>0.0</vAcc></extensions></trkpt><trkpt lat="49.60309206999998" lon="10.82768368000001"><ele>-8673.23</ele><time>2026-09-06T8:09:38Z</time><extensions><speed>-1.0</speed><course>-1.0</course><hAcc>0.0</hAcc><vAcc>0.0</vAcc></extensions></trkpt><trkpt lat="49.60296339999998" lon="10.82763135000001"><ele>-8673.23</ele><time>2026-09-06T8:09:40Z</time><extensions><speed>-1.0</speed><course>-1.0</course><hAcc>0.0</hAcc><vAcc>0.0</vAcc></extensions></trkpt><trkpt lat="49.60283272999998" lon="10.82755035000001"><ele>-8673.23</ele><time>2026-09-06T8:09:42Z</time><extensions><speed>-1.0</speed><course>-1.0</course><hAcc>0.0</hAcc><vAcc>0.0</vAcc></extensions></trkpt><trkpt lat="49.60272272999998" lon="10.82747102000001"><ele>-8673.23</ele><time>2026-09-06T8:09:43Z</time><extensions><speed>-1.0</speed><course>-1.0</course><hAcc>0.0</hAcc><vAcc>0.0</vAcc></extensions></trkpt><trkpt lat="49.602603399999985" lon="10.82736469000001"><ele>-8674.14</ele><time>2026-09-06T8:09:45Z</time><extensions><speed>-1.0</speed><course>-1.0</course><hAcc>0.0</hAcc><vAcc>0.0</vAcc></extensions></trkpt><trkpt lat="49.60249839999999" lon="10.82726769000001"><ele>-8674.14</ele><time>2026-09-06T8:09:46Z</time><extensions><speed>-1.0</speed><course>-1.0</course><hAcc>0.0</hAcc><vAcc>0.0</vAcc></extensions></trkpt><trkpt lat="49.602404069999984" lon="10.82717536000001"><ele>-8674.14</ele><time>2026-09-06T8:09:47Z</time><extensions><speed>-1.0</speed><course>-1.0</course><hAcc>0.0</hAcc><vAcc>0.0</vAcc></extensions></trkpt><trkpt lat="49.60228706999998" lon="10.82706603000001"><ele>-8677.5</ele><time>2026-09-06T8:09:49Z</time><extensions><speed>-1.0</speed><course>-1.0</course><hAcc>0.0</hAcc><vAcc>0.0</vAcc></extensions></trkpt><trkpt lat="49.60215406999998" lon="10.82695303000001"><ele>-8677.5</ele><time>2026-09-06T8:09:51Z</time><extensions><speed>-1.0</speed><course>-1.0</course><hAcc>0.0</hAcc><vAcc>0.0</vAcc></extensions></trkpt><trkpt lat="49.602035739999984" lon="10.826866700000009"><ele>-8677.5</ele><time>2026-09-06T8:09:52Z</time><extensions><speed>-1.0</speed><course>-1.0</course><hAcc>0.0</hAcc><vAcc>0.0</vAcc></extensions></trkpt><trkpt lat="49.60192606999998" lon="10.82680537000001"><ele>-8677.5</ele><time>2026-09-06T8:09:53Z</time><extensions><speed>-1.0</speed><course>-1.0</course><hAcc>0.0</hAcc><vAcc>0.0</vAcc></extensions></trkpt><trkpt lat="49.60179506999998" lon="10.82677004000001"><ele>-8677.5</ele><time>2026-09-06T8:09:55Z</time><extensions><speed>-1.0</speed><course>-1.0</course><hAcc>0.0</hAcc><vAcc>0.0</vAcc></extensions></trkpt><trkpt lat="49.60165173999998" lon="10.82675437000001"><ele>-8678.5</ele><time>2026-09-06T8:09:57Z</time><extensions><speed>-1.0</speed><course>-1.0</course><hAcc>0.0</hAcc><vAcc>0.0</vAcc></extensions></trkpt><trkpt lat="49.60150006999998" lon="10.82675437000001"><ele>-8678.5</ele><time>2026-09-06T8:09:59Z</time><extensions><speed>-1.0</speed><course>-1.0</course><hAcc>0.0</hAcc><vAcc>0.0</vAcc></extensions></trkpt><trkpt lat="49.60134473999998" lon="10.82676370000001"><ele>-8679.5</ele><time>2026-09-06T8:10:01Z</time><extensions><speed>-1.0</speed><course>-1.0</course><hAcc>0.0</hAcc><vAcc>0.0</vAcc></extensions></trkpt><trkpt lat="49.60118840999998" lon="10.82678770000001"><ele>-8679.5</ele><time>2026-09-06T8:10:03Z</time><extensions><speed>-1.0</speed><course>-1.0</course><hAcc>0.0</hAcc><vAcc>0.0</vAcc></extensions></trkpt><trkpt lat="49.60103373999998" lon="10.82681270000001"><ele>-8679.5</ele><time>2026-09-06T8:10:05Z</time><extensions><speed>-1.0</speed><course>-1.0</course><hAcc>0.0</hAcc><vAcc>0.0</vAcc></extensions></trkpt><trkpt lat="49.60088340999998" lon="10.82684237000001"><ele>-8683.5</ele><time>2026-09-06T8:10:07Z</time><extensions><speed>-1.0</speed><course>-1.0</course><hAcc>0.0</hAcc><vAcc>0.0</vAcc></extensions></trkpt><trkpt lat="49.60075940999998" lon="10.82686837000001"><ele>-8683.5</ele><time>2026-09-06T8:10:08Z</time><extensions><speed>-1.0</speed><course>-1.0</course><hAcc>0.0</hAcc><vAcc>0.0</vAcc></extensions></trkpt><trkpt lat="49.60065473999998" lon="10.82689304000001"><ele>-8683.5</ele><time>2026-09-06T8:10:09Z</time><extensions><speed>-1.0</speed><course>-1.0</course><hAcc>0.0</hAcc><vAcc>0.0</vAcc></extensions></trkpt><trkpt lat="49.60056273999998" lon="10.82691637000001"><ele>-8683.5</ele><time>2026-09-06T8:10:10Z</time><extensions><speed>-1.0</speed><course>-1.0</course><hAcc>0.0</hAcc><vAcc>0.0</vAcc></extensions></trkpt><trkpt lat="49.60045873999998" lon="10.82692870000001"><ele>-8683.5</ele><time>2026-09-06T8:10:12Z</time><extensions><speed>-1.0</speed><course>-1.0</course><hAcc>0.0</hAcc><vAcc>0.0</vAcc></extensions></trkpt><trkpt lat="49.60036906999998" lon="10.82693003000001"><ele>-8683.5</ele><time>2026-09-06T8:10:13Z</time><extensions><speed>-1.0</speed><course>-1.0</course><hAcc>0.0</hAcc><vAcc>0.0</vAcc></extensions></trkpt><trkpt lat="49.60027239999998" lon="10.826899700000011"><ele>-8683.5</ele><time>2026-09-06T8:10:15Z</time><extensions><speed>-1.0</speed><course>-1.0</course><hAcc>0.0</hAcc><vAcc>0.0</vAcc></extensions></trkpt><trkpt lat="49.60019206999998" lon="10.82685570000001"><ele>-8683.5</ele><time>2026-09-06T8:10:16Z</time><extensions><speed>-1.0</speed><course>-1.0</course><hAcc>0.0</hAcc><vAcc>0.0</vAcc></extensions></trkpt><trkpt lat="49.60011339999998" lon="10.82678203000001"><ele>-8683.5</ele><time>2026-09-06T8:10:18Z</time><extensions><speed>-1.0</speed><course>-1.0</course><hAcc>0.0</hAcc><vAcc>0.0</vAcc></extensions></trkpt><trkpt lat="49.60004239999998" lon="10.82668403000001"><ele>-8683.5</ele><time>2026-09-06T8:10:20Z</time><extensions><speed>-1.0</speed><course>-1.0</course><hAcc>0.0</hAcc><vAcc>0.0</vAcc></extensions></trkpt><trkpt lat="49.59998606999998" lon="10.82659503000001"><ele>-8684.41</ele><time>2026-09-06T8:10:21Z</time><extensions><speed>-1.0</speed><course>-1.0</course><hAcc>0.0</hAcc><vAcc>0.0</vAcc></extensions></trkpt><trkpt lat="49.59992373999998" lon="10.82649303000001"><ele>-8684.41</ele><time>2026-09-06T8:10:23Z</time><extensions><speed>-1.0</speed><course>-1.0</course><hAcc>0.0</hAcc><vAcc>0.0</vAcc></extensions></trkpt><trkpt lat="49.59986706999998" lon="10.826412700000011"><ele>-8684.41</ele><time>2026-09-06T8:10:24Z</time><extensions><speed>-1.0</speed><course>-1.0</course><hAcc>0.0</hAcc><vAcc>0.0</vAcc></extensions></trkpt><trkpt lat="49.59978339999998" lon="10.826358370000012"><ele>-8684.41</ele><time>2026-09-06T8:10:26Z</time><extensions><speed>-1.0</speed><course>-1.0</course><hAcc>0.0</hAcc><vAcc>0.0</vAcc></extensions></trkpt><trkpt lat="49.59968172999998" lon="10.826322040000012"><ele>-8684.41</ele><time>2026-09-06T8:10:28Z</time><extensions><speed>-1.0</speed><course>-1.0</course><hAcc>0.0</hAcc><vAcc>0.0</vAcc></extensions></trkpt><trkpt lat="49.599573399999976" lon="10.82630404000001"><ele>-8685.23</ele><time>2026-09-06T8:10:30Z</time><extensions><speed>-1.0</speed><course>-1.0</course><hAcc>0.0</hAcc><vAcc>0.0</vAcc></extensions></trkpt><trkpt lat="49.59947972999998" lon="10.826292370000012"><ele>-8685.23</ele><time>2026-09-06T8:10:31Z</time><extensions><speed>-1.0</speed><course>-1.0</course><hAcc>0.0</hAcc><vAcc>0.0</vAcc></extensions></trkpt><trkpt lat="49.59939539999998" lon="10.82628504000001"><ele>-8685.23</ele><time>2026-09-06T8:10:32Z</time><extensions><speed>-1.0</speed><course>-1.0</course><hAcc>0.0</hAcc><vAcc>0.0</vAcc></extensions></trkpt><trkpt lat="49.59931906999998" lon="10.82628104000001"><ele>-8685.23</ele><time>2026-09-06T8:10:33Z</time><extensions><speed>-1.0</speed><course>-1.0</course><hAcc>0.0</hAcc><vAcc>0.0</vAcc></extensions></trkpt><trkpt lat="49.599247069999976" lon="10.82627771000001"><ele>-8685.23</ele><time>2026-09-06T8:10:34Z</time><extensions><speed>-1.0</speed><course>-1.0</course><hAcc>0.0</hAcc><vAcc>0.0</vAcc></extensions></trkpt><trkpt lat="49.599159739999976" lon="10.82628104000001"><ele>-8685.23</ele><time>2026-09-06T8:10:36Z</time><extensions><speed>-1.0</speed><course>-1.0</course><hAcc>0.0</hAcc><vAcc>0.0</vAcc></extensions></trkpt><trkpt lat="49.59908040999998" lon="10.82626904000001"><ele>-8685.23</ele><time>2026-09-06T8:10:37Z</time><extensions><speed>-1.0</speed><course>-1.0</course><hAcc>0.0</hAcc><vAcc>0.0</vAcc></extensions></trkpt><trkpt lat="49.599008409999975" lon="10.82626204000001"><ele>-8685.23</ele><time>2026-09-06T8:10:38Z</time><extensions><speed>-1.0</speed><course>-1.0</course><hAcc>0.0</hAcc><vAcc>0.0</vAcc></extensions></trkpt><trkpt lat="49.598923409999976" lon="10.826278710000011"><ele>-8685.23</ele><time>2026-09-06T8:10:40Z</time><extensions><speed>-1.0</speed><course>-1.0</course><hAcc>0.0</hAcc><vAcc>0.0</vAcc></extensions></trkpt><trkpt lat="49.598828079999976" lon="10.826297710000011"><ele>-8685.23</ele><time>2026-09-06T8:10:42Z</time><extensions><speed>-1.0</speed><course>-1.0</course><hAcc>0.0</hAcc><vAcc>0.0</vAcc></extensions></trkpt><trkpt lat="49.59874574999998" lon="10.826317040000012"><ele>-8685.23</ele><time>2026-09-06T8:10:43Z</time><extensions><speed>-1.0</speed><course>-1.0</course><hAcc>0.0</hAcc><vAcc>0.0</vAcc></extensions></trkpt><trkpt lat="49.59866907999998" lon="10.826333040000012"><ele>-8685.23</ele><time>2026-09-06T8:10:44Z</time><extensions><speed>-1.0</speed><course>-1.0</course><hAcc>0.0</hAcc><vAcc>0.0</vAcc></extensions></trkpt><trkpt lat="49.59858040999998" lon="10.826347710000013"><ele>-8685.23</ele><time>2026-09-06T8:10:46Z</time><extensions><speed>-1.0</speed><course>-1.0</course><hAcc>0.0</hAcc><vAcc>0.0</vAcc></extensions></trkpt><trkpt lat="49.59850273999998" lon="10.826358380000013"><ele>-8685.23</ele><time>2026-09-06T8:10:47Z</time><extensions><speed>-1.0</speed><course>-1.0</course><hAcc>0.0</hAcc><vAcc>0.0</vAcc></extensions></trkpt><trkpt lat="49.59841140999998" lon="10.826356050000014"><ele>-8685.23</ele><time>2026-09-06T8:10:49Z</time><extensions><speed>-1.0</speed><course>-1.0</course><hAcc>0.0</hAcc><vAcc>0.0</vAcc></extensions></trkpt><trkpt lat="49.59831273999998" lon="10.826377380000013"><ele>-8685.23</ele><time>2026-09-06T8:10:51Z</time><extensions><speed>-1.0</speed><course>-1.0</course><hAcc>0.0</hAcc><vAcc>0.0</vAcc></extensions></trkpt><trkpt lat="49.59823106999998" lon="10.826412050000012"><ele>-8684.41</ele><time>2026-09-06T8:10:52Z</time><extensions><speed>-1.0</speed><course>-1.0</course><hAcc>0.0</hAcc><vAcc>0.0</vAcc></extensions></trkpt><trkpt lat="49.59816373999998" lon="10.826460720000012"><ele>-8684.41</ele><time>2026-09-06T8:10:53Z</time><extensions><speed>-1.0</speed><course>-1.0</course><hAcc>0.0</hAcc><vAcc>0.0</vAcc></extensions></trkpt><trkpt lat="49.598095739999984" lon="10.826540050000013"><ele>-8684.41</ele><time>2026-09-06T8:10:55Z</time><extensions><speed>-1.0</speed><course>-1.0</course><hAcc>0.0</hAcc><vAcc>0.0</vAcc></extensions></trkpt><trkpt lat="49.59802640999998" lon="10.826638050000012"><ele>-8684.41</ele><time>2026-09-06T8:10:57Z</time><extensions><speed>-1.0</speed><course>-1.0</course><hAcc>0.0</hAcc><vAcc>0.0</vAcc></extensions></trkpt><trkpt lat="49.597968739999985" lon="10.826725380000012"><ele>-8683.5</ele><time>2026-09-06T8:10:58Z</time><extensions><speed>-1.0</speed><course>-1.0</course><hAcc>0.0</hAcc><vAcc>0.0</vAcc></extensions></trkpt><trkpt lat="49.59790773999998" lon="10.826827710000012"><ele>-8683.5</ele><time>2026-09-06T8:11:00Z</time><extensions><speed>-1.0</speed><course>-1.0</course><hAcc>0.0</hAcc><vAcc>0.0</vAcc></extensions></trkpt><trkpt lat="49.59784340999998" lon="10.826939710000012"><ele>-8683.5</ele><time>2026-09-06T8:11:02Z</time><extensions><speed>-1.0</speed><course>-1.0</course><hAcc>0.0</hAcc><vAcc>0.0</vAcc></extensions></trkpt><trkpt lat="49.59778973999998" lon="10.827039710000012"><ele>-8683.5</ele><time>2026-09-06T8:11:03Z</time><extensions><speed>-1.0</speed><course>-1.0</course><hAcc>0.0</hAcc><vAcc>0.0</vAcc></extensions></trkpt><trkpt lat="49.597732739999984" lon="10.827153710000012"><ele>-8682.59</ele><time>2026-09-06T8:11:05Z</time><extensions><speed>-1.0</speed><course>-1.0</course><hAcc>0.0</hAcc><vAcc>0.0</vAcc></extensions></trkpt><trkpt lat="49.59767506999999" lon="10.827277380000012"><ele>-8682.59</ele><time>2026-09-06T8:11:07Z</time><extensions><speed>-1.0</speed><course>-1.0</course><hAcc>0.0</hAcc><vAcc>0.0</vAcc></extensions></trkpt><trkpt lat="49.59761606999999" lon="10.827406710000012"><ele>-8682.59</ele><time>2026-09-06T8:11:09Z</time><extensions><speed>-1.0</speed><course>-1.0</course><hAcc>0.0</hAcc><vAcc>0.0</vAcc></extensions></trkpt><trkpt lat="49.59755606999999" lon="10.827539710000012"><ele>-8682.59</ele><time>2026-09-06T8:11:11Z</time><extensions><speed>-1.0</speed><course>-1.0</course><hAcc>0.0</hAcc><vAcc>0.0</vAcc></extensions></trkpt><trkpt lat="49.59751306999999" lon="10.827679710000012"><ele>-8682.59</ele><time>2026-09-06T8:11:13Z</time><extensions><speed>-1.0</speed><course>-1.0</course><hAcc>0.0</hAcc><vAcc>0.0</vAcc></extensions></trkpt><trkpt lat="49.597486739999994" lon="10.827797710000013"><ele>-8680.41</ele><time>2026-09-06T8:11:14Z</time><extensions><speed>-1.0</speed><course>-1.0</course><hAcc>0.0</hAcc><vAcc>0.0</vAcc></extensions></trkpt><trkpt lat="49.59744607" lon="10.827922710000013"><ele>-8680.41</ele><time>2026-09-06T8:11:16Z</time><extensions><speed>-1.0</speed><course>-1.0</course><hAcc>0.0</hAcc><vAcc>0.0</vAcc></extensions></trkpt><trkpt lat="49.5974064" lon="10.828025040000014"><ele>-8680.41</ele><time>2026-09-06T8:11:17Z</time><extensions><speed>-1.0</speed><course>-1.0</course><hAcc>0.0</hAcc><vAcc>0.0</vAcc></extensions></trkpt><trkpt lat="49.59735773" lon="10.828125370000015"><ele>-8680.41</ele><time>2026-09-06T8:11:19Z</time><extensions><speed>-1.0</speed><course>-1.0</course><hAcc>0.0</hAcc><vAcc>0.0</vAcc></extensions></trkpt><trkpt lat="49.59730406" lon="10.828227040000014"><ele>-8680.41</ele><time>2026-09-06T8:11:21Z</time><extensions><speed>-1.0</speed><course>-1.0</course><hAcc>0.0</hAcc><vAcc>0.0</vAcc></extensions></trkpt><trkpt lat="49.59724573" lon="10.828328710000013"><ele>-8680.41</ele><time>2026-09-06T8:11:23Z</time><extensions><speed>-1.0</speed><course>-1.0</course><hAcc>0.0</hAcc><vAcc>0.0</vAcc></extensions></trkpt><trkpt lat="49.59719473" lon="10.828412380000014"><ele>-8680.41</ele><time>2026-09-06T8:11:24Z</time><extensions><speed>-1.0</speed><course>-1.0</course><hAcc>0.0</hAcc><vAcc>0.0</vAcc></extensions></trkpt><trkpt lat="49.59714873" lon="10.828485050000014"><ele>-8680.41</ele><time>2026-09-06T8:11:25Z</time><extensions><speed>-1.0</speed><course>-1.0</course><hAcc>0.0</hAcc><vAcc>0.0</vAcc></extensions></trkpt><trkpt lat="49.59709406" lon="10.828563380000013"><ele>-8680.41</ele><time>2026-09-06T8:11:27Z</time><extensions><speed>-1.0</speed><course>-1.0</course><hAcc>0.0</hAcc><vAcc>0.0</vAcc></extensions></trkpt><trkpt lat="49.59702639" lon="10.828644380000013"><ele>-8679.59</ele><time>2026-09-06T8:11:29Z</time><extensions><speed>-1.0</speed><course>-1.0</course><hAcc>0.0</hAcc><vAcc>0.0</vAcc></extensions></trkpt><trkpt lat="49.59696572" lon="10.828712050000012"><ele>-8679.59</ele><time>2026-09-06T8:11:30Z</time><extensions><speed>-1.0</speed><course>-1.0</course><hAcc>0.0</hAcc><vAcc>0.0</vAcc></extensions></trkpt><trkpt lat="49.59688972" lon="10.828780380000012"><ele>-8678.05</ele><time>2026-09-06T8:11:32Z</time><extensions><speed>-1.0</speed><course>-1.0</course><hAcc>0.0</hAcc><vAcc>0.0</vAcc></extensions></trkpt><trkpt lat="49.59679605" lon="10.828836710000012"><ele>-8678.05</ele><time>2026-09-06T8:11:34Z</time><extensions><speed>-1.0</speed><course>-1.0</course><hAcc>0.0</hAcc><vAcc>0.0</vAcc></extensions></trkpt><trkpt lat="49.59668705" lon="10.828887040000012"><ele>-8678.05</ele><time>2026-09-06T8:11:36Z</time><extensions><speed>-1.0</speed><course>-1.0</course><hAcc>0.0</hAcc><vAcc>0.0</vAcc></extensions></trkpt><trkpt lat="49.59659038" lon="10.828923040000012"><ele>-8678.05</ele><time>2026-09-06T8:11:37Z</time><extensions><speed>-1.0</speed><course>-1.0</course><hAcc>0.0</hAcc><vAcc>0.0</vAcc></extensions></trkpt><trkpt lat="49.59648038" lon="10.828954370000012"><ele>-8678.05</ele><time>2026-09-06T8:11:39Z</time><extensions><speed>-1.0</speed><course>-1.0</course><hAcc>0.0</hAcc><vAcc>0.0</vAcc></extensions></trkpt><trkpt lat="49.59636005" lon="10.828977370000013"><ele>-8678.05</ele><time>2026-09-06T8:11:41Z</time><extensions><speed>-1.0</speed><course>-1.0</course><hAcc>0.0</hAcc><vAcc>0.0</vAcc></extensions></trkpt><trkpt lat="49.59625638" lon="10.828993700000012"><ele>-8678.05</ele><time>2026-09-06T8:11:42Z</time><extensions><speed>-1.0</speed><course>-1.0</course><hAcc>0.0</hAcc><vAcc>0.0</vAcc></extensions></trkpt><trkpt lat="49.59613971" lon="10.828996700000012"><ele>-8678.05</ele><time>2026-09-06T8:11:44Z</time><extensions><speed>-1.0</speed><course>-1.0</course><hAcc>0.0</hAcc><vAcc>0.0</vAcc></extensions></trkpt><trkpt lat="49.59601404" lon="10.828988700000012"><ele>-8678.05</ele><time>2026-09-06T8:11:46Z</time><extensions><speed>-1.0</speed><course>-1.0</course><hAcc>0.0</hAcc><vAcc>0.0</vAcc></extensions></trkpt><trkpt lat="49.59590537" lon="10.828978700000013"><ele>-8678.05</ele><time>2026-09-06T8:11:47Z</time><extensions><speed>-1.0</speed><course>-1.0</course><hAcc>0.0</hAcc><vAcc>0.0</vAcc></extensions></trkpt><trkpt lat="49.5958087" lon="10.828967030000014"><ele>-8677.05</ele><time>2026-09-06T8:11:48Z</time><extensions><speed>-1.0</speed><course>-1.0</course><hAcc>0.0</hAcc><vAcc>0.0</vAcc></extensions></trkpt><trkpt lat="49.59569537" lon="10.828948030000014"><ele>-8677.05</ele><time>2026-09-06T8:11:50Z</time><extensions><speed>-1.0</speed><course>-1.0</course><hAcc>0.0</hAcc><vAcc>0.0</vAcc></extensions></trkpt><trkpt lat="49.59559504" lon="10.828929700000014"><ele>-8677.05</ele><time>2026-09-06T8:11:51Z</time><extensions><speed>-1.0</speed><course>-1.0</course><hAcc>0.0</hAcc><vAcc>0.0</vAcc></extensions></trkpt><trkpt lat="49.59548237" lon="10.828907030000014"><ele>-8677.05</ele><time>2026-09-06T8:11:53Z</time><extensions><speed>-1.0</speed><course>-1.0</course><hAcc>0.0</hAcc><vAcc>0.0</vAcc></extensions></trkpt><trkpt lat="49.5953607" lon="10.828882700000014"><ele>-8677.05</ele><time>2026-09-06T8:11:55Z</time><extensions><speed>-1.0</speed><course>-1.0</course><hAcc>0.0</hAcc><vAcc>0.0</vAcc></extensions></trkpt><trkpt lat="49.59525603" lon="10.828860370000013"><ele>-8677.05</ele><time>2026-09-06T8:11:56Z</time><extensions><speed>-1.0</speed><course>-1.0</course><hAcc>0.0</hAcc><vAcc>0.0</vAcc></extensions></trkpt><trkpt lat="49.5951627" lon="10.828841040000013"><ele>-8677.05</ele><time>2026-09-06T8:11:57Z</time><extensions><speed>-1.0</speed><course>-1.0</course><hAcc>0.0</hAcc><vAcc>0.0</vAcc></extensions></trkpt><trkpt lat="49.595052700000004" lon="10.828821710000012"><ele>-8677.05</ele><time>2026-09-06T8:11:59Z</time><extensions><speed>-1.0</speed><course>-1.0</course><hAcc>0.0</hAcc><vAcc>0.0</vAcc></extensions></trkpt><trkpt lat="49.59495537" lon="10.828803380000013"><ele>-8677.95</ele><time>2026-09-06T8:12:00Z</time><extensions><speed>-1.0</speed><course>-1.0</course><hAcc>0.0</hAcc><vAcc>0.0</vAcc></extensions></trkpt><trkpt lat="49.59484304" lon="10.828783050000013"><ele>-8677.95</ele><time>2026-09-06T8:12:02Z</time><extensions><speed>-1.0</speed><course>-1.0</course><hAcc>0.0</hAcc><vAcc>0.0</vAcc></extensions></trkpt><trkpt lat="49.59474404" lon="10.828766380000012"><ele>-8677.95</ele><time>2026-09-06T8:12:03Z</time><extensions><speed>-1.0</speed><course>-1.0</course><hAcc>0.0</hAcc><vAcc>0.0</vAcc></extensions></trkpt><trkpt lat="49.59465404" lon="10.828751710000011"><ele>-8677.95</ele><time>2026-09-06T8:12:04Z</time><extensions><speed>-1.0</speed><course>-1.0</course><hAcc>0.0</hAcc><vAcc>0.0</vAcc></extensions></trkpt><trkpt lat="49.59457004" lon="10.828739710000011"><ele>-8680.32</ele><time>2026-09-06T8:12:05Z</time><extensions><speed>-1.0</speed><course>-1.0</course><hAcc>0.0</hAcc><vAcc>0.0</vAcc></extensions></trkpt><trkpt lat="49.59446571" lon="10.828726710000012"><ele>-8680.32</ele><time>2026-09-06T8:12:07Z</time><extensions><speed>-1.0</speed><course>-1.0</course><hAcc>0.0</hAcc><vAcc>0.0</vAcc></extensions></trkpt><trkpt lat="49.594371710000004" lon="10.828713710000013"><ele>-8680.32</ele><time>2026-09-06T8:12:08Z</time><extensions><speed>-1.0</speed><course>-1.0</course><hAcc>0.0</hAcc><vAcc>0.0</vAcc></extensions></trkpt><trkpt lat="49.59426004" lon="10.828701710000013"><ele>-8680.32</ele><time>2026-09-06T8:12:10Z</time><extensions><speed>-1.0</speed><course>-1.0</course><hAcc>0.0</hAcc><vAcc>0.0</vAcc></extensions></trkpt><trkpt lat="49.59416137" lon="10.828689380000013"><ele>-8680.32</ele><time>2026-09-06T8:12:11Z</time><extensions><speed>-1.0</speed><course>-1.0</course><hAcc>0.0</hAcc><vAcc>0.0</vAcc></extensions></trkpt><trkpt lat="49.5940717" lon="10.828677380000013"><ele>-8680.32</ele><time>2026-09-06T8:12:12Z</time><extensions><speed>-1.0</speed><course>-1.0</course><hAcc>0.0</hAcc><vAcc>0.0</vAcc></extensions></trkpt><trkpt lat="49.59396503" lon="10.828667050000012"><ele>-8680.32</ele><time>2026-09-06T8:12:14Z</time><extensions><speed>-1.0</speed><course>-1.0</course><hAcc>0.0</hAcc><vAcc>0.0</vAcc></extensions></trkpt><trkpt lat="49.59387036" lon="10.828658050000012"><ele>-8681.32</ele><time>2026-09-06T8:12:15Z</time><extensions><speed>-1.0</speed><course>-1.0</course><hAcc>0.0</hAcc><vAcc>0.0</vAcc></extensions></trkpt><trkpt lat="49.593761359999995" lon="10.828645380000012"><ele>-8681.32</ele><time>2026-09-06T8:12:17Z</time><extensions><speed>-1.0</speed><course>-1.0</course><hAcc>0.0</hAcc><vAcc>0.0</vAcc></extensions></trkpt><trkpt lat="49.59366503" lon="10.828635050000011"><ele>-8681.32</ele><time>2026-09-06T8:12:18Z</time><extensions><speed>-1.0</speed><course>-1.0</course><hAcc>0.0</hAcc><vAcc>0.0</vAcc></extensions></trkpt><trkpt lat="49.59355669999999" lon="10.828624380000011"><ele>-8681.32</ele><time>2026-09-06T8:12:20Z</time><extensions><speed>-1.0</speed><course>-1.0</course><hAcc>0.0</hAcc><vAcc>0.0</vAcc></extensions></trkpt><trkpt lat="49.59346169999999" lon="10.828615050000012"><ele>-8681.32</ele><time>2026-09-06T8:12:21Z</time><extensions><speed>-1.0</speed><course>-1.0</course><hAcc>0.0</hAcc><vAcc>0.0</vAcc></extensions></trkpt><trkpt lat="49.59335402999999" lon="10.828601380000013"><ele>-8683.32</ele><time>2026-09-06T8:12:23Z</time><extensions><speed>-1.0</speed><course>-1.0</course><hAcc>0.0</hAcc><vAcc>0.0</vAcc></extensions></trkpt><trkpt lat="49.59325902999999" lon="10.828590050000013"><ele>-8683.32</ele><time>2026-09-06T8:12:24Z</time><extensions><speed>-1.0</speed><course>-1.0</course><hAcc>0.0</hAcc><vAcc>0.0</vAcc></extensions></trkpt><trkpt lat="49.59315135999999" lon="10.828577720000013"><ele>-8683.32</ele><time>2026-09-06T8:12:26Z</time><extensions><speed>-1.0</speed><course>-1.0</course><hAcc>0.0</hAcc><vAcc>0.0</vAcc></extensions></trkpt><trkpt lat="49.593057359999996" lon="10.828568050000012"><ele>-8683.32</ele><time>2026-09-06T8:12:27Z</time><extensions><speed>-1.0</speed><course>-1.0</course><hAcc>0.0</hAcc><vAcc>0.0</vAcc></extensions></trkpt><trkpt lat="49.592951029999995" lon="10.828558720000013"><ele>-8683.32</ele><time>2026-09-06T8:12:29Z</time><extensions><speed>-1.0</speed><course>-1.0</course><hAcc>0.0</hAcc><vAcc>0.0</vAcc></extensions></trkpt><trkpt lat="49.592858699999994" lon="10.828551390000012"><ele>-8683.32</ele><time>2026-09-06T8:12:30Z</time><extensions><speed>-1.0</speed><course>-1.0</course><hAcc>0.0</hAcc><vAcc>0.0</vAcc></extensions></trkpt><trkpt lat="49.59277469999999" lon="10.828547390000011"><ele>-8683.32</ele><time>2026-09-06T8:12:31Z</time><extensions><speed>-1.0</speed><course>-1.0</course><hAcc>0.0</hAcc><vAcc>0.0</vAcc></extensions></trkpt><trkpt lat="49.592678369999994" lon="10.828544060000011"><ele>-8683.32</ele><time>2026-09-06T8:12:33Z</time><extensions><speed>-1.0</speed><course>-1.0</course><hAcc>0.0</hAcc><vAcc>0.0</vAcc></extensions></trkpt><trkpt lat="49.5925927" lon="10.828541730000012"><ele>-8683.32</ele><time>2026-09-06T8:12:34Z</time><extensions><speed>-1.0</speed><course>-1.0</course><hAcc>0.0</hAcc><vAcc>0.0</vAcc></extensions></trkpt><trkpt lat="49.592492699999994" lon="10.828541400000011"><ele>-8683.32</ele><time>2026-09-06T8:12:36Z</time><extensions><speed>-1.0</speed><course>-1.0</course><hAcc>0.0</hAcc><vAcc>0.0</vAcc></extensions></trkpt><trkpt lat="49.59240437" lon="10.828542730000011"><ele>-8683.32</ele><time>2026-09-06T8:12:37Z</time><extensions><speed>-1.0</speed><course>-1.0</course><hAcc>0.0</hAcc><vAcc>0.0</vAcc></extensions></trkpt><trkpt lat="49.59232504" lon="10.82854573000001"><ele>-8683.32</ele><time>2026-09-06T8:12:38Z</time><extensions><speed>-1.0</speed><course>-1.0</course><hAcc>0.0</hAcc><vAcc>0.0</vAcc></extensions></trkpt><trkpt lat="49.59225104" lon="10.82855006000001"><ele>-8683.32</ele><time>2026-09-06T8:12:39Z</time><extensions><speed>-1.0</speed><course>-1.0</course><hAcc>0.0</hAcc><vAcc>0.0</vAcc></extensions></trkpt><trkpt lat="49.59216204" lon="10.82856506000001"><ele>-8683.32</ele><time>2026-09-06T8:12:41Z</time><extensions><speed>-1.0</speed><course>-1.0</course><hAcc>0.0</hAcc><vAcc>0.0</vAcc></extensions></trkpt><trkpt lat="49.59206237" lon="10.82858406000001"><ele>-8683.32</ele><time>2026-09-06T8:12:43Z</time><extensions><speed>-1.0</speed><course>-1.0</course><hAcc>0.0</hAcc><vAcc>0.0</vAcc></extensions></trkpt><trkpt lat="49.59195604" lon="10.82861073000001"><ele>-8683.32</ele><time>2026-09-06T8:12:45Z</time><extensions><speed>-1.0</speed><course>-1.0</course><hAcc>0.0</hAcc><vAcc>0.0</vAcc></extensions></trkpt><trkpt lat="49.59186704" lon="10.82863206000001"><ele>-8683.32</ele><time>2026-09-06T8:12:46Z</time><extensions><speed>-1.0</speed><course>-1.0</course><hAcc>0.0</hAcc><vAcc>0.0</vAcc></extensions></trkpt><trkpt lat="49.59178804" lon="10.828650730000009"><ele>-8683.32</ele><time>2026-09-06T8:12:47Z</time><extensions><speed>-1.0</speed><course>-1.0</course><hAcc>0.0</hAcc><vAcc>0.0</vAcc></extensions></trkpt><trkpt lat="49.59169804" lon="10.828683060000008"><ele>-8683.32</ele><time>2026-09-06T8:12:49Z</time><extensions><speed>-1.0</speed><course>-1.0</course><hAcc>0.0</hAcc><vAcc>0.0</vAcc></extensions></trkpt><trkpt lat="49.591619709999996" lon="10.828714390000009"><ele>-8683.32</ele><time>2026-09-06T8:12:50Z</time><extensions><speed>-1.0</speed><course>-1.0</course><hAcc>0.0</hAcc><vAcc>0.0</vAcc></extensions></trkpt><trkpt lat="49.591530379999995" lon="10.828744720000008"><ele>-8683.32</ele><time>2026-09-06T8:12:52Z</time><extensions><speed>-1.0</speed><course>-1.0</course><hAcc>0.0</hAcc><vAcc>0.0</vAcc></extensions></trkpt><trkpt lat="49.59143638" lon="10.828779720000009"><ele>-8683.32</ele><time>2026-09-06T8:12:54Z</time><extensions><speed>-1.0</speed><course>-1.0</course><hAcc>0.0</hAcc><vAcc>0.0</vAcc></extensions></trkpt><trkpt lat="49.59133738" lon="10.828817720000009"><ele>-8683.32</ele><time>2026-09-06T8:12:56Z</time><extensions><speed>-1.0</speed><course>-1.0</course><hAcc>0.0</hAcc><vAcc>0.0</vAcc></extensions></trkpt><trkpt lat="49.59125338" lon="10.828848050000008"><ele>-8683.32</ele><time>2026-09-06T8:12:57Z</time><extensions><speed>-1.0</speed><course>-1.0</course><hAcc>0.0</hAcc><vAcc>0.0</vAcc></extensions></trkpt><trkpt lat="49.59116205" lon="10.828882050000008"><ele>-8683.32</ele><time>2026-09-06T8:12:59Z</time><extensions><speed>-1.0</speed><course>-1.0</course><hAcc>0.0</hAcc><vAcc>0.0</vAcc></extensions></trkpt><trkpt lat="49.591062720000004" lon="10.828914720000007"><ele>-8683.32</ele><time>2026-09-06T8:13:01Z</time><extensions><speed>-1.0</speed><course>-1.0</course><hAcc>0.0</hAcc><vAcc>0.0</vAcc></extensions></trkpt><trkpt lat="49.59097972000001" lon="10.828944720000008"><ele>-8683.32</ele><time>2026-09-06T8:13:02Z</time><extensions><speed>-1.0</speed><course>-1.0</course><hAcc>0.0</hAcc><vAcc>0.0</vAcc></extensions></trkpt><trkpt lat="49.590887390000006" lon="10.828984050000008"><ele>-8683.32</ele><time>2026-09-06T8:13:04Z</time><extensions><speed>-1.0</speed><course>-1.0</course><hAcc>0.0</hAcc><vAcc>0.0</vAcc></extensions></trkpt><trkpt lat="49.59078739" lon="10.829015050000008"><ele>-8683.32</ele><time>2026-09-06T8:13:06Z</time><extensions><speed>-1.0</speed><course>-1.0</course><hAcc>0.0</hAcc><vAcc>0.0</vAcc></extensions></trkpt><trkpt lat="49.59068306" lon="10.829036720000008"><ele>-8683.32</ele><time>2026-09-06T8:13:08Z</time><extensions><speed>-1.0</speed><course>-1.0</course><hAcc>0.0</hAcc><vAcc>0.0</vAcc></extensions></trkpt><trkpt lat="49.59059406" lon="10.829059720000009"><ele>-8683.32</ele><time>2026-09-06T8:13:09Z</time><extensions><speed>-1.0</speed><course>-1.0</course><hAcc>0.0</hAcc><vAcc>0.0</vAcc></extensions></trkpt><trkpt lat="49.59049739" lon="10.82909105000001"><ele>-8683.32</ele><time>2026-09-06T8:13:11Z</time><extensions><speed>-1.0</speed><course>-1.0</course><hAcc>0.0</hAcc><vAcc>0.0</vAcc></extensions></trkpt><trkpt lat="49.590395390000005" lon="10.82912272000001"><ele>-8683.32</ele><time>2026-09-06T8:13:13Z</time><extensions><speed>-1.0</speed><course>-1.0</course><hAcc>0.0</hAcc><vAcc>0.0</vAcc></extensions></trkpt><trkpt lat="49.59030872" lon="10.82915172000001"><ele>-8683.32</ele><time>2026-09-06T8:13:14Z</time><extensions><speed>-1.0</speed><course>-1.0</course><hAcc>0.0</hAcc><vAcc>0.0</vAcc></extensions></trkpt><trkpt lat="49.59021405" lon="10.82918672000001"><ele>-8683.32</ele><time>2026-09-06T8:13:16Z</time><extensions><speed>-1.0</speed><course>-1.0</course><hAcc>0.0</hAcc><vAcc>0.0</vAcc></extensions></trkpt><trkpt lat="49.59011572" lon="10.82922839000001"><ele>-8682.5</ele><time>2026-09-06T8:13:18Z</time><extensions><speed>-1.0</speed><course>-1.0</course><hAcc>0.0</hAcc><vAcc>0.0</vAcc></extensions></trkpt><trkpt lat="49.59001505" lon="10.829278060000009"><ele>-8682.5</ele><time>2026-09-06T8:13:20Z</time><extensions><speed>-1.0</speed><course>-1.0</course><hAcc>0.0</hAcc><vAcc>0.0</vAcc></extensions></trkpt><trkpt lat="49.58991338" lon="10.82933073000001"><ele>-8682.5</ele><time>2026-09-06T8:13:22Z</time><extensions><speed>-1.0</speed><course>-1.0</course><hAcc>0.0</hAcc><vAcc>0.0</vAcc></extensions></trkpt><trkpt lat="49.589827379999996" lon="10.82937440000001"><ele>-8682.5</ele><time>2026-09-06T8:13:23Z</time><extensions><speed>-1.0</speed><course>-1.0</course><hAcc>0.0</hAcc><vAcc>0.0</vAcc></extensions></trkpt><trkpt lat="49.58973537999999" lon="10.82942640000001"><ele>-8682.5</ele><time>2026-09-06T8:13:25Z</time><extensions><speed>-1.0</speed><course>-1.0</course><hAcc>0.0</hAcc><vAcc>0.0</vAcc></extensions></trkpt><trkpt lat="49.589639379999994" lon="10.82948740000001"><ele>-8682.5</ele><time>2026-09-06T8:13:27Z</time><extensions><speed>-1.0</speed><course>-1.0</course><hAcc>0.0</hAcc><vAcc>0.0</vAcc></extensions></trkpt><trkpt lat="49.589557709999994" lon="10.82953807000001"><ele>-8682.5</ele><time>2026-09-06T8:13:28Z</time><extensions><speed>-1.0</speed><course>-1.0</course><hAcc>0.0</hAcc><vAcc>0.0</vAcc></extensions></trkpt><trkpt lat="49.58948570999999" lon="10.829582070000011"><ele>-8682.5</ele><time>2026-09-06T8:13:29Z</time><extensions><speed>-1.0</speed><course>-1.0</course><hAcc>0.0</hAcc><vAcc>0.0</vAcc></extensions></trkpt><trkpt lat="49.58940237999999" lon="10.829634070000012"><ele>-8681.68</ele><time>2026-09-06T8:13:31Z</time><extensions><speed>-1.0</speed><course>-1.0</course><hAcc>0.0</hAcc><vAcc>0.0</vAcc></extensions></trkpt><trkpt lat="49.58932937999999" lon="10.829679070000012"><ele>-8681.68</ele><time>2026-09-06T8:13:32Z</time><extensions><speed>-1.0</speed><course>-1.0</course><hAcc>0.0</hAcc><vAcc>0.0</vAcc></extensions></trkpt><trkpt lat="49.589263049999985" lon="10.829722400000012"><ele>-8681.68</ele><time>2026-09-06T8:13:33Z</time><extensions><speed>-1.0</speed><course>-1.0</course><hAcc>0.0</hAcc><vAcc>0.0</vAcc></extensions></trkpt><trkpt lat="49.589201049999986" lon="10.829763070000013"><ele>-8681.68</ele><time>2026-09-06T8:13:34Z</time><extensions><speed>-1.0</speed><course>-1.0</course><hAcc>0.0</hAcc><vAcc>0.0</vAcc></extensions></trkpt><trkpt lat="49.589142049999985" lon="10.829801740000013"><ele>-8681.68</ele><time>2026-09-06T8:13:35Z</time><extensions><speed>-1.0</speed><course>-1.0</course><hAcc>0.0</hAcc><vAcc>0.0</vAcc></extensions></trkpt><trkpt lat="49.589085379999986" lon="10.829837410000014"><ele>-8681.68</ele><time>2026-09-06T8:13:36Z</time><extensions><speed>-1.0</speed><course>-1.0</course><hAcc>0.0</hAcc><vAcc>0.0</vAcc></extensions></trkpt><trkpt lat="49.589030049999984" lon="10.829870740000015"><ele>-8681.68</ele><time>2026-09-06T8:13:37Z</time><extensions><speed>-1.0</speed><course>-1.0</course><hAcc>0.0</hAcc><vAcc>0.0</vAcc></extensions></trkpt><trkpt lat="49.588976379999984" lon="10.829905410000014"><ele>-8681.68</ele><time>2026-09-06T8:13:38Z</time><extensions><speed>-1.0</speed><course>-1.0</course><hAcc>0.0</hAcc><vAcc>0.0</vAcc></extensions></trkpt><trkpt lat="49.588908379999985" lon="10.829956080000015"><ele>-8681.68</ele><time>2026-09-06T8:13:40Z</time><extensions><speed>-1.0</speed><course>-1.0</course><hAcc>0.0</hAcc><vAcc>0.0</vAcc></extensions></trkpt><trkpt lat="49.58882904999999" lon="10.830012080000015"><ele>-8681.68</ele><time>2026-09-06T8:13:42Z</time><extensions><speed>-1.0</speed><course>-1.0</course><hAcc>0.0</hAcc><vAcc>0.0</vAcc></extensions></trkpt><trkpt lat="49.588759379999985" lon="10.830059750000016"><ele>-8681.68</ele><time>2026-09-06T8:13:43Z</time><extensions><speed>-1.0</speed><course>-1.0</course><hAcc>0.0</hAcc><vAcc>0.0</vAcc></extensions></trkpt><trkpt lat="49.588680379999985" lon="10.830115750000017"><ele>-8681.68</ele><time>2026-09-06T8:13:45Z</time><extensions><speed>-1.0</speed><course>-1.0</course><hAcc>0.0</hAcc><vAcc>0.0</vAcc></extensions></trkpt><trkpt lat="49.58861104999998" lon="10.830165080000016"><ele>-8681.68</ele><time>2026-09-06T8:13:46Z</time><extensions><speed>-1.0</speed><course>-1.0</course><hAcc>0.0</hAcc><vAcc>0.0</vAcc></extensions></trkpt><trkpt lat="49.588548379999985" lon="10.830211080000016"><ele>-8680.86</ele><time>2026-09-06T8:13:47Z</time><extensions><speed>-1.0</speed><course>-1.0</course><hAcc>0.0</hAcc><vAcc>0.0</vAcc></extensions></trkpt><trkpt lat="49.58849037999998" lon="10.830254080000016"><ele>-8680.86</ele><time>2026-09-06T8:13:48Z</time><extensions><speed>-1.0</speed><course>-1.0</course><hAcc>0.0</hAcc><vAcc>0.0</vAcc></extensions></trkpt><trkpt lat="49.588418709999985" lon="10.830309080000015"><ele>-8680.86</ele><time>2026-09-06T8:13:50Z</time><extensions><speed>-1.0</speed><course>-1.0</course><hAcc>0.0</hAcc><vAcc>0.0</vAcc></extensions></trkpt><trkpt lat="49.588353709999986" lon="10.830357750000015"><ele>-8680.86</ele><time>2026-09-06T8:13:51Z</time><extensions><speed>-1.0</speed><course>-1.0</course><hAcc>0.0</hAcc><vAcc>0.0</vAcc></extensions></trkpt><trkpt lat="49.58827937999999" lon="10.830417420000016"><ele>-8680.86</ele><time>2026-09-06T8:13:53Z</time><extensions><speed>-1.0</speed><course>-1.0</course><hAcc>0.0</hAcc><vAcc>0.0</vAcc></extensions></trkpt><trkpt lat="49.58819770999999" lon="10.830483750000015"><ele>-8680.86</ele><time>2026-09-06T8:13:55Z</time><extensions><speed>-1.0</speed><course>-1.0</course><hAcc>0.0</hAcc><vAcc>0.0</vAcc></extensions></trkpt><trkpt lat="49.58812637999999" lon="10.830543420000016"><ele>-8680.86</ele><time>2026-09-06T8:13:56Z</time><extensions><speed>-1.0</speed><course>-1.0</course><hAcc>0.0</hAcc><vAcc>0.0</vAcc></extensions></trkpt><trkpt lat="49.58804670999999" lon="10.830610750000016"><ele>-8680.86</ele><time>2026-09-06T8:13:58Z</time><extensions><speed>-1.0</speed><course>-1.0</course><hAcc>0.0</hAcc><vAcc>0.0</vAcc></extensions></trkpt><trkpt lat="49.58797703999999" lon="10.830670750000015"><ele>-8680.86</ele><time>2026-09-06T8:13:59Z</time><extensions><speed>-1.0</speed><course>-1.0</course><hAcc>0.0</hAcc><vAcc>0.0</vAcc></extensions></trkpt><trkpt lat="49.58791370999999" lon="10.830722420000015"><ele>-8680.86</ele><time>2026-09-06T8:14:00Z</time><extensions><speed>-1.0</speed><course>-1.0</course><hAcc>0.0</hAcc><vAcc>0.0</vAcc></extensions></trkpt><trkpt lat="49.58783803999999" lon="10.830783750000014"><ele>-8680.86</ele><time>2026-09-06T8:14:02Z</time><extensions><speed>-1.0</speed><course>-1.0</course><hAcc>0.0</hAcc><vAcc>0.0</vAcc></extensions></trkpt><trkpt lat="49.58775370999999" lon="10.830852420000014"><ele>-8680.86</ele><time>2026-09-06T8:14:04Z</time><extensions><speed>-1.0</speed><course>-1.0</course><hAcc>0.0</hAcc><vAcc>0.0</vAcc></extensions></trkpt><trkpt lat="49.58766370999999" lon="10.830926420000013"><ele>-8680.86</ele><time>2026-09-06T8:14:06Z</time><extensions><speed>-1.0</speed><course>-1.0</course><hAcc>0.0</hAcc><vAcc>0.0</vAcc></extensions></trkpt><trkpt lat="49.58758670999999" lon="10.830988090000012"><ele>-8680.86</ele><time>2026-09-06T8:14:07Z</time><extensions><speed>-1.0</speed><course>-1.0</course><hAcc>0.0</hAcc><vAcc>0.0</vAcc></extensions></trkpt><trkpt lat="49.58750170999999" lon="10.831056760000012"><ele>-8680.86</ele><time>2026-09-06T8:14:09Z</time><extensions><speed>-1.0</speed><course>-1.0</course><hAcc>0.0</hAcc><vAcc>0.0</vAcc></extensions></trkpt><trkpt lat="49.58742770999999" lon="10.831117430000011"><ele>-8680.86</ele><time>2026-09-06T8:14:10Z</time><extensions><speed>-1.0</speed><course>-1.0</course><hAcc>0.0</hAcc><vAcc>0.0</vAcc></extensions></trkpt><trkpt lat="49.587362039999995" lon="10.831170760000012"><ele>-8680.86</ele><time>2026-09-06T8:14:11Z</time><extensions><speed>-1.0</speed><course>-1.0</course><hAcc>0.0</hAcc><vAcc>0.0</vAcc></extensions></trkpt><trkpt lat="49.58728436999999" lon="10.83123243000001"><ele>-8680.86</ele><time>2026-09-06T8:14:13Z</time><extensions><speed>-1.0</speed><course>-1.0</course><hAcc>0.0</hAcc><vAcc>0.0</vAcc></extensions></trkpt><trkpt lat="49.587198699999995" lon="10.831300430000011"><ele>-8680.86</ele><time>2026-09-06T8:14:15Z</time><extensions><speed>-1.0</speed><course>-1.0</course><hAcc>0.0</hAcc><vAcc>0.0</vAcc></extensions></trkpt><trkpt lat="49.587108029999996" lon="10.83137110000001"><ele>-8680.86</ele><time>2026-09-06T8:14:17Z</time><extensions><speed>-1.0</speed><course>-1.0</course><hAcc>0.0</hAcc><vAcc>0.0</vAcc></extensions></trkpt><trkpt lat="49.58701369999999" lon="10.831442100000011"><ele>-8680.86</ele><time>2026-09-06T8:14:19Z</time><extensions><speed>-1.0</speed><course>-1.0</course><hAcc>0.0</hAcc><vAcc>0.0</vAcc></extensions></trkpt><trkpt lat="49.586934369999994" lon="10.831499100000011"><ele>-8680.86</ele><time>2026-09-06T8:14:20Z</time><extensions><speed>-1.0</speed><course>-1.0</course><hAcc>0.0</hAcc><vAcc>0.0</vAcc></extensions></trkpt><trkpt lat="49.586863699999995" lon="10.83155210000001"><ele>-8680.86</ele><time>2026-09-06T8:14:21Z</time><extensions><speed>-1.0</speed><course>-1.0</course><hAcc>0.0</hAcc><vAcc>0.0</vAcc></extensions></trkpt><trkpt lat="49.586782369999995" lon="10.83161777000001"><ele>-8680.86</ele><time>2026-09-06T8:14:23Z</time><extensions><speed>-1.0</speed><course>-1.0</course><hAcc>0.0</hAcc><vAcc>0.0</vAcc></extensions></trkpt><trkpt lat="49.58669569999999" lon="10.83168877000001"><ele>-8680.86</ele><time>2026-09-06T8:14:25Z</time><extensions><speed>-1.0</speed><course>-1.0</course><hAcc>0.0</hAcc><vAcc>0.0</vAcc></extensions></trkpt><trkpt lat="49.586605029999994" lon="10.83176644000001"><ele>-8680.86</ele><time>2026-09-06T8:14:27Z</time><extensions><speed>-1.0</speed><course>-1.0</course><hAcc>0.0</hAcc><vAcc>0.0</vAcc></extensions></trkpt><trkpt lat="49.586528359999996" lon="10.83183577000001"><ele>-8680.86</ele><time>2026-09-06T8:14:28Z</time><extensions><speed>-1.0</speed><course>-1.0</course><hAcc>0.0</hAcc><vAcc>0.0</vAcc></extensions></trkpt><trkpt lat="49.586460689999996" lon="10.83190077000001"><ele>-8680.86</ele><time>2026-09-06T8:14:29Z</time><extensions><speed>-1.0</speed><course>-1.0</course><hAcc>0.0</hAcc><vAcc>0.0</vAcc></extensions></trkpt><trkpt lat="49.58638568999999" lon="10.83197810000001"><ele>-8680.86</ele><time>2026-09-06T8:14:31Z</time><extensions><speed>-1.0</speed><course>-1.0</course><hAcc>0.0</hAcc><vAcc>0.0</vAcc></extensions></trkpt><trkpt lat="49.58631935999999" lon="10.83204777000001"><ele>-8680.86</ele><time>2026-09-06T8:14:32Z</time><extensions><speed>-1.0</speed><course>-1.0</course><hAcc>0.0</hAcc><vAcc>0.0</vAcc></extensions></trkpt><trkpt lat="49.58624502999999" lon="10.83213110000001"><ele>-8680.86</ele><time>2026-09-06T8:14:34Z</time><extensions><speed>-1.0</speed><course>-1.0</course><hAcc>0.0</hAcc><vAcc>0.0</vAcc></extensions></trkpt><trkpt lat="49.58616769999999" lon="10.832221430000011"><ele>-8680.86</ele><time>2026-09-06T8:14:36Z</time><extensions><speed>-1.0</speed><course>-1.0</course><hAcc>0.0</hAcc><vAcc>0.0</vAcc></extensions></trkpt><trkpt lat="49.58610136999999" lon="10.83230410000001"><ele>-8680.86</ele><time>2026-09-06T8:14:37Z</time><extensions><speed>-1.0</speed><course>-1.0</course><hAcc>0.0</hAcc><vAcc>0.0</vAcc></extensions></trkpt><trkpt lat="49.58603069999999" lon="10.83240110000001"><ele>-8680.86</ele><time>2026-09-06T8:14:39Z</time><extensions><speed>-1.0</speed><course>-1.0</course><hAcc>0.0</hAcc><vAcc>0.0</vAcc></extensions></trkpt><trkpt lat="49.58597069999999" lon="10.832486100000011"><ele>-8680.86</ele><time>2026-09-06T8:14:40Z</time><extensions><speed>-1.0</speed><course>-1.0</course><hAcc>0.0</hAcc><vAcc>0.0</vAcc></extensions></trkpt><trkpt lat="49.58590536999999" lon="10.832586430000012"><ele>-8680.86</ele><time>2026-09-06T8:14:42Z</time><extensions><speed>-1.0</speed><course>-1.0</course><hAcc>0.0</hAcc><vAcc>0.0</vAcc></extensions></trkpt><trkpt lat="49.58583803999999" lon="10.832698430000011"><ele>-8680.86</ele><time>2026-09-06T8:14:44Z</time><extensions><speed>-1.0</speed><course>-1.0</course><hAcc>0.0</hAcc><vAcc>0.0</vAcc></extensions></trkpt><trkpt lat="49.58576803999999" lon="10.832820760000011"><ele>-8680.86</ele><time>2026-09-06T8:14:46Z</time><extensions><speed>-1.0</speed><course>-1.0</course><hAcc>0.0</hAcc><vAcc>0.0</vAcc></extensions></trkpt><trkpt lat="49.58570003999999" lon="10.832947760000012"><ele>-8680.86</ele><time>2026-09-06T8:14:48Z</time><extensions><speed>-1.0</speed><course>-1.0</course><hAcc>0.0</hAcc><vAcc>0.0</vAcc></extensions></trkpt><trkpt lat="49.585642709999995" lon="10.833052430000013"><ele>-8680.86</ele><time>2026-09-06T8:14:49Z</time><extensions><speed>-1.0</speed><course>-1.0</course><hAcc>0.0</hAcc><vAcc>0.0</vAcc></extensions></trkpt><trkpt lat="49.585580039999996" lon="10.833169760000013"><ele>-8680.86</ele><time>2026-09-06T8:14:51Z</time><extensions><speed>-1.0</speed><course>-1.0</course><hAcc>0.0</hAcc><vAcc>0.0</vAcc></extensions></trkpt><trkpt lat="49.585527709999994" lon="10.833274090000012"><ele>-8680.86</ele><time>2026-09-06T8:14:52Z</time><extensions><speed>-1.0</speed><course>-1.0</course><hAcc>0.0</hAcc><vAcc>0.0</vAcc></extensions></trkpt><trkpt lat="49.58547203999999" lon="10.833390760000013"><ele>-8680.86</ele><time>2026-09-06T8:14:54Z</time><extensions><speed>-1.0</speed><course>-1.0</course><hAcc>0.0</hAcc><vAcc>0.0</vAcc></extensions></trkpt><trkpt lat="49.58541303999999" lon="10.833513430000012"><ele>-8682.32</ele><time>2026-09-06T8:14:56Z</time><extensions><speed>-1.0</speed><course>-1.0</course><hAcc>0.0</hAcc><vAcc>0.0</vAcc></extensions></trkpt><trkpt lat="49.58536570999999" lon="10.833620430000012"><ele>-8682.32</ele><time>2026-09-06T8:14:57Z</time><extensions><speed>-1.0</speed><course>-1.0</course><hAcc>0.0</hAcc><vAcc>0.0</vAcc></extensions></trkpt><trkpt lat="49.58531737999999" lon="10.833735100000013"><ele>-8682.32</ele><time>2026-09-06T8:14:59Z</time><extensions><speed>-1.0</speed><course>-1.0</course><hAcc>0.0</hAcc><vAcc>0.0</vAcc></extensions></trkpt><trkpt lat="49.585277049999995" lon="10.833835770000013"><ele>-8682.32</ele><time>2026-09-06T8:15:00Z</time><extensions><speed>-1.0</speed><course>-1.0</course><hAcc>0.0</hAcc><vAcc>0.0</vAcc></extensions></trkpt><trkpt lat="49.585234719999995" lon="10.833946100000013"><ele>-8682.32</ele><time>2026-09-06T8:15:02Z</time><extensions><speed>-1.0</speed><course>-1.0</course><hAcc>0.0</hAcc><vAcc>0.0</vAcc></extensions></trkpt><trkpt lat="49.58519071999999" lon="10.834061100000012"><ele>-8682.32</ele><time>2026-09-06T8:15:04Z</time><extensions><speed>-1.0</speed><course>-1.0</course><hAcc>0.0</hAcc><vAcc>0.0</vAcc></extensions></trkpt><trkpt lat="49.58514671999999" lon="10.834180770000012"><ele>-8682.32</ele><time>2026-09-06T8:15:06Z</time><extensions><speed>-1.0</speed><course>-1.0</course><hAcc>0.0</hAcc><vAcc>0.0</vAcc></extensions></trkpt><trkpt lat="49.58510071999999" lon="10.834299770000012"><ele>-8682.32</ele><time>2026-09-06T8:15:08Z</time><extensions><speed>-1.0</speed><course>-1.0</course><hAcc>0.0</hAcc><vAcc>0.0</vAcc></extensions></trkpt><trkpt lat="49.585051719999996" lon="10.834418100000011"><ele>-8682.32</ele><time>2026-09-06T8:15:10Z</time><extensions><speed>-1.0</speed><course>-1.0</course><hAcc>0.0</hAcc><vAcc>0.0</vAcc></extensions></trkpt><trkpt lat="49.58500872" lon="10.83451610000001"><ele>-8682.32</ele><time>2026-09-06T8:15:11Z</time><extensions><speed>-1.0</speed><course>-1.0</course><hAcc>0.0</hAcc><vAcc>0.0</vAcc></extensions></trkpt><trkpt lat="49.58496939" lon="10.834599430000011"><ele>-8683.41</ele><time>2026-09-06T8:15:12Z</time><extensions><speed>-1.0</speed><course>-1.0</course><hAcc>0.0</hAcc><vAcc>0.0</vAcc></extensions></trkpt><trkpt lat="49.584922389999996" lon="10.83468710000001"><ele>-8683.41</ele><time>2026-09-06T8:15:14Z</time><extensions><speed>-1.0</speed><course>-1.0</course><hAcc>0.0</hAcc><vAcc>0.0</vAcc></extensions></trkpt><trkpt lat="49.584869059999995" lon="10.83477643000001"><ele>-8683.41</ele><time>2026-09-06T8:15:16Z</time><extensions><speed>-1.0</speed><course>-1.0</course><hAcc>0.0</hAcc><vAcc>0.0</vAcc></extensions></trkpt><trkpt lat="49.584824059999995" lon="10.83485410000001"><ele>-8683.41</ele><time>2026-09-06T8:15:17Z</time><extensions><speed>-1.0</speed><course>-1.0</course><hAcc>0.0</hAcc><vAcc>0.0</vAcc></extensions></trkpt><trkpt lat="49.58478339" lon="10.83492210000001"><ele>-8683.41</ele><time>2026-09-06T8:15:18Z</time><extensions><speed>-1.0</speed><course>-1.0</course><hAcc>0.0</hAcc><vAcc>0.0</vAcc></extensions></trkpt><trkpt lat="49.58472972" lon="10.83499610000001"><ele>-8683.41</ele><time>2026-09-06T8:15:20Z</time><extensions><speed>-1.0</speed><course>-1.0</course><hAcc>0.0</hAcc><vAcc>0.0</vAcc></extensions></trkpt><trkpt lat="49.58467039" lon="10.83507543000001"><ele>-8683.41</ele><time>2026-09-06T8:15:22Z</time><extensions><speed>-1.0</speed><course>-1.0</course><hAcc>0.0</hAcc><vAcc>0.0</vAcc></extensions></trkpt><trkpt lat="49.58460372" lon="10.83515510000001"><ele>-8683.41</ele><time>2026-09-06T8:15:24Z</time><extensions><speed>-1.0</speed><course>-1.0</course><hAcc>0.0</hAcc><vAcc>0.0</vAcc></extensions></trkpt><trkpt lat="49.584545049999996" lon="10.83522143000001"><ele>-8683.41</ele><time>2026-09-06T8:15:25Z</time><extensions><speed>-1.0</speed><course>-1.0</course><hAcc>0.0</hAcc><vAcc>0.0</vAcc></extensions></trkpt><trkpt lat="49.58447837999999" lon="10.83529243000001"><ele>-8683.41</ele><time>2026-09-06T8:15:27Z</time><extensions><speed>-1.0</speed><course>-1.0</course><hAcc>0.0</hAcc><vAcc>0.0</vAcc></extensions></trkpt><trkpt lat="49.58441937999999" lon="10.83535243000001"><ele>-8683.41</ele><time>2026-09-06T8:15:28Z</time><extensions><speed>-1.0</speed><course>-1.0</course><hAcc>0.0</hAcc><vAcc>0.0</vAcc></extensions></trkpt><trkpt lat="49.584367379999996" lon="10.835403430000008"><ele>-8683.41</ele><time>2026-09-06T8:15:29Z</time><extensions><speed>-1.0</speed><course>-1.0</course><hAcc>0.0</hAcc><vAcc>0.0</vAcc></extensions></trkpt><trkpt lat="49.58430471" lon="10.835453760000009"><ele>-8683.41</ele><time>2026-09-06T8:15:31Z</time><extensions><speed>-1.0</speed><course>-1.0</course><hAcc>0.0</hAcc><vAcc>0.0</vAcc></extensions></trkpt><trkpt lat="49.58424804" lon="10.83549576000001"><ele>-8683.41</ele><time>2026-09-06T8:15:32Z</time><extensions><speed>-1.0</speed><course>-1.0</course><hAcc>0.0</hAcc><vAcc>0.0</vAcc></extensions></trkpt><trkpt lat="49.58418404" lon="10.83553976000001"><ele>-8683.41</ele><time>2026-09-06T8:15:34Z</time><extensions><speed>-1.0</speed><course>-1.0</course><hAcc>0.0</hAcc><vAcc>0.0</vAcc></extensions></trkpt><trkpt lat="49.584114709999994" lon="10.83557976000001"><ele>-8683.41</ele><time>2026-09-06T8:15:36Z</time><extensions><speed>-1.0</speed><course>-1.0</course><hAcc>0.0</hAcc><vAcc>0.0</vAcc></extensions></trkpt><trkpt lat="49.58404304" lon="10.83561743000001"><ele>-8683.41</ele><time>2026-09-06T8:15:38Z</time><extensions><speed>-1.0</speed><course>-1.0</course><hAcc>0.0</hAcc><vAcc>0.0</vAcc></extensions></trkpt><trkpt lat="49.583982369999994" lon="10.83565043000001"><ele>-8683.41</ele><time>2026-09-06T8:15:39Z</time><extensions><speed>-1.0</speed><course>-1.0</course><hAcc>0.0</hAcc><vAcc>0.0</vAcc></extensions></trkpt><trkpt lat="49.58392969999999" lon="10.83567843000001"><ele>-8683.41</ele><time>2026-09-06T8:15:40Z</time><extensions><speed>-1.0</speed><course>-1.0</course><hAcc>0.0</hAcc><vAcc>0.0</vAcc></extensions></trkpt><trkpt lat="49.583869369999995" lon="10.83570643000001"><ele>-8683.41</ele><time>2026-09-06T8:15:42Z</time><extensions><speed>-1.0</speed><course>-1.0</course><hAcc>0.0</hAcc><vAcc>0.0</vAcc></extensions></trkpt><trkpt lat="49.583816039999995" lon="10.835730760000011"><ele>-8683.41</ele><time>2026-09-06T8:15:43Z</time><extensions><speed>-1.0</speed><course>-1.0</course><hAcc>0.0</hAcc><vAcc>0.0</vAcc></extensions></trkpt><trkpt lat="49.583757039999995" lon="10.835755090000012"><ele>-8683.41</ele><time>2026-09-06T8:15:45Z</time><extensions><speed>-1.0</speed><course>-1.0</course><hAcc>0.0</hAcc><vAcc>0.0</vAcc></extensions></trkpt><trkpt lat="49.58370537" lon="10.835773760000011"><ele>-8683.41</ele><time>2026-09-06T8:15:46Z</time><extensions><speed>-1.0</speed><course>-1.0</course><hAcc>0.0</hAcc><vAcc>0.0</vAcc></extensions></trkpt><trkpt lat="49.58365937" lon="10.835790430000012"><ele>-8683.41</ele><time>2026-09-06T8:15:47Z</time><extensions><speed>-1.0</speed><course>-1.0</course><hAcc>0.0</hAcc><vAcc>0.0</vAcc></extensions></trkpt><trkpt lat="49.58361804" lon="10.835806430000012"><ele>-8683.41</ele><time>2026-09-06T8:15:48Z</time><extensions><speed>-1.0</speed><course>-1.0</course><hAcc>0.0</hAcc><vAcc>0.0</vAcc></extensions></trkpt><trkpt lat="49.583571709999994" lon="10.835825760000013"><ele>-8683.41</ele><time>2026-09-06T8:15:50Z</time><extensions><speed>-1.0</speed><course>-1.0</course><hAcc>0.0</hAcc><vAcc>0.0</vAcc></extensions></trkpt><trkpt lat="49.583526709999994" lon="10.835841090000013"><ele>-8683.41</ele><time>2026-09-06T8:15:52Z</time><extensions><speed>-1.0</speed><course>-1.0</course><hAcc>0.0</hAcc><vAcc>0.0</vAcc></extensions></trkpt><trkpt lat="49.583489709999995" lon="10.835851760000013"><ele>-8683.41</ele><time>2026-09-06T8:15:53Z</time><extensions><speed>-1.0</speed><course>-1.0</course><hAcc>0.0</hAcc><vAcc>0.0</vAcc></extensions></trkpt><trkpt lat="49.58345204" lon="10.835864760000012"><ele>-8683.41</ele><time>2026-09-06T8:15:55Z</time><extensions><speed>-1.0</speed><course>-1.0</course><hAcc>0.0</hAcc><vAcc>0.0</vAcc></extensions></trkpt><trkpt lat="49.58342037" lon="10.835877430000012"><ele>-8683.41</ele><time>2026-09-06T8:15:56Z</time><extensions><speed>-1.0</speed><course>-1.0</course><hAcc>0.0</hAcc><vAcc>0.0</vAcc></extensions></trkpt><trkpt lat="49.583387699999996" lon="10.835888430000013"><ele>-8683.41</ele><time>2026-09-06T8:15:58Z</time><extensions><speed>-1.0</speed><course>-1.0</course><hAcc>0.0</hAcc><vAcc>0.0</vAcc></extensions></trkpt><trkpt lat="49.5833617" lon="10.835895430000013"><ele>-8683.41</ele><time>2026-09-06T8:15:59Z</time><extensions><speed>-1.0</speed><course>-1.0</course><hAcc>0.0</hAcc><vAcc>0.0</vAcc></extensions></trkpt><trkpt lat="49.58334637" lon="10.835900760000014"><ele>-8683.41</ele><time>2026-09-06T8:16:01Z</time><extensions><speed>-1.0</speed><course>-1.0</course><hAcc>0.0</hAcc><vAcc>0.0</vAcc></extensions></trkpt><trkpt lat="49.58330704" lon="10.835918760000014"><ele>-8683.41</ele><time>2026-09-06T8:16:04Z</time><extensions><speed>-1.0</speed><course>-1.0</course><hAcc>0.0</hAcc><vAcc>0.0</vAcc></extensions></trkpt><trkpt lat="49.58332071" lon="10.835936090000015"><ele>-8683.41</ele><time>2026-09-06T8:16:19Z</time><extensions><speed>-1.0</speed><course>-1.0</course><hAcc>0.0</hAcc><vAcc>0.0</vAcc></extensions></trkpt><trkpt lat="49.58332038" lon="10.835944090000014"><ele>-8684.23</ele><time>2026-09-06T8:16:20Z</time><extensions><speed>-1.0</speed><course>-1.0</course><hAcc>0.0</hAcc><vAcc>0.0</vAcc></extensions></trkpt><trkpt lat="49.58332071" lon="10.835952420000014"><ele>-8684.23</ele><time>2026-09-06T8:16:21Z</time><extensions><speed>-1.0</speed><course>-1.0</course><hAcc>0.0</hAcc><vAcc>0.0</vAcc></extensions></trkpt><trkpt lat="49.58332438" lon="10.835976420000014"><ele>-8684.23</ele><time>2026-09-06T8:16:23Z</time><extensions><speed>-1.0</speed><course>-1.0</course><hAcc>0.0</hAcc><vAcc>0.0</vAcc></extensions></trkpt><trkpt lat="49.58332638" lon="10.835999750000013"><ele>-8684.23</ele><time>2026-09-06T8:16:24Z</time><extensions><speed>-1.0</speed><course>-1.0</course><hAcc>0.0</hAcc><vAcc>0.0</vAcc></extensions></trkpt><trkpt lat="49.58332971" lon="10.836034080000013"><ele>-8684.23</ele><time>2026-09-06T8:16:26Z</time><extensions><speed>-1.0</speed><course>-1.0</course><hAcc>0.0</hAcc><vAcc>0.0</vAcc></extensions></trkpt><trkpt lat="49.583331040000004" lon="10.836084410000014"><ele>-8684.23</ele><time>2026-09-06T8:16:28Z</time><extensions><speed>-1.0</speed><course>-1.0</course><hAcc>0.0</hAcc><vAcc>0.0</vAcc></extensions></trkpt><trkpt lat="49.58333471" lon="10.836130740000014"><ele>-8684.23</ele><time>2026-09-06T8:16:29Z</time><extensions><speed>-1.0</speed><course>-1.0</course><hAcc>0.0</hAcc><vAcc>0.0</vAcc></extensions></trkpt><trkpt lat="49.58333738" lon="10.836176410000014"><ele>-8684.23</ele><time>2026-09-06T8:16:30Z</time><extensions><speed>-1.0</speed><course>-1.0</course><hAcc>0.0</hAcc><vAcc>0.0</vAcc></extensions></trkpt><trkpt lat="49.583339380000005" lon="10.836239740000014"><ele>-8684.23</ele><time>2026-09-06T8:16:32Z</time><extensions><speed>-1.0</speed><course>-1.0</course><hAcc>0.0</hAcc><vAcc>0.0</vAcc></extensions></trkpt><trkpt lat="49.583339380000005" lon="10.836316070000015"><ele>-8684.23</ele><time>2026-09-06T8:16:34Z</time><extensions><speed>-1.0</speed><course>-1.0</course><hAcc>0.0</hAcc><vAcc>0.0</vAcc></extensions></trkpt><trkpt lat="49.583342050000006" lon="10.836386400000015"><ele>-8684.23</ele><time>2026-09-06T8:16:35Z</time><extensions><speed>-1.0</speed><course>-1.0</course><hAcc>0.0</hAcc><vAcc>0.0</vAcc></extensions></trkpt><trkpt lat="49.583345720000004" lon="10.836469730000015"><ele>-8684.23</ele><time>2026-09-06T8:16:37Z</time><extensions><speed>-1.0</speed><course>-1.0</course><hAcc>0.0</hAcc><vAcc>0.0</vAcc></extensions></trkpt><trkpt lat="49.583348390000005" lon="10.836544400000015"><ele>-8684.23</ele><time>2026-09-06T8:16:38Z</time><extensions><speed>-1.0</speed><course>-1.0</course><hAcc>0.0</hAcc><vAcc>0.0</vAcc></extensions></trkpt><trkpt lat="49.58335239" lon="10.836633070000016"><ele>-8684.23</ele><time>2026-09-06T8:16:40Z</time><extensions><speed>-1.0</speed><course>-1.0</course><hAcc>0.0</hAcc><vAcc>0.0</vAcc></extensions></trkpt><trkpt lat="49.58335739" lon="10.836729400000015"><ele>-8683.41</ele><time>2026-09-06T8:16:42Z</time><extensions><speed>-1.0</speed><course>-1.0</course><hAcc>0.0</hAcc><vAcc>0.0</vAcc></extensions></trkpt><trkpt lat="49.583360060000004" lon="10.836815070000016"><ele>-8683.41</ele><time>2026-09-06T8:16:43Z</time><extensions><speed>-1.0</speed><course>-1.0</course><hAcc>0.0</hAcc><vAcc>0.0</vAcc></extensions></trkpt><trkpt lat="49.583362730000005" lon="10.836913740000016"><ele>-8683.41</ele><time>2026-09-06T8:16:45Z</time><extensions><speed>-1.0</speed><course>-1.0</course><hAcc>0.0</hAcc><vAcc>0.0</vAcc></extensions></trkpt><trkpt lat="49.5833664" lon="10.837000740000017"><ele>-8683.41</ele><time>2026-09-06T8:16:46Z</time><extensions><speed>-1.0</speed><course>-1.0</course><hAcc>0.0</hAcc><vAcc>0.0</vAcc></extensions></trkpt><trkpt lat="49.583371070000005" lon="10.837101070000017"><ele>-8682.59</ele><time>2026-09-06T8:16:48Z</time><extensions><speed>-1.0</speed><course>-1.0</course><hAcc>0.0</hAcc><vAcc>0.0</vAcc></extensions></trkpt><trkpt lat="49.58337540000001" lon="10.837189740000017"><ele>-8682.59</ele><time>2026-09-06T8:16:49Z</time><extensions><speed>-1.0</speed><course>-1.0</course><hAcc>0.0</hAcc><vAcc>0.0</vAcc></extensions></trkpt><trkpt lat="49.583381730000006" lon="10.837292740000017"><ele>-8682.59</ele><time>2026-09-06T8:16:51Z</time><extensions><speed>-1.0</speed><course>-1.0</course><hAcc>0.0</hAcc><vAcc>0.0</vAcc></extensions></trkpt><trkpt lat="49.58338706000001" lon="10.837383740000016"><ele>-8681.77</ele><time>2026-09-06T8:16:52Z</time><extensions><speed>-1.0</speed><course>-1.0</course><hAcc>0.0</hAcc><vAcc>0.0</vAcc></extensions></trkpt><trkpt lat="49.58339239000001" lon="10.837488070000015"><ele>-8681.77</ele><time>2026-09-06T8:16:54Z</time><extensions><speed>-1.0</speed><course>-1.0</course><hAcc>0.0</hAcc><vAcc>0.0</vAcc></extensions></trkpt><trkpt lat="49.58339772000001" lon="10.837607740000015"><ele>-8681.77</ele><time>2026-09-06T8:16:56Z</time><extensions><speed>-1.0</speed><course>-1.0</course><hAcc>0.0</hAcc><vAcc>0.0</vAcc></extensions></trkpt><trkpt lat="49.583404050000006" lon="10.837728410000015"><ele>-8681.77</ele><time>2026-09-06T8:16:58Z</time><extensions><speed>-1.0</speed><course>-1.0</course><hAcc>0.0</hAcc><vAcc>0.0</vAcc></extensions></trkpt><trkpt lat="49.58340838000001" lon="10.837833740000015"><ele>-8681.77</ele><time>2026-09-06T8:16:59Z</time><extensions><speed>-1.0</speed><course>-1.0</course><hAcc>0.0</hAcc><vAcc>0.0</vAcc></extensions></trkpt><trkpt lat="49.58341338000001" lon="10.837927740000016"><ele>-8680.77</ele><time>2026-09-06T8:17:00Z</time><extensions><speed>-1.0</speed><course>-1.0</course><hAcc>0.0</hAcc><vAcc>0.0</vAcc></extensions></trkpt><trkpt lat="49.58341871000001" lon="10.838010740000016"><ele>-8680.77</ele><time>2026-09-06T8:17:01Z</time><extensions><speed>-1.0</speed><course>-1.0</course><hAcc>0.0</hAcc><vAcc>0.0</vAcc></extensions></trkpt><trkpt lat="49.58342404000001" lon="10.838114740000016"><ele>-8680.77</ele><time>2026-09-06T8:17:03Z</time><extensions><speed>-1.0</speed><course>-1.0</course><hAcc>0.0</hAcc><vAcc>0.0</vAcc></extensions></trkpt><trkpt lat="49.58343071000001" lon="10.838230070000016"><ele>-8680.77</ele><time>2026-09-06T8:17:05Z</time><extensions><speed>-1.0</speed><course>-1.0</course><hAcc>0.0</hAcc><vAcc>0.0</vAcc></extensions></trkpt><trkpt lat="49.58343604000001" lon="10.838329070000016"><ele>-8679.86</ele><time>2026-09-06T8:17:06Z</time><extensions><speed>-1.0</speed><course>-1.0</course><hAcc>0.0</hAcc><vAcc>0.0</vAcc></extensions></trkpt><trkpt lat="49.58344137000001" lon="10.838441740000016"><ele>-8679.86</ele><time>2026-09-06T8:17:08Z</time><extensions><speed>-1.0</speed><course>-1.0</course><hAcc>0.0</hAcc><vAcc>0.0</vAcc></extensions></trkpt><trkpt lat="49.58344904000001" lon="10.838563070000017"><ele>-8679.86</ele><time>2026-09-06T8:17:10Z</time><extensions><speed>-1.0</speed><course>-1.0</course><hAcc>0.0</hAcc><vAcc>0.0</vAcc></extensions></trkpt><trkpt lat="49.58345537000001" lon="10.838667400000016"><ele>-8678.130000000001</ele><time>2026-09-06T8:17:11Z</time><extensions><speed>-1.0</speed><course>-1.0</course><hAcc>0.0</hAcc><vAcc>0.0</vAcc></extensions></trkpt><trkpt lat="49.58345970000001" lon="10.838761070000016"><ele>-8678.130000000001</ele><time>2026-09-06T8:17:12Z</time><extensions><speed>-1.0</speed><course>-1.0</course><hAcc>0.0</hAcc><vAcc>0.0</vAcc></extensions></trkpt><trkpt lat="49.583464700000015" lon="10.838871740000016"><ele>-8678.130000000001</ele><time>2026-09-06T8:17:14Z</time><extensions><speed>-1.0</speed><course>-1.0</course><hAcc>0.0</hAcc><vAcc>0.0</vAcc></extensions></trkpt><trkpt lat="49.583470030000015" lon="10.838970410000016"><ele>-8678.130000000001</ele><time>2026-09-06T8:17:15Z</time><extensions><speed>-1.0</speed><course>-1.0</course><hAcc>0.0</hAcc><vAcc>0.0</vAcc></extensions></trkpt><trkpt lat="49.58347503000002" lon="10.839060080000015"><ele>-8678.130000000001</ele><time>2026-09-06T8:17:16Z</time><extensions><speed>-1.0</speed><course>-1.0</course><hAcc>0.0</hAcc><vAcc>0.0</vAcc></extensions></trkpt><trkpt lat="49.58347970000002" lon="10.839144410000015"><ele>-8678.130000000001</ele><time>2026-09-06T8:17:17Z</time><extensions><speed>-1.0</speed><course>-1.0</course><hAcc>0.0</hAcc><vAcc>0.0</vAcc></extensions></trkpt><trkpt lat="49.58348637000002" lon="10.839249410000015"><ele>-8678.130000000001</ele><time>2026-09-06T8:17:19Z</time><extensions><speed>-1.0</speed><course>-1.0</course><hAcc>0.0</hAcc><vAcc>0.0</vAcc></extensions></trkpt><trkpt lat="49.58349204000002" lon="10.839344080000014"><ele>-8678.130000000001</ele><time>2026-09-06T8:17:20Z</time><extensions><speed>-1.0</speed><course>-1.0</course><hAcc>0.0</hAcc><vAcc>0.0</vAcc></extensions></trkpt><trkpt lat="49.583498710000015" lon="10.839455750000015"><ele>-8678.130000000001</ele><time>2026-09-06T8:17:22Z</time><extensions><speed>-1.0</speed><course>-1.0</course><hAcc>0.0</hAcc><vAcc>0.0</vAcc></extensions></trkpt><trkpt lat="49.583504710000014" lon="10.839578420000015"><ele>-8678.130000000001</ele><time>2026-09-06T8:17:24Z</time><extensions><speed>-1.0</speed><course>-1.0</course><hAcc>0.0</hAcc><vAcc>0.0</vAcc></extensions></trkpt><trkpt lat="49.58351138000001" lon="10.839707750000015"><ele>-8678.130000000001</ele><time>2026-09-06T8:17:26Z</time><extensions><speed>-1.0</speed><course>-1.0</course><hAcc>0.0</hAcc><vAcc>0.0</vAcc></extensions></trkpt><trkpt lat="49.58351805000001" lon="10.839843750000014"><ele>-8677.23</ele><time>2026-09-06T8:17:28Z</time><extensions><speed>-1.0</speed><course>-1.0</course><hAcc>0.0</hAcc><vAcc>0.0</vAcc></extensions></trkpt><trkpt lat="49.58352572000001" lon="10.839983420000014"><ele>-8677.23</ele><time>2026-09-06T8:17:30Z</time><extensions><speed>-1.0</speed><course>-1.0</course><hAcc>0.0</hAcc><vAcc>0.0</vAcc></extensions></trkpt><trkpt lat="49.58353372000001" lon="10.840128750000014"><ele>-8677.23</ele><time>2026-09-06T8:17:32Z</time><extensions><speed>-1.0</speed><course>-1.0</course><hAcc>0.0</hAcc><vAcc>0.0</vAcc></extensions></trkpt><trkpt lat="49.58354205000001" lon="10.840275420000014"><ele>-8677.23</ele><time>2026-09-06T8:17:34Z</time><extensions><speed>-1.0</speed><course>-1.0</course><hAcc>0.0</hAcc><vAcc>0.0</vAcc></extensions></trkpt><trkpt lat="49.58355038000001" lon="10.840424420000014"><ele>-8677.23</ele><time>2026-09-06T8:17:36Z</time><extensions><speed>-1.0</speed><course>-1.0</course><hAcc>0.0</hAcc><vAcc>0.0</vAcc></extensions></trkpt><trkpt lat="49.58355705000001" lon="10.840550090000013"><ele>-8677.23</ele><time>2026-09-06T8:17:37Z</time><extensions><speed>-1.0</speed><course>-1.0</course><hAcc>0.0</hAcc><vAcc>0.0</vAcc></extensions></trkpt><trkpt lat="49.58356272000001" lon="10.840661090000014"><ele>-8677.23</ele><time>2026-09-06T8:17:38Z</time><extensions><speed>-1.0</speed><course>-1.0</course><hAcc>0.0</hAcc><vAcc>0.0</vAcc></extensions></trkpt><trkpt lat="49.58356872000001" lon="10.840787760000014"><ele>-8677.23</ele><time>2026-09-06T8:17:40Z</time><extensions><speed>-1.0</speed><course>-1.0</course><hAcc>0.0</hAcc><vAcc>0.0</vAcc></extensions></trkpt><trkpt lat="49.58357172000001" lon="10.840900760000014"><ele>-8677.23</ele><time>2026-09-06T8:17:41Z</time><extensions><speed>-1.0</speed><course>-1.0</course><hAcc>0.0</hAcc><vAcc>0.0</vAcc></extensions></trkpt><trkpt lat="49.58357172000001" lon="10.841034760000014"><ele>-8677.23</ele><time>2026-09-06T8:17:43Z</time><extensions><speed>-1.0</speed><course>-1.0</course><hAcc>0.0</hAcc><vAcc>0.0</vAcc></extensions></trkpt><trkpt lat="49.58356439000001" lon="10.841180430000014"><ele>-8677.23</ele><time>2026-09-06T8:17:45Z</time><extensions><speed>-1.0</speed><course>-1.0</course><hAcc>0.0</hAcc><vAcc>0.0</vAcc></extensions></trkpt><trkpt lat="49.58355239000001" lon="10.841337100000015"><ele>-8677.23</ele><time>2026-09-06T8:17:47Z</time><extensions><speed>-1.0</speed><course>-1.0</course><hAcc>0.0</hAcc><vAcc>0.0</vAcc></extensions></trkpt><trkpt lat="49.58354072000001" lon="10.841473770000015"><ele>-8677.23</ele><time>2026-09-06T8:17:48Z</time><extensions><speed>-1.0</speed><course>-1.0</course><hAcc>0.0</hAcc><vAcc>0.0</vAcc></extensions></trkpt><trkpt lat="49.58352939000001" lon="10.841594770000015"><ele>-8677.23</ele><time>2026-09-06T8:17:49Z</time><extensions><speed>-1.0</speed><course>-1.0</course><hAcc>0.0</hAcc><vAcc>0.0</vAcc></extensions></trkpt><trkpt lat="49.58351472000001" lon="10.841736770000015"><ele>-8677.23</ele><time>2026-09-06T8:17:51Z</time><extensions><speed>-1.0</speed><course>-1.0</course><hAcc>0.0</hAcc><vAcc>0.0</vAcc></extensions></trkpt><trkpt lat="49.58349905000001" lon="10.841897440000015"><ele>-8677.23</ele><time>2026-09-06T8:17:53Z</time><extensions><speed>-1.0</speed><course>-1.0</course><hAcc>0.0</hAcc><vAcc>0.0</vAcc></extensions></trkpt><trkpt lat="49.583483380000004" lon="10.842034440000015"><ele>-8677.23</ele><time>2026-09-06T8:17:54Z</time><extensions><speed>-1.0</speed><course>-1.0</course><hAcc>0.0</hAcc><vAcc>0.0</vAcc></extensions></trkpt><trkpt lat="49.583463710000004" lon="10.842188440000015"><ele>-8677.23</ele><time>2026-09-06T8:17:56Z</time><extensions><speed>-1.0</speed><course>-1.0</course><hAcc>0.0</hAcc><vAcc>0.0</vAcc></extensions></trkpt><trkpt lat="49.58344271000001" lon="10.842354440000015"><ele>-8677.23</ele><time>2026-09-06T8:17:58Z</time><extensions><speed>-1.0</speed><course>-1.0</course><hAcc>0.0</hAcc><vAcc>0.0</vAcc></extensions></trkpt><trkpt lat="49.58342004000001" lon="10.842526110000016"><ele>-8677.23</ele><time>2026-09-06T8:18:00Z</time><extensions><speed>-1.0</speed><course>-1.0</course><hAcc>0.0</hAcc><vAcc>0.0</vAcc></extensions></trkpt><trkpt lat="49.58339904000001" lon="10.842703440000015"><ele>-8677.23</ele><time>2026-09-06T8:18:02Z</time><extensions><speed>-1.0</speed><course>-1.0</course><hAcc>0.0</hAcc><vAcc>0.0</vAcc></extensions></trkpt><trkpt lat="49.58337404000001" lon="10.842883440000016"><ele>-8677.23</ele><time>2026-09-06T8:18:04Z</time><extensions><speed>-1.0</speed><course>-1.0</course><hAcc>0.0</hAcc><vAcc>0.0</vAcc></extensions></trkpt><trkpt lat="49.58334871000001" lon="10.843071440000015"><ele>-8677.23</ele><time>2026-09-06T8:18:06Z</time><extensions><speed>-1.0</speed><course>-1.0</course><hAcc>0.0</hAcc><vAcc>0.0</vAcc></extensions></trkpt><trkpt lat="49.58332571000001" lon="10.843259440000015"><ele>-8678.130000000001</ele><time>2026-09-06T8:18:08Z</time><extensions><speed>-1.0</speed><course>-1.0</course><hAcc>0.0</hAcc><vAcc>0.0</vAcc></extensions></trkpt><trkpt lat="49.58330638000001" lon="10.843416770000015"><ele>-8678.130000000001</ele><time>2026-09-06T8:18:09Z</time><extensions><speed>-1.0</speed><course>-1.0</course><hAcc>0.0</hAcc><vAcc>0.0</vAcc></extensions></trkpt><trkpt lat="49.58328671000001" lon="10.843583440000016"><ele>-8678.95</ele><time>2026-09-06T8:18:11Z</time><extensions><speed>-1.0</speed><course>-1.0</course><hAcc>0.0</hAcc><vAcc>0.0</vAcc></extensions></trkpt><trkpt lat="49.58326938000001" lon="10.843725770000015"><ele>-8678.95</ele><time>2026-09-06T8:18:12Z</time><extensions><speed>-1.0</speed><course>-1.0</course><hAcc>0.0</hAcc><vAcc>0.0</vAcc></extensions></trkpt><trkpt lat="49.58325005000001" lon="10.843881100000015"><ele>-8680.04</ele><time>2026-09-06T8:18:14Z</time><extensions><speed>-1.0</speed><course>-1.0</course><hAcc>0.0</hAcc><vAcc>0.0</vAcc></extensions></trkpt><trkpt lat="49.58322872000001" lon="10.844045430000016"><ele>-8680.04</ele><time>2026-09-06T8:18:16Z</time><extensions><speed>-1.0</speed><course>-1.0</course><hAcc>0.0</hAcc><vAcc>0.0</vAcc></extensions></trkpt><trkpt lat="49.58321072000001" lon="10.844184760000015"><ele>-8680.86</ele><time>2026-09-06T8:18:17Z</time><extensions><speed>-1.0</speed><course>-1.0</course><hAcc>0.0</hAcc><vAcc>0.0</vAcc></extensions></trkpt><trkpt lat="49.58319172000001" lon="10.844335760000016"><ele>-8680.86</ele><time>2026-09-06T8:18:19Z</time><extensions><speed>-1.0</speed><course>-1.0</course><hAcc>0.0</hAcc><vAcc>0.0</vAcc></extensions></trkpt><trkpt lat="49.58317039000001" lon="10.844493760000017"><ele>-8680.86</ele><time>2026-09-06T8:18:21Z</time><extensions><speed>-1.0</speed><course>-1.0</course><hAcc>0.0</hAcc><vAcc>0.0</vAcc></extensions></trkpt><trkpt lat="49.58315006000001" lon="10.844658760000017"><ele>-8681.68</ele><time>2026-09-06T8:18:23Z</time><extensions><speed>-1.0</speed><course>-1.0</course><hAcc>0.0</hAcc><vAcc>0.0</vAcc></extensions></trkpt><trkpt lat="49.58312939000001" lon="10.844828090000018"><ele>-8681.68</ele><time>2026-09-06T8:18:25Z</time><extensions><speed>-1.0</speed><course>-1.0</course><hAcc>0.0</hAcc><vAcc>0.0</vAcc></extensions></trkpt><trkpt lat="49.58310639000001" lon="10.845000090000017"><ele>-8681.68</ele><time>2026-09-06T8:18:27Z</time><extensions><speed>-1.0</speed><course>-1.0</course><hAcc>0.0</hAcc><vAcc>0.0</vAcc></extensions></trkpt><trkpt lat="49.58308706000001" lon="10.845145090000017"><ele>-8681.68</ele><time>2026-09-06T8:18:28Z</time><extensions><speed>-1.0</speed><course>-1.0</course><hAcc>0.0</hAcc><vAcc>0.0</vAcc></extensions></trkpt><trkpt lat="49.58307139000001" lon="10.845272090000018"><ele>-8681.68</ele><time>2026-09-06T8:18:29Z</time><extensions><speed>-1.0</speed><course>-1.0</course><hAcc>0.0</hAcc><vAcc>0.0</vAcc></extensions></trkpt><trkpt lat="49.583058060000006" lon="10.845385760000017"><ele>-8681.68</ele><time>2026-09-06T8:18:30Z</time><extensions><speed>-1.0</speed><course>-1.0</course><hAcc>0.0</hAcc><vAcc>0.0</vAcc></extensions></trkpt><trkpt lat="49.583041060000006" lon="10.845517090000017"><ele>-8681.68</ele><time>2026-09-06T8:18:32Z</time><extensions><speed>-1.0</speed><course>-1.0</course><hAcc>0.0</hAcc><vAcc>0.0</vAcc></extensions></trkpt><trkpt lat="49.58302106000001" lon="10.845669090000017"><ele>-8681.68</ele><time>2026-09-06T8:18:34Z</time><extensions><speed>-1.0</speed><course>-1.0</course><hAcc>0.0</hAcc><vAcc>0.0</vAcc></extensions></trkpt><trkpt lat="49.58300006000001" lon="10.845828760000018"><ele>-8681.68</ele><time>2026-09-06T8:18:36Z</time><extensions><speed>-1.0</speed><course>-1.0</course><hAcc>0.0</hAcc><vAcc>0.0</vAcc></extensions></trkpt><trkpt lat="49.58298173000001" lon="10.845995430000018"><ele>-8681.68</ele><time>2026-09-06T8:18:38Z</time><extensions><speed>-1.0</speed><course>-1.0</course><hAcc>0.0</hAcc><vAcc>0.0</vAcc></extensions></trkpt><trkpt lat="49.582966060000004" lon="10.846137760000017"><ele>-8681.68</ele><time>2026-09-06T8:18:39Z</time><extensions><speed>-1.0</speed><course>-1.0</course><hAcc>0.0</hAcc><vAcc>0.0</vAcc></extensions></trkpt><trkpt lat="49.582951730000005" lon="10.846264760000018"><ele>-8681.68</ele><time>2026-09-06T8:18:40Z</time><extensions><speed>-1.0</speed><course>-1.0</course><hAcc>0.0</hAcc><vAcc>0.0</vAcc></extensions></trkpt><trkpt lat="49.58293306" lon="10.846405090000019"><ele>-8681.68</ele><time>2026-09-06T8:18:42Z</time><extensions><speed>-1.0</speed><course>-1.0</course><hAcc>0.0</hAcc><vAcc>0.0</vAcc></extensions></trkpt><trkpt lat="49.58291406" lon="10.846558090000018"><ele>-8681.68</ele><time>2026-09-06T8:18:44Z</time><extensions><speed>-1.0</speed><course>-1.0</course><hAcc>0.0</hAcc><vAcc>0.0</vAcc></extensions></trkpt><trkpt lat="49.58289506" lon="10.846718420000018"><ele>-8681.68</ele><time>2026-09-06T8:18:46Z</time><extensions><speed>-1.0</speed><course>-1.0</course><hAcc>0.0</hAcc><vAcc>0.0</vAcc></extensions></trkpt><trkpt lat="49.582873389999996" lon="10.846881750000017"><ele>-8681.68</ele><time>2026-09-06T8:18:48Z</time><extensions><speed>-1.0</speed><course>-1.0</course><hAcc>0.0</hAcc><vAcc>0.0</vAcc></extensions></trkpt><trkpt lat="49.58285039" lon="10.847052080000017"><ele>-8681.68</ele><time>2026-09-06T8:18:50Z</time><extensions><speed>-1.0</speed><course>-1.0</course><hAcc>0.0</hAcc><vAcc>0.0</vAcc></extensions></trkpt><trkpt lat="49.58282772" lon="10.847223410000018"><ele>-8681.68</ele><time>2026-09-06T8:18:52Z</time><extensions><speed>-1.0</speed><course>-1.0</course><hAcc>0.0</hAcc><vAcc>0.0</vAcc></extensions></trkpt><trkpt lat="49.58280405" lon="10.847396740000018"><ele>-8681.68</ele><time>2026-09-06T8:18:54Z</time><extensions><speed>-1.0</speed><course>-1.0</course><hAcc>0.0</hAcc><vAcc>0.0</vAcc></extensions></trkpt><trkpt lat="49.58278705" lon="10.847544740000018"><ele>-8681.68</ele><time>2026-09-06T8:18:55Z</time><extensions><speed>-1.0</speed><course>-1.0</course><hAcc>0.0</hAcc><vAcc>0.0</vAcc></extensions></trkpt><trkpt lat="49.58277472" lon="10.847701070000017"><ele>-8681.68</ele><time>2026-09-06T8:18:57Z</time><extensions><speed>-1.0</speed><course>-1.0</course><hAcc>0.0</hAcc><vAcc>0.0</vAcc></extensions></trkpt><trkpt lat="49.582768390000005" lon="10.847865740000017"><ele>-8681.68</ele><time>2026-09-06T8:18:59Z</time><extensions><speed>-1.0</speed><course>-1.0</course><hAcc>0.0</hAcc><vAcc>0.0</vAcc></extensions></trkpt><trkpt lat="49.58276472000001" lon="10.848006410000018"><ele>-8682.5</ele><time>2026-09-06T8:19:00Z</time><extensions><speed>-1.0</speed><course>-1.0</course><hAcc>0.0</hAcc><vAcc>0.0</vAcc></extensions></trkpt><trkpt lat="49.58276172000001" lon="10.848161410000017"><ele>-8682.5</ele><time>2026-09-06T8:19:02Z</time><extensions><speed>-1.0</speed><course>-1.0</course><hAcc>0.0</hAcc><vAcc>0.0</vAcc></extensions></trkpt><trkpt lat="49.58276205000001" lon="10.848296080000017"><ele>-8682.5</ele><time>2026-09-06T8:19:03Z</time><extensions><speed>-1.0</speed><course>-1.0</course><hAcc>0.0</hAcc><vAcc>0.0</vAcc></extensions></trkpt><trkpt lat="49.582762720000005" lon="10.848445410000016"><ele>-8682.5</ele><time>2026-09-06T8:19:05Z</time><extensions><speed>-1.0</speed><course>-1.0</course><hAcc>0.0</hAcc><vAcc>0.0</vAcc></extensions></trkpt><trkpt lat="49.58276439000001" lon="10.848604080000015"><ele>-8682.5</ele><time>2026-09-06T8:19:07Z</time><extensions><speed>-1.0</speed><course>-1.0</course><hAcc>0.0</hAcc><vAcc>0.0</vAcc></extensions></trkpt><trkpt lat="49.58276506000001" lon="10.848771080000015"><ele>-8682.5</ele><time>2026-09-06T8:19:09Z</time><extensions><speed>-1.0</speed><course>-1.0</course><hAcc>0.0</hAcc><vAcc>0.0</vAcc></extensions></trkpt><trkpt lat="49.58276706000001" lon="10.848941410000014"><ele>-8684.86</ele><time>2026-09-06T8:19:11Z</time><extensions><speed>-1.0</speed><course>-1.0</course><hAcc>0.0</hAcc><vAcc>0.0</vAcc></extensions></trkpt><trkpt lat="49.58277073000001" lon="10.849114080000014"><ele>-8684.86</ele><time>2026-09-06T8:19:13Z</time><extensions><speed>-1.0</speed><course>-1.0</course><hAcc>0.0</hAcc><vAcc>0.0</vAcc></extensions></trkpt><trkpt lat="49.58277373000001" lon="10.849260080000015"><ele>-8684.86</ele><time>2026-09-06T8:19:14Z</time><extensions><speed>-1.0</speed><course>-1.0</course><hAcc>0.0</hAcc><vAcc>0.0</vAcc></extensions></trkpt><trkpt lat="49.58277373000001" lon="10.849416750000016"><ele>-8684.86</ele><time>2026-09-06T8:19:16Z</time><extensions><speed>-1.0</speed><course>-1.0</course><hAcc>0.0</hAcc><vAcc>0.0</vAcc></extensions></trkpt><trkpt lat="49.582776730000006" lon="10.849579750000016"><ele>-8684.86</ele><time>2026-09-06T8:19:18Z</time><extensions><speed>-1.0</speed><course>-1.0</course><hAcc>0.0</hAcc><vAcc>0.0</vAcc></extensions></trkpt><trkpt lat="49.582780060000005" lon="10.849718750000017"><ele>-8684.86</ele><time>2026-09-06T8:19:19Z</time><extensions><speed>-1.0</speed><course>-1.0</course><hAcc>0.0</hAcc><vAcc>0.0</vAcc></extensions></trkpt><trkpt lat="49.58278139000001" lon="10.849869080000017"><ele>-8684.86</ele><time>2026-09-06T8:19:21Z</time><extensions><speed>-1.0</speed><course>-1.0</course><hAcc>0.0</hAcc><vAcc>0.0</vAcc></extensions></trkpt><trkpt lat="49.58278272000001" lon="10.850000080000017"><ele>-8684.86</ele><time>2026-09-06T8:19:22Z</time><extensions><speed>-1.0</speed><course>-1.0</course><hAcc>0.0</hAcc><vAcc>0.0</vAcc></extensions></trkpt><trkpt lat="49.58278605000001" lon="10.850116750000018"><ele>-8684.86</ele><time>2026-09-06T8:19:23Z</time><extensions><speed>-1.0</speed><course>-1.0</course><hAcc>0.0</hAcc><vAcc>0.0</vAcc></extensions></trkpt><trkpt lat="49.58278905000001" lon="10.850223750000017"><ele>-8684.86</ele><time>2026-09-06T8:19:24Z</time><extensions><speed>-1.0</speed><course>-1.0</course><hAcc>0.0</hAcc><vAcc>0.0</vAcc></extensions></trkpt><trkpt lat="49.58278805000001" lon="10.850351750000018"><ele>-8684.86</ele><time>2026-09-06T8:19:26Z</time><extensions><speed>-1.0</speed><course>-1.0</course><hAcc>0.0</hAcc><vAcc>0.0</vAcc></extensions></trkpt><trkpt lat="49.58278838000001" lon="10.850465420000017"><ele>-8685.95</ele><time>2026-09-06T8:19:27Z</time><extensions><speed>-1.0</speed><course>-1.0</course><hAcc>0.0</hAcc><vAcc>0.0</vAcc></extensions></trkpt><trkpt lat="49.58279171000001" lon="10.850598420000017"><ele>-8685.95</ele><time>2026-09-06T8:19:29Z</time><extensions><speed>-1.0</speed><course>-1.0</course><hAcc>0.0</hAcc><vAcc>0.0</vAcc></extensions></trkpt><trkpt lat="49.58279538000001" lon="10.850743090000016"><ele>-8685.95</ele><time>2026-09-06T8:19:31Z</time><extensions><speed>-1.0</speed><course>-1.0</course><hAcc>0.0</hAcc><vAcc>0.0</vAcc></extensions></trkpt><trkpt lat="49.58279838000001" lon="10.850896090000015"><ele>-8685.95</ele><time>2026-09-06T8:19:33Z</time><extensions><speed>-1.0</speed><course>-1.0</course><hAcc>0.0</hAcc><vAcc>0.0</vAcc></extensions></trkpt><trkpt lat="49.582802050000005" lon="10.851055090000015"><ele>-8685.95</ele><time>2026-09-06T8:19:35Z</time><extensions><speed>-1.0</speed><course>-1.0</course><hAcc>0.0</hAcc><vAcc>0.0</vAcc></extensions></trkpt><trkpt lat="49.58280372000001" lon="10.851219760000015"><ele>-8685.95</ele><time>2026-09-06T8:19:37Z</time><extensions><speed>-1.0</speed><course>-1.0</course><hAcc>0.0</hAcc><vAcc>0.0</vAcc></extensions></trkpt><trkpt lat="49.582807720000005" lon="10.851388090000015"><ele>-8685.95</ele><time>2026-09-06T8:19:39Z</time><extensions><speed>-1.0</speed><course>-1.0</course><hAcc>0.0</hAcc><vAcc>0.0</vAcc></extensions></trkpt><trkpt lat="49.582810720000005" lon="10.851529090000014"><ele>-8685.95</ele><time>2026-09-06T8:19:40Z</time><extensions><speed>-1.0</speed><course>-1.0</course><hAcc>0.0</hAcc><vAcc>0.0</vAcc></extensions></trkpt><trkpt lat="49.58281172" lon="10.851653090000013"><ele>-8686.77</ele><time>2026-09-06T8:19:41Z</time><extensions><speed>-1.0</speed><course>-1.0</course><hAcc>0.0</hAcc><vAcc>0.0</vAcc></extensions></trkpt><trkpt lat="49.58281205" lon="10.851765760000013"><ele>-8686.77</ele><time>2026-09-06T8:19:42Z</time><extensions><speed>-1.0</speed><course>-1.0</course><hAcc>0.0</hAcc><vAcc>0.0</vAcc></extensions></trkpt><trkpt lat="49.58281505" lon="10.851899430000014"><ele>-8686.77</ele><time>2026-09-06T8:19:44Z</time><extensions><speed>-1.0</speed><course>-1.0</course><hAcc>0.0</hAcc><vAcc>0.0</vAcc></extensions></trkpt><trkpt lat="49.58281772" lon="10.852049430000013"><ele>-8686.77</ele><time>2026-09-06T8:19:46Z</time><extensions><speed>-1.0</speed><course>-1.0</course><hAcc>0.0</hAcc><vAcc>0.0</vAcc></extensions></trkpt><trkpt lat="49.58282072" lon="10.852209760000013"><ele>-8686.77</ele><time>2026-09-06T8:19:48Z</time><extensions><speed>-1.0</speed><course>-1.0</course><hAcc>0.0</hAcc><vAcc>0.0</vAcc></extensions></trkpt><trkpt lat="49.582825050000004" lon="10.852348760000014"><ele>-8686.77</ele><time>2026-09-06T8:19:49Z</time><extensions><speed>-1.0</speed><course>-1.0</course><hAcc>0.0</hAcc><vAcc>0.0</vAcc></extensions></trkpt><trkpt lat="49.58282972000001" lon="10.852473090000014"><ele>-8687.77</ele><time>2026-09-06T8:19:50Z</time><extensions><speed>-1.0</speed><course>-1.0</course><hAcc>0.0</hAcc><vAcc>0.0</vAcc></extensions></trkpt><trkpt lat="49.58283772000001" lon="10.852619420000014"><ele>-8687.77</ele><time>2026-09-06T8:19:52Z</time><extensions><speed>-1.0</speed><course>-1.0</course><hAcc>0.0</hAcc><vAcc>0.0</vAcc></extensions></trkpt><trkpt lat="49.58284372000001" lon="10.852749090000014"><ele>-8687.77</ele><time>2026-09-06T8:19:53Z</time><extensions><speed>-1.0</speed><course>-1.0</course><hAcc>0.0</hAcc><vAcc>0.0</vAcc></extensions></trkpt><trkpt lat="49.58284839000001" lon="10.852868420000014"><ele>-8687.77</ele><time>2026-09-06T8:19:54Z</time><extensions><speed>-1.0</speed><course>-1.0</course><hAcc>0.0</hAcc><vAcc>0.0</vAcc></extensions></trkpt><trkpt lat="49.582852390000006" lon="10.852980090000015"><ele>-8688.68</ele><time>2026-09-06T8:19:55Z</time><extensions><speed>-1.0</speed><course>-1.0</course><hAcc>0.0</hAcc><vAcc>0.0</vAcc></extensions></trkpt><trkpt lat="49.582858390000005" lon="10.853115420000016"><ele>-8688.68</ele><time>2026-09-06T8:19:57Z</time><extensions><speed>-1.0</speed><course>-1.0</course><hAcc>0.0</hAcc><vAcc>0.0</vAcc></extensions></trkpt><trkpt lat="49.582867060000005" lon="10.853268420000015"><ele>-8688.68</ele><time>2026-09-06T8:19:59Z</time><extensions><speed>-1.0</speed><course>-1.0</course><hAcc>0.0</hAcc><vAcc>0.0</vAcc></extensions></trkpt><trkpt lat="49.58287673" lon="10.853432750000016"><ele>-8688.68</ele><time>2026-09-06T8:20:01Z</time><extensions><speed>-1.0</speed><course>-1.0</course><hAcc>0.0</hAcc><vAcc>0.0</vAcc></extensions></trkpt><trkpt lat="49.582884400000005" lon="10.853573420000016"><ele>-8689.5</ele><time>2026-09-06T8:20:02Z</time><extensions><speed>-1.0</speed><course>-1.0</course><hAcc>0.0</hAcc><vAcc>0.0</vAcc></extensions></trkpt><trkpt lat="49.5828914" lon="10.853728090000017"><ele>-8689.5</ele><time>2026-09-06T8:20:04Z</time><extensions><speed>-1.0</speed><course>-1.0</course><hAcc>0.0</hAcc><vAcc>0.0</vAcc></extensions></trkpt><trkpt lat="49.58290207" lon="10.853890420000017"><ele>-8689.5</ele><time>2026-09-06T8:20:06Z</time><extensions><speed>-1.0</speed><course>-1.0</course><hAcc>0.0</hAcc><vAcc>0.0</vAcc></extensions></trkpt><trkpt lat="49.582909400000005" lon="10.854061090000016"><ele>-8689.5</ele><time>2026-09-06T8:20:08Z</time><extensions><speed>-1.0</speed><course>-1.0</course><hAcc>0.0</hAcc><vAcc>0.0</vAcc></extensions></trkpt><trkpt lat="49.582918400000004" lon="10.854236090000017"><ele>-8689.5</ele><time>2026-09-06T8:20:10Z</time><extensions><speed>-1.0</speed><course>-1.0</course><hAcc>0.0</hAcc><vAcc>0.0</vAcc></extensions></trkpt><trkpt lat="49.582928730000006" lon="10.854409420000017"><ele>-8690.32</ele><time>2026-09-06T8:20:12Z</time><extensions><speed>-1.0</speed><course>-1.0</course><hAcc>0.0</hAcc><vAcc>0.0</vAcc></extensions></trkpt><trkpt lat="49.58293906000001" lon="10.854589750000017"><ele>-8690.32</ele><time>2026-09-06T8:20:14Z</time><extensions><speed>-1.0</speed><course>-1.0</course><hAcc>0.0</hAcc><vAcc>0.0</vAcc></extensions></trkpt><trkpt lat="49.58295006000001" lon="10.854769750000017"><ele>-8690.32</ele><time>2026-09-06T8:20:16Z</time><extensions><speed>-1.0</speed><course>-1.0</course><hAcc>0.0</hAcc><vAcc>0.0</vAcc></extensions></trkpt><trkpt lat="49.58295906000001" lon="10.854949420000017"><ele>-8690.32</ele><time>2026-09-06T8:20:18Z</time><extensions><speed>-1.0</speed><course>-1.0</course><hAcc>0.0</hAcc><vAcc>0.0</vAcc></extensions></trkpt><trkpt lat="49.582971060000006" lon="10.855127750000017"><ele>-8691.41</ele><time>2026-09-06T8:20:20Z</time><extensions><speed>-1.0</speed><course>-1.0</course><hAcc>0.0</hAcc><vAcc>0.0</vAcc></extensions></trkpt><trkpt lat="49.582982730000005" lon="10.855275420000018"><ele>-8691.41</ele><time>2026-09-06T8:20:21Z</time><extensions><speed>-1.0</speed><course>-1.0</course><hAcc>0.0</hAcc><vAcc>0.0</vAcc></extensions></trkpt><trkpt lat="49.582994060000004" lon="10.855404420000017"><ele>-8691.41</ele><time>2026-09-06T8:20:22Z</time><extensions><speed>-1.0</speed><course>-1.0</course><hAcc>0.0</hAcc><vAcc>0.0</vAcc></extensions></trkpt><trkpt lat="49.583004730000006" lon="10.855520750000018"><ele>-8691.41</ele><time>2026-09-06T8:20:23Z</time><extensions><speed>-1.0</speed><course>-1.0</course><hAcc>0.0</hAcc><vAcc>0.0</vAcc></extensions></trkpt><trkpt lat="49.583019060000005" lon="10.855655420000017"><ele>-8692.23</ele><time>2026-09-06T8:20:25Z</time><extensions><speed>-1.0</speed><course>-1.0</course><hAcc>0.0</hAcc><vAcc>0.0</vAcc></extensions></trkpt><trkpt lat="49.58303239000001" lon="10.855773090000017"><ele>-8692.23</ele><time>2026-09-06T8:20:26Z</time><extensions><speed>-1.0</speed><course>-1.0</course><hAcc>0.0</hAcc><vAcc>0.0</vAcc></extensions></trkpt><trkpt lat="49.58304572000001" lon="10.855880090000017"><ele>-8692.23</ele><time>2026-09-06T8:20:27Z</time><extensions><speed>-1.0</speed><course>-1.0</course><hAcc>0.0</hAcc><vAcc>0.0</vAcc></extensions></trkpt><trkpt lat="49.58306405000001" lon="10.856008090000017"><ele>-8693.14</ele><time>2026-09-06T8:20:29Z</time><extensions><speed>-1.0</speed><course>-1.0</course><hAcc>0.0</hAcc><vAcc>0.0</vAcc></extensions></trkpt><trkpt lat="49.58308072000001" lon="10.856121760000017"><ele>-8693.14</ele><time>2026-09-06T8:20:30Z</time><extensions><speed>-1.0</speed><course>-1.0</course><hAcc>0.0</hAcc><vAcc>0.0</vAcc></extensions></trkpt><trkpt lat="49.58309739000001" lon="10.856226760000016"><ele>-8694.04</ele><time>2026-09-06T8:20:31Z</time><extensions><speed>-1.0</speed><course>-1.0</course><hAcc>0.0</hAcc><vAcc>0.0</vAcc></extensions></trkpt><trkpt lat="49.58312139000002" lon="10.856354430000016"><ele>-8694.04</ele><time>2026-09-06T8:20:33Z</time><extensions><speed>-1.0</speed><course>-1.0</course><hAcc>0.0</hAcc><vAcc>0.0</vAcc></extensions></trkpt><trkpt lat="49.58314906000002" lon="10.856496430000016"><ele>-8694.04</ele><time>2026-09-06T8:20:35Z</time><extensions><speed>-1.0</speed><course>-1.0</course><hAcc>0.0</hAcc><vAcc>0.0</vAcc></extensions></trkpt><trkpt lat="49.58317373000002" lon="10.856618760000016"><ele>-8694.86</ele><time>2026-09-06T8:20:36Z</time><extensions><speed>-1.0</speed><course>-1.0</course><hAcc>0.0</hAcc><vAcc>0.0</vAcc></extensions></trkpt><trkpt lat="49.58320140000002" lon="10.856754760000015"><ele>-8694.86</ele><time>2026-09-06T8:20:38Z</time><extensions><speed>-1.0</speed><course>-1.0</course><hAcc>0.0</hAcc><vAcc>0.0</vAcc></extensions></trkpt><trkpt lat="49.58322440000002" lon="10.856873430000016"><ele>-8694.86</ele><time>2026-09-06T8:20:39Z</time><extensions><speed>-1.0</speed><course>-1.0</course><hAcc>0.0</hAcc><vAcc>0.0</vAcc></extensions></trkpt><trkpt lat="49.58325107000002" lon="10.857007430000015"><ele>-8695.68</ele><time>2026-09-06T8:20:41Z</time><extensions><speed>-1.0</speed><course>-1.0</course><hAcc>0.0</hAcc><vAcc>0.0</vAcc></extensions></trkpt><trkpt lat="49.58327540000002" lon="10.857123760000016"><ele>-8695.68</ele><time>2026-09-06T8:20:42Z</time><extensions><speed>-1.0</speed><course>-1.0</course><hAcc>0.0</hAcc><vAcc>0.0</vAcc></extensions></trkpt><trkpt lat="49.58330507000002" lon="10.857255430000016"><ele>-8696.5</ele><time>2026-09-06T8:20:44Z</time><extensions><speed>-1.0</speed><course>-1.0</course><hAcc>0.0</hAcc><vAcc>0.0</vAcc></extensions></trkpt><trkpt lat="49.58333940000002" lon="10.857398430000016"><ele>-8696.5</ele><time>2026-09-06T8:20:46Z</time><extensions><speed>-1.0</speed><course>-1.0</course><hAcc>0.0</hAcc><vAcc>0.0</vAcc></extensions></trkpt><trkpt lat="49.58337240000002" lon="10.857545100000015"><ele>-8697.59</ele><time>2026-09-06T8:20:48Z</time><extensions><speed>-1.0</speed><course>-1.0</course><hAcc>0.0</hAcc><vAcc>0.0</vAcc></extensions></trkpt><trkpt lat="49.583406070000024" lon="10.857690430000016"><ele>-8697.59</ele><time>2026-09-06T8:20:50Z</time><extensions><speed>-1.0</speed><course>-1.0</course><hAcc>0.0</hAcc><vAcc>0.0</vAcc></extensions></trkpt><trkpt lat="49.583436740000025" lon="10.857810100000016"><ele>-8697.59</ele><time>2026-09-06T8:20:51Z</time><extensions><speed>-1.0</speed><course>-1.0</course><hAcc>0.0</hAcc><vAcc>0.0</vAcc></extensions></trkpt><trkpt lat="49.58347474000003" lon="10.857940770000017"><ele>-8703.14</ele><time>2026-09-06T8:20:53Z</time><extensions><speed>-1.0</speed><course>-1.0</course><hAcc>0.0</hAcc><vAcc>0.0</vAcc></extensions></trkpt><trkpt lat="49.58351607000003" lon="10.858077100000017"><ele>-8703.14</ele><time>2026-09-06T8:20:55Z</time><extensions><speed>-1.0</speed><course>-1.0</course><hAcc>0.0</hAcc><vAcc>0.0</vAcc></extensions></trkpt><trkpt lat="49.58355240000003" lon="10.858191770000017"><ele>-8703.14</ele><time>2026-09-06T8:20:56Z</time><extensions><speed>-1.0</speed><course>-1.0</course><hAcc>0.0</hAcc><vAcc>0.0</vAcc></extensions></trkpt><trkpt lat="49.58359440000003" lon="10.858310440000018"><ele>-8703.14</ele><time>2026-09-06T8:20:58Z</time><extensions><speed>-1.0</speed><course>-1.0</course><hAcc>0.0</hAcc><vAcc>0.0</vAcc></extensions></trkpt><trkpt lat="49.583632400000035" lon="10.858432110000019"><ele>-8703.14</ele><time>2026-09-06T8:21:00Z</time><extensions><speed>-1.0</speed><course>-1.0</course><hAcc>0.0</hAcc><vAcc>0.0</vAcc></extensions></trkpt><trkpt lat="49.583672070000034" lon="10.858547780000018"><ele>-8703.95</ele><time>2026-09-06T8:21:02Z</time><extensions><speed>-1.0</speed><course>-1.0</course><hAcc>0.0</hAcc><vAcc>0.0</vAcc></extensions></trkpt><trkpt lat="49.583713740000036" lon="10.858634110000018"><ele>-8703.95</ele><time>2026-09-06T8:21:03Z</time><extensions><speed>-1.0</speed><course>-1.0</course><hAcc>0.0</hAcc><vAcc>0.0</vAcc></extensions></trkpt><trkpt lat="49.583773740000034" lon="10.858673440000018"><ele>-8704.95</ele><time>2026-09-06T8:21:05Z</time><extensions><speed>-1.0</speed><course>-1.0</course><hAcc>0.0</hAcc><vAcc>0.0</vAcc></extensions></trkpt><trkpt lat="49.583831740000036" lon="10.858673440000018"><ele>-8704.95</ele><time>2026-09-06T8:21:07Z</time><extensions><speed>-1.0</speed><course>-1.0</course><hAcc>0.0</hAcc><vAcc>0.0</vAcc></extensions></trkpt><trkpt lat="49.58388074000003" lon="10.858666770000019"><ele>-8704.95</ele><time>2026-09-06T8:21:08Z</time><extensions><speed>-1.0</speed><course>-1.0</course><hAcc>0.0</hAcc><vAcc>0.0</vAcc></extensions></trkpt><trkpt lat="49.583922410000035" lon="10.85865377000002"><ele>-8704.95</ele><time>2026-09-06T8:21:09Z</time><extensions><speed>-1.0</speed><course>-1.0</course><hAcc>0.0</hAcc><vAcc>0.0</vAcc></extensions></trkpt><trkpt lat="49.583970410000035" lon="10.85862677000002"><ele>-8708.05</ele><time>2026-09-06T8:21:11Z</time><extensions><speed>-1.0</speed><course>-1.0</course><hAcc>0.0</hAcc><vAcc>0.0</vAcc></extensions></trkpt><trkpt lat="49.584012080000036" lon="10.85859744000002"><ele>-8708.05</ele><time>2026-09-06T8:21:12Z</time><extensions><speed>-1.0</speed><course>-1.0</course><hAcc>0.0</hAcc><vAcc>0.0</vAcc></extensions></trkpt><trkpt lat="49.584058080000034" lon="10.858554770000021"><ele>-8708.05</ele><time>2026-09-06T8:21:14Z</time><extensions><speed>-1.0</speed><course>-1.0</course><hAcc>0.0</hAcc><vAcc>0.0</vAcc></extensions></trkpt><trkpt lat="49.584111410000034" lon="10.858505100000022"><ele>-8708.05</ele><time>2026-09-06T8:21:16Z</time><extensions><speed>-1.0</speed><course>-1.0</course><hAcc>0.0</hAcc><vAcc>0.0</vAcc></extensions></trkpt><trkpt lat="49.58415808000004" lon="10.858461770000021"><ele>-8708.05</ele><time>2026-09-06T8:21:17Z</time><extensions><speed>-1.0</speed><course>-1.0</course><hAcc>0.0</hAcc><vAcc>0.0</vAcc></extensions></trkpt><trkpt lat="49.584201080000035" lon="10.858420440000021"><ele>-8708.05</ele><time>2026-09-06T8:21:18Z</time><extensions><speed>-1.0</speed><course>-1.0</course><hAcc>0.0</hAcc><vAcc>0.0</vAcc></extensions></trkpt><trkpt lat="49.584251410000036" lon="10.85837144000002"><ele>-8708.05</ele><time>2026-09-06T8:21:20Z</time><extensions><speed>-1.0</speed><course>-1.0</course><hAcc>0.0</hAcc><vAcc>0.0</vAcc></extensions></trkpt><trkpt lat="49.58430674000004" lon="10.85831611000002"><ele>-8708.05</ele><time>2026-09-06T8:21:22Z</time><extensions><speed>-1.0</speed><course>-1.0</course><hAcc>0.0</hAcc><vAcc>0.0</vAcc></extensions></trkpt><trkpt lat="49.58435307000004" lon="10.85826844000002"><ele>-8708.05</ele><time>2026-09-06T8:21:23Z</time><extensions><speed>-1.0</speed><course>-1.0</course><hAcc>0.0</hAcc><vAcc>0.0</vAcc></extensions></trkpt><trkpt lat="49.58439207000004" lon="10.858227770000019"><ele>-8707.23</ele><time>2026-09-06T8:21:24Z</time><extensions><speed>-1.0</speed><course>-1.0</course><hAcc>0.0</hAcc><vAcc>0.0</vAcc></extensions></trkpt><trkpt lat="49.58442340000004" lon="10.85817110000002"><ele>-8707.23</ele><time>2026-09-06T8:21:26Z</time><extensions><speed>-1.0</speed><course>-1.0</course><hAcc>0.0</hAcc><vAcc>0.0</vAcc></extensions></trkpt><trkpt lat="49.58443507000004" lon="10.85810010000002"><ele>-8706.14</ele><time>2026-09-06T8:21:28Z</time><extensions><speed>-1.0</speed><course>-1.0</course><hAcc>0.0</hAcc><vAcc>0.0</vAcc></extensions></trkpt><trkpt lat="49.584436400000044" lon="10.858037430000019"><ele>-8706.14</ele><time>2026-09-06T8:21:29Z</time><extensions><speed>-1.0</speed><course>-1.0</course><hAcc>0.0</hAcc><vAcc>0.0</vAcc></extensions></trkpt><trkpt lat="49.584427730000044" lon="10.857967760000019"><ele>-8706.14</ele><time>2026-09-06T8:21:31Z</time><extensions><speed>-1.0</speed><course>-1.0</course><hAcc>0.0</hAcc><vAcc>0.0</vAcc></extensions></trkpt><trkpt lat="49.584410730000045" lon="10.857896090000018"><ele>-8706.14</ele><time>2026-09-06T8:21:33Z</time><extensions><speed>-1.0</speed><course>-1.0</course><hAcc>0.0</hAcc><vAcc>0.0</vAcc></extensions></trkpt><trkpt lat="49.584393060000046" lon="10.857835090000018"><ele>-8706.14</ele><time>2026-09-06T8:21:34Z</time><extensions><speed>-1.0</speed><course>-1.0</course><hAcc>0.0</hAcc><vAcc>0.0</vAcc></extensions></trkpt><trkpt lat="49.58437306000005" lon="10.857768760000019"><ele>-8706.14</ele><time>2026-09-06T8:21:36Z</time><extensions><speed>-1.0</speed><course>-1.0</course><hAcc>0.0</hAcc><vAcc>0.0</vAcc></extensions></trkpt><trkpt lat="49.584354390000044" lon="10.857700760000018"><ele>-8706.14</ele><time>2026-09-06T8:21:38Z</time><extensions><speed>-1.0</speed><course>-1.0</course><hAcc>0.0</hAcc><vAcc>0.0</vAcc></extensions></trkpt><trkpt lat="49.58433839000004" lon="10.857639090000019"><ele>-8705.23</ele><time>2026-09-06T8:21:39Z</time><extensions><speed>-1.0</speed><course>-1.0</course><hAcc>0.0</hAcc><vAcc>0.0</vAcc></extensions></trkpt><trkpt lat="49.58433006000004" lon="10.857576090000018"><ele>-8705.23</ele><time>2026-09-06T8:21:41Z</time><extensions><speed>-1.0</speed><course>-1.0</course><hAcc>0.0</hAcc><vAcc>0.0</vAcc></extensions></trkpt><trkpt lat="49.58433239000004" lon="10.857519760000018"><ele>-8705.23</ele><time>2026-09-06T8:21:43Z</time><extensions><speed>-1.0</speed><course>-1.0</course><hAcc>0.0</hAcc><vAcc>0.0</vAcc></extensions></trkpt><trkpt lat="49.58433806000004" lon="10.857478090000019"><ele>-8703.14</ele><time>2026-09-06T8:21:44Z</time><extensions><speed>-1.0</speed><course>-1.0</course><hAcc>0.0</hAcc><vAcc>0.0</vAcc></extensions></trkpt><trkpt lat="49.584346060000044" lon="10.857443420000019"><ele>-8703.14</ele><time>2026-09-06T8:21:45Z</time><extensions><speed>-1.0</speed><course>-1.0</course><hAcc>0.0</hAcc><vAcc>0.0</vAcc></extensions></trkpt><trkpt lat="49.58435773000004" lon="10.857416090000019"><ele>-8703.14</ele><time>2026-09-06T8:21:47Z</time><extensions><speed>-1.0</speed><course>-1.0</course><hAcc>0.0</hAcc><vAcc>0.0</vAcc></extensions></trkpt><trkpt lat="49.584373730000046" lon="10.85738342000002"><ele>-8703.14</ele><time>2026-09-06T8:21:49Z</time><extensions><speed>-1.0</speed><course>-1.0</course><hAcc>0.0</hAcc><vAcc>0.0</vAcc></extensions></trkpt><trkpt lat="49.58439540000005" lon="10.857360420000019"><ele>-8703.14</ele><time>2026-09-06T8:21:51Z</time><extensions><speed>-1.0</speed><course>-1.0</course><hAcc>0.0</hAcc><vAcc>0.0</vAcc></extensions></trkpt><trkpt lat="49.58441373000005" lon="10.857350090000018"><ele>-8703.14</ele><time>2026-09-06T8:21:52Z</time><extensions><speed>-1.0</speed><course>-1.0</course><hAcc>0.0</hAcc><vAcc>0.0</vAcc></extensions></trkpt><trkpt lat="49.58442606000005" lon="10.857341090000018"><ele>-8703.14</ele><time>2026-09-06T8:21:54Z</time><extensions><speed>-1.0</speed><course>-1.0</course><hAcc>0.0</hAcc><vAcc>0.0</vAcc></extensions></trkpt><trkpt lat="49.58443606000005" lon="10.857336090000018"><ele>-8703.14</ele><time>2026-09-06T8:21:55Z</time><extensions><speed>-1.0</speed><course>-1.0</course><hAcc>0.0</hAcc><vAcc>0.0</vAcc></extensions></trkpt><trkpt lat="49.58444173000005" lon="10.857330760000018"><ele>-8703.14</ele><time>2026-09-06T8:21:57Z</time><extensions><speed>-1.0</speed><course>-1.0</course><hAcc>0.0</hAcc><vAcc>0.0</vAcc></extensions></trkpt><trkpt lat="49.58444506000005" lon="10.857325760000018"><ele>-8703.14</ele><time>2026-09-06T8:21:58Z</time><extensions><speed>-1.0</speed><course>-1.0</course><hAcc>0.0</hAcc><vAcc>0.0</vAcc></extensions></trkpt><trkpt lat="49.58444839000005" lon="10.857320090000018"><ele>-8703.14</ele><time>2026-09-06T8:22:00Z</time><extensions><speed>-1.0</speed><course>-1.0</course><hAcc>0.0</hAcc><vAcc>0.0</vAcc></extensions></trkpt><trkpt lat="49.58445206000005" lon="10.857315420000019"><ele>-8703.14</ele><time>2026-09-06T8:22:01Z</time><extensions><speed>-1.0</speed><course>-1.0</course><hAcc>0.0</hAcc><vAcc>0.0</vAcc></extensions></trkpt><trkpt lat="49.58445639000005" lon="10.857310420000019"><ele>-8703.14</ele><time>2026-09-06T8:22:03Z</time><extensions><speed>-1.0</speed><course>-1.0</course><hAcc>0.0</hAcc><vAcc>0.0</vAcc></extensions></trkpt><trkpt lat="49.58446106000005" lon="10.857306420000018"><ele>-8703.14</ele><time>2026-09-06T8:22:04Z</time><extensions><speed>-1.0</speed><course>-1.0</course><hAcc>0.0</hAcc><vAcc>0.0</vAcc></extensions></trkpt><trkpt lat="49.58446806000005" lon="10.857300090000018"><ele>-8703.14</ele><time>2026-09-06T8:22:06Z</time><extensions><speed>-1.0</speed><course>-1.0</course><hAcc>0.0</hAcc><vAcc>0.0</vAcc></extensions></trkpt><trkpt lat="49.58447306000005" lon="10.857294420000018"><ele>-8703.14</ele><time>2026-09-06T8:22:07Z</time><extensions><speed>-1.0</speed><course>-1.0</course><hAcc>0.0</hAcc><vAcc>0.0</vAcc></extensions></trkpt><trkpt lat="49.58448973000005" lon="10.85727075000002"><ele>-8703.14</ele><time>2026-09-06T8:22:13Z</time><extensions><speed>-1.0</speed><course>-1.0</course><hAcc>0.0</hAcc><vAcc>0.0</vAcc></extensions></trkpt><trkpt lat="49.58449073000005" lon="10.85726708000002"><ele>-8703.14</ele><time>2026-09-06T8:22:15Z</time><extensions><speed>-1.0</speed><course>-1.0</course><hAcc>0.0</hAcc><vAcc>0.0</vAcc></extensions></trkpt><trkpt lat="49.58449240000005" lon="10.85726241000002"><ele>-8703.14</ele><time>2026-09-06T8:22:16Z</time><extensions><speed>-1.0</speed><course>-1.0</course><hAcc>0.0</hAcc><vAcc>0.0</vAcc></extensions></trkpt><trkpt lat="49.584494070000055" lon="10.85725674000002"><ele>-8703.14</ele><time>2026-09-06T8:22:17Z</time><extensions><speed>-1.0</speed><course>-1.0</course><hAcc>0.0</hAcc><vAcc>0.0</vAcc></extensions></trkpt><trkpt lat="49.584496740000056" lon="10.85725207000002"><ele>-8703.14</ele><time>2026-09-06T8:22:19Z</time><extensions><speed>-1.0</speed><course>-1.0</course><hAcc>0.0</hAcc><vAcc>0.0</vAcc></extensions></trkpt><trkpt lat="49.584496740000056" lon="10.85725007000002"><ele>-8703.14</ele><time>2026-09-06T8:22:20Z</time><extensions><speed>-1.0</speed><course>-1.0</course><hAcc>0.0</hAcc><vAcc>0.0</vAcc></extensions></trkpt><trkpt lat="49.58449341000006" lon="10.857250400000021"><ele>-8703.14</ele><time>2026-09-06T8:22:22Z</time><extensions><speed>-1.0</speed><course>-1.0</course><hAcc>0.0</hAcc><vAcc>0.0</vAcc></extensions></trkpt><trkpt lat="49.58448808000006" lon="10.857254400000022"><ele>-8703.14</ele><time>2026-09-06T8:22:24Z</time><extensions><speed>-1.0</speed><course>-1.0</course><hAcc>0.0</hAcc><vAcc>0.0</vAcc></extensions></trkpt><trkpt lat="49.58448141000006" lon="10.857257070000022"><ele>-8703.14</ele><time>2026-09-06T8:22:26Z</time><extensions><speed>-1.0</speed><course>-1.0</course><hAcc>0.0</hAcc><vAcc>0.0</vAcc></extensions></trkpt><trkpt lat="49.58447374000006" lon="10.857265740000022"><ele>-8703.14</ele><time>2026-09-06T8:22:28Z</time><extensions><speed>-1.0</speed><course>-1.0</course><hAcc>0.0</hAcc><vAcc>0.0</vAcc></extensions></trkpt><trkpt lat="49.584454070000056" lon="10.857141070000022"><ele>-20000.0</ele><time>2026-09-06T8:51:05Z</time><extensions><speed>-1.0</speed><course>-1.0</course><hAcc>0.0</hAcc><vAcc>0.0</vAcc></extensions></trkpt><trkpt lat="49.584454070000056" lon="10.857140740000021"><ele>-20000.0</ele><time>2026-09-06T8:51:07Z</time><extensions><speed>-1.0</speed><course>-1.0</course><hAcc>0.0</hAcc><vAcc>0.0</vAcc></extensions></trkpt><trkpt lat="49.584454740000055" lon="10.857139410000022"><ele>-20000.0</ele><time>2026-09-06T8:51:09Z</time><extensions><speed>-1.0</speed><course>-1.0</course><hAcc>0.0</hAcc><vAcc>0.0</vAcc></extensions></trkpt><trkpt lat="49.584455410000054" lon="10.857138740000021"><ele>-20000.0</ele><time>2026-09-06T8:51:10Z</time><extensions><speed>-1.0</speed><course>-1.0</course><hAcc>0.0</hAcc><vAcc>0.0</vAcc></extensions></trkpt><trkpt lat="49.58445574000005" lon="10.857140070000021"><ele>-20000.0</ele><time>2026-09-06T8:51:12Z</time><extensions><speed>-1.0</speed><course>-1.0</course><hAcc>0.0</hAcc><vAcc>0.0</vAcc></extensions></trkpt><trkpt lat="49.584455410000054" lon="10.85713974000002"><ele>-20000.0</ele><time>2026-09-06T8:51:14Z</time><extensions><speed>-1.0</speed><course>-1.0</course><hAcc>0.0</hAcc><vAcc>0.0</vAcc></extensions></trkpt><trkpt lat="49.58445574000005" lon="10.857140070000021"><ele>-20000.0</ele><time>2026-09-06T8:51:15Z</time><extensions><speed>-1.0</speed><course>-1.0</course><hAcc>0.0</hAcc><vAcc>0.0</vAcc></extensions></trkpt><trkpt lat="49.58445374000005" lon="10.85713974000002"><ele>-20000.0</ele><time>2026-09-06T8:51:17Z</time><extensions><speed>-1.0</speed><course>-1.0</course><hAcc>0.0</hAcc><vAcc>0.0</vAcc></extensions></trkpt><trkpt lat="49.58445207000005" lon="10.85714041000002"><ele>323.22</ele><time>2026-09-06T8:51:18Z</time><extensions><speed>-1.0</speed><course>-1.0</course><hAcc>0.0</hAcc><vAcc>0.0</vAcc></extensions></trkpt><trkpt lat="49.584450400000044" lon="10.857140740000021"><ele>323.22</ele><time>2026-09-06T8:51:20Z</time><extensions><speed>-1.0</speed><course>-1.0</course><hAcc>0.0</hAcc><vAcc>0.0</vAcc></extensions></trkpt><trkpt lat="49.584450070000045" lon="10.857140070000021"><ele>323.22</ele><time>2026-09-06T8:51:22Z</time><extensions><speed>-1.0</speed><course>-1.0</course><hAcc>0.0</hAcc><vAcc>0.0</vAcc></extensions></trkpt><trkpt lat="49.58444840000004" lon="10.857140400000022"><ele>323.22</ele><time>2026-09-06T8:51:23Z</time><extensions><speed>-1.0</speed><course>-1.0</course><hAcc>0.0</hAcc><vAcc>0.0</vAcc></extensions></trkpt><trkpt lat="49.58444707000004" lon="10.857140070000021"><ele>323.22</ele><time>2026-09-06T8:51:24Z</time><extensions><speed>-1.0</speed><course>-1.0</course><hAcc>0.0</hAcc><vAcc>0.0</vAcc></extensions></trkpt><trkpt lat="49.58444707000004" lon="10.85714174000002"><ele>323.22</ele><time>2026-09-06T8:51:26Z</time><extensions><speed>-1.0</speed><course>-1.0</course><hAcc>0.0</hAcc><vAcc>0.0</vAcc></extensions></trkpt><trkpt lat="49.58444707000004" lon="10.857142070000021"><ele>323.22</ele><time>2026-09-06T8:51:27Z</time><extensions><speed>-1.0</speed><course>-1.0</course><hAcc>0.0</hAcc><vAcc>0.0</vAcc></extensions></trkpt><trkpt lat="49.58444507000004" lon="10.857150740000021"><ele>323.22</ele><time>2026-09-06T8:51:31Z</time><extensions><speed>-1.0</speed><course>-1.0</course><hAcc>0.0</hAcc><vAcc>0.0</vAcc></extensions></trkpt><trkpt lat="49.58443274000004" lon="10.85714807000002"><ele>323.22</ele><time>2026-09-06T8:51:44Z</time><extensions><speed>-1.0</speed><course>-1.0</course><hAcc>0.0</hAcc><vAcc>0.0</vAcc></extensions></trkpt><trkpt lat="49.58442141000004" lon="10.85714774000002"><ele>323.22</ele><time>2026-09-06T8:51:47Z</time><extensions><speed>-1.0</speed><course>-1.0</course><hAcc>0.0</hAcc><vAcc>0.0</vAcc></extensions></trkpt><trkpt lat="49.58442241000004" lon="10.85714807000002"><ele>323.22</ele><time>2026-09-06T8:51:48Z</time><extensions><speed>-1.0</speed><course>-1.0</course><hAcc>0.0</hAcc><vAcc>0.0</vAcc></extensions></trkpt><trkpt lat="49.58442674000004" lon="10.85714974000002"><ele>323.22</ele><time>2026-09-06T8:51:59Z</time><extensions><speed>-1.0</speed><course>-1.0</course><hAcc>0.0</hAcc><vAcc>0.0</vAcc></extensions></trkpt><trkpt lat="49.58442741000004" lon="10.85714974000002"><ele>323.22</ele><time>2026-09-06T8:52:01Z</time><extensions><speed>-1.0</speed><course>-1.0</course><hAcc>0.0</hAcc><vAcc>0.0</vAcc></extensions></trkpt><trkpt lat="49.58442741000004" lon="10.85714974000002"><ele>323.22</ele><time>2026-09-06T8:52:03Z</time><extensions><speed>-1.0</speed><course>-1.0</course><hAcc>0.0</hAcc><vAcc>0.0</vAcc></extensions></trkpt><trkpt lat="49.58443508000004" lon="10.85714274000002"><ele>323.22</ele><time>2026-09-06T8:52:24Z</time><extensions><speed>-1.0</speed><course>-1.0</course><hAcc>0.0</hAcc><vAcc>0.0</vAcc></extensions></trkpt><trkpt lat="49.58443075000004" lon="10.85714541000002"><ele>323.22</ele><time>2026-09-06T8:52:32Z</time><extensions><speed>-1.0</speed><course>-1.0</course><hAcc>0.0</hAcc><vAcc>0.0</vAcc></extensions></trkpt><trkpt lat="49.58443242000004" lon="10.85714841000002"><ele>323.22</ele><time>2026-09-06T8:52:45Z</time><extensions><speed>-1.0</speed><course>-1.0</course><hAcc>0.0</hAcc><vAcc>0.0</vAcc></extensions></trkpt><trkpt lat="49.584436750000044" lon="10.85715541000002"><ele>323.22</ele><time>2026-09-06T8:53:17Z</time><extensions><speed>-1.0</speed><course>-1.0</course><hAcc>0.0</hAcc><vAcc>0.0</vAcc></extensions></trkpt><trkpt lat="49.584436080000046" lon="10.85715208000002"><ele>323.22</ele><time>2026-09-06T8:53:29Z</time><extensions><speed>-1.0</speed><course>-1.0</course><hAcc>0.0</hAcc><vAcc>0.0</vAcc></extensions></trkpt><trkpt lat="49.58444041000005" lon="10.85714475000002"><ele>323.22</ele><time>2026-09-06T8:54:11Z</time><extensions><speed>-1.0</speed><course>-1.0</course><hAcc>0.0</hAcc><vAcc>0.0</vAcc></extensions></trkpt><trkpt lat="49.584439080000045" lon="10.85714475000002"><ele>323.22</ele><time>2026-09-06T8:54:12Z</time><extensions><speed>-1.0</speed><course>-1.0</course><hAcc>0.0</hAcc><vAcc>0.0</vAcc></extensions></trkpt><trkpt lat="49.58443741000004" lon="10.857144080000019"><ele>323.22</ele><time>2026-09-06T8:54:14Z</time><extensions><speed>-1.0</speed><course>-1.0</course><hAcc>0.0</hAcc><vAcc>0.0</vAcc></extensions></trkpt><trkpt lat="49.58443474000004" lon="10.857145410000019"><ele>323.22</ele><time>2026-09-06T8:54:16Z</time><extensions><speed>-1.0</speed><course>-1.0</course><hAcc>0.0</hAcc><vAcc>0.0</vAcc></extensions></trkpt><trkpt lat="49.58443107000004" lon="10.857150410000019"><ele>323.22</ele><time>2026-09-06T8:54:20Z</time><extensions><speed>-1.0</speed><course>-1.0</course><hAcc>0.0</hAcc><vAcc>0.0</vAcc></extensions></trkpt><trkpt lat="49.584430070000046" lon="10.857151080000019"><ele>323.22</ele><time>2026-09-06T8:54:21Z</time><extensions><speed>-1.0</speed><course>-1.0</course><hAcc>0.0</hAcc><vAcc>0.0</vAcc></extensions></trkpt><trkpt lat="49.584416400000045" lon="10.857162750000018"><ele>323.22</ele><time>2026-09-06T8:54:23Z</time><extensions><speed>-1.0</speed><course>-1.0</course><hAcc>0.0</hAcc><vAcc>0.0</vAcc></extensions></trkpt><trkpt lat="49.584399400000045" lon="10.857180420000018"><ele>323.22</ele><time>2026-09-06T8:54:24Z</time><extensions><speed>-1.0</speed><course>-1.0</course><hAcc>0.0</hAcc><vAcc>0.0</vAcc></extensions></trkpt><trkpt lat="49.584379730000045" lon="10.857202090000019"><ele>323.22</ele><time>2026-09-06T8:54:25Z</time><extensions><speed>-1.0</speed><course>-1.0</course><hAcc>0.0</hAcc><vAcc>0.0</vAcc></extensions></trkpt><trkpt lat="49.58434706000004" lon="10.857239760000018"><ele>323.22</ele><time>2026-09-06T8:54:27Z</time><extensions><speed>-1.0</speed><course>-1.0</course><hAcc>0.0</hAcc><vAcc>0.0</vAcc></extensions></trkpt><trkpt lat="49.58431339000004" lon="10.857293430000018"><ele>323.22</ele><time>2026-09-06T8:54:29Z</time><extensions><speed>-1.0</speed><course>-1.0</course><hAcc>0.0</hAcc><vAcc>0.0</vAcc></extensions></trkpt><trkpt lat="49.58429672000004" lon="10.857362760000019"><ele>323.22</ele><time>2026-09-06T8:54:30Z</time><extensions><speed>-1.0</speed><course>-1.0</course><hAcc>0.0</hAcc><vAcc>0.0</vAcc></extensions></trkpt><trkpt lat="49.58430572000004" lon="10.85745309000002"><ele>323.22</ele><time>2026-09-06T8:54:32Z</time><extensions><speed>-1.0</speed><course>-1.0</course><hAcc>0.0</hAcc><vAcc>0.0</vAcc></extensions></trkpt><trkpt lat="49.58432472000004" lon="10.857535760000019"><ele>323.22</ele><time>2026-09-06T8:54:33Z</time><extensions><speed>-1.0</speed><course>-1.0</course><hAcc>0.0</hAcc><vAcc>0.0</vAcc></extensions></trkpt><trkpt lat="49.584348720000044" lon="10.857612760000018"><ele>323.22</ele><time>2026-09-06T8:54:34Z</time><extensions><speed>-1.0</speed><course>-1.0</course><hAcc>0.0</hAcc><vAcc>0.0</vAcc></extensions></trkpt><trkpt lat="49.58438039000004" lon="10.857714090000018"><ele>321.95</ele><time>2026-09-06T8:54:36Z</time><extensions><speed>-1.0</speed><course>-1.0</course><hAcc>0.0</hAcc><vAcc>0.0</vAcc></extensions></trkpt><trkpt lat="49.58439306000004" lon="10.857836420000018"><ele>321.95</ele><time>2026-09-06T8:54:38Z</time><extensions><speed>-1.0</speed><course>-1.0</course><hAcc>0.0</hAcc><vAcc>0.0</vAcc></extensions></trkpt><trkpt lat="49.58437073000004" lon="10.857955090000019"><ele>321.95</ele><time>2026-09-06T8:54:40Z</time><extensions><speed>-1.0</speed><course>-1.0</course><hAcc>0.0</hAcc><vAcc>0.0</vAcc></extensions></trkpt><trkpt lat="49.58432473000004" lon="10.858066420000018"><ele>321.95</ele><time>2026-09-06T8:54:42Z</time><extensions><speed>-1.0</speed><course>-1.0</course><hAcc>0.0</hAcc><vAcc>0.0</vAcc></extensions></trkpt><trkpt lat="49.584267400000044" lon="10.858175420000018"><ele>321.95</ele><time>2026-09-06T8:54:44Z</time><extensions><speed>-1.0</speed><course>-1.0</course><hAcc>0.0</hAcc><vAcc>0.0</vAcc></extensions></trkpt><trkpt lat="49.58420340000004" lon="10.858276420000019"><ele>321.13</ele><time>2026-09-06T8:54:46Z</time><extensions><speed>-1.0</speed><course>-1.0</course><hAcc>0.0</hAcc><vAcc>0.0</vAcc></extensions></trkpt><trkpt lat="49.58413607000004" lon="10.858375090000019"><ele>321.13</ele><time>2026-09-06T8:54:48Z</time><extensions><speed>-1.0</speed><course>-1.0</course><hAcc>0.0</hAcc><vAcc>0.0</vAcc></extensions></trkpt><trkpt lat="49.584061400000046" lon="10.858471090000018"><ele>320.31</ele><time>2026-09-06T8:54:50Z</time><extensions><speed>-1.0</speed><course>-1.0</course><hAcc>0.0</hAcc><vAcc>0.0</vAcc></extensions></trkpt><trkpt lat="49.583996730000045" lon="10.858552420000018"><ele>320.31</ele><time>2026-09-06T8:54:51Z</time><extensions><speed>-1.0</speed><course>-1.0</course><hAcc>0.0</hAcc><vAcc>0.0</vAcc></extensions></trkpt><trkpt lat="49.58394106000004" lon="10.858632750000018"><ele>317.95</ele><time>2026-09-06T8:54:53Z</time><extensions><speed>-1.0</speed><course>-1.0</course><hAcc>0.0</hAcc><vAcc>0.0</vAcc></extensions></trkpt><trkpt lat="49.58389973000004" lon="10.858693080000018"><ele>317.95</ele><time>2026-09-06T8:54:54Z</time><extensions><speed>-1.0</speed><course>-1.0</course><hAcc>0.0</hAcc><vAcc>0.0</vAcc></extensions></trkpt><trkpt lat="49.58387006000004" lon="10.858745080000018"><ele>317.95</ele><time>2026-09-06T8:54:55Z</time><extensions><speed>-1.0</speed><course>-1.0</course><hAcc>0.0</hAcc><vAcc>0.0</vAcc></extensions></trkpt><trkpt lat="49.58385073000004" lon="10.858798080000017"><ele>317.95</ele><time>2026-09-06T8:54:56Z</time><extensions><speed>-1.0</speed><course>-1.0</course><hAcc>0.0</hAcc><vAcc>0.0</vAcc></extensions></trkpt><trkpt lat="49.58384240000004" lon="10.858849080000017"><ele>317.95</ele><time>2026-09-06T8:54:57Z</time><extensions><speed>-1.0</speed><course>-1.0</course><hAcc>0.0</hAcc><vAcc>0.0</vAcc></extensions></trkpt><trkpt lat="49.58384373000004" lon="10.858903410000016"><ele>317.95</ele><time>2026-09-06T8:54:58Z</time><extensions><speed>-1.0</speed><course>-1.0</course><hAcc>0.0</hAcc><vAcc>0.0</vAcc></extensions></trkpt><trkpt lat="49.58385540000004" lon="10.858977080000017"><ele>317.95</ele><time>2026-09-06T8:55:00Z</time><extensions><speed>-1.0</speed><course>-1.0</course><hAcc>0.0</hAcc><vAcc>0.0</vAcc></extensions></trkpt><trkpt lat="49.58386540000004" lon="10.859041410000017"><ele>317.04</ele><time>2026-09-06T8:55:01Z</time><extensions><speed>-1.0</speed><course>-1.0</course><hAcc>0.0</hAcc><vAcc>0.0</vAcc></extensions></trkpt><trkpt lat="49.583875730000045" lon="10.859099080000018"><ele>317.04</ele><time>2026-09-06T8:55:02Z</time><extensions><speed>-1.0</speed><course>-1.0</course><hAcc>0.0</hAcc><vAcc>0.0</vAcc></extensions></trkpt><trkpt lat="49.58387373000004" lon="10.859176080000017"><ele>317.04</ele><time>2026-09-06T8:55:04Z</time><extensions><speed>-1.0</speed><course>-1.0</course><hAcc>0.0</hAcc><vAcc>0.0</vAcc></extensions></trkpt><trkpt lat="49.583853400000045" lon="10.859246750000016"><ele>316.22</ele><time>2026-09-06T8:55:05Z</time><extensions><speed>-1.0</speed><course>-1.0</course><hAcc>0.0</hAcc><vAcc>0.0</vAcc></extensions></trkpt><trkpt lat="49.58380473000005" lon="10.859324080000016"><ele>316.22</ele><time>2026-09-06T8:55:07Z</time><extensions><speed>-1.0</speed><course>-1.0</course><hAcc>0.0</hAcc><vAcc>0.0</vAcc></extensions></trkpt><trkpt lat="49.583755400000044" lon="10.859394750000016"><ele>316.22</ele><time>2026-09-06T8:55:08Z</time><extensions><speed>-1.0</speed><course>-1.0</course><hAcc>0.0</hAcc><vAcc>0.0</vAcc></extensions></trkpt><trkpt lat="49.58369107000004" lon="10.859490750000015"><ele>313.31</ele><time>2026-09-06T8:55:10Z</time><extensions><speed>-1.0</speed><course>-1.0</course><hAcc>0.0</hAcc><vAcc>0.0</vAcc></extensions></trkpt><trkpt lat="49.58363274000004" lon="10.859581420000016"><ele>313.31</ele><time>2026-09-06T8:55:11Z</time><extensions><speed>-1.0</speed><course>-1.0</course><hAcc>0.0</hAcc><vAcc>0.0</vAcc></extensions></trkpt><trkpt lat="49.58358041000004" lon="10.859668420000016"><ele>313.31</ele><time>2026-09-06T8:55:12Z</time><extensions><speed>-1.0</speed><course>-1.0</course><hAcc>0.0</hAcc><vAcc>0.0</vAcc></extensions></trkpt><trkpt lat="49.58353541000004" lon="10.859753420000017"><ele>313.31</ele><time>2026-09-06T8:55:13Z</time><extensions><speed>-1.0</speed><course>-1.0</course><hAcc>0.0</hAcc><vAcc>0.0</vAcc></extensions></trkpt><trkpt lat="49.58348941000004" lon="10.859859090000016"><ele>313.31</ele><time>2026-09-06T8:55:15Z</time><extensions><speed>-1.0</speed><course>-1.0</course><hAcc>0.0</hAcc><vAcc>0.0</vAcc></extensions></trkpt><trkpt lat="49.58344274000004" lon="10.859971090000016"><ele>313.31</ele><time>2026-09-06T8:55:17Z</time><extensions><speed>-1.0</speed><course>-1.0</course><hAcc>0.0</hAcc><vAcc>0.0</vAcc></extensions></trkpt><trkpt lat="49.583404410000036" lon="10.860059420000017"><ele>313.31</ele><time>2026-09-06T8:55:18Z</time><extensions><speed>-1.0</speed><course>-1.0</course><hAcc>0.0</hAcc><vAcc>0.0</vAcc></extensions></trkpt><trkpt lat="49.58337508000004" lon="10.860142420000017"><ele>312.31</ele><time>2026-09-06T8:55:20Z</time><extensions><speed>-1.0</speed><course>-1.0</course><hAcc>0.0</hAcc><vAcc>0.0</vAcc></extensions></trkpt><trkpt lat="49.58335741000004" lon="10.860213750000018"><ele>312.31</ele><time>2026-09-06T8:55:21Z</time><extensions><speed>-1.0</speed><course>-1.0</course><hAcc>0.0</hAcc><vAcc>0.0</vAcc></extensions></trkpt><trkpt lat="49.58336841000004" lon="10.860298080000018"><ele>311.40000000000003</ele><time>2026-09-06T8:55:23Z</time><extensions><speed>-1.0</speed><course>-1.0</course><hAcc>0.0</hAcc><vAcc>0.0</vAcc></extensions></trkpt><trkpt lat="49.58340441000004" lon="10.860378750000017"><ele>311.40000000000003</ele><time>2026-09-06T8:55:25Z</time><extensions><speed>-1.0</speed><course>-1.0</course><hAcc>0.0</hAcc><vAcc>0.0</vAcc></extensions></trkpt><trkpt lat="49.583454080000045" lon="10.860465750000017"><ele>309.31</ele><time>2026-09-06T8:55:27Z</time><extensions><speed>-1.0</speed><course>-1.0</course><hAcc>0.0</hAcc><vAcc>0.0</vAcc></extensions></trkpt><trkpt lat="49.58350008000004" lon="10.860542080000018"><ele>309.31</ele><time>2026-09-06T8:55:28Z</time><extensions><speed>-1.0</speed><course>-1.0</course><hAcc>0.0</hAcc><vAcc>0.0</vAcc></extensions></trkpt><trkpt lat="49.583555750000045" lon="10.860627080000018"><ele>309.31</ele><time>2026-09-06T8:55:30Z</time><extensions><speed>-1.0</speed><course>-1.0</course><hAcc>0.0</hAcc><vAcc>0.0</vAcc></extensions></trkpt><trkpt lat="49.583609080000045" lon="10.860698410000019"><ele>309.31</ele><time>2026-09-06T8:55:31Z</time><extensions><speed>-1.0</speed><course>-1.0</course><hAcc>0.0</hAcc><vAcc>0.0</vAcc></extensions></trkpt><trkpt lat="49.58367308000005" lon="10.860773740000019"><ele>309.31</ele><time>2026-09-06T8:55:33Z</time><extensions><speed>-1.0</speed><course>-1.0</course><hAcc>0.0</hAcc><vAcc>0.0</vAcc></extensions></trkpt><trkpt lat="49.58373108000005" lon="10.860837070000018"><ele>309.31</ele><time>2026-09-06T8:55:34Z</time><extensions><speed>-1.0</speed><course>-1.0</course><hAcc>0.0</hAcc><vAcc>0.0</vAcc></extensions></trkpt><trkpt lat="49.583805410000046" lon="10.860889740000019"><ele>309.31</ele><time>2026-09-06T8:55:36Z</time><extensions><speed>-1.0</speed><course>-1.0</course><hAcc>0.0</hAcc><vAcc>0.0</vAcc></extensions></trkpt><trkpt lat="49.583890080000046" lon="10.860934740000019"><ele>309.31</ele><time>2026-09-06T8:55:38Z</time><extensions><speed>-1.0</speed><course>-1.0</course><hAcc>0.0</hAcc><vAcc>0.0</vAcc></extensions></trkpt><trkpt lat="49.583963750000045" lon="10.860965070000018"><ele>309.31</ele><time>2026-09-06T8:55:39Z</time><extensions><speed>-1.0</speed><course>-1.0</course><hAcc>0.0</hAcc><vAcc>0.0</vAcc></extensions></trkpt><trkpt lat="49.584031080000045" lon="10.860982400000019"><ele>309.31</ele><time>2026-09-06T8:55:40Z</time><extensions><speed>-1.0</speed><course>-1.0</course><hAcc>0.0</hAcc><vAcc>0.0</vAcc></extensions></trkpt><trkpt lat="49.584093080000045" lon="10.860992400000018"><ele>310.22</ele><time>2026-09-06T8:55:41Z</time><extensions><speed>-1.0</speed><course>-1.0</course><hAcc>0.0</hAcc><vAcc>0.0</vAcc></extensions></trkpt><trkpt lat="49.584152750000044" lon="10.860994730000018"><ele>310.22</ele><time>2026-09-06T8:55:42Z</time><extensions><speed>-1.0</speed><course>-1.0</course><hAcc>0.0</hAcc><vAcc>0.0</vAcc></extensions></trkpt><trkpt lat="49.58422442000004" lon="10.860979730000018"><ele>311.49</ele><time>2026-09-06T8:55:44Z</time><extensions><speed>-1.0</speed><course>-1.0</course><hAcc>0.0</hAcc><vAcc>0.0</vAcc></extensions></trkpt><trkpt lat="49.58430309000004" lon="10.860952400000018"><ele>311.49</ele><time>2026-09-06T8:55:46Z</time><extensions><speed>-1.0</speed><course>-1.0</course><hAcc>0.0</hAcc><vAcc>0.0</vAcc></extensions></trkpt><trkpt lat="49.58437142000004" lon="10.860923730000017"><ele>311.49</ele><time>2026-09-06T8:55:47Z</time><extensions><speed>-1.0</speed><course>-1.0</course><hAcc>0.0</hAcc><vAcc>0.0</vAcc></extensions></trkpt><trkpt lat="49.58444375000004" lon="10.860869400000018"><ele>311.49</ele><time>2026-09-06T8:55:49Z</time><extensions><speed>-1.0</speed><course>-1.0</course><hAcc>0.0</hAcc><vAcc>0.0</vAcc></extensions></trkpt><trkpt lat="49.58450208000004" lon="10.860813070000018"><ele>311.49</ele><time>2026-09-06T8:55:50Z</time><extensions><speed>-1.0</speed><course>-1.0</course><hAcc>0.0</hAcc><vAcc>0.0</vAcc></extensions></trkpt><trkpt lat="49.58456475000004" lon="10.86073474000002"><ele>311.49</ele><time>2026-09-06T8:55:52Z</time><extensions><speed>-1.0</speed><course>-1.0</course><hAcc>0.0</hAcc><vAcc>0.0</vAcc></extensions></trkpt><trkpt lat="49.58461642000004" lon="10.860658410000019"><ele>311.49</ele><time>2026-09-06T8:55:53Z</time><extensions><speed>-1.0</speed><course>-1.0</course><hAcc>0.0</hAcc><vAcc>0.0</vAcc></extensions></trkpt><trkpt lat="49.58465909000004" lon="10.860585410000018"><ele>311.49</ele><time>2026-09-06T8:55:54Z</time><extensions><speed>-1.0</speed><course>-1.0</course><hAcc>0.0</hAcc><vAcc>0.0</vAcc></extensions></trkpt><trkpt lat="49.58469876000004" lon="10.860499740000018"><ele>311.49</ele><time>2026-09-06T8:55:56Z</time><extensions><speed>-1.0</speed><course>-1.0</course><hAcc>0.0</hAcc><vAcc>0.0</vAcc></extensions></trkpt><trkpt lat="49.584733090000036" lon="10.860417740000017"><ele>311.49</ele><time>2026-09-06T8:55:57Z</time><extensions><speed>-1.0</speed><course>-1.0</course><hAcc>0.0</hAcc><vAcc>0.0</vAcc></extensions></trkpt><trkpt lat="49.584776090000034" lon="10.860321740000018"><ele>311.49</ele><time>2026-09-06T8:55:59Z</time><extensions><speed>-1.0</speed><course>-1.0</course><hAcc>0.0</hAcc><vAcc>0.0</vAcc></extensions></trkpt><trkpt lat="49.58481676000003" lon="10.860233070000017"><ele>312.58</ele><time>2026-09-06T8:56:00Z</time><extensions><speed>-1.0</speed><course>-1.0</course><hAcc>0.0</hAcc><vAcc>0.0</vAcc></extensions></trkpt><trkpt lat="49.58487309000003" lon="10.860149070000018"><ele>312.58</ele><time>2026-09-06T8:56:02Z</time><extensions><speed>-1.0</speed><course>-1.0</course><hAcc>0.0</hAcc><vAcc>0.0</vAcc></extensions></trkpt><trkpt lat="49.58494276000003" lon="10.860066740000018"><ele>312.58</ele><time>2026-09-06T8:56:04Z</time><extensions><speed>-1.0</speed><course>-1.0</course><hAcc>0.0</hAcc><vAcc>0.0</vAcc></extensions></trkpt><trkpt lat="49.58502176000003" lon="10.859983070000018"><ele>312.58</ele><time>2026-09-06T8:56:06Z</time><extensions><speed>-1.0</speed><course>-1.0</course><hAcc>0.0</hAcc><vAcc>0.0</vAcc></extensions></trkpt><trkpt lat="49.585091090000034" lon="10.859914740000018"><ele>312.58</ele><time>2026-09-06T8:56:07Z</time><extensions><speed>-1.0</speed><course>-1.0</course><hAcc>0.0</hAcc><vAcc>0.0</vAcc></extensions></trkpt><trkpt lat="49.585164420000034" lon="10.859836070000018"><ele>312.58</ele><time>2026-09-06T8:56:09Z</time><extensions><speed>-1.0</speed><course>-1.0</course><hAcc>0.0</hAcc><vAcc>0.0</vAcc></extensions></trkpt><trkpt lat="49.58522675000003" lon="10.859764070000018"><ele>312.58</ele><time>2026-09-06T8:56:10Z</time><extensions><speed>-1.0</speed><course>-1.0</course><hAcc>0.0</hAcc><vAcc>0.0</vAcc></extensions></trkpt><trkpt lat="49.585282080000034" lon="10.85969774000002"><ele>312.58</ele><time>2026-09-06T8:56:11Z</time><extensions><speed>-1.0</speed><course>-1.0</course><hAcc>0.0</hAcc><vAcc>0.0</vAcc></extensions></trkpt><trkpt lat="49.585343410000036" lon="10.85961341000002"><ele>312.58</ele><time>2026-09-06T8:56:13Z</time><extensions><speed>-1.0</speed><course>-1.0</course><hAcc>0.0</hAcc><vAcc>0.0</vAcc></extensions></trkpt><trkpt lat="49.58539841000004" lon="10.85953941000002"><ele>312.58</ele><time>2026-09-06T8:56:14Z</time><extensions><speed>-1.0</speed><course>-1.0</course><hAcc>0.0</hAcc><vAcc>0.0</vAcc></extensions></trkpt><trkpt lat="49.58545908000004" lon="10.85944841000002"><ele>312.58</ele><time>2026-09-06T8:56:16Z</time><extensions><speed>-1.0</speed><course>-1.0</course><hAcc>0.0</hAcc><vAcc>0.0</vAcc></extensions></trkpt><trkpt lat="49.58552441000004" lon="10.85934574000002"><ele>312.58</ele><time>2026-09-06T8:56:18Z</time><extensions><speed>-1.0</speed><course>-1.0</course><hAcc>0.0</hAcc><vAcc>0.0</vAcc></extensions></trkpt><trkpt lat="49.58558141000004" lon="10.85925507000002"><ele>312.58</ele><time>2026-09-06T8:56:19Z</time><extensions><speed>-1.0</speed><course>-1.0</course><hAcc>0.0</hAcc><vAcc>0.0</vAcc></extensions></trkpt><trkpt lat="49.58564308000004" lon="10.859155400000018"><ele>312.58</ele><time>2026-09-06T8:56:21Z</time><extensions><speed>-1.0</speed><course>-1.0</course><hAcc>0.0</hAcc><vAcc>0.0</vAcc></extensions></trkpt><trkpt lat="49.58569608000004" lon="10.859071070000018"><ele>312.58</ele><time>2026-09-06T8:56:22Z</time><extensions><speed>-1.0</speed><course>-1.0</course><hAcc>0.0</hAcc><vAcc>0.0</vAcc></extensions></trkpt><trkpt lat="49.58575508000004" lon="10.858981400000019"><ele>312.58</ele><time>2026-09-06T8:56:24Z</time><extensions><speed>-1.0</speed><course>-1.0</course><hAcc>0.0</hAcc><vAcc>0.0</vAcc></extensions></trkpt><trkpt lat="49.58580608000004" lon="10.858904070000019"><ele>312.58</ele><time>2026-09-06T8:56:25Z</time><extensions><speed>-1.0</speed><course>-1.0</course><hAcc>0.0</hAcc><vAcc>0.0</vAcc></extensions></trkpt><trkpt lat="49.58586075000004" lon="10.85881940000002"><ele>312.58</ele><time>2026-09-06T8:56:27Z</time><extensions><speed>-1.0</speed><course>-1.0</course><hAcc>0.0</hAcc><vAcc>0.0</vAcc></extensions></trkpt><trkpt lat="49.58590742000004" lon="10.85874740000002"><ele>313.40000000000003</ele><time>2026-09-06T8:56:28Z</time><extensions><speed>-1.0</speed><course>-1.0</course><hAcc>0.0</hAcc><vAcc>0.0</vAcc></extensions></trkpt><trkpt lat="49.58596042000004" lon="10.85867107000002"><ele>313.40000000000003</ele><time>2026-09-06T8:56:30Z</time><extensions><speed>-1.0</speed><course>-1.0</course><hAcc>0.0</hAcc><vAcc>0.0</vAcc></extensions></trkpt><trkpt lat="49.58600642000004" lon="10.85860707000002"><ele>313.40000000000003</ele><time>2026-09-06T8:56:31Z</time><extensions><speed>-1.0</speed><course>-1.0</course><hAcc>0.0</hAcc><vAcc>0.0</vAcc></extensions></trkpt><trkpt lat="49.58604542000004" lon="10.85855074000002"><ele>313.40000000000003</ele><time>2026-09-06T8:56:32Z</time><extensions><speed>-1.0</speed><course>-1.0</course><hAcc>0.0</hAcc><vAcc>0.0</vAcc></extensions></trkpt><trkpt lat="49.58608875000004" lon="10.858484070000019"><ele>313.40000000000003</ele><time>2026-09-06T8:56:34Z</time><extensions><speed>-1.0</speed><course>-1.0</course><hAcc>0.0</hAcc><vAcc>0.0</vAcc></extensions></trkpt><trkpt lat="49.58612675000004" lon="10.858426400000019"><ele>313.40000000000003</ele><time>2026-09-06T8:56:35Z</time><extensions><speed>-1.0</speed><course>-1.0</course><hAcc>0.0</hAcc><vAcc>0.0</vAcc></extensions></trkpt><trkpt lat="49.58617008000004" lon="10.858365730000019"><ele>313.40000000000003</ele><time>2026-09-06T8:56:37Z</time><extensions><speed>-1.0</speed><course>-1.0</course><hAcc>0.0</hAcc><vAcc>0.0</vAcc></extensions></trkpt><trkpt lat="49.58621141000004" lon="10.85829373000002"><ele>314.22</ele><time>2026-09-06T8:56:39Z</time><extensions><speed>-1.0</speed><course>-1.0</course><hAcc>0.0</hAcc><vAcc>0.0</vAcc></extensions></trkpt><trkpt lat="49.58625441000004" lon="10.85822173000002"><ele>314.22</ele><time>2026-09-06T8:56:41Z</time><extensions><speed>-1.0</speed><course>-1.0</course><hAcc>0.0</hAcc><vAcc>0.0</vAcc></extensions></trkpt><trkpt lat="49.58629841000004" lon="10.85815506000002"><ele>314.22</ele><time>2026-09-06T8:56:43Z</time><extensions><speed>-1.0</speed><course>-1.0</course><hAcc>0.0</hAcc><vAcc>0.0</vAcc></extensions></trkpt><trkpt lat="49.58633308000004" lon="10.85810539000002"><ele>314.22</ele><time>2026-09-06T8:56:44Z</time><extensions><speed>-1.0</speed><course>-1.0</course><hAcc>0.0</hAcc><vAcc>0.0</vAcc></extensions></trkpt><trkpt lat="49.58637408000004" lon="10.85805206000002"><ele>314.22</ele><time>2026-09-06T8:56:46Z</time><extensions><speed>-1.0</speed><course>-1.0</course><hAcc>0.0</hAcc><vAcc>0.0</vAcc></extensions></trkpt><trkpt lat="49.58641775000004" lon="10.85799439000002"><ele>314.22</ele><time>2026-09-06T8:56:48Z</time><extensions><speed>-1.0</speed><course>-1.0</course><hAcc>0.0</hAcc><vAcc>0.0</vAcc></extensions></trkpt><trkpt lat="49.58646442000004" lon="10.85794072000002"><ele>314.22</ele><time>2026-09-06T8:56:50Z</time><extensions><speed>-1.0</speed><course>-1.0</course><hAcc>0.0</hAcc><vAcc>0.0</vAcc></extensions></trkpt><trkpt lat="49.58651609000004" lon="10.857886050000019"><ele>316.49</ele><time>2026-09-06T8:56:52Z</time><extensions><speed>-1.0</speed><course>-1.0</course><hAcc>0.0</hAcc><vAcc>0.0</vAcc></extensions></trkpt><trkpt lat="49.58657009000004" lon="10.85783472000002"><ele>316.49</ele><time>2026-09-06T8:56:54Z</time><extensions><speed>-1.0</speed><course>-1.0</course><hAcc>0.0</hAcc><vAcc>0.0</vAcc></extensions></trkpt><trkpt lat="49.58661676000004" lon="10.85779305000002"><ele>316.49</ele><time>2026-09-06T8:56:55Z</time><extensions><speed>-1.0</speed><course>-1.0</course><hAcc>0.0</hAcc><vAcc>0.0</vAcc></extensions></trkpt><trkpt lat="49.586666090000044" lon="10.857749050000018"><ele>316.49</ele><time>2026-09-06T8:56:57Z</time><extensions><speed>-1.0</speed><course>-1.0</course><hAcc>0.0</hAcc><vAcc>0.0</vAcc></extensions></trkpt><trkpt lat="49.586714090000044" lon="10.857707380000019"><ele>316.49</ele><time>2026-09-06T8:56:59Z</time><extensions><speed>-1.0</speed><course>-1.0</course><hAcc>0.0</hAcc><vAcc>0.0</vAcc></extensions></trkpt><trkpt lat="49.58675342000004" lon="10.857669050000018"><ele>316.49</ele><time>2026-09-06T8:57:00Z</time><extensions><speed>-1.0</speed><course>-1.0</course><hAcc>0.0</hAcc><vAcc>0.0</vAcc></extensions></trkpt><trkpt lat="49.58679609000004" lon="10.857628720000019"><ele>316.49</ele><time>2026-09-06T8:57:02Z</time><extensions><speed>-1.0</speed><course>-1.0</course><hAcc>0.0</hAcc><vAcc>0.0</vAcc></extensions></trkpt><trkpt lat="49.58683276000004" lon="10.857597720000019"><ele>317.40000000000003</ele><time>2026-09-06T8:57:03Z</time><extensions><speed>-1.0</speed><course>-1.0</course><hAcc>0.0</hAcc><vAcc>0.0</vAcc></extensions></trkpt><trkpt lat="49.58686443000004" lon="10.857571050000018"><ele>317.40000000000003</ele><time>2026-09-06T8:57:04Z</time><extensions><speed>-1.0</speed><course>-1.0</course><hAcc>0.0</hAcc><vAcc>0.0</vAcc></extensions></trkpt><trkpt lat="49.58689276000004" lon="10.857549380000018"><ele>317.40000000000003</ele><time>2026-09-06T8:57:05Z</time><extensions><speed>-1.0</speed><course>-1.0</course><hAcc>0.0</hAcc><vAcc>0.0</vAcc></extensions></trkpt><trkpt lat="49.58691843000004" lon="10.857531050000018"><ele>317.40000000000003</ele><time>2026-09-06T8:57:06Z</time><extensions><speed>-1.0</speed><course>-1.0</course><hAcc>0.0</hAcc><vAcc>0.0</vAcc></extensions></trkpt><trkpt lat="49.58695110000004" lon="10.857509050000019"><ele>318.22</ele><time>2026-09-06T8:57:08Z</time><extensions><speed>-1.0</speed><course>-1.0</course><hAcc>0.0</hAcc><vAcc>0.0</vAcc></extensions></trkpt><trkpt lat="49.58698010000004" lon="10.857489720000018"><ele>318.22</ele><time>2026-09-06T8:57:09Z</time><extensions><speed>-1.0</speed><course>-1.0</course><hAcc>0.0</hAcc><vAcc>0.0</vAcc></extensions></trkpt><trkpt lat="49.58701343000004" lon="10.857466390000019"><ele>318.22</ele><time>2026-09-06T8:57:11Z</time><extensions><speed>-1.0</speed><course>-1.0</course><hAcc>0.0</hAcc><vAcc>0.0</vAcc></extensions></trkpt><trkpt lat="49.58704810000004" lon="10.857441060000019"><ele>318.22</ele><time>2026-09-06T8:57:13Z</time><extensions><speed>-1.0</speed><course>-1.0</course><hAcc>0.0</hAcc><vAcc>0.0</vAcc></extensions></trkpt><trkpt lat="49.58708510000004" lon="10.857414730000018"><ele>318.22</ele><time>2026-09-06T8:57:15Z</time><extensions><speed>-1.0</speed><course>-1.0</course><hAcc>0.0</hAcc><vAcc>0.0</vAcc></extensions></trkpt><trkpt lat="49.58711743000004" lon="10.857395400000017"><ele>319.13</ele><time>2026-09-06T8:57:16Z</time><extensions><speed>-1.0</speed><course>-1.0</course><hAcc>0.0</hAcc><vAcc>0.0</vAcc></extensions></trkpt><trkpt lat="49.58714010000004" lon="10.857378400000018"><ele>319.13</ele><time>2026-09-06T8:57:17Z</time><extensions><speed>-1.0</speed><course>-1.0</course><hAcc>0.0</hAcc><vAcc>0.0</vAcc></extensions></trkpt><trkpt lat="49.58716310000004" lon="10.857360730000018"><ele>319.13</ele><time>2026-09-06T8:57:18Z</time><extensions><speed>-1.0</speed><course>-1.0</course><hAcc>0.0</hAcc><vAcc>0.0</vAcc></extensions></trkpt><trkpt lat="49.58718877000004" lon="10.857340400000018"><ele>319.13</ele><time>2026-09-06T8:57:19Z</time><extensions><speed>-1.0</speed><course>-1.0</course><hAcc>0.0</hAcc><vAcc>0.0</vAcc></extensions></trkpt><trkpt lat="49.58722110000004" lon="10.857316400000018"><ele>319.95</ele><time>2026-09-06T8:57:21Z</time><extensions><speed>-1.0</speed><course>-1.0</course><hAcc>0.0</hAcc><vAcc>0.0</vAcc></extensions></trkpt><trkpt lat="49.58725010000004" lon="10.857293070000019"><ele>319.95</ele><time>2026-09-06T8:57:22Z</time><extensions><speed>-1.0</speed><course>-1.0</course><hAcc>0.0</hAcc><vAcc>0.0</vAcc></extensions></trkpt><trkpt lat="49.58728310000004" lon="10.857270070000018"><ele>319.95</ele><time>2026-09-06T8:57:24Z</time><extensions><speed>-1.0</speed><course>-1.0</course><hAcc>0.0</hAcc><vAcc>0.0</vAcc></extensions></trkpt><trkpt lat="49.58731477000004" lon="10.857247400000018"><ele>321.86</ele><time>2026-09-06T8:57:25Z</time><extensions><speed>-1.0</speed><course>-1.0</course><hAcc>0.0</hAcc><vAcc>0.0</vAcc></extensions></trkpt><trkpt lat="49.58735177000004" lon="10.857219730000018"><ele>321.86</ele><time>2026-09-06T8:57:27Z</time><extensions><speed>-1.0</speed><course>-1.0</course><hAcc>0.0</hAcc><vAcc>0.0</vAcc></extensions></trkpt><trkpt lat="49.58739077000004" lon="10.857193060000018"><ele>321.86</ele><time>2026-09-06T8:57:29Z</time><extensions><speed>-1.0</speed><course>-1.0</course><hAcc>0.0</hAcc><vAcc>0.0</vAcc></extensions></trkpt><trkpt lat="49.58743377000004" lon="10.857162730000018"><ele>321.86</ele><time>2026-09-06T8:57:31Z</time><extensions><speed>-1.0</speed><course>-1.0</course><hAcc>0.0</hAcc><vAcc>0.0</vAcc></extensions></trkpt><trkpt lat="49.58747110000004" lon="10.85713440000002"><ele>321.86</ele><time>2026-09-06T8:57:32Z</time><extensions><speed>-1.0</speed><course>-1.0</course><hAcc>0.0</hAcc><vAcc>0.0</vAcc></extensions></trkpt><trkpt lat="49.58750977000004" lon="10.85710040000002"><ele>321.86</ele><time>2026-09-06T8:57:34Z</time><extensions><speed>-1.0</speed><course>-1.0</course><hAcc>0.0</hAcc><vAcc>0.0</vAcc></extensions></trkpt><trkpt lat="49.58754310000004" lon="10.85707107000002"><ele>322.67</ele><time>2026-09-06T8:57:35Z</time><extensions><speed>-1.0</speed><course>-1.0</course><hAcc>0.0</hAcc><vAcc>0.0</vAcc></extensions></trkpt><trkpt lat="49.58758277000004" lon="10.85703807000002"><ele>322.67</ele><time>2026-09-06T8:57:37Z</time><extensions><speed>-1.0</speed><course>-1.0</course><hAcc>0.0</hAcc><vAcc>0.0</vAcc></extensions></trkpt><trkpt lat="49.58762744000004" lon="10.856999400000019"><ele>322.67</ele><time>2026-09-06T8:57:39Z</time><extensions><speed>-1.0</speed><course>-1.0</course><hAcc>0.0</hAcc><vAcc>0.0</vAcc></extensions></trkpt><trkpt lat="49.58767577000004" lon="10.856953070000019"><ele>322.67</ele><time>2026-09-06T8:57:41Z</time><extensions><speed>-1.0</speed><course>-1.0</course><hAcc>0.0</hAcc><vAcc>0.0</vAcc></extensions></trkpt><trkpt lat="49.58771810000004" lon="10.85691207000002"><ele>324.40000000000003</ele><time>2026-09-06T8:57:42Z</time><extensions><speed>-1.0</speed><course>-1.0</course><hAcc>0.0</hAcc><vAcc>0.0</vAcc></extensions></trkpt><trkpt lat="49.58776643000004" lon="10.85686240000002"><ele>324.40000000000003</ele><time>2026-09-06T8:57:44Z</time><extensions><speed>-1.0</speed><course>-1.0</course><hAcc>0.0</hAcc><vAcc>0.0</vAcc></extensions></trkpt><trkpt lat="49.58781076000004" lon="10.85682040000002"><ele>324.40000000000003</ele><time>2026-09-06T8:57:45Z</time><extensions><speed>-1.0</speed><course>-1.0</course><hAcc>0.0</hAcc><vAcc>0.0</vAcc></extensions></trkpt><trkpt lat="49.58786176000004" lon="10.85677407000002"><ele>324.40000000000003</ele><time>2026-09-06T8:57:47Z</time><extensions><speed>-1.0</speed><course>-1.0</course><hAcc>0.0</hAcc><vAcc>0.0</vAcc></extensions></trkpt><trkpt lat="49.587918760000036" lon="10.85672574000002"><ele>324.40000000000003</ele><time>2026-09-06T8:57:49Z</time><extensions><speed>-1.0</speed><course>-1.0</course><hAcc>0.0</hAcc><vAcc>0.0</vAcc></extensions></trkpt><trkpt lat="49.587978090000036" lon="10.856676740000019"><ele>324.40000000000003</ele><time>2026-09-06T8:57:51Z</time><extensions><speed>-1.0</speed><course>-1.0</course><hAcc>0.0</hAcc><vAcc>0.0</vAcc></extensions></trkpt><trkpt lat="49.588040090000035" lon="10.856622740000018"><ele>324.40000000000003</ele><time>2026-09-06T8:57:53Z</time><extensions><speed>-1.0</speed><course>-1.0</course><hAcc>0.0</hAcc><vAcc>0.0</vAcc></extensions></trkpt><trkpt lat="49.58809176000003" lon="10.856579070000018"><ele>324.40000000000003</ele><time>2026-09-06T8:57:54Z</time><extensions><speed>-1.0</speed><course>-1.0</course><hAcc>0.0</hAcc><vAcc>0.0</vAcc></extensions></trkpt><trkpt lat="49.58815076000003" lon="10.856527070000018"><ele>325.22</ele><time>2026-09-06T8:57:56Z</time><extensions><speed>-1.0</speed><course>-1.0</course><hAcc>0.0</hAcc><vAcc>0.0</vAcc></extensions></trkpt><trkpt lat="49.58820476000003" lon="10.856480070000018"><ele>325.22</ele><time>2026-09-06T8:57:57Z</time><extensions><speed>-1.0</speed><course>-1.0</course><hAcc>0.0</hAcc><vAcc>0.0</vAcc></extensions></trkpt><trkpt lat="49.588265430000035" lon="10.856424740000017"><ele>325.22</ele><time>2026-09-06T8:57:59Z</time><extensions><speed>-1.0</speed><course>-1.0</course><hAcc>0.0</hAcc><vAcc>0.0</vAcc></extensions></trkpt><trkpt lat="49.58831743000003" lon="10.856374070000017"><ele>325.22</ele><time>2026-09-06T8:58:00Z</time><extensions><speed>-1.0</speed><course>-1.0</course><hAcc>0.0</hAcc><vAcc>0.0</vAcc></extensions></trkpt><trkpt lat="49.58837776000003" lon="10.856317740000017"><ele>325.22</ele><time>2026-09-06T8:58:02Z</time><extensions><speed>-1.0</speed><course>-1.0</course><hAcc>0.0</hAcc><vAcc>0.0</vAcc></extensions></trkpt><trkpt lat="49.58843109000003" lon="10.856267740000018"><ele>326.04</ele><time>2026-09-06T8:58:03Z</time><extensions><speed>-1.0</speed><course>-1.0</course><hAcc>0.0</hAcc><vAcc>0.0</vAcc></extensions></trkpt><trkpt lat="49.58849776000003" lon="10.856206070000018"><ele>326.04</ele><time>2026-09-06T8:58:05Z</time><extensions><speed>-1.0</speed><course>-1.0</course><hAcc>0.0</hAcc><vAcc>0.0</vAcc></extensions></trkpt><trkpt lat="49.588555760000034" lon="10.856150740000018"><ele>326.04</ele><time>2026-09-06T8:58:06Z</time><extensions><speed>-1.0</speed><course>-1.0</course><hAcc>0.0</hAcc><vAcc>0.0</vAcc></extensions></trkpt><trkpt lat="49.58860976000003" lon="10.856099070000019"><ele>326.04</ele><time>2026-09-06T8:58:07Z</time><extensions><speed>-1.0</speed><course>-1.0</course><hAcc>0.0</hAcc><vAcc>0.0</vAcc></extensions></trkpt><trkpt lat="49.588676090000035" lon="10.856036740000018"><ele>326.04</ele><time>2026-09-06T8:58:09Z</time><extensions><speed>-1.0</speed><course>-1.0</course><hAcc>0.0</hAcc><vAcc>0.0</vAcc></extensions></trkpt><trkpt lat="49.58875009000003" lon="10.855968740000018"><ele>326.86</ele><time>2026-09-06T8:58:11Z</time><extensions><speed>-1.0</speed><course>-1.0</course><hAcc>0.0</hAcc><vAcc>0.0</vAcc></extensions></trkpt><trkpt lat="49.58881509000003" lon="10.855911070000017"><ele>326.86</ele><time>2026-09-06T8:58:12Z</time><extensions><speed>-1.0</speed><course>-1.0</course><hAcc>0.0</hAcc><vAcc>0.0</vAcc></extensions></trkpt><trkpt lat="49.58889142000003" lon="10.855853070000018"><ele>326.86</ele><time>2026-09-06T8:58:14Z</time><extensions><speed>-1.0</speed><course>-1.0</course><hAcc>0.0</hAcc><vAcc>0.0</vAcc></extensions></trkpt><trkpt lat="49.58897442000003" lon="10.855790400000018"><ele>326.86</ele><time>2026-09-06T8:58:16Z</time><extensions><speed>-1.0</speed><course>-1.0</course><hAcc>0.0</hAcc><vAcc>0.0</vAcc></extensions></trkpt><trkpt lat="49.589048420000026" lon="10.855739070000018"><ele>326.86</ele><time>2026-09-06T8:58:17Z</time><extensions><speed>-1.0</speed><course>-1.0</course><hAcc>0.0</hAcc><vAcc>0.0</vAcc></extensions></trkpt><trkpt lat="49.58913442000003" lon="10.855687740000018"><ele>326.86</ele><time>2026-09-06T8:58:19Z</time><extensions><speed>-1.0</speed><course>-1.0</course><hAcc>0.0</hAcc><vAcc>0.0</vAcc></extensions></trkpt><trkpt lat="49.58922909000003" lon="10.855636070000019"><ele>326.04</ele><time>2026-09-06T8:58:21Z</time><extensions><speed>-1.0</speed><course>-1.0</course><hAcc>0.0</hAcc><vAcc>0.0</vAcc></extensions></trkpt><trkpt lat="49.58933076000003" lon="10.855589070000018"><ele>326.04</ele><time>2026-09-06T8:58:23Z</time><extensions><speed>-1.0</speed><course>-1.0</course><hAcc>0.0</hAcc><vAcc>0.0</vAcc></extensions></trkpt><trkpt lat="49.58941843000003" lon="10.855551070000018"><ele>326.04</ele><time>2026-09-06T8:58:24Z</time><extensions><speed>-1.0</speed><course>-1.0</course><hAcc>0.0</hAcc><vAcc>0.0</vAcc></extensions></trkpt><trkpt lat="49.58951576000003" lon="10.855514070000018"><ele>324.95</ele><time>2026-09-06T8:58:26Z</time><extensions><speed>-1.0</speed><course>-1.0</course><hAcc>0.0</hAcc><vAcc>0.0</vAcc></extensions></trkpt><trkpt lat="49.58960143000003" lon="10.855484400000018"><ele>324.95</ele><time>2026-09-06T8:58:27Z</time><extensions><speed>-1.0</speed><course>-1.0</course><hAcc>0.0</hAcc><vAcc>0.0</vAcc></extensions></trkpt><trkpt lat="49.58968176000003" lon="10.855461070000018"><ele>324.95</ele><time>2026-09-06T8:58:28Z</time><extensions><speed>-1.0</speed><course>-1.0</course><hAcc>0.0</hAcc><vAcc>0.0</vAcc></extensions></trkpt><trkpt lat="49.58977476000003" lon="10.855434070000019"><ele>323.86</ele><time>2026-09-06T8:58:30Z</time><extensions><speed>-1.0</speed><course>-1.0</course><hAcc>0.0</hAcc><vAcc>0.0</vAcc></extensions></trkpt><trkpt lat="49.589878090000035" lon="10.855409070000018"><ele>323.86</ele><time>2026-09-06T8:58:32Z</time><extensions><speed>-1.0</speed><course>-1.0</course><hAcc>0.0</hAcc><vAcc>0.0</vAcc></extensions></trkpt><trkpt lat="49.58996942000003" lon="10.855386400000018"><ele>322.40000000000003</ele><time>2026-09-06T8:58:33Z</time><extensions><speed>-1.0</speed><course>-1.0</course><hAcc>0.0</hAcc><vAcc>0.0</vAcc></extensions></trkpt><trkpt lat="49.59007042000003" lon="10.855352070000018"><ele>322.40000000000003</ele><time>2026-09-06T8:58:35Z</time><extensions><speed>-1.0</speed><course>-1.0</course><hAcc>0.0</hAcc><vAcc>0.0</vAcc></extensions></trkpt><trkpt lat="49.59017142000003" lon="10.855297070000018"><ele>322.40000000000003</ele><time>2026-09-06T8:58:37Z</time><extensions><speed>-1.0</speed><course>-1.0</course><hAcc>0.0</hAcc><vAcc>0.0</vAcc></extensions></trkpt><trkpt lat="49.59026209000003" lon="10.855211400000018"><ele>322.40000000000003</ele><time>2026-09-06T8:58:39Z</time><extensions><speed>-1.0</speed><course>-1.0</course><hAcc>0.0</hAcc><vAcc>0.0</vAcc></extensions></trkpt><trkpt lat="49.59034009000003" lon="10.855103070000018"><ele>322.40000000000003</ele><time>2026-09-06T8:58:41Z</time><extensions><speed>-1.0</speed><course>-1.0</course><hAcc>0.0</hAcc><vAcc>0.0</vAcc></extensions></trkpt><trkpt lat="49.590409760000036" lon="10.854987400000018"><ele>322.40000000000003</ele><time>2026-09-06T8:58:43Z</time><extensions><speed>-1.0</speed><course>-1.0</course><hAcc>0.0</hAcc><vAcc>0.0</vAcc></extensions></trkpt><trkpt lat="49.59047343000004" lon="10.854867400000018"><ele>322.40000000000003</ele><time>2026-09-06T8:58:45Z</time><extensions><speed>-1.0</speed><course>-1.0</course><hAcc>0.0</hAcc><vAcc>0.0</vAcc></extensions></trkpt><trkpt lat="49.59053243000004" lon="10.854738730000017"><ele>322.40000000000003</ele><time>2026-09-06T8:58:47Z</time><extensions><speed>-1.0</speed><course>-1.0</course><hAcc>0.0</hAcc><vAcc>0.0</vAcc></extensions></trkpt><trkpt lat="49.59057910000004" lon="10.854631400000017"><ele>322.40000000000003</ele><time>2026-09-06T8:58:48Z</time><extensions><speed>-1.0</speed><course>-1.0</course><hAcc>0.0</hAcc><vAcc>0.0</vAcc></extensions></trkpt><trkpt lat="49.59061843000004" lon="10.854539070000017"><ele>322.40000000000003</ele><time>2026-09-06T8:58:49Z</time><extensions><speed>-1.0</speed><course>-1.0</course><hAcc>0.0</hAcc><vAcc>0.0</vAcc></extensions></trkpt><trkpt lat="49.59065243000004" lon="10.854458070000017"><ele>322.40000000000003</ele><time>2026-09-06T8:58:50Z</time><extensions><speed>-1.0</speed><course>-1.0</course><hAcc>0.0</hAcc><vAcc>0.0</vAcc></extensions></trkpt><trkpt lat="49.59068576000004" lon="10.854385740000017"><ele>322.40000000000003</ele><time>2026-09-06T8:58:51Z</time><extensions><speed>-1.0</speed><course>-1.0</course><hAcc>0.0</hAcc><vAcc>0.0</vAcc></extensions></trkpt><trkpt lat="49.59071976000004" lon="10.854318740000018"><ele>322.40000000000003</ele><time>2026-09-06T8:58:52Z</time><extensions><speed>-1.0</speed><course>-1.0</course><hAcc>0.0</hAcc><vAcc>0.0</vAcc></extensions></trkpt><trkpt lat="49.59076509000004" lon="10.854241410000018"><ele>322.40000000000003</ele><time>2026-09-06T8:58:54Z</time><extensions><speed>-1.0</speed><course>-1.0</course><hAcc>0.0</hAcc><vAcc>0.0</vAcc></extensions></trkpt><trkpt lat="49.59080776000004" lon="10.854177740000019"><ele>322.40000000000003</ele><time>2026-09-06T8:58:55Z</time><extensions><speed>-1.0</speed><course>-1.0</course><hAcc>0.0</hAcc><vAcc>0.0</vAcc></extensions></trkpt><trkpt lat="49.59085809000004" lon="10.854109410000019"><ele>322.40000000000003</ele><time>2026-09-06T8:58:57Z</time><extensions><speed>-1.0</speed><course>-1.0</course><hAcc>0.0</hAcc><vAcc>0.0</vAcc></extensions></trkpt><trkpt lat="49.59091342000004" lon="10.85404241000002"><ele>322.40000000000003</ele><time>2026-09-06T8:58:59Z</time><extensions><speed>-1.0</speed><course>-1.0</course><hAcc>0.0</hAcc><vAcc>0.0</vAcc></extensions></trkpt><trkpt lat="49.59097509000004" lon="10.85398341000002"><ele>322.40000000000003</ele><time>2026-09-06T8:59:01Z</time><extensions><speed>-1.0</speed><course>-1.0</course><hAcc>0.0</hAcc><vAcc>0.0</vAcc></extensions></trkpt><trkpt lat="49.59102909000004" lon="10.85393608000002"><ele>322.40000000000003</ele><time>2026-09-06T8:59:02Z</time><extensions><speed>-1.0</speed><course>-1.0</course><hAcc>0.0</hAcc><vAcc>0.0</vAcc></extensions></trkpt><trkpt lat="49.59109076000004" lon="10.85388941000002"><ele>322.40000000000003</ele><time>2026-09-06T8:59:04Z</time><extensions><speed>-1.0</speed><course>-1.0</course><hAcc>0.0</hAcc><vAcc>0.0</vAcc></extensions></trkpt><trkpt lat="49.59115543000004" lon="10.853846740000021"><ele>322.40000000000003</ele><time>2026-09-06T8:59:06Z</time><extensions><speed>-1.0</speed><course>-1.0</course><hAcc>0.0</hAcc><vAcc>0.0</vAcc></extensions></trkpt><trkpt lat="49.59121243000004" lon="10.853810740000021"><ele>324.95</ele><time>2026-09-06T8:59:07Z</time><extensions><speed>-1.0</speed><course>-1.0</course><hAcc>0.0</hAcc><vAcc>0.0</vAcc></extensions></trkpt><trkpt lat="49.591275760000045" lon="10.853770410000022"><ele>324.95</ele><time>2026-09-06T8:59:09Z</time><extensions><speed>-1.0</speed><course>-1.0</course><hAcc>0.0</hAcc><vAcc>0.0</vAcc></extensions></trkpt><trkpt lat="49.591328760000046" lon="10.853736740000022"><ele>324.95</ele><time>2026-09-06T8:59:10Z</time><extensions><speed>-1.0</speed><course>-1.0</course><hAcc>0.0</hAcc><vAcc>0.0</vAcc></extensions></trkpt><trkpt lat="49.591393760000045" lon="10.853703070000021"><ele>324.95</ele><time>2026-09-06T8:59:12Z</time><extensions><speed>-1.0</speed><course>-1.0</course><hAcc>0.0</hAcc><vAcc>0.0</vAcc></extensions></trkpt><trkpt lat="49.591469760000045" lon="10.853661400000021"><ele>324.95</ele><time>2026-09-06T8:59:14Z</time><extensions><speed>-1.0</speed><course>-1.0</course><hAcc>0.0</hAcc><vAcc>0.0</vAcc></extensions></trkpt><trkpt lat="49.59153909000005" lon="10.853623730000022"><ele>324.95</ele><time>2026-09-06T8:59:15Z</time><extensions><speed>-1.0</speed><course>-1.0</course><hAcc>0.0</hAcc><vAcc>0.0</vAcc></extensions></trkpt><trkpt lat="49.59163076000005" lon="10.853567400000022"><ele>324.95</ele><time>2026-09-06T8:59:17Z</time><extensions><speed>-1.0</speed><course>-1.0</course><hAcc>0.0</hAcc><vAcc>0.0</vAcc></extensions></trkpt><trkpt lat="49.59173743000005" lon="10.853498070000022"><ele>325.77</ele><time>2026-09-06T8:59:19Z</time><extensions><speed>-1.0</speed><course>-1.0</course><hAcc>0.0</hAcc><vAcc>0.0</vAcc></extensions></trkpt><trkpt lat="49.59183076000005" lon="10.853429070000022"><ele>325.77</ele><time>2026-09-06T8:59:20Z</time><extensions><speed>-1.0</speed><course>-1.0</course><hAcc>0.0</hAcc><vAcc>0.0</vAcc></extensions></trkpt><trkpt lat="49.59191609000005" lon="10.853357740000021"><ele>325.77</ele><time>2026-09-06T8:59:21Z</time><extensions><speed>-1.0</speed><course>-1.0</course><hAcc>0.0</hAcc><vAcc>0.0</vAcc></extensions></trkpt><trkpt lat="49.59199642000005" lon="10.853286740000021"><ele>326.77</ele><time>2026-09-06T8:59:22Z</time><extensions><speed>-1.0</speed><course>-1.0</course><hAcc>0.0</hAcc><vAcc>0.0</vAcc></extensions></trkpt><trkpt lat="49.59209442000005" lon="10.853186740000021"><ele>326.77</ele><time>2026-09-06T8:59:24Z</time><extensions><speed>-1.0</speed><course>-1.0</course><hAcc>0.0</hAcc><vAcc>0.0</vAcc></extensions></trkpt><trkpt lat="49.592203420000054" lon="10.853055410000021"><ele>326.77</ele><time>2026-09-06T8:59:26Z</time><extensions><speed>-1.0</speed><course>-1.0</course><hAcc>0.0</hAcc><vAcc>0.0</vAcc></extensions></trkpt><trkpt lat="49.59229675000005" lon="10.852933080000021"><ele>326.77</ele><time>2026-09-06T8:59:27Z</time><extensions><speed>-1.0</speed><course>-1.0</course><hAcc>0.0</hAcc><vAcc>0.0</vAcc></extensions></trkpt><trkpt lat="49.59237875000005" lon="10.852819410000022"><ele>326.77</ele><time>2026-09-06T8:59:28Z</time><extensions><speed>-1.0</speed><course>-1.0</course><hAcc>0.0</hAcc><vAcc>0.0</vAcc></extensions></trkpt><trkpt lat="49.59247108000005" lon="10.852672740000022"><ele>326.77</ele><time>2026-09-06T8:59:30Z</time><extensions><speed>-1.0</speed><course>-1.0</course><hAcc>0.0</hAcc><vAcc>0.0</vAcc></extensions></trkpt><trkpt lat="49.592548410000056" lon="10.852539740000022"><ele>326.77</ele><time>2026-09-06T8:59:31Z</time><extensions><speed>-1.0</speed><course>-1.0</course><hAcc>0.0</hAcc><vAcc>0.0</vAcc></extensions></trkpt><trkpt lat="49.592631080000054" lon="10.852384740000023"><ele>326.77</ele><time>2026-09-06T8:59:33Z</time><extensions><speed>-1.0</speed><course>-1.0</course><hAcc>0.0</hAcc><vAcc>0.0</vAcc></extensions></trkpt><trkpt lat="49.59271008000005" lon="10.852211740000023"><ele>325.58</ele><time>2026-09-06T8:59:35Z</time><extensions><speed>-1.0</speed><course>-1.0</course><hAcc>0.0</hAcc><vAcc>0.0</vAcc></extensions></trkpt><trkpt lat="49.592774410000054" lon="10.852061740000023"><ele>325.58</ele><time>2026-09-06T8:59:36Z</time><extensions><speed>-1.0</speed><course>-1.0</course><hAcc>0.0</hAcc><vAcc>0.0</vAcc></extensions></trkpt><trkpt lat="49.59283141000005" lon="10.851893070000022"><ele>324.13</ele><time>2026-09-06T8:59:38Z</time><extensions><speed>-1.0</speed><course>-1.0</course><hAcc>0.0</hAcc><vAcc>0.0</vAcc></extensions></trkpt><trkpt lat="49.59287474000005" lon="10.851710740000023"><ele>324.13</ele><time>2026-09-06T8:59:40Z</time><extensions><speed>-1.0</speed><course>-1.0</course><hAcc>0.0</hAcc><vAcc>0.0</vAcc></extensions></trkpt><trkpt lat="49.59289907000005" lon="10.851523410000024"><ele>321.22</ele><time>2026-09-06T8:59:42Z</time><extensions><speed>-1.0</speed><course>-1.0</course><hAcc>0.0</hAcc><vAcc>0.0</vAcc></extensions></trkpt><trkpt lat="49.59291607000005" lon="10.851366740000023"><ele>321.22</ele><time>2026-09-06T8:59:43Z</time><extensions><speed>-1.0</speed><course>-1.0</course><hAcc>0.0</hAcc><vAcc>0.0</vAcc></extensions></trkpt><trkpt lat="49.592929070000054" lon="10.851226740000023"><ele>321.22</ele><time>2026-09-06T8:59:44Z</time><extensions><speed>-1.0</speed><course>-1.0</course><hAcc>0.0</hAcc><vAcc>0.0</vAcc></extensions></trkpt><trkpt lat="49.592939400000056" lon="10.851061740000022"><ele>321.22</ele><time>2026-09-06T8:59:46Z</time><extensions><speed>-1.0</speed><course>-1.0</course><hAcc>0.0</hAcc><vAcc>0.0</vAcc></extensions></trkpt><trkpt lat="49.59295840000006" lon="10.850878740000022"><ele>321.22</ele><time>2026-09-06T8:59:48Z</time><extensions><speed>-1.0</speed><course>-1.0</course><hAcc>0.0</hAcc><vAcc>0.0</vAcc></extensions></trkpt><trkpt lat="49.592981400000056" lon="10.850687740000023"><ele>321.22</ele><time>2026-09-06T8:59:50Z</time><extensions><speed>-1.0</speed><course>-1.0</course><hAcc>0.0</hAcc><vAcc>0.0</vAcc></extensions></trkpt><trkpt lat="49.593006730000056" lon="10.850491410000023"><ele>321.22</ele><time>2026-09-06T8:59:52Z</time><extensions><speed>-1.0</speed><course>-1.0</course><hAcc>0.0</hAcc><vAcc>0.0</vAcc></extensions></trkpt><trkpt lat="49.593032060000056" lon="10.850292080000024"><ele>321.22</ele><time>2026-09-06T8:59:54Z</time><extensions><speed>-1.0</speed><course>-1.0</course><hAcc>0.0</hAcc><vAcc>0.0</vAcc></extensions></trkpt><trkpt lat="49.593054730000055" lon="10.850094080000025"><ele>321.22</ele><time>2026-09-06T8:59:56Z</time><extensions><speed>-1.0</speed><course>-1.0</course><hAcc>0.0</hAcc><vAcc>0.0</vAcc></extensions></trkpt><trkpt lat="49.59307006000005" lon="10.849931080000024"><ele>321.22</ele><time>2026-09-06T8:59:57Z</time><extensions><speed>-1.0</speed><course>-1.0</course><hAcc>0.0</hAcc><vAcc>0.0</vAcc></extensions></trkpt><trkpt lat="49.593066730000054" lon="10.849762080000025"><ele>319.67</ele><time>2026-09-06T8:59:59Z</time><extensions><speed>-1.0</speed><course>-1.0</course><hAcc>0.0</hAcc><vAcc>0.0</vAcc></extensions></trkpt><trkpt lat="49.593041400000054" lon="10.849595080000025"><ele>319.67</ele><time>2026-09-06T9:00:01Z</time><extensions><speed>-1.0</speed><course>-1.0</course><hAcc>0.0</hAcc><vAcc>0.0</vAcc></extensions></trkpt><trkpt lat="49.59300807000005" lon="10.849422750000025"><ele>319.67</ele><time>2026-09-06T9:00:03Z</time><extensions><speed>-1.0</speed><course>-1.0</course><hAcc>0.0</hAcc><vAcc>0.0</vAcc></extensions></trkpt><trkpt lat="49.59298274000005" lon="10.849271420000026"><ele>319.67</ele><time>2026-09-06T9:00:04Z</time><extensions><speed>-1.0</speed><course>-1.0</course><hAcc>0.0</hAcc><vAcc>0.0</vAcc></extensions></trkpt><trkpt lat="49.59296374000005" lon="10.849106090000026"><ele>319.67</ele><time>2026-09-06T9:00:06Z</time><extensions><speed>-1.0</speed><course>-1.0</course><hAcc>0.0</hAcc><vAcc>0.0</vAcc></extensions></trkpt><trkpt lat="49.59294141000005" lon="10.848932420000025"><ele>319.67</ele><time>2026-09-06T9:00:08Z</time><extensions><speed>-1.0</speed><course>-1.0</course><hAcc>0.0</hAcc><vAcc>0.0</vAcc></extensions></trkpt><trkpt lat="49.59292108000005" lon="10.848752090000026"><ele>319.67</ele><time>2026-09-06T9:00:10Z</time><extensions><speed>-1.0</speed><course>-1.0</course><hAcc>0.0</hAcc><vAcc>0.0</vAcc></extensions></trkpt><trkpt lat="49.59291375000005" lon="10.848571090000027"><ele>319.67</ele><time>2026-09-06T9:00:12Z</time><extensions><speed>-1.0</speed><course>-1.0</course><hAcc>0.0</hAcc><vAcc>0.0</vAcc></extensions></trkpt><trkpt lat="49.59291342000005" lon="10.848419760000027"><ele>319.67</ele><time>2026-09-06T9:00:13Z</time><extensions><speed>-1.0</speed><course>-1.0</course><hAcc>0.0</hAcc><vAcc>0.0</vAcc></extensions></trkpt><trkpt lat="49.59291842000005" lon="10.848290760000028"><ele>319.67</ele><time>2026-09-06T9:00:14Z</time><extensions><speed>-1.0</speed><course>-1.0</course><hAcc>0.0</hAcc><vAcc>0.0</vAcc></extensions></trkpt><trkpt lat="49.59293009000005" lon="10.848154430000028"><ele>319.67</ele><time>2026-09-06T9:00:16Z</time><extensions><speed>-1.0</speed><course>-1.0</course><hAcc>0.0</hAcc><vAcc>0.0</vAcc></extensions></trkpt><trkpt lat="49.592945760000056" lon="10.848013100000028"><ele>320.49</ele><time>2026-09-06T9:00:18Z</time><extensions><speed>-1.0</speed><course>-1.0</course><hAcc>0.0</hAcc><vAcc>0.0</vAcc></extensions></trkpt><trkpt lat="49.59295909000006" lon="10.847892770000028"><ele>320.49</ele><time>2026-09-06T9:00:19Z</time><extensions><speed>-1.0</speed><course>-1.0</course><hAcc>0.0</hAcc><vAcc>0.0</vAcc></extensions></trkpt><trkpt lat="49.592971760000054" lon="10.847789770000029"><ele>320.49</ele><time>2026-09-06T9:00:20Z</time><extensions><speed>-1.0</speed><course>-1.0</course><hAcc>0.0</hAcc><vAcc>0.0</vAcc></extensions></trkpt><trkpt lat="49.59299309000006" lon="10.84767844000003"><ele>320.49</ele><time>2026-09-06T9:00:22Z</time><extensions><speed>-1.0</speed><course>-1.0</course><hAcc>0.0</hAcc><vAcc>0.0</vAcc></extensions></trkpt><trkpt lat="49.59301442000006" lon="10.847583110000029"><ele>320.49</ele><time>2026-09-06T9:00:23Z</time><extensions><speed>-1.0</speed><course>-1.0</course><hAcc>0.0</hAcc><vAcc>0.0</vAcc></extensions></trkpt><trkpt lat="49.59303542000006" lon="10.847496780000029"><ele>320.49</ele><time>2026-09-06T9:00:24Z</time><extensions><speed>-1.0</speed><course>-1.0</course><hAcc>0.0</hAcc><vAcc>0.0</vAcc></extensions></trkpt><trkpt lat="49.593063750000056" lon="10.847392110000028"><ele>320.49</ele><time>2026-09-06T9:00:26Z</time><extensions><speed>-1.0</speed><course>-1.0</course><hAcc>0.0</hAcc><vAcc>0.0</vAcc></extensions></trkpt><trkpt lat="49.59310408000005" lon="10.847276780000028"><ele>320.49</ele><time>2026-09-06T9:00:28Z</time><extensions><speed>-1.0</speed><course>-1.0</course><hAcc>0.0</hAcc><vAcc>0.0</vAcc></extensions></trkpt><trkpt lat="49.59314208000006" lon="10.847175110000029"><ele>320.49</ele><time>2026-09-06T9:00:29Z</time><extensions><speed>-1.0</speed><course>-1.0</course><hAcc>0.0</hAcc><vAcc>0.0</vAcc></extensions></trkpt><trkpt lat="49.593190080000056" lon="10.847058440000028"><ele>320.49</ele><time>2026-09-06T9:00:31Z</time><extensions><speed>-1.0</speed><course>-1.0</course><hAcc>0.0</hAcc><vAcc>0.0</vAcc></extensions></trkpt><trkpt lat="49.59324475000005" lon="10.846934110000028"><ele>320.49</ele><time>2026-09-06T9:00:33Z</time><extensions><speed>-1.0</speed><course>-1.0</course><hAcc>0.0</hAcc><vAcc>0.0</vAcc></extensions></trkpt><trkpt lat="49.59329308000005" lon="10.846826780000027"><ele>320.49</ele><time>2026-09-06T9:00:34Z</time><extensions><speed>-1.0</speed><course>-1.0</course><hAcc>0.0</hAcc><vAcc>0.0</vAcc></extensions></trkpt><trkpt lat="49.593351080000055" lon="10.846706780000027"><ele>320.49</ele><time>2026-09-06T9:00:36Z</time><extensions><speed>-1.0</speed><course>-1.0</course><hAcc>0.0</hAcc><vAcc>0.0</vAcc></extensions></trkpt><trkpt lat="49.593401750000055" lon="10.846603110000027"><ele>320.49</ele><time>2026-09-06T9:00:37Z</time><extensions><speed>-1.0</speed><course>-1.0</course><hAcc>0.0</hAcc><vAcc>0.0</vAcc></extensions></trkpt><trkpt lat="49.593449080000056" lon="10.846510440000026"><ele>320.49</ele><time>2026-09-06T9:00:38Z</time><extensions><speed>-1.0</speed><course>-1.0</course><hAcc>0.0</hAcc><vAcc>0.0</vAcc></extensions></trkpt><trkpt lat="49.593505410000056" lon="10.846400110000026"><ele>320.49</ele><time>2026-09-06T9:00:40Z</time><extensions><speed>-1.0</speed><course>-1.0</course><hAcc>0.0</hAcc><vAcc>0.0</vAcc></extensions></trkpt><trkpt lat="49.59355541000006" lon="10.846303440000026"><ele>320.49</ele><time>2026-09-06T9:00:41Z</time><extensions><speed>-1.0</speed><course>-1.0</course><hAcc>0.0</hAcc><vAcc>0.0</vAcc></extensions></trkpt><trkpt lat="49.59361108000006" lon="10.846192110000027"><ele>320.49</ele><time>2026-09-06T9:00:43Z</time><extensions><speed>-1.0</speed><course>-1.0</course><hAcc>0.0</hAcc><vAcc>0.0</vAcc></extensions></trkpt><trkpt lat="49.59367441000006" lon="10.846075440000027"><ele>320.49</ele><time>2026-09-06T9:00:45Z</time><extensions><speed>-1.0</speed><course>-1.0</course><hAcc>0.0</hAcc><vAcc>0.0</vAcc></extensions></trkpt><trkpt lat="49.59372841000006" lon="10.845973770000027"><ele>320.49</ele><time>2026-09-06T9:00:46Z</time><extensions><speed>-1.0</speed><course>-1.0</course><hAcc>0.0</hAcc><vAcc>0.0</vAcc></extensions></trkpt><trkpt lat="49.59377708000006" lon="10.845884440000027"><ele>320.49</ele><time>2026-09-06T9:00:47Z</time><extensions><speed>-1.0</speed><course>-1.0</course><hAcc>0.0</hAcc><vAcc>0.0</vAcc></extensions></trkpt><trkpt lat="49.59382141000006" lon="10.845801110000027"><ele>320.49</ele><time>2026-09-06T9:00:48Z</time><extensions><speed>-1.0</speed><course>-1.0</course><hAcc>0.0</hAcc><vAcc>0.0</vAcc></extensions></trkpt><trkpt lat="49.59387474000006" lon="10.845699780000027"><ele>320.49</ele><time>2026-09-06T9:00:50Z</time><extensions><speed>-1.0</speed><course>-1.0</course><hAcc>0.0</hAcc><vAcc>0.0</vAcc></extensions></trkpt><trkpt lat="49.59392207000006" lon="10.845609110000026"><ele>320.49</ele><time>2026-09-06T9:00:51Z</time><extensions><speed>-1.0</speed><course>-1.0</course><hAcc>0.0</hAcc><vAcc>0.0</vAcc></extensions></trkpt><trkpt lat="49.59396440000006" lon="10.845526780000027"><ele>320.49</ele><time>2026-09-06T9:00:52Z</time><extensions><speed>-1.0</speed><course>-1.0</course><hAcc>0.0</hAcc><vAcc>0.0</vAcc></extensions></trkpt><trkpt lat="49.594016730000064" lon="10.845429780000027"><ele>320.49</ele><time>2026-09-06T9:00:54Z</time><extensions><speed>-1.0</speed><course>-1.0</course><hAcc>0.0</hAcc><vAcc>0.0</vAcc></extensions></trkpt><trkpt lat="49.59407340000006" lon="10.845322110000026"><ele>320.49</ele><time>2026-09-06T9:00:56Z</time><extensions><speed>-1.0</speed><course>-1.0</course><hAcc>0.0</hAcc><vAcc>0.0</vAcc></extensions></trkpt><trkpt lat="49.59412140000006" lon="10.845229110000027"><ele>320.49</ele><time>2026-09-06T9:00:57Z</time><extensions><speed>-1.0</speed><course>-1.0</course><hAcc>0.0</hAcc><vAcc>0.0</vAcc></extensions></trkpt><trkpt lat="49.594174070000065" lon="10.845127440000027"><ele>320.49</ele><time>2026-09-06T9:00:59Z</time><extensions><speed>-1.0</speed><course>-1.0</course><hAcc>0.0</hAcc><vAcc>0.0</vAcc></extensions></trkpt><trkpt lat="49.594219740000064" lon="10.845040110000028"><ele>320.49</ele><time>2026-09-06T9:01:00Z</time><extensions><speed>-1.0</speed><course>-1.0</course><hAcc>0.0</hAcc><vAcc>0.0</vAcc></extensions></trkpt><trkpt lat="49.59426841000006" lon="10.844947780000028"><ele>320.49</ele><time>2026-09-06T9:01:02Z</time><extensions><speed>-1.0</speed><course>-1.0</course><hAcc>0.0</hAcc><vAcc>0.0</vAcc></extensions></trkpt><trkpt lat="49.594318080000065" lon="10.844852780000029"><ele>320.49</ele><time>2026-09-06T9:01:04Z</time><extensions><speed>-1.0</speed><course>-1.0</course><hAcc>0.0</hAcc><vAcc>0.0</vAcc></extensions></trkpt><trkpt lat="49.594368080000066" lon="10.844756450000029"><ele>320.49</ele><time>2026-09-06T9:01:06Z</time><extensions><speed>-1.0</speed><course>-1.0</course><hAcc>0.0</hAcc><vAcc>0.0</vAcc></extensions></trkpt><trkpt lat="49.59441741000007" lon="10.844663780000028"><ele>321.31</ele><time>2026-09-06T9:01:08Z</time><extensions><speed>-1.0</speed><course>-1.0</course><hAcc>0.0</hAcc><vAcc>0.0</vAcc></extensions></trkpt><trkpt lat="49.59445841000007" lon="10.844587450000027"><ele>321.31</ele><time>2026-09-06T9:01:09Z</time><extensions><speed>-1.0</speed><course>-1.0</course><hAcc>0.0</hAcc><vAcc>0.0</vAcc></extensions></trkpt><trkpt lat="49.59450141000007" lon="10.844508120000027"><ele>321.31</ele><time>2026-09-06T9:01:11Z</time><extensions><speed>-1.0</speed><course>-1.0</course><hAcc>0.0</hAcc><vAcc>0.0</vAcc></extensions></trkpt><trkpt lat="49.59453841000007" lon="10.844441120000027"><ele>321.31</ele><time>2026-09-06T9:01:12Z</time><extensions><speed>-1.0</speed><course>-1.0</course><hAcc>0.0</hAcc><vAcc>0.0</vAcc></extensions></trkpt><trkpt lat="49.59457008000007" lon="10.844382120000027"><ele>322.22</ele><time>2026-09-06T9:01:13Z</time><extensions><speed>-1.0</speed><course>-1.0</course><hAcc>0.0</hAcc><vAcc>0.0</vAcc></extensions></trkpt><trkpt lat="49.59460675000007" lon="10.844313120000027"><ele>322.22</ele><time>2026-09-06T9:01:15Z</time><extensions><speed>-1.0</speed><course>-1.0</course><hAcc>0.0</hAcc><vAcc>0.0</vAcc></extensions></trkpt><trkpt lat="49.59464608000007" lon="10.844239120000028"><ele>322.22</ele><time>2026-09-06T9:01:17Z</time><extensions><speed>-1.0</speed><course>-1.0</course><hAcc>0.0</hAcc><vAcc>0.0</vAcc></extensions></trkpt><trkpt lat="49.59467875000007" lon="10.844173790000028"><ele>322.22</ele><time>2026-09-06T9:01:18Z</time><extensions><speed>-1.0</speed><course>-1.0</course><hAcc>0.0</hAcc><vAcc>0.0</vAcc></extensions></trkpt><trkpt lat="49.59470708000007" lon="10.844114460000029"><ele>323.22</ele><time>2026-09-06T9:01:19Z</time><extensions><speed>-1.0</speed><course>-1.0</course><hAcc>0.0</hAcc><vAcc>0.0</vAcc></extensions></trkpt><trkpt lat="49.59474008000007" lon="10.844047130000028"><ele>323.22</ele><time>2026-09-06T9:01:21Z</time><extensions><speed>-1.0</speed><course>-1.0</course><hAcc>0.0</hAcc><vAcc>0.0</vAcc></extensions></trkpt><trkpt lat="49.59476941000007" lon="10.843987460000028"><ele>323.22</ele><time>2026-09-06T9:01:22Z</time><extensions><speed>-1.0</speed><course>-1.0</course><hAcc>0.0</hAcc><vAcc>0.0</vAcc></extensions></trkpt><trkpt lat="49.59480408000007" lon="10.843920130000027"><ele>325.22</ele><time>2026-09-06T9:01:24Z</time><extensions><speed>-1.0</speed><course>-1.0</course><hAcc>0.0</hAcc><vAcc>0.0</vAcc></extensions></trkpt><trkpt lat="49.594835410000066" lon="10.843862460000027"><ele>325.22</ele><time>2026-09-06T9:01:25Z</time><extensions><speed>-1.0</speed><course>-1.0</course><hAcc>0.0</hAcc><vAcc>0.0</vAcc></extensions></trkpt><trkpt lat="49.594864080000065" lon="10.843814790000026"><ele>325.22</ele><time>2026-09-06T9:01:26Z</time><extensions><speed>-1.0</speed><course>-1.0</course><hAcc>0.0</hAcc><vAcc>0.0</vAcc></extensions></trkpt><trkpt lat="49.59489941000007" lon="10.843752460000026"><ele>325.22</ele><time>2026-09-06T9:01:28Z</time><extensions><speed>-1.0</speed><course>-1.0</course><hAcc>0.0</hAcc><vAcc>0.0</vAcc></extensions></trkpt><trkpt lat="49.59492941000007" lon="10.843697790000025"><ele>325.22</ele><time>2026-09-06T9:01:29Z</time><extensions><speed>-1.0</speed><course>-1.0</course><hAcc>0.0</hAcc><vAcc>0.0</vAcc></extensions></trkpt><trkpt lat="49.59496408000007" lon="10.843631120000024"><ele>325.22</ele><time>2026-09-06T9:01:31Z</time><extensions><speed>-1.0</speed><course>-1.0</course><hAcc>0.0</hAcc><vAcc>0.0</vAcc></extensions></trkpt><trkpt lat="49.59500341000007" lon="10.843557450000024"><ele>325.22</ele><time>2026-09-06T9:01:33Z</time><extensions><speed>-1.0</speed><course>-1.0</course><hAcc>0.0</hAcc><vAcc>0.0</vAcc></extensions></trkpt><trkpt lat="49.59504508000007" lon="10.843477120000024"><ele>325.22</ele><time>2026-09-06T9:01:35Z</time><extensions><speed>-1.0</speed><course>-1.0</course><hAcc>0.0</hAcc><vAcc>0.0</vAcc></extensions></trkpt><trkpt lat="49.59508108000007" lon="10.843408450000025"><ele>325.22</ele><time>2026-09-06T9:01:36Z</time><extensions><speed>-1.0</speed><course>-1.0</course><hAcc>0.0</hAcc><vAcc>0.0</vAcc></extensions></trkpt><trkpt lat="49.59511308000007" lon="10.843348120000025"><ele>326.04</ele><time>2026-09-06T9:01:37Z</time><extensions><speed>-1.0</speed><course>-1.0</course><hAcc>0.0</hAcc><vAcc>0.0</vAcc></extensions></trkpt><trkpt lat="49.595142410000065" lon="10.843292120000024"><ele>326.04</ele><time>2026-09-06T9:01:38Z</time><extensions><speed>-1.0</speed><course>-1.0</course><hAcc>0.0</hAcc><vAcc>0.0</vAcc></extensions></trkpt><trkpt lat="49.595170410000065" lon="10.843237790000025"><ele>326.04</ele><time>2026-09-06T9:01:39Z</time><extensions><speed>-1.0</speed><course>-1.0</course><hAcc>0.0</hAcc><vAcc>0.0</vAcc></extensions></trkpt><trkpt lat="49.59520608000007" lon="10.843171460000026"><ele>327.22</ele><time>2026-09-06T9:01:41Z</time><extensions><speed>-1.0</speed><course>-1.0</course><hAcc>0.0</hAcc><vAcc>0.0</vAcc></extensions></trkpt><trkpt lat="49.59524708000007" lon="10.843097130000025"><ele>327.22</ele><time>2026-09-06T9:01:43Z</time><extensions><speed>-1.0</speed><course>-1.0</course><hAcc>0.0</hAcc><vAcc>0.0</vAcc></extensions></trkpt><trkpt lat="49.59529041000007" lon="10.843018800000026"><ele>327.22</ele><time>2026-09-06T9:01:45Z</time><extensions><speed>-1.0</speed><course>-1.0</course><hAcc>0.0</hAcc><vAcc>0.0</vAcc></extensions></trkpt><trkpt lat="49.595336410000066" lon="10.842935800000026"><ele>327.22</ele><time>2026-09-06T9:01:47Z</time><extensions><speed>-1.0</speed><course>-1.0</course><hAcc>0.0</hAcc><vAcc>0.0</vAcc></extensions></trkpt><trkpt lat="49.595384410000065" lon="10.842851470000026"><ele>327.22</ele><time>2026-09-06T9:01:49Z</time><extensions><speed>-1.0</speed><course>-1.0</course><hAcc>0.0</hAcc><vAcc>0.0</vAcc></extensions></trkpt><trkpt lat="49.595432740000064" lon="10.842764140000027"><ele>327.22</ele><time>2026-09-06T9:01:51Z</time><extensions><speed>-1.0</speed><course>-1.0</course><hAcc>0.0</hAcc><vAcc>0.0</vAcc></extensions></trkpt><trkpt lat="49.59547307000006" lon="10.842690470000026"><ele>327.22</ele><time>2026-09-06T9:01:52Z</time><extensions><speed>-1.0</speed><course>-1.0</course><hAcc>0.0</hAcc><vAcc>0.0</vAcc></extensions></trkpt><trkpt lat="49.59551374000006" lon="10.842609800000027"><ele>328.04</ele><time>2026-09-06T9:01:54Z</time><extensions><speed>-1.0</speed><course>-1.0</course><hAcc>0.0</hAcc><vAcc>0.0</vAcc></extensions></trkpt><trkpt lat="49.59555807000006" lon="10.842528130000026"><ele>328.04</ele><time>2026-09-06T9:01:56Z</time><extensions><speed>-1.0</speed><course>-1.0</course><hAcc>0.0</hAcc><vAcc>0.0</vAcc></extensions></trkpt><trkpt lat="49.59559474000006" lon="10.842458460000026"><ele>329.04</ele><time>2026-09-06T9:01:57Z</time><extensions><speed>-1.0</speed><course>-1.0</course><hAcc>0.0</hAcc><vAcc>0.0</vAcc></extensions></trkpt><trkpt lat="49.59563441000006" lon="10.842382790000027"><ele>329.04</ele><time>2026-09-06T9:01:59Z</time><extensions><speed>-1.0</speed><course>-1.0</course><hAcc>0.0</hAcc><vAcc>0.0</vAcc></extensions></trkpt><trkpt lat="49.59567741000006" lon="10.842300460000027"><ele>329.04</ele><time>2026-09-06T9:02:01Z</time><extensions><speed>-1.0</speed><course>-1.0</course><hAcc>0.0</hAcc><vAcc>0.0</vAcc></extensions></trkpt><trkpt lat="49.59571608000006" lon="10.842226460000028"><ele>329.04</ele><time>2026-09-06T9:02:02Z</time><extensions><speed>-1.0</speed><course>-1.0</course><hAcc>0.0</hAcc><vAcc>0.0</vAcc></extensions></trkpt><trkpt lat="49.59575275000006" lon="10.842154790000027"><ele>329.04</ele><time>2026-09-06T9:02:03Z</time><extensions><speed>-1.0</speed><course>-1.0</course><hAcc>0.0</hAcc><vAcc>0.0</vAcc></extensions></trkpt><trkpt lat="49.59578808000006" lon="10.842081120000026"><ele>329.04</ele><time>2026-09-06T9:02:04Z</time><extensions><speed>-1.0</speed><course>-1.0</course><hAcc>0.0</hAcc><vAcc>0.0</vAcc></extensions></trkpt><trkpt lat="49.59583175000006" lon="10.841997450000026"><ele>329.04</ele><time>2026-09-06T9:02:06Z</time><extensions><speed>-1.0</speed><course>-1.0</course><hAcc>0.0</hAcc><vAcc>0.0</vAcc></extensions></trkpt><trkpt lat="49.59586975000006" lon="10.841923780000025"><ele>329.04</ele><time>2026-09-06T9:02:07Z</time><extensions><speed>-1.0</speed><course>-1.0</course><hAcc>0.0</hAcc><vAcc>0.0</vAcc></extensions></trkpt><trkpt lat="49.595905420000065" lon="10.841855780000024"><ele>329.04</ele><time>2026-09-06T9:02:08Z</time><extensions><speed>-1.0</speed><course>-1.0</course><hAcc>0.0</hAcc><vAcc>0.0</vAcc></extensions></trkpt><trkpt lat="49.595947420000066" lon="10.841773450000025"><ele>329.95</ele><time>2026-09-06T9:02:10Z</time><extensions><speed>-1.0</speed><course>-1.0</course><hAcc>0.0</hAcc><vAcc>0.0</vAcc></extensions></trkpt><trkpt lat="49.59599342000006" lon="10.841679450000024"><ele>329.95</ele><time>2026-09-06T9:02:12Z</time><extensions><speed>-1.0</speed><course>-1.0</course><hAcc>0.0</hAcc><vAcc>0.0</vAcc></extensions></trkpt><trkpt lat="49.596032420000064" lon="10.841595780000024"><ele>329.95</ele><time>2026-09-06T9:02:13Z</time><extensions><speed>-1.0</speed><course>-1.0</course><hAcc>0.0</hAcc><vAcc>0.0</vAcc></extensions></trkpt><trkpt lat="49.596071090000066" lon="10.841500110000023"><ele>331.58</ele><time>2026-09-06T9:02:15Z</time><extensions><speed>-1.0</speed><course>-1.0</course><hAcc>0.0</hAcc><vAcc>0.0</vAcc></extensions></trkpt><trkpt lat="49.59610376000007" lon="10.841417110000023"><ele>331.58</ele><time>2026-09-06T9:02:16Z</time><extensions><speed>-1.0</speed><course>-1.0</course><hAcc>0.0</hAcc><vAcc>0.0</vAcc></extensions></trkpt><trkpt lat="49.59613709000007" lon="10.841318780000023"><ele>331.58</ele><time>2026-09-06T9:02:18Z</time><extensions><speed>-1.0</speed><course>-1.0</course><hAcc>0.0</hAcc><vAcc>0.0</vAcc></extensions></trkpt><trkpt lat="49.59616209000007" lon="10.841230780000023"><ele>331.58</ele><time>2026-09-06T9:02:19Z</time><extensions><speed>-1.0</speed><course>-1.0</course><hAcc>0.0</hAcc><vAcc>0.0</vAcc></extensions></trkpt><trkpt lat="49.59618409000007" lon="10.841127450000023"><ele>331.58</ele><time>2026-09-06T9:02:21Z</time><extensions><speed>-1.0</speed><course>-1.0</course><hAcc>0.0</hAcc><vAcc>0.0</vAcc></extensions></trkpt><trkpt lat="49.596206090000074" lon="10.841014780000023"><ele>331.58</ele><time>2026-09-06T9:02:23Z</time><extensions><speed>-1.0</speed><course>-1.0</course><hAcc>0.0</hAcc><vAcc>0.0</vAcc></extensions></trkpt><trkpt lat="49.59622376000007" lon="10.840896780000023"><ele>331.58</ele><time>2026-09-06T9:02:25Z</time><extensions><speed>-1.0</speed><course>-1.0</course><hAcc>0.0</hAcc><vAcc>0.0</vAcc></extensions></trkpt><trkpt lat="49.59623809000007" lon="10.840795110000023"><ele>331.58</ele><time>2026-09-06T9:02:26Z</time><extensions><speed>-1.0</speed><course>-1.0</course><hAcc>0.0</hAcc><vAcc>0.0</vAcc></extensions></trkpt><trkpt lat="49.59624909000007" lon="10.840704440000023"><ele>331.58</ele><time>2026-09-06T9:02:27Z</time><extensions><speed>-1.0</speed><course>-1.0</course><hAcc>0.0</hAcc><vAcc>0.0</vAcc></extensions></trkpt><trkpt lat="49.59626042000007" lon="10.840599440000023"><ele>331.58</ele><time>2026-09-06T9:02:29Z</time><extensions><speed>-1.0</speed><course>-1.0</course><hAcc>0.0</hAcc><vAcc>0.0</vAcc></extensions></trkpt><trkpt lat="49.59627109000007" lon="10.840484440000024"><ele>331.58</ele><time>2026-09-06T9:02:31Z</time><extensions><speed>-1.0</speed><course>-1.0</course><hAcc>0.0</hAcc><vAcc>0.0</vAcc></extensions></trkpt><trkpt lat="49.59628042000007" lon="10.840359770000024"><ele>332.40000000000003</ele><time>2026-09-06T9:02:33Z</time><extensions><speed>-1.0</speed><course>-1.0</course><hAcc>0.0</hAcc><vAcc>0.0</vAcc></extensions></trkpt><trkpt lat="49.59629175000007" lon="10.840228770000024"><ele>332.40000000000003</ele><time>2026-09-06T9:02:35Z</time><extensions><speed>-1.0</speed><course>-1.0</course><hAcc>0.0</hAcc><vAcc>0.0</vAcc></extensions></trkpt><trkpt lat="49.59630008000007" lon="10.840117770000024"><ele>332.40000000000003</ele><time>2026-09-06T9:02:36Z</time><extensions><speed>-1.0</speed><course>-1.0</course><hAcc>0.0</hAcc><vAcc>0.0</vAcc></extensions></trkpt><trkpt lat="49.59630875000007" lon="10.839997100000025"><ele>332.40000000000003</ele><time>2026-09-06T9:02:38Z</time><extensions><speed>-1.0</speed><course>-1.0</course><hAcc>0.0</hAcc><vAcc>0.0</vAcc></extensions></trkpt><trkpt lat="49.59631675000007" lon="10.839893770000025"><ele>332.40000000000003</ele><time>2026-09-06T9:02:39Z</time><extensions><speed>-1.0</speed><course>-1.0</course><hAcc>0.0</hAcc><vAcc>0.0</vAcc></extensions></trkpt><trkpt lat="49.59632408000007" lon="10.839778770000025"><ele>332.40000000000003</ele><time>2026-09-06T9:02:41Z</time><extensions><speed>-1.0</speed><course>-1.0</course><hAcc>0.0</hAcc><vAcc>0.0</vAcc></extensions></trkpt><trkpt lat="49.596331410000076" lon="10.839655100000025"><ele>333.40000000000003</ele><time>2026-09-06T9:02:43Z</time><extensions><speed>-1.0</speed><course>-1.0</course><hAcc>0.0</hAcc><vAcc>0.0</vAcc></extensions></trkpt><trkpt lat="49.59633808000007" lon="10.839549770000025"><ele>333.40000000000003</ele><time>2026-09-06T9:02:44Z</time><extensions><speed>-1.0</speed><course>-1.0</course><hAcc>0.0</hAcc><vAcc>0.0</vAcc></extensions></trkpt><trkpt lat="49.59634441000007" lon="10.839456440000024"><ele>333.40000000000003</ele><time>2026-09-06T9:02:45Z</time><extensions><speed>-1.0</speed><course>-1.0</course><hAcc>0.0</hAcc><vAcc>0.0</vAcc></extensions></trkpt><trkpt lat="49.596352080000074" lon="10.839346110000024"><ele>333.40000000000003</ele><time>2026-09-06T9:02:47Z</time><extensions><speed>-1.0</speed><course>-1.0</course><hAcc>0.0</hAcc><vAcc>0.0</vAcc></extensions></trkpt><trkpt lat="49.59635808000007" lon="10.839247110000024"><ele>334.67</ele><time>2026-09-06T9:02:48Z</time><extensions><speed>-1.0</speed><course>-1.0</course><hAcc>0.0</hAcc><vAcc>0.0</vAcc></extensions></trkpt><trkpt lat="49.59636341000007" lon="10.839156780000023"><ele>334.67</ele><time>2026-09-06T9:02:49Z</time><extensions><speed>-1.0</speed><course>-1.0</course><hAcc>0.0</hAcc><vAcc>0.0</vAcc></extensions></trkpt><trkpt lat="49.59637008000007" lon="10.839046110000023"><ele>334.67</ele><time>2026-09-06T9:02:51Z</time><extensions><speed>-1.0</speed><course>-1.0</course><hAcc>0.0</hAcc><vAcc>0.0</vAcc></extensions></trkpt><trkpt lat="49.59637675000007" lon="10.838921780000023"><ele>334.67</ele><time>2026-09-06T9:02:53Z</time><extensions><speed>-1.0</speed><course>-1.0</course><hAcc>0.0</hAcc><vAcc>0.0</vAcc></extensions></trkpt><trkpt lat="49.596383750000065" lon="10.838812450000022"><ele>334.67</ele><time>2026-09-06T9:02:54Z</time><extensions><speed>-1.0</speed><course>-1.0</course><hAcc>0.0</hAcc><vAcc>0.0</vAcc></extensions></trkpt><trkpt lat="49.596392420000065" lon="10.838686780000023"><ele>334.67</ele><time>2026-09-06T9:02:56Z</time><extensions><speed>-1.0</speed><course>-1.0</course><hAcc>0.0</hAcc><vAcc>0.0</vAcc></extensions></trkpt><trkpt lat="49.59640009000007" lon="10.838577110000022"><ele>334.67</ele><time>2026-09-06T9:02:57Z</time><extensions><speed>-1.0</speed><course>-1.0</course><hAcc>0.0</hAcc><vAcc>0.0</vAcc></extensions></trkpt><trkpt lat="49.59640842000007" lon="10.838449110000022"><ele>334.67</ele><time>2026-09-06T9:02:59Z</time><extensions><speed>-1.0</speed><course>-1.0</course><hAcc>0.0</hAcc><vAcc>0.0</vAcc></extensions></trkpt><trkpt lat="49.596417420000066" lon="10.838310110000021"><ele>334.67</ele><time>2026-09-06T9:03:01Z</time><extensions><speed>-1.0</speed><course>-1.0</course><hAcc>0.0</hAcc><vAcc>0.0</vAcc></extensions></trkpt><trkpt lat="49.59642409000006" lon="10.83819011000002"><ele>334.67</ele><time>2026-09-06T9:03:02Z</time><extensions><speed>-1.0</speed><course>-1.0</course><hAcc>0.0</hAcc><vAcc>0.0</vAcc></extensions></trkpt><trkpt lat="49.596432090000064" lon="10.83805644000002"><ele>334.67</ele><time>2026-09-06T9:03:04Z</time><extensions><speed>-1.0</speed><course>-1.0</course><hAcc>0.0</hAcc><vAcc>0.0</vAcc></extensions></trkpt><trkpt lat="49.59643976000007" lon="10.83794011000002"><ele>335.49</ele><time>2026-09-06T9:03:05Z</time><extensions><speed>-1.0</speed><course>-1.0</course><hAcc>0.0</hAcc><vAcc>0.0</vAcc></extensions></trkpt><trkpt lat="49.596446430000064" lon="10.83783511000002"><ele>335.49</ele><time>2026-09-06T9:03:06Z</time><extensions><speed>-1.0</speed><course>-1.0</course><hAcc>0.0</hAcc><vAcc>0.0</vAcc></extensions></trkpt><trkpt lat="49.59645310000006" lon="10.83773844000002"><ele>335.49</ele><time>2026-09-06T9:03:07Z</time><extensions><speed>-1.0</speed><course>-1.0</course><hAcc>0.0</hAcc><vAcc>0.0</vAcc></extensions></trkpt><trkpt lat="49.59646110000006" lon="10.83762144000002"><ele>335.49</ele><time>2026-09-06T9:03:09Z</time><extensions><speed>-1.0</speed><course>-1.0</course><hAcc>0.0</hAcc><vAcc>0.0</vAcc></extensions></trkpt><trkpt lat="49.59646743000006" lon="10.83751611000002"><ele>335.49</ele><time>2026-09-06T9:03:10Z</time><extensions><speed>-1.0</speed><course>-1.0</course><hAcc>0.0</hAcc><vAcc>0.0</vAcc></extensions></trkpt><trkpt lat="49.59647310000006" lon="10.837419440000021"><ele>335.49</ele><time>2026-09-06T9:03:11Z</time><extensions><speed>-1.0</speed><course>-1.0</course><hAcc>0.0</hAcc><vAcc>0.0</vAcc></extensions></trkpt><trkpt lat="49.59648177000006" lon="10.83730144000002"><ele>335.49</ele><time>2026-09-06T9:03:13Z</time><extensions><speed>-1.0</speed><course>-1.0</course><hAcc>0.0</hAcc><vAcc>0.0</vAcc></extensions></trkpt><trkpt lat="49.59648944000006" lon="10.83719544000002"><ele>335.49</ele><time>2026-09-06T9:03:14Z</time><extensions><speed>-1.0</speed><course>-1.0</course><hAcc>0.0</hAcc><vAcc>0.0</vAcc></extensions></trkpt><trkpt lat="49.596497440000064" lon="10.83707144000002"><ele>335.49</ele><time>2026-09-06T9:03:16Z</time><extensions><speed>-1.0</speed><course>-1.0</course><hAcc>0.0</hAcc><vAcc>0.0</vAcc></extensions></trkpt><trkpt lat="49.59650444000006" lon="10.83696211000002"><ele>335.49</ele><time>2026-09-06T9:03:17Z</time><extensions><speed>-1.0</speed><course>-1.0</course><hAcc>0.0</hAcc><vAcc>0.0</vAcc></extensions></trkpt><trkpt lat="49.59651377000006" lon="10.83683644000002"><ele>335.49</ele><time>2026-09-06T9:03:19Z</time><extensions><speed>-1.0</speed><course>-1.0</course><hAcc>0.0</hAcc><vAcc>0.0</vAcc></extensions></trkpt><trkpt lat="49.596523100000056" lon="10.83669877000002"><ele>335.49</ele><time>2026-09-06T9:03:21Z</time><extensions><speed>-1.0</speed><course>-1.0</course><hAcc>0.0</hAcc><vAcc>0.0</vAcc></extensions></trkpt><trkpt lat="49.59653077000006" lon="10.83657844000002"><ele>336.58</ele><time>2026-09-06T9:03:22Z</time><extensions><speed>-1.0</speed><course>-1.0</course><hAcc>0.0</hAcc><vAcc>0.0</vAcc></extensions></trkpt><trkpt lat="49.596537770000054" lon="10.83647144000002"><ele>336.58</ele><time>2026-09-06T9:03:23Z</time><extensions><speed>-1.0</speed><course>-1.0</course><hAcc>0.0</hAcc><vAcc>0.0</vAcc></extensions></trkpt><trkpt lat="49.59654677000005" lon="10.83634611000002"><ele>336.58</ele><time>2026-09-06T9:03:25Z</time><extensions><speed>-1.0</speed><course>-1.0</course><hAcc>0.0</hAcc><vAcc>0.0</vAcc></extensions></trkpt><trkpt lat="49.596554770000054" lon="10.836236110000021"><ele>336.58</ele><time>2026-09-06T9:03:26Z</time><extensions><speed>-1.0</speed><course>-1.0</course><hAcc>0.0</hAcc><vAcc>0.0</vAcc></extensions></trkpt><trkpt lat="49.59656210000006" lon="10.83610944000002"><ele>336.58</ele><time>2026-09-06T9:03:28Z</time><extensions><speed>-1.0</speed><course>-1.0</course><hAcc>0.0</hAcc><vAcc>0.0</vAcc></extensions></trkpt><trkpt lat="49.59657010000006" lon="10.83597044000002"><ele>336.58</ele><time>2026-09-06T9:03:30Z</time><extensions><speed>-1.0</speed><course>-1.0</course><hAcc>0.0</hAcc><vAcc>0.0</vAcc></extensions></trkpt><trkpt lat="49.596577100000054" lon="10.83584944000002"><ele>336.58</ele><time>2026-09-06T9:03:31Z</time><extensions><speed>-1.0</speed><course>-1.0</course><hAcc>0.0</hAcc><vAcc>0.0</vAcc></extensions></trkpt><trkpt lat="49.596585770000054" lon="10.83571244000002"><ele>336.58</ele><time>2026-09-06T9:03:33Z</time><extensions><speed>-1.0</speed><course>-1.0</course><hAcc>0.0</hAcc><vAcc>0.0</vAcc></extensions></trkpt><trkpt lat="49.59659544000005" lon="10.83556677000002"><ele>336.58</ele><time>2026-09-06T9:03:35Z</time><extensions><speed>-1.0</speed><course>-1.0</course><hAcc>0.0</hAcc><vAcc>0.0</vAcc></extensions></trkpt><trkpt lat="49.59660411000005" lon="10.835441770000019"><ele>337.40000000000003</ele><time>2026-09-06T9:03:36Z</time><extensions><speed>-1.0</speed><course>-1.0</course><hAcc>0.0</hAcc><vAcc>0.0</vAcc></extensions></trkpt><trkpt lat="49.59661144000005" lon="10.835330100000018"><ele>337.40000000000003</ele><time>2026-09-06T9:03:37Z</time><extensions><speed>-1.0</speed><course>-1.0</course><hAcc>0.0</hAcc><vAcc>0.0</vAcc></extensions></trkpt><trkpt lat="49.596618770000056" lon="10.835228770000018"><ele>337.40000000000003</ele><time>2026-09-06T9:03:38Z</time><extensions><speed>-1.0</speed><course>-1.0</course><hAcc>0.0</hAcc><vAcc>0.0</vAcc></extensions></trkpt><trkpt lat="49.59662810000005" lon="10.835108770000017"><ele>338.31</ele><time>2026-09-06T9:03:40Z</time><extensions><speed>-1.0</speed><course>-1.0</course><hAcc>0.0</hAcc><vAcc>0.0</vAcc></extensions></trkpt><trkpt lat="49.596636100000055" lon="10.835001440000017"><ele>338.31</ele><time>2026-09-06T9:03:41Z</time><extensions><speed>-1.0</speed><course>-1.0</course><hAcc>0.0</hAcc><vAcc>0.0</vAcc></extensions></trkpt><trkpt lat="49.59664577000005" lon="10.834877440000017"><ele>338.31</ele><time>2026-09-06T9:03:43Z</time><extensions><speed>-1.0</speed><course>-1.0</course><hAcc>0.0</hAcc><vAcc>0.0</vAcc></extensions></trkpt><trkpt lat="49.59665377000005" lon="10.834769440000017"><ele>338.31</ele><time>2026-09-06T9:03:44Z</time><extensions><speed>-1.0</speed><course>-1.0</course><hAcc>0.0</hAcc><vAcc>0.0</vAcc></extensions></trkpt><trkpt lat="49.596661770000054" lon="10.834646440000016"><ele>338.31</ele><time>2026-09-06T9:03:46Z</time><extensions><speed>-1.0</speed><course>-1.0</course><hAcc>0.0</hAcc><vAcc>0.0</vAcc></extensions></trkpt><trkpt lat="49.59666844000005" lon="10.834538440000015"><ele>338.31</ele><time>2026-09-06T9:03:47Z</time><extensions><speed>-1.0</speed><course>-1.0</course><hAcc>0.0</hAcc><vAcc>0.0</vAcc></extensions></trkpt><trkpt lat="49.59667511000005" lon="10.834416110000015"><ele>338.31</ele><time>2026-09-06T9:03:49Z</time><extensions><speed>-1.0</speed><course>-1.0</course><hAcc>0.0</hAcc><vAcc>0.0</vAcc></extensions></trkpt><trkpt lat="49.59668111000005" lon="10.834308440000015"><ele>338.31</ele><time>2026-09-06T9:03:50Z</time><extensions><speed>-1.0</speed><course>-1.0</course><hAcc>0.0</hAcc><vAcc>0.0</vAcc></extensions></trkpt><trkpt lat="49.59668878000005" lon="10.834190110000016"><ele>338.31</ele><time>2026-09-06T9:03:52Z</time><extensions><speed>-1.0</speed><course>-1.0</course><hAcc>0.0</hAcc><vAcc>0.0</vAcc></extensions></trkpt><trkpt lat="49.59669545000005" lon="10.834086110000015"><ele>338.31</ele><time>2026-09-06T9:03:53Z</time><extensions><speed>-1.0</speed><course>-1.0</course><hAcc>0.0</hAcc><vAcc>0.0</vAcc></extensions></trkpt><trkpt lat="49.59670378000005" lon="10.833966440000015"><ele>338.31</ele><time>2026-09-06T9:03:55Z</time><extensions><speed>-1.0</speed><course>-1.0</course><hAcc>0.0</hAcc><vAcc>0.0</vAcc></extensions></trkpt><trkpt lat="49.59671278000005" lon="10.833831440000015"><ele>338.31</ele><time>2026-09-06T9:03:57Z</time><extensions><speed>-1.0</speed><course>-1.0</course><hAcc>0.0</hAcc><vAcc>0.0</vAcc></extensions></trkpt><trkpt lat="49.59672111000005" lon="10.833693110000015"><ele>338.31</ele><time>2026-09-06T9:03:59Z</time><extensions><speed>-1.0</speed><course>-1.0</course><hAcc>0.0</hAcc><vAcc>0.0</vAcc></extensions></trkpt><trkpt lat="49.596730780000044" lon="10.833550110000015"><ele>338.31</ele><time>2026-09-06T9:04:01Z</time><extensions><speed>-1.0</speed><course>-1.0</course><hAcc>0.0</hAcc><vAcc>0.0</vAcc></extensions></trkpt><trkpt lat="49.596739450000044" lon="10.833429110000015"><ele>338.31</ele><time>2026-09-06T9:04:02Z</time><extensions><speed>-1.0</speed><course>-1.0</course><hAcc>0.0</hAcc><vAcc>0.0</vAcc></extensions></trkpt><trkpt lat="49.59674912000004" lon="10.833296110000015"><ele>338.31</ele><time>2026-09-06T9:04:04Z</time><extensions><speed>-1.0</speed><course>-1.0</course><hAcc>0.0</hAcc><vAcc>0.0</vAcc></extensions></trkpt><trkpt lat="49.59675879000004" lon="10.833155440000015"><ele>338.31</ele><time>2026-09-06T9:04:06Z</time><extensions><speed>-1.0</speed><course>-1.0</course><hAcc>0.0</hAcc><vAcc>0.0</vAcc></extensions></trkpt><trkpt lat="49.59676679000004" lon="10.833035440000014"><ele>338.31</ele><time>2026-09-06T9:04:07Z</time><extensions><speed>-1.0</speed><course>-1.0</course><hAcc>0.0</hAcc><vAcc>0.0</vAcc></extensions></trkpt><trkpt lat="49.59677646000004" lon="10.832905440000014"><ele>338.31</ele><time>2026-09-06T9:04:09Z</time><extensions><speed>-1.0</speed><course>-1.0</course><hAcc>0.0</hAcc><vAcc>0.0</vAcc></extensions></trkpt><trkpt lat="49.59678413000004" lon="10.832792110000014"><ele>338.31</ele><time>2026-09-06T9:04:10Z</time><extensions><speed>-1.0</speed><course>-1.0</course><hAcc>0.0</hAcc><vAcc>0.0</vAcc></extensions></trkpt><trkpt lat="49.59679280000004" lon="10.832666110000014"><ele>338.31</ele><time>2026-09-06T9:04:12Z</time><extensions><speed>-1.0</speed><course>-1.0</course><hAcc>0.0</hAcc><vAcc>0.0</vAcc></extensions></trkpt><trkpt lat="49.59680047000004" lon="10.832533440000015"><ele>339.86</ele><time>2026-09-06T9:04:14Z</time><extensions><speed>-1.0</speed><course>-1.0</course><hAcc>0.0</hAcc><vAcc>0.0</vAcc></extensions></trkpt><trkpt lat="49.59680880000004" lon="10.832399110000015"><ele>339.86</ele><time>2026-09-06T9:04:16Z</time><extensions><speed>-1.0</speed><course>-1.0</course><hAcc>0.0</hAcc><vAcc>0.0</vAcc></extensions></trkpt><trkpt lat="49.59681813000004" lon="10.832286780000015"><ele>339.86</ele><time>2026-09-06T9:04:17Z</time><extensions><speed>-1.0</speed><course>-1.0</course><hAcc>0.0</hAcc><vAcc>0.0</vAcc></extensions></trkpt><trkpt lat="49.596847130000036" lon="10.832180450000015"><ele>339.86</ele><time>2026-09-06T9:04:19Z</time><extensions><speed>-1.0</speed><course>-1.0</course><hAcc>0.0</hAcc><vAcc>0.0</vAcc></extensions></trkpt><trkpt lat="49.59689913000003" lon="10.832105780000015"><ele>339.86</ele><time>2026-09-06T9:04:21Z</time><extensions><speed>-1.0</speed><course>-1.0</course><hAcc>0.0</hAcc><vAcc>0.0</vAcc></extensions></trkpt><trkpt lat="49.59696646000003" lon="10.832055110000015"><ele>339.86</ele><time>2026-09-06T9:04:23Z</time><extensions><speed>-1.0</speed><course>-1.0</course><hAcc>0.0</hAcc><vAcc>0.0</vAcc></extensions></trkpt><trkpt lat="49.597027790000034" lon="10.832019440000014"><ele>339.86</ele><time>2026-09-06T9:04:24Z</time><extensions><speed>-1.0</speed><course>-1.0</course><hAcc>0.0</hAcc><vAcc>0.0</vAcc></extensions></trkpt><trkpt lat="49.59710146000003" lon="10.831990440000014"><ele>339.86</ele><time>2026-09-06T9:04:26Z</time><extensions><speed>-1.0</speed><course>-1.0</course><hAcc>0.0</hAcc><vAcc>0.0</vAcc></extensions></trkpt><trkpt lat="49.59718446000003" lon="10.831968440000015"><ele>339.86</ele><time>2026-09-06T9:04:28Z</time><extensions><speed>-1.0</speed><course>-1.0</course><hAcc>0.0</hAcc><vAcc>0.0</vAcc></extensions></trkpt><trkpt lat="49.59727079000003" lon="10.831953110000015"><ele>339.86</ele><time>2026-09-06T9:04:30Z</time><extensions><speed>-1.0</speed><course>-1.0</course><hAcc>0.0</hAcc><vAcc>0.0</vAcc></extensions></trkpt><trkpt lat="49.59734912000003" lon="10.831940110000016"><ele>339.86</ele><time>2026-09-06T9:04:31Z</time><extensions><speed>-1.0</speed><course>-1.0</course><hAcc>0.0</hAcc><vAcc>0.0</vAcc></extensions></trkpt><trkpt lat="49.59741912000003" lon="10.831929440000016"><ele>339.86</ele><time>2026-09-06T9:04:32Z</time><extensions><speed>-1.0</speed><course>-1.0</course><hAcc>0.0</hAcc><vAcc>0.0</vAcc></extensions></trkpt><trkpt lat="49.597500120000035" lon="10.831919440000016"><ele>339.86</ele><time>2026-09-06T9:04:34Z</time><extensions><speed>-1.0</speed><course>-1.0</course><hAcc>0.0</hAcc><vAcc>0.0</vAcc></extensions></trkpt><trkpt lat="49.597590790000034" lon="10.831910440000016"><ele>339.86</ele><time>2026-09-06T9:04:36Z</time><extensions><speed>-1.0</speed><course>-1.0</course><hAcc>0.0</hAcc><vAcc>0.0</vAcc></extensions></trkpt><trkpt lat="49.59768512000004" lon="10.831899440000015"><ele>339.86</ele><time>2026-09-06T9:04:38Z</time><extensions><speed>-1.0</speed><course>-1.0</course><hAcc>0.0</hAcc><vAcc>0.0</vAcc></extensions></trkpt><trkpt lat="49.59778512000004" lon="10.831890110000016"><ele>340.67</ele><time>2026-09-06T9:04:40Z</time><extensions><speed>-1.0</speed><course>-1.0</course><hAcc>0.0</hAcc><vAcc>0.0</vAcc></extensions></trkpt><trkpt lat="49.59788779000004" lon="10.831881440000016"><ele>340.67</ele><time>2026-09-06T9:04:42Z</time><extensions><speed>-1.0</speed><course>-1.0</course><hAcc>0.0</hAcc><vAcc>0.0</vAcc></extensions></trkpt><trkpt lat="49.59797412000004" lon="10.831875770000016"><ele>340.67</ele><time>2026-09-06T9:04:43Z</time><extensions><speed>-1.0</speed><course>-1.0</course><hAcc>0.0</hAcc><vAcc>0.0</vAcc></extensions></trkpt><trkpt lat="49.59806779000004" lon="10.831868100000015"><ele>340.67</ele><time>2026-09-06T9:04:45Z</time><extensions><speed>-1.0</speed><course>-1.0</course><hAcc>0.0</hAcc><vAcc>0.0</vAcc></extensions></trkpt><trkpt lat="49.598147460000035" lon="10.831861100000015"><ele>340.67</ele><time>2026-09-06T9:04:46Z</time><extensions><speed>-1.0</speed><course>-1.0</course><hAcc>0.0</hAcc><vAcc>0.0</vAcc></extensions></trkpt><trkpt lat="49.59823679000004" lon="10.831855770000015"><ele>339.40000000000003</ele><time>2026-09-06T9:04:48Z</time><extensions><speed>-1.0</speed><course>-1.0</course><hAcc>0.0</hAcc><vAcc>0.0</vAcc></extensions></trkpt><trkpt lat="49.598332790000036" lon="10.831847770000016"><ele>339.40000000000003</ele><time>2026-09-06T9:04:50Z</time><extensions><speed>-1.0</speed><course>-1.0</course><hAcc>0.0</hAcc><vAcc>0.0</vAcc></extensions></trkpt><trkpt lat="49.598434120000036" lon="10.831832440000015"><ele>339.40000000000003</ele><time>2026-09-06T9:04:52Z</time><extensions><speed>-1.0</speed><course>-1.0</course><hAcc>0.0</hAcc><vAcc>0.0</vAcc></extensions></trkpt><trkpt lat="49.59852079000004" lon="10.831821770000015"><ele>339.40000000000003</ele><time>2026-09-06T9:04:53Z</time><extensions><speed>-1.0</speed><course>-1.0</course><hAcc>0.0</hAcc><vAcc>0.0</vAcc></extensions></trkpt><trkpt lat="49.59861579000004" lon="10.831810770000015"><ele>339.40000000000003</ele><time>2026-09-06T9:04:55Z</time><extensions><speed>-1.0</speed><course>-1.0</course><hAcc>0.0</hAcc><vAcc>0.0</vAcc></extensions></trkpt><trkpt lat="49.598718120000036" lon="10.831803770000015"><ele>339.40000000000003</ele><time>2026-09-06T9:04:57Z</time><extensions><speed>-1.0</speed><course>-1.0</course><hAcc>0.0</hAcc><vAcc>0.0</vAcc></extensions></trkpt><trkpt lat="49.59882712000004" lon="10.831794440000015"><ele>339.40000000000003</ele><time>2026-09-06T9:04:59Z</time><extensions><speed>-1.0</speed><course>-1.0</course><hAcc>0.0</hAcc><vAcc>0.0</vAcc></extensions></trkpt><trkpt lat="49.59892079000004" lon="10.831784440000016"><ele>339.40000000000003</ele><time>2026-09-06T9:05:00Z</time><extensions><speed>-1.0</speed><course>-1.0</course><hAcc>0.0</hAcc><vAcc>0.0</vAcc></extensions></trkpt><trkpt lat="49.599028120000035" lon="10.831775770000016"><ele>339.40000000000003</ele><time>2026-09-06T9:05:02Z</time><extensions><speed>-1.0</speed><course>-1.0</course><hAcc>0.0</hAcc><vAcc>0.0</vAcc></extensions></trkpt><trkpt lat="49.599146120000036" lon="10.831767770000017"><ele>338.49</ele><time>2026-09-06T9:05:04Z</time><extensions><speed>-1.0</speed><course>-1.0</course><hAcc>0.0</hAcc><vAcc>0.0</vAcc></extensions></trkpt><trkpt lat="49.59924912000004" lon="10.831765100000016"><ele>338.49</ele><time>2026-09-06T9:05:05Z</time><extensions><speed>-1.0</speed><course>-1.0</course><hAcc>0.0</hAcc><vAcc>0.0</vAcc></extensions></trkpt><trkpt lat="49.59936212000004" lon="10.831754100000015"><ele>338.49</ele><time>2026-09-06T9:05:07Z</time><extensions><speed>-1.0</speed><course>-1.0</course><hAcc>0.0</hAcc><vAcc>0.0</vAcc></extensions></trkpt><trkpt lat="49.59948045000004" lon="10.831735100000015"><ele>337.58</ele><time>2026-09-06T9:05:09Z</time><extensions><speed>-1.0</speed><course>-1.0</course><hAcc>0.0</hAcc><vAcc>0.0</vAcc></extensions></trkpt><trkpt lat="49.59958145000004" lon="10.831716100000016"><ele>337.58</ele><time>2026-09-06T9:05:10Z</time><extensions><speed>-1.0</speed><course>-1.0</course><hAcc>0.0</hAcc><vAcc>0.0</vAcc></extensions></trkpt><trkpt lat="49.59969045000004" lon="10.831688100000015"><ele>336.77</ele><time>2026-09-06T9:05:12Z</time><extensions><speed>-1.0</speed><course>-1.0</course><hAcc>0.0</hAcc><vAcc>0.0</vAcc></extensions></trkpt><trkpt lat="49.59978312000004" lon="10.831663770000015"><ele>336.77</ele><time>2026-09-06T9:05:13Z</time><extensions><speed>-1.0</speed><course>-1.0</course><hAcc>0.0</hAcc><vAcc>0.0</vAcc></extensions></trkpt><trkpt lat="49.59986379000004" lon="10.831642100000014"><ele>336.77</ele><time>2026-09-06T9:05:14Z</time><extensions><speed>-1.0</speed><course>-1.0</course><hAcc>0.0</hAcc><vAcc>0.0</vAcc></extensions></trkpt><trkpt lat="49.599935790000046" lon="10.831621100000014"><ele>335.95</ele><time>2026-09-06T9:05:15Z</time><extensions><speed>-1.0</speed><course>-1.0</course><hAcc>0.0</hAcc><vAcc>0.0</vAcc></extensions></trkpt><trkpt lat="49.600018460000044" lon="10.831595770000014"><ele>335.95</ele><time>2026-09-06T9:05:17Z</time><extensions><speed>-1.0</speed><course>-1.0</course><hAcc>0.0</hAcc><vAcc>0.0</vAcc></extensions></trkpt><trkpt lat="49.60010579000004" lon="10.831568440000014"><ele>335.95</ele><time>2026-09-06T9:05:19Z</time><extensions><speed>-1.0</speed><course>-1.0</course><hAcc>0.0</hAcc><vAcc>0.0</vAcc></extensions></trkpt><trkpt lat="49.60019579000004" lon="10.831540770000014"><ele>335.95</ele><time>2026-09-06T9:05:21Z</time><extensions><speed>-1.0</speed><course>-1.0</course><hAcc>0.0</hAcc><vAcc>0.0</vAcc></extensions></trkpt><trkpt lat="49.60027179000004" lon="10.831517100000015"><ele>335.95</ele><time>2026-09-06T9:05:22Z</time><extensions><speed>-1.0</speed><course>-1.0</course><hAcc>0.0</hAcc><vAcc>0.0</vAcc></extensions></trkpt><trkpt lat="49.600338460000046" lon="10.831495430000015"><ele>335.95</ele><time>2026-09-06T9:05:23Z</time><extensions><speed>-1.0</speed><course>-1.0</course><hAcc>0.0</hAcc><vAcc>0.0</vAcc></extensions></trkpt><trkpt lat="49.60041413000005" lon="10.831470100000015"><ele>335.95</ele><time>2026-09-06T9:05:25Z</time><extensions><speed>-1.0</speed><course>-1.0</course><hAcc>0.0</hAcc><vAcc>0.0</vAcc></extensions></trkpt><trkpt lat="49.600479460000045" lon="10.831448100000015"><ele>335.95</ele><time>2026-09-06T9:05:26Z</time><extensions><speed>-1.0</speed><course>-1.0</course><hAcc>0.0</hAcc><vAcc>0.0</vAcc></extensions></trkpt><trkpt lat="49.60055213000005" lon="10.831423770000015"><ele>335.95</ele><time>2026-09-06T9:05:28Z</time><extensions><speed>-1.0</speed><course>-1.0</course><hAcc>0.0</hAcc><vAcc>0.0</vAcc></extensions></trkpt><trkpt lat="49.600615130000044" lon="10.831403440000015"><ele>335.95</ele><time>2026-09-06T9:05:29Z</time><extensions><speed>-1.0</speed><course>-1.0</course><hAcc>0.0</hAcc><vAcc>0.0</vAcc></extensions></trkpt><trkpt lat="49.60068413000005" lon="10.831380110000016"><ele>335.95</ele><time>2026-09-06T9:05:31Z</time><extensions><speed>-1.0</speed><course>-1.0</course><hAcc>0.0</hAcc><vAcc>0.0</vAcc></extensions></trkpt><trkpt lat="49.60075613000005" lon="10.831358780000016"><ele>335.95</ele><time>2026-09-06T9:05:33Z</time><extensions><speed>-1.0</speed><course>-1.0</course><hAcc>0.0</hAcc><vAcc>0.0</vAcc></extensions></trkpt><trkpt lat="49.60082946000005" lon="10.831333780000016"><ele>335.95</ele><time>2026-09-06T9:05:35Z</time><extensions><speed>-1.0</speed><course>-1.0</course><hAcc>0.0</hAcc><vAcc>0.0</vAcc></extensions></trkpt><trkpt lat="49.60090313000005" lon="10.831309110000015"><ele>335.95</ele><time>2026-09-06T9:05:37Z</time><extensions><speed>-1.0</speed><course>-1.0</course><hAcc>0.0</hAcc><vAcc>0.0</vAcc></extensions></trkpt><trkpt lat="49.60096413000005" lon="10.831288440000016"><ele>338.40000000000003</ele><time>2026-09-06T9:05:38Z</time><extensions><speed>-1.0</speed><course>-1.0</course><hAcc>0.0</hAcc><vAcc>0.0</vAcc></extensions></trkpt><trkpt lat="49.60102846000005" lon="10.831262440000016"><ele>338.40000000000003</ele><time>2026-09-06T9:05:40Z</time><extensions><speed>-1.0</speed><course>-1.0</course><hAcc>0.0</hAcc><vAcc>0.0</vAcc></extensions></trkpt><trkpt lat="49.60109413000005" lon="10.831233110000015"><ele>338.40000000000003</ele><time>2026-09-06T9:05:42Z</time><extensions><speed>-1.0</speed><course>-1.0</course><hAcc>0.0</hAcc><vAcc>0.0</vAcc></extensions></trkpt><trkpt lat="49.60114680000005" lon="10.831198110000015"><ele>338.40000000000003</ele><time>2026-09-06T9:05:43Z</time><extensions><speed>-1.0</speed><course>-1.0</course><hAcc>0.0</hAcc><vAcc>0.0</vAcc></extensions></trkpt><trkpt lat="49.60118713000005" lon="10.831132780000015"><ele>338.40000000000003</ele><time>2026-09-06T9:05:45Z</time><extensions><speed>-1.0</speed><course>-1.0</course><hAcc>0.0</hAcc><vAcc>0.0</vAcc></extensions></trkpt><trkpt lat="49.60120680000005" lon="10.831043450000015"><ele>338.40000000000003</ele><time>2026-09-06T9:05:47Z</time><extensions><speed>-1.0</speed><course>-1.0</course><hAcc>0.0</hAcc><vAcc>0.0</vAcc></extensions></trkpt><trkpt lat="49.60121547000005" lon="10.830961780000015"><ele>338.40000000000003</ele><time>2026-09-06T9:05:48Z</time><extensions><speed>-1.0</speed><course>-1.0</course><hAcc>0.0</hAcc><vAcc>0.0</vAcc></extensions></trkpt><trkpt lat="49.60121214000005" lon="10.830859110000015"><ele>338.40000000000003</ele><time>2026-09-06T9:05:50Z</time><extensions><speed>-1.0</speed><course>-1.0</course><hAcc>0.0</hAcc><vAcc>0.0</vAcc></extensions></trkpt><trkpt lat="49.60119847000005" lon="10.830740780000015"><ele>339.22</ele><time>2026-09-06T9:05:52Z</time><extensions><speed>-1.0</speed><course>-1.0</course><hAcc>0.0</hAcc><vAcc>0.0</vAcc></extensions></trkpt><trkpt lat="49.60118347000005" lon="10.830636450000016"><ele>339.22</ele><time>2026-09-06T9:05:53Z</time><extensions><speed>-1.0</speed><course>-1.0</course><hAcc>0.0</hAcc><vAcc>0.0</vAcc></extensions></trkpt><trkpt lat="49.60116614000005" lon="10.830541450000016"><ele>339.22</ele><time>2026-09-06T9:05:54Z</time><extensions><speed>-1.0</speed><course>-1.0</course><hAcc>0.0</hAcc><vAcc>0.0</vAcc></extensions></trkpt><trkpt lat="49.601148140000056" lon="10.830453120000016"><ele>340.04</ele><time>2026-09-06T9:05:55Z</time><extensions><speed>-1.0</speed><course>-1.0</course><hAcc>0.0</hAcc><vAcc>0.0</vAcc></extensions></trkpt><trkpt lat="49.601123140000055" lon="10.830347790000015"><ele>340.04</ele><time>2026-09-06T9:05:57Z</time><extensions><speed>-1.0</speed><course>-1.0</course><hAcc>0.0</hAcc><vAcc>0.0</vAcc></extensions></trkpt><trkpt lat="49.60110014000006" lon="10.830254120000015"><ele>340.04</ele><time>2026-09-06T9:05:58Z</time><extensions><speed>-1.0</speed><course>-1.0</course><hAcc>0.0</hAcc><vAcc>0.0</vAcc></extensions></trkpt><trkpt lat="49.601075810000054" lon="10.830145450000016"><ele>340.04</ele><time>2026-09-06T9:06:00Z</time><extensions><speed>-1.0</speed><course>-1.0</course><hAcc>0.0</hAcc><vAcc>0.0</vAcc></extensions></trkpt><trkpt lat="49.60105414000005" lon="10.830049450000017"><ele>340.04</ele><time>2026-09-06T9:06:01Z</time><extensions><speed>-1.0</speed><course>-1.0</course><hAcc>0.0</hAcc><vAcc>0.0</vAcc></extensions></trkpt><trkpt lat="49.60103014000005" lon="10.829944450000017"><ele>340.04</ele><time>2026-09-06T9:06:03Z</time><extensions><speed>-1.0</speed><course>-1.0</course><hAcc>0.0</hAcc><vAcc>0.0</vAcc></extensions></trkpt><trkpt lat="49.60100981000005" lon="10.829828780000017"><ele>340.04</ele><time>2026-09-06T9:06:05Z</time><extensions><speed>-1.0</speed><course>-1.0</course><hAcc>0.0</hAcc><vAcc>0.0</vAcc></extensions></trkpt><trkpt lat="49.60101548000005" lon="10.829711110000018"><ele>340.04</ele><time>2026-09-06T9:06:07Z</time><extensions><speed>-1.0</speed><course>-1.0</course><hAcc>0.0</hAcc><vAcc>0.0</vAcc></extensions></trkpt><trkpt lat="49.60105048000005" lon="10.829626780000018"><ele>340.04</ele><time>2026-09-06T9:06:09Z</time><extensions><speed>-1.0</speed><course>-1.0</course><hAcc>0.0</hAcc><vAcc>0.0</vAcc></extensions></trkpt><trkpt lat="49.601099480000045" lon="10.829559450000017"><ele>340.04</ele><time>2026-09-06T9:06:11Z</time><extensions><speed>-1.0</speed><course>-1.0</course><hAcc>0.0</hAcc><vAcc>0.0</vAcc></extensions></trkpt><trkpt lat="49.60116181000004" lon="10.829505120000018"><ele>340.04</ele><time>2026-09-06T9:06:13Z</time><extensions><speed>-1.0</speed><course>-1.0</course><hAcc>0.0</hAcc><vAcc>0.0</vAcc></extensions></trkpt><trkpt lat="49.601231140000046" lon="10.829463790000018"><ele>340.04</ele><time>2026-09-06T9:06:15Z</time><extensions><speed>-1.0</speed><course>-1.0</course><hAcc>0.0</hAcc><vAcc>0.0</vAcc></extensions></trkpt><trkpt lat="49.60130347000005" lon="10.829431120000018"><ele>340.04</ele><time>2026-09-06T9:06:17Z</time><extensions><speed>-1.0</speed><course>-1.0</course><hAcc>0.0</hAcc><vAcc>0.0</vAcc></extensions></trkpt><trkpt lat="49.60137647000005" lon="10.829404790000018"><ele>340.04</ele><time>2026-09-06T9:06:19Z</time><extensions><speed>-1.0</speed><course>-1.0</course><hAcc>0.0</hAcc><vAcc>0.0</vAcc></extensions></trkpt><trkpt lat="49.60145180000005" lon="10.829377120000018"><ele>340.04</ele><time>2026-09-06T9:06:21Z</time><extensions><speed>-1.0</speed><course>-1.0</course><hAcc>0.0</hAcc><vAcc>0.0</vAcc></extensions></trkpt><trkpt lat="49.60153147000005" lon="10.829357120000019"><ele>340.04</ele><time>2026-09-06T9:06:23Z</time><extensions><speed>-1.0</speed><course>-1.0</course><hAcc>0.0</hAcc><vAcc>0.0</vAcc></extensions></trkpt><trkpt lat="49.60159780000005" lon="10.82934345000002"><ele>340.04</ele><time>2026-09-06T9:06:24Z</time><extensions><speed>-1.0</speed><course>-1.0</course><hAcc>0.0</hAcc><vAcc>0.0</vAcc></extensions></trkpt><trkpt lat="49.60166880000005" lon="10.82932978000002"><ele>340.04</ele><time>2026-09-06T9:06:26Z</time><extensions><speed>-1.0</speed><course>-1.0</course><hAcc>0.0</hAcc><vAcc>0.0</vAcc></extensions></trkpt><trkpt lat="49.60172947000005" lon="10.82931578000002"><ele>340.04</ele><time>2026-09-06T9:06:27Z</time><extensions><speed>-1.0</speed><course>-1.0</course><hAcc>0.0</hAcc><vAcc>0.0</vAcc></extensions></trkpt><trkpt lat="49.60178280000005" lon="10.829303450000019"><ele>340.04</ele><time>2026-09-06T9:06:28Z</time><extensions><speed>-1.0</speed><course>-1.0</course><hAcc>0.0</hAcc><vAcc>0.0</vAcc></extensions></trkpt><trkpt lat="49.60184547000005" lon="10.829295780000018"><ele>343.04</ele><time>2026-09-06T9:06:30Z</time><extensions><speed>-1.0</speed><course>-1.0</course><hAcc>0.0</hAcc><vAcc>0.0</vAcc></extensions></trkpt><trkpt lat="49.60190147000005" lon="10.829297110000018"><ele>343.04</ele><time>2026-09-06T9:06:31Z</time><extensions><speed>-1.0</speed><course>-1.0</course><hAcc>0.0</hAcc><vAcc>0.0</vAcc></extensions></trkpt><trkpt lat="49.60195214000005" lon="10.829298780000018"><ele>343.04</ele><time>2026-09-06T9:06:32Z</time><extensions><speed>-1.0</speed><course>-1.0</course><hAcc>0.0</hAcc><vAcc>0.0</vAcc></extensions></trkpt><trkpt lat="49.602013140000054" lon="10.829306780000017"><ele>343.04</ele><time>2026-09-06T9:06:34Z</time><extensions><speed>-1.0</speed><course>-1.0</course><hAcc>0.0</hAcc><vAcc>0.0</vAcc></extensions></trkpt><trkpt lat="49.60206747000005" lon="10.829320450000017"><ele>343.04</ele><time>2026-09-06T9:06:35Z</time><extensions><speed>-1.0</speed><course>-1.0</course><hAcc>0.0</hAcc><vAcc>0.0</vAcc></extensions></trkpt><trkpt lat="49.602131140000054" lon="10.829340120000017"><ele>343.04</ele><time>2026-09-06T9:06:37Z</time><extensions><speed>-1.0</speed><course>-1.0</course><hAcc>0.0</hAcc><vAcc>0.0</vAcc></extensions></trkpt><trkpt lat="49.602187140000055" lon="10.829354790000018"><ele>343.04</ele><time>2026-09-06T9:06:38Z</time><extensions><speed>-1.0</speed><course>-1.0</course><hAcc>0.0</hAcc><vAcc>0.0</vAcc></extensions></trkpt><trkpt lat="49.602251810000055" lon="10.829366460000017"><ele>343.04</ele><time>2026-09-06T9:06:40Z</time><extensions><speed>-1.0</speed><course>-1.0</course><hAcc>0.0</hAcc><vAcc>0.0</vAcc></extensions></trkpt><trkpt lat="49.602307810000056" lon="10.829376790000017"><ele>344.04</ele><time>2026-09-06T9:06:41Z</time><extensions><speed>-1.0</speed><course>-1.0</course><hAcc>0.0</hAcc><vAcc>0.0</vAcc></extensions></trkpt><trkpt lat="49.60237214000006" lon="10.829387120000018"><ele>344.04</ele><time>2026-09-06T9:06:43Z</time><extensions><speed>-1.0</speed><course>-1.0</course><hAcc>0.0</hAcc><vAcc>0.0</vAcc></extensions></trkpt><trkpt lat="49.60243981000006" lon="10.829397450000018"><ele>344.04</ele><time>2026-09-06T9:06:45Z</time><extensions><speed>-1.0</speed><course>-1.0</course><hAcc>0.0</hAcc><vAcc>0.0</vAcc></extensions></trkpt><trkpt lat="49.602496480000056" lon="10.829402450000018"><ele>346.04</ele><time>2026-09-06T9:06:46Z</time><extensions><speed>-1.0</speed><course>-1.0</course><hAcc>0.0</hAcc><vAcc>0.0</vAcc></extensions></trkpt><trkpt lat="49.60255448000006" lon="10.829404450000018"><ele>346.04</ele><time>2026-09-06T9:06:48Z</time><extensions><speed>-1.0</speed><course>-1.0</course><hAcc>0.0</hAcc><vAcc>0.0</vAcc></extensions></trkpt><trkpt lat="49.60261315000006" lon="10.829406780000017"><ele>346.04</ele><time>2026-09-06T9:06:50Z</time><extensions><speed>-1.0</speed><course>-1.0</course><hAcc>0.0</hAcc><vAcc>0.0</vAcc></extensions></trkpt><trkpt lat="49.60266182000006" lon="10.829409780000017"><ele>346.04</ele><time>2026-09-06T9:06:51Z</time><extensions><speed>-1.0</speed><course>-1.0</course><hAcc>0.0</hAcc><vAcc>0.0</vAcc></extensions></trkpt><trkpt lat="49.60270449000006" lon="10.829411450000016"><ele>346.04</ele><time>2026-09-06T9:06:52Z</time><extensions><speed>-1.0</speed><course>-1.0</course><hAcc>0.0</hAcc><vAcc>0.0</vAcc></extensions></trkpt><trkpt lat="49.60275416000006" lon="10.829410450000017"><ele>346.04</ele><time>2026-09-06T9:06:54Z</time><extensions><speed>-1.0</speed><course>-1.0</course><hAcc>0.0</hAcc><vAcc>0.0</vAcc></extensions></trkpt><trkpt lat="49.60279916000006" lon="10.829409120000017"><ele>346.04</ele><time>2026-09-06T9:06:55Z</time><extensions><speed>-1.0</speed><course>-1.0</course><hAcc>0.0</hAcc><vAcc>0.0</vAcc></extensions></trkpt><trkpt lat="49.60285149000006" lon="10.829410450000017"><ele>346.95</ele><time>2026-09-06T9:06:57Z</time><extensions><speed>-1.0</speed><course>-1.0</course><hAcc>0.0</hAcc><vAcc>0.0</vAcc></extensions></trkpt><trkpt lat="49.602909490000066" lon="10.829408450000017"><ele>346.95</ele><time>2026-09-06T9:06:59Z</time><extensions><speed>-1.0</speed><course>-1.0</course><hAcc>0.0</hAcc><vAcc>0.0</vAcc></extensions></trkpt><trkpt lat="49.60295916000007" lon="10.829406780000017"><ele>346.95</ele><time>2026-09-06T9:07:00Z</time><extensions><speed>-1.0</speed><course>-1.0</course><hAcc>0.0</hAcc><vAcc>0.0</vAcc></extensions></trkpt><trkpt lat="49.60301483000007" lon="10.829405780000018"><ele>346.95</ele><time>2026-09-06T9:07:02Z</time><extensions><speed>-1.0</speed><course>-1.0</course><hAcc>0.0</hAcc><vAcc>0.0</vAcc></extensions></trkpt><trkpt lat="49.60306350000007" lon="10.829406110000019"><ele>348.95</ele><time>2026-09-06T9:07:03Z</time><extensions><speed>-1.0</speed><course>-1.0</course><hAcc>0.0</hAcc><vAcc>0.0</vAcc></extensions></trkpt><trkpt lat="49.60311717000007" lon="10.82940644000002"><ele>348.95</ele><time>2026-09-06T9:07:05Z</time><extensions><speed>-1.0</speed><course>-1.0</course><hAcc>0.0</hAcc><vAcc>0.0</vAcc></extensions></trkpt><trkpt lat="49.60317250000007" lon="10.82940844000002"><ele>348.95</ele><time>2026-09-06T9:07:07Z</time><extensions><speed>-1.0</speed><course>-1.0</course><hAcc>0.0</hAcc><vAcc>0.0</vAcc></extensions></trkpt><trkpt lat="49.60322217000007" lon="10.82941444000002"><ele>348.95</ele><time>2026-09-06T9:07:08Z</time><extensions><speed>-1.0</speed><course>-1.0</course><hAcc>0.0</hAcc><vAcc>0.0</vAcc></extensions></trkpt><trkpt lat="49.60327717000008" lon="10.82941811000002"><ele>348.95</ele><time>2026-09-06T9:07:10Z</time><extensions><speed>-1.0</speed><course>-1.0</course><hAcc>0.0</hAcc><vAcc>0.0</vAcc></extensions></trkpt><trkpt lat="49.60332450000008" lon="10.82942111000002"><ele>348.95</ele><time>2026-09-06T9:07:11Z</time><extensions><speed>-1.0</speed><course>-1.0</course><hAcc>0.0</hAcc><vAcc>0.0</vAcc></extensions></trkpt><trkpt lat="49.60337950000008" lon="10.82941911000002"><ele>348.95</ele><time>2026-09-06T9:07:13Z</time><extensions><speed>-1.0</speed><course>-1.0</course><hAcc>0.0</hAcc><vAcc>0.0</vAcc></extensions></trkpt><trkpt lat="49.60343983000008" lon="10.829418440000019"><ele>348.95</ele><time>2026-09-06T9:07:15Z</time><extensions><speed>-1.0</speed><course>-1.0</course><hAcc>0.0</hAcc><vAcc>0.0</vAcc></extensions></trkpt><trkpt lat="49.603502160000076" lon="10.829419770000019"><ele>349.77</ele><time>2026-09-06T9:07:17Z</time><extensions><speed>-1.0</speed><course>-1.0</course><hAcc>0.0</hAcc><vAcc>0.0</vAcc></extensions></trkpt><trkpt lat="49.60356616000008" lon="10.829416440000019"><ele>349.77</ele><time>2026-09-06T9:07:19Z</time><extensions><speed>-1.0</speed><course>-1.0</course><hAcc>0.0</hAcc><vAcc>0.0</vAcc></extensions></trkpt><trkpt lat="49.603626160000076" lon="10.829392440000019"><ele>350.77</ele><time>2026-09-06T9:07:21Z</time><extensions><speed>-1.0</speed><course>-1.0</course><hAcc>0.0</hAcc><vAcc>0.0</vAcc></extensions></trkpt><trkpt lat="49.603671830000074" lon="10.82934277000002"><ele>350.77</ele><time>2026-09-06T9:07:23Z</time><extensions><speed>-1.0</speed><course>-1.0</course><hAcc>0.0</hAcc><vAcc>0.0</vAcc></extensions></trkpt><trkpt lat="49.603702500000075" lon="10.82928944000002"><ele>350.77</ele><time>2026-09-06T9:07:24Z</time><extensions><speed>-1.0</speed><course>-1.0</course><hAcc>0.0</hAcc><vAcc>0.0</vAcc></extensions></trkpt><trkpt lat="49.60372350000007" lon="10.82923744000002"><ele>350.77</ele><time>2026-09-06T9:07:25Z</time><extensions><speed>-1.0</speed><course>-1.0</course><hAcc>0.0</hAcc><vAcc>0.0</vAcc></extensions></trkpt><trkpt lat="49.60374117000007" lon="10.829168110000019"><ele>350.77</ele><time>2026-09-06T9:07:27Z</time><extensions><speed>-1.0</speed><course>-1.0</course><hAcc>0.0</hAcc><vAcc>0.0</vAcc></extensions></trkpt><trkpt lat="49.60375450000007" lon="10.82910311000002"><ele>350.77</ele><time>2026-09-06T9:07:28Z</time><extensions><speed>-1.0</speed><course>-1.0</course><hAcc>0.0</hAcc><vAcc>0.0</vAcc></extensions></trkpt><trkpt lat="49.60376317000007" lon="10.82904178000002"><ele>350.77</ele><time>2026-09-06T9:07:29Z</time><extensions><speed>-1.0</speed><course>-1.0</course><hAcc>0.0</hAcc><vAcc>0.0</vAcc></extensions></trkpt><trkpt lat="49.60376850000007" lon="10.82898411000002"><ele>350.77</ele><time>2026-09-06T9:07:30Z</time><extensions><speed>-1.0</speed><course>-1.0</course><hAcc>0.0</hAcc><vAcc>0.0</vAcc></extensions></trkpt><trkpt lat="49.60377450000007" lon="10.82892744000002"><ele>350.77</ele><time>2026-09-06T9:07:31Z</time><extensions><speed>-1.0</speed><course>-1.0</course><hAcc>0.0</hAcc><vAcc>0.0</vAcc></extensions></trkpt><trkpt lat="49.60378117000007" lon="10.828850440000021"><ele>350.77</ele><time>2026-09-06T9:07:33Z</time><extensions><speed>-1.0</speed><course>-1.0</course><hAcc>0.0</hAcc><vAcc>0.0</vAcc></extensions></trkpt><trkpt lat="49.60378784000007" lon="10.82876344000002"><ele>351.58</ele><time>2026-09-06T9:07:35Z</time><extensions><speed>-1.0</speed><course>-1.0</course><hAcc>0.0</hAcc><vAcc>0.0</vAcc></extensions></trkpt><trkpt lat="49.603794510000064" lon="10.828667440000022"><ele>351.58</ele><time>2026-09-06T9:07:37Z</time><extensions><speed>-1.0</speed><course>-1.0</course><hAcc>0.0</hAcc><vAcc>0.0</vAcc></extensions></trkpt><trkpt lat="49.60379884000007" lon="10.828563440000021"><ele>351.58</ele><time>2026-09-06T9:07:39Z</time><extensions><speed>-1.0</speed><course>-1.0</course><hAcc>0.0</hAcc><vAcc>0.0</vAcc></extensions></trkpt><trkpt lat="49.603802510000065" lon="10.82847277000002"><ele>351.58</ele><time>2026-09-06T9:07:40Z</time><extensions><speed>-1.0</speed><course>-1.0</course><hAcc>0.0</hAcc><vAcc>0.0</vAcc></extensions></trkpt><trkpt lat="49.60380884000006" lon="10.828378440000021"><ele>351.58</ele><time>2026-09-06T9:07:42Z</time><extensions><speed>-1.0</speed><course>-1.0</course><hAcc>0.0</hAcc><vAcc>0.0</vAcc></extensions></trkpt><trkpt lat="49.60381284000006" lon="10.828279110000022"><ele>351.58</ele><time>2026-09-06T9:07:44Z</time><extensions><speed>-1.0</speed><course>-1.0</course><hAcc>0.0</hAcc><vAcc>0.0</vAcc></extensions></trkpt><trkpt lat="49.60381451000006" lon="10.828197780000021"><ele>352.40000000000003</ele><time>2026-09-06T9:07:45Z</time><extensions><speed>-1.0</speed><course>-1.0</course><hAcc>0.0</hAcc><vAcc>0.0</vAcc></extensions></trkpt><trkpt lat="49.60381751000006" lon="10.828129110000022"><ele>352.40000000000003</ele><time>2026-09-06T9:07:46Z</time><extensions><speed>-1.0</speed><course>-1.0</course><hAcc>0.0</hAcc><vAcc>0.0</vAcc></extensions></trkpt><trkpt lat="49.603819840000064" lon="10.828066440000022"><ele>352.40000000000003</ele><time>2026-09-06T9:07:48Z</time><extensions><speed>-1.0</speed><course>-1.0</course><hAcc>0.0</hAcc><vAcc>0.0</vAcc></extensions></trkpt><trkpt lat="49.60382117000007" lon="10.828018110000022"><ele>352.40000000000003</ele><time>2026-09-06T9:07:50Z</time><extensions><speed>-1.0</speed><course>-1.0</course><hAcc>0.0</hAcc><vAcc>0.0</vAcc></extensions></trkpt><trkpt lat="49.60382050000007" lon="10.827976780000022"><ele>352.40000000000003</ele><time>2026-09-06T9:07:51Z</time><extensions><speed>-1.0</speed><course>-1.0</course><hAcc>0.0</hAcc><vAcc>0.0</vAcc></extensions></trkpt><trkpt lat="49.60382117000007" lon="10.827937780000022"><ele>352.40000000000003</ele><time>2026-09-06T9:07:52Z</time><extensions><speed>-1.0</speed><course>-1.0</course><hAcc>0.0</hAcc><vAcc>0.0</vAcc></extensions></trkpt><trkpt lat="49.603824500000066" lon="10.827884780000023"><ele>352.40000000000003</ele><time>2026-09-06T9:07:54Z</time><extensions><speed>-1.0</speed><course>-1.0</course><hAcc>0.0</hAcc><vAcc>0.0</vAcc></extensions></trkpt><trkpt lat="49.60384583000007" lon="10.827839450000022"><ele>352.40000000000003</ele><time>2026-09-06T9:07:56Z</time><extensions><speed>-1.0</speed><course>-1.0</course><hAcc>0.0</hAcc><vAcc>0.0</vAcc></extensions></trkpt><trkpt lat="49.60387283000007" lon="10.827809450000021"><ele>352.40000000000003</ele><time>2026-09-06T9:07:57Z</time><extensions><speed>-1.0</speed><course>-1.0</course><hAcc>0.0</hAcc><vAcc>0.0</vAcc></extensions></trkpt><trkpt lat="49.60391350000007" lon="10.827800120000022"><ele>352.40000000000003</ele><time>2026-09-06T9:07:59Z</time><extensions><speed>-1.0</speed><course>-1.0</course><hAcc>0.0</hAcc><vAcc>0.0</vAcc></extensions></trkpt><trkpt lat="49.60395450000007" lon="10.827792450000022"><ele>352.40000000000003</ele><time>2026-09-06T9:08:00Z</time><extensions><speed>-1.0</speed><course>-1.0</course><hAcc>0.0</hAcc><vAcc>0.0</vAcc></extensions></trkpt><trkpt lat="49.60400650000007" lon="10.827792780000022"><ele>352.40000000000003</ele><time>2026-09-06T9:08:02Z</time><extensions><speed>-1.0</speed><course>-1.0</course><hAcc>0.0</hAcc><vAcc>0.0</vAcc></extensions></trkpt><trkpt lat="49.60406617000007" lon="10.827799450000022"><ele>352.40000000000003</ele><time>2026-09-06T9:08:04Z</time><extensions><speed>-1.0</speed><course>-1.0</course><hAcc>0.0</hAcc><vAcc>0.0</vAcc></extensions></trkpt><trkpt lat="49.60413350000007" lon="10.827807780000022"><ele>352.40000000000003</ele><time>2026-09-06T9:08:06Z</time><extensions><speed>-1.0</speed><course>-1.0</course><hAcc>0.0</hAcc><vAcc>0.0</vAcc></extensions></trkpt><trkpt lat="49.604205170000064" lon="10.827821780000022"><ele>352.40000000000003</ele><time>2026-09-06T9:08:08Z</time><extensions><speed>-1.0</speed><course>-1.0</course><hAcc>0.0</hAcc><vAcc>0.0</vAcc></extensions></trkpt><trkpt lat="49.60428150000006" lon="10.827836110000023"><ele>352.40000000000003</ele><time>2026-09-06T9:08:10Z</time><extensions><speed>-1.0</speed><course>-1.0</course><hAcc>0.0</hAcc><vAcc>0.0</vAcc></extensions></trkpt><trkpt lat="49.604360170000064" lon="10.827854780000022"><ele>354.67</ele><time>2026-09-06T9:08:12Z</time><extensions><speed>-1.0</speed><course>-1.0</course><hAcc>0.0</hAcc><vAcc>0.0</vAcc></extensions></trkpt><trkpt lat="49.60442917000007" lon="10.827873110000022"><ele>354.67</ele><time>2026-09-06T9:08:13Z</time><extensions><speed>-1.0</speed><course>-1.0</course><hAcc>0.0</hAcc><vAcc>0.0</vAcc></extensions></trkpt><trkpt lat="49.60449050000007" lon="10.827889440000021"><ele>354.67</ele><time>2026-09-06T9:08:14Z</time><extensions><speed>-1.0</speed><course>-1.0</course><hAcc>0.0</hAcc><vAcc>0.0</vAcc></extensions></trkpt><trkpt lat="49.60456283000007" lon="10.82791644000002"><ele>354.67</ele><time>2026-09-06T9:08:16Z</time><extensions><speed>-1.0</speed><course>-1.0</course><hAcc>0.0</hAcc><vAcc>0.0</vAcc></extensions></trkpt><trkpt lat="49.60462883000007" lon="10.82794111000002"><ele>354.67</ele><time>2026-09-06T9:08:17Z</time><extensions><speed>-1.0</speed><course>-1.0</course><hAcc>0.0</hAcc><vAcc>0.0</vAcc></extensions></trkpt><trkpt lat="49.60468783000007" lon="10.82797078000002"><ele>354.67</ele><time>2026-09-06T9:08:18Z</time><extensions><speed>-1.0</speed><course>-1.0</course><hAcc>0.0</hAcc><vAcc>0.0</vAcc></extensions></trkpt><trkpt lat="49.604744830000065" lon="10.82800111000002"><ele>354.67</ele><time>2026-09-06T9:08:19Z</time><extensions><speed>-1.0</speed><course>-1.0</course><hAcc>0.0</hAcc><vAcc>0.0</vAcc></extensions></trkpt><trkpt lat="49.60481716000007" lon="10.82804678000002"><ele>354.67</ele><time>2026-09-06T9:08:21Z</time><extensions><speed>-1.0</speed><course>-1.0</course><hAcc>0.0</hAcc><vAcc>0.0</vAcc></extensions></trkpt><trkpt lat="49.604899160000066" lon="10.82810711000002"><ele>354.67</ele><time>2026-09-06T9:08:23Z</time><extensions><speed>-1.0</speed><course>-1.0</course><hAcc>0.0</hAcc><vAcc>0.0</vAcc></extensions></trkpt><trkpt lat="49.60497149000007" lon="10.828164780000021"><ele>354.67</ele><time>2026-09-06T9:08:24Z</time><extensions><speed>-1.0</speed><course>-1.0</course><hAcc>0.0</hAcc><vAcc>0.0</vAcc></extensions></trkpt><trkpt lat="49.605057160000065" lon="10.828236110000022"><ele>354.67</ele><time>2026-09-06T9:08:26Z</time><extensions><speed>-1.0</speed><course>-1.0</course><hAcc>0.0</hAcc><vAcc>0.0</vAcc></extensions></trkpt><trkpt lat="49.605133160000065" lon="10.828300780000022"><ele>354.67</ele><time>2026-09-06T9:08:27Z</time><extensions><speed>-1.0</speed><course>-1.0</course><hAcc>0.0</hAcc><vAcc>0.0</vAcc></extensions></trkpt><trkpt lat="49.605220830000064" lon="10.828379780000022"><ele>354.67</ele><time>2026-09-06T9:08:29Z</time><extensions><speed>-1.0</speed><course>-1.0</course><hAcc>0.0</hAcc><vAcc>0.0</vAcc></extensions></trkpt><trkpt lat="49.605299500000065" lon="10.828450450000021"><ele>354.67</ele><time>2026-09-06T9:08:30Z</time><extensions><speed>-1.0</speed><course>-1.0</course><hAcc>0.0</hAcc><vAcc>0.0</vAcc></extensions></trkpt><trkpt lat="49.60539383000007" lon="10.828528120000021"><ele>354.67</ele><time>2026-09-06T9:08:32Z</time><extensions><speed>-1.0</speed><course>-1.0</course><hAcc>0.0</hAcc><vAcc>0.0</vAcc></extensions></trkpt><trkpt lat="49.605476830000065" lon="10.828596120000022"><ele>354.67</ele><time>2026-09-06T9:08:33Z</time><extensions><speed>-1.0</speed><course>-1.0</course><hAcc>0.0</hAcc><vAcc>0.0</vAcc></extensions></trkpt><trkpt lat="49.605574830000066" lon="10.828670790000022"><ele>354.67</ele><time>2026-09-06T9:08:35Z</time><extensions><speed>-1.0</speed><course>-1.0</course><hAcc>0.0</hAcc><vAcc>0.0</vAcc></extensions></trkpt><trkpt lat="49.60568116000007" lon="10.828745460000022"><ele>354.67</ele><time>2026-09-06T9:08:37Z</time><extensions><speed>-1.0</speed><course>-1.0</course><hAcc>0.0</hAcc><vAcc>0.0</vAcc></extensions></trkpt><trkpt lat="49.60579083000007" lon="10.828821460000022"><ele>354.67</ele><time>2026-09-06T9:08:39Z</time><extensions><speed>-1.0</speed><course>-1.0</course><hAcc>0.0</hAcc><vAcc>0.0</vAcc></extensions></trkpt><trkpt lat="49.60590250000007" lon="10.828895790000022"><ele>354.67</ele><time>2026-09-06T9:08:41Z</time><extensions><speed>-1.0</speed><course>-1.0</course><hAcc>0.0</hAcc><vAcc>0.0</vAcc></extensions></trkpt><trkpt lat="49.60599783000007" lon="10.828959120000022"><ele>354.67</ele><time>2026-09-06T9:08:42Z</time><extensions><speed>-1.0</speed><course>-1.0</course><hAcc>0.0</hAcc><vAcc>0.0</vAcc></extensions></trkpt><trkpt lat="49.60610116000007" lon="10.829024120000021"><ele>354.67</ele><time>2026-09-06T9:08:44Z</time><extensions><speed>-1.0</speed><course>-1.0</course><hAcc>0.0</hAcc><vAcc>0.0</vAcc></extensions></trkpt><trkpt lat="49.60618983000007" lon="10.82908045000002"><ele>352.95</ele><time>2026-09-06T9:08:45Z</time><extensions><speed>-1.0</speed><course>-1.0</course><hAcc>0.0</hAcc><vAcc>0.0</vAcc></extensions></trkpt><trkpt lat="49.60629083000007" lon="10.82914078000002"><ele>352.95</ele><time>2026-09-06T9:08:47Z</time><extensions><speed>-1.0</speed><course>-1.0</course><hAcc>0.0</hAcc><vAcc>0.0</vAcc></extensions></trkpt><trkpt lat="49.60637550000007" lon="10.82919445000002"><ele>352.95</ele><time>2026-09-06T9:08:48Z</time><extensions><speed>-1.0</speed><course>-1.0</course><hAcc>0.0</hAcc><vAcc>0.0</vAcc></extensions></trkpt><trkpt lat="49.606450170000066" lon="10.82923912000002"><ele>352.95</ele><time>2026-09-06T9:08:49Z</time><extensions><speed>-1.0</speed><course>-1.0</course><hAcc>0.0</hAcc><vAcc>0.0</vAcc></extensions></trkpt><trkpt lat="49.606537840000065" lon="10.82928712000002"><ele>352.95</ele><time>2026-09-06T9:08:51Z</time><extensions><speed>-1.0</speed><course>-1.0</course><hAcc>0.0</hAcc><vAcc>0.0</vAcc></extensions></trkpt><trkpt lat="49.60661751000006" lon="10.82933245000002"><ele>352.95</ele><time>2026-09-06T9:08:52Z</time><extensions><speed>-1.0</speed><course>-1.0</course><hAcc>0.0</hAcc><vAcc>0.0</vAcc></extensions></trkpt><trkpt lat="49.60671151000006" lon="10.829384780000021"><ele>352.95</ele><time>2026-09-06T9:08:54Z</time><extensions><speed>-1.0</speed><course>-1.0</course><hAcc>0.0</hAcc><vAcc>0.0</vAcc></extensions></trkpt><trkpt lat="49.60679684000006" lon="10.829431110000021"><ele>352.95</ele><time>2026-09-06T9:08:55Z</time><extensions><speed>-1.0</speed><course>-1.0</course><hAcc>0.0</hAcc><vAcc>0.0</vAcc></extensions></trkpt><trkpt lat="49.60687517000006" lon="10.829472440000021"><ele>352.95</ele><time>2026-09-06T9:08:56Z</time><extensions><speed>-1.0</speed><course>-1.0</course><hAcc>0.0</hAcc><vAcc>0.0</vAcc></extensions></trkpt><trkpt lat="49.60697517000006" lon="10.829526110000021"><ele>352.95</ele><time>2026-09-06T9:08:58Z</time><extensions><speed>-1.0</speed><course>-1.0</course><hAcc>0.0</hAcc><vAcc>0.0</vAcc></extensions></trkpt><trkpt lat="49.607089840000064" lon="10.82958478000002"><ele>352.04</ele><time>2026-09-06T9:09:00Z</time><extensions><speed>-1.0</speed><course>-1.0</course><hAcc>0.0</hAcc><vAcc>0.0</vAcc></extensions></trkpt><trkpt lat="49.607216510000065" lon="10.829652110000021"><ele>352.04</ele><time>2026-09-06T9:09:02Z</time><extensions><speed>-1.0</speed><course>-1.0</course><hAcc>0.0</hAcc><vAcc>0.0</vAcc></extensions></trkpt><trkpt lat="49.607348180000066" lon="10.82973244000002"><ele>352.04</ele><time>2026-09-06T9:09:04Z</time><extensions><speed>-1.0</speed><course>-1.0</course><hAcc>0.0</hAcc><vAcc>0.0</vAcc></extensions></trkpt><trkpt lat="49.60746051000007" lon="10.82980077000002"><ele>351.13</ele><time>2026-09-06T9:09:05Z</time><extensions><speed>-1.0</speed><course>-1.0</course><hAcc>0.0</hAcc><vAcc>0.0</vAcc></extensions></trkpt><trkpt lat="49.607584840000065" lon="10.82986744000002"><ele>351.13</ele><time>2026-09-06T9:09:07Z</time><extensions><speed>-1.0</speed><course>-1.0</course><hAcc>0.0</hAcc><vAcc>0.0</vAcc></extensions></trkpt><trkpt lat="49.60769284000006" lon="10.829922770000021"><ele>350.22</ele><time>2026-09-06T9:09:08Z</time><extensions><speed>-1.0</speed><course>-1.0</course><hAcc>0.0</hAcc><vAcc>0.0</vAcc></extensions></trkpt><trkpt lat="49.607813170000064" lon="10.829983100000021"><ele>350.22</ele><time>2026-09-06T9:09:10Z</time><extensions><speed>-1.0</speed><course>-1.0</course><hAcc>0.0</hAcc><vAcc>0.0</vAcc></extensions></trkpt><trkpt lat="49.60794017000006" lon="10.83004810000002"><ele>349.31</ele><time>2026-09-06T9:09:12Z</time><extensions><speed>-1.0</speed><course>-1.0</course><hAcc>0.0</hAcc><vAcc>0.0</vAcc></extensions></trkpt><trkpt lat="49.608048500000066" lon="10.83010143000002"><ele>349.31</ele><time>2026-09-06T9:09:13Z</time><extensions><speed>-1.0</speed><course>-1.0</course><hAcc>0.0</hAcc><vAcc>0.0</vAcc></extensions></trkpt><trkpt lat="49.608144500000066" lon="10.83014843000002"><ele>348.40000000000003</ele><time>2026-09-06T9:09:14Z</time><extensions><speed>-1.0</speed><course>-1.0</course><hAcc>0.0</hAcc><vAcc>0.0</vAcc></extensions></trkpt><trkpt lat="49.60825283000007" lon="10.83020143000002"><ele>348.40000000000003</ele><time>2026-09-06T9:09:16Z</time><extensions><speed>-1.0</speed><course>-1.0</course><hAcc>0.0</hAcc><vAcc>0.0</vAcc></extensions></trkpt><trkpt lat="49.60834850000007" lon="10.83024510000002"><ele>347.49</ele><time>2026-09-06T9:09:17Z</time><extensions><speed>-1.0</speed><course>-1.0</course><hAcc>0.0</hAcc><vAcc>0.0</vAcc></extensions></trkpt><trkpt lat="49.60845650000007" lon="10.83029310000002"><ele>347.49</ele><time>2026-09-06T9:09:19Z</time><extensions><speed>-1.0</speed><course>-1.0</course><hAcc>0.0</hAcc><vAcc>0.0</vAcc></extensions></trkpt><trkpt lat="49.608549830000065" lon="10.83033377000002"><ele>346.67</ele><time>2026-09-06T9:09:20Z</time><extensions><speed>-1.0</speed><course>-1.0</course><hAcc>0.0</hAcc><vAcc>0.0</vAcc></extensions></trkpt><trkpt lat="49.60865316000007" lon="10.83037810000002"><ele>346.67</ele><time>2026-09-06T9:09:22Z</time><extensions><speed>-1.0</speed><course>-1.0</course><hAcc>0.0</hAcc><vAcc>0.0</vAcc></extensions></trkpt><trkpt lat="49.60874249000007" lon="10.83041577000002"><ele>346.67</ele><time>2026-09-06T9:09:23Z</time><extensions><speed>-1.0</speed><course>-1.0</course><hAcc>0.0</hAcc><vAcc>0.0</vAcc></extensions></trkpt><trkpt lat="49.608842160000066" lon="10.83044877000002"><ele>345.77</ele><time>2026-09-06T9:09:25Z</time><extensions><speed>-1.0</speed><course>-1.0</course><hAcc>0.0</hAcc><vAcc>0.0</vAcc></extensions></trkpt><trkpt lat="49.608929160000066" lon="10.83047510000002"><ele>345.77</ele><time>2026-09-06T9:09:26Z</time><extensions><speed>-1.0</speed><course>-1.0</course><hAcc>0.0</hAcc><vAcc>0.0</vAcc></extensions></trkpt><trkpt lat="49.609025490000064" lon="10.83049977000002"><ele>345.77</ele><time>2026-09-06T9:09:28Z</time><extensions><speed>-1.0</speed><course>-1.0</course><hAcc>0.0</hAcc><vAcc>0.0</vAcc></extensions></trkpt><trkpt lat="49.60912816000006" lon="10.83051544000002"><ele>345.77</ele><time>2026-09-06T9:09:30Z</time><extensions><speed>-1.0</speed><course>-1.0</course><hAcc>0.0</hAcc><vAcc>0.0</vAcc></extensions></trkpt><trkpt lat="49.60923283000006" lon="10.83052877000002"><ele>345.77</ele><time>2026-09-06T9:09:32Z</time><extensions><speed>-1.0</speed><course>-1.0</course><hAcc>0.0</hAcc><vAcc>0.0</vAcc></extensions></trkpt><trkpt lat="49.60932183000006" lon="10.83053910000002"><ele>345.77</ele><time>2026-09-06T9:09:33Z</time><extensions><speed>-1.0</speed><course>-1.0</course><hAcc>0.0</hAcc><vAcc>0.0</vAcc></extensions></trkpt><trkpt lat="49.609416160000066" lon="10.830548770000021"><ele>345.77</ele><time>2026-09-06T9:09:35Z</time><extensions><speed>-1.0</speed><course>-1.0</course><hAcc>0.0</hAcc><vAcc>0.0</vAcc></extensions></trkpt><trkpt lat="49.60951049000007" lon="10.830552770000022"><ele>345.77</ele><time>2026-09-06T9:09:37Z</time><extensions><speed>-1.0</speed><course>-1.0</course><hAcc>0.0</hAcc><vAcc>0.0</vAcc></extensions></trkpt><trkpt lat="49.609604490000066" lon="10.830554100000022"><ele>345.77</ele><time>2026-09-06T9:09:39Z</time><extensions><speed>-1.0</speed><course>-1.0</course><hAcc>0.0</hAcc><vAcc>0.0</vAcc></extensions></trkpt><trkpt lat="49.609683820000065" lon="10.830554100000022"><ele>345.77</ele><time>2026-09-06T9:09:40Z</time><extensions><speed>-1.0</speed><course>-1.0</course><hAcc>0.0</hAcc><vAcc>0.0</vAcc></extensions></trkpt><trkpt lat="49.60975215000006" lon="10.830554100000022"><ele>345.77</ele><time>2026-09-06T9:09:41Z</time><extensions><speed>-1.0</speed><course>-1.0</course><hAcc>0.0</hAcc><vAcc>0.0</vAcc></extensions></trkpt><trkpt lat="49.609813150000065" lon="10.830554100000022"><ele>345.77</ele><time>2026-09-06T9:09:42Z</time><extensions><speed>-1.0</speed><course>-1.0</course><hAcc>0.0</hAcc><vAcc>0.0</vAcc></extensions></trkpt><trkpt lat="49.609869480000064" lon="10.830556100000022"><ele>345.77</ele><time>2026-09-06T9:09:43Z</time><extensions><speed>-1.0</speed><course>-1.0</course><hAcc>0.0</hAcc><vAcc>0.0</vAcc></extensions></trkpt><trkpt lat="49.60992348000006" lon="10.830556770000022"><ele>345.77</ele><time>2026-09-06T9:09:44Z</time><extensions><speed>-1.0</speed><course>-1.0</course><hAcc>0.0</hAcc><vAcc>0.0</vAcc></extensions></trkpt><trkpt lat="49.609987810000064" lon="10.830557440000023"><ele>345.77</ele><time>2026-09-06T9:09:46Z</time><extensions><speed>-1.0</speed><course>-1.0</course><hAcc>0.0</hAcc><vAcc>0.0</vAcc></extensions></trkpt><trkpt lat="49.61005614000006" lon="10.830554770000022"><ele>345.77</ele><time>2026-09-06T9:09:48Z</time><extensions><speed>-1.0</speed><course>-1.0</course><hAcc>0.0</hAcc><vAcc>0.0</vAcc></extensions></trkpt><trkpt lat="49.61012447000006" lon="10.830552100000022"><ele>345.77</ele><time>2026-09-06T9:09:50Z</time><extensions><speed>-1.0</speed><course>-1.0</course><hAcc>0.0</hAcc><vAcc>0.0</vAcc></extensions></trkpt><trkpt lat="49.61018047000006" lon="10.830548770000021"><ele>345.77</ele><time>2026-09-06T9:09:51Z</time><extensions><speed>-1.0</speed><course>-1.0</course><hAcc>0.0</hAcc><vAcc>0.0</vAcc></extensions></trkpt><trkpt lat="49.61022680000006" lon="10.830548100000021"><ele>345.77</ele><time>2026-09-06T9:09:52Z</time><extensions><speed>-1.0</speed><course>-1.0</course><hAcc>0.0</hAcc><vAcc>0.0</vAcc></extensions></trkpt><trkpt lat="49.61027480000006" lon="10.830548100000021"><ele>348.40000000000003</ele><time>2026-09-06T9:09:54Z</time><extensions><speed>-1.0</speed><course>-1.0</course><hAcc>0.0</hAcc><vAcc>0.0</vAcc></extensions></trkpt><trkpt lat="49.61031513000006" lon="10.830548100000021"><ele>348.40000000000003</ele><time>2026-09-06T9:09:55Z</time><extensions><speed>-1.0</speed><course>-1.0</course><hAcc>0.0</hAcc><vAcc>0.0</vAcc></extensions></trkpt><trkpt lat="49.61035846000006" lon="10.830549430000021"><ele>348.40000000000003</ele><time>2026-09-06T9:09:57Z</time><extensions><speed>-1.0</speed><course>-1.0</course><hAcc>0.0</hAcc><vAcc>0.0</vAcc></extensions></trkpt><trkpt lat="49.61040346000006" lon="10.830550100000021"><ele>348.40000000000003</ele><time>2026-09-06T9:09:59Z</time><extensions><speed>-1.0</speed><course>-1.0</course><hAcc>0.0</hAcc><vAcc>0.0</vAcc></extensions></trkpt><trkpt lat="49.610448790000056" lon="10.830546430000021"><ele>348.40000000000003</ele><time>2026-09-06T9:10:01Z</time><extensions><speed>-1.0</speed><course>-1.0</course><hAcc>0.0</hAcc><vAcc>0.0</vAcc></extensions></trkpt><trkpt lat="49.61049312000006" lon="10.83054376000002"><ele>348.40000000000003</ele><time>2026-09-06T9:10:03Z</time><extensions><speed>-1.0</speed><course>-1.0</course><hAcc>0.0</hAcc><vAcc>0.0</vAcc></extensions></trkpt><trkpt lat="49.610530450000056" lon="10.83054343000002"><ele>348.40000000000003</ele><time>2026-09-06T9:10:04Z</time><extensions><speed>-1.0</speed><course>-1.0</course><hAcc>0.0</hAcc><vAcc>0.0</vAcc></extensions></trkpt><trkpt lat="49.61056312000006" lon="10.83054510000002"><ele>349.40000000000003</ele><time>2026-09-06T9:10:05Z</time><extensions><speed>-1.0</speed><course>-1.0</course><hAcc>0.0</hAcc><vAcc>0.0</vAcc></extensions></trkpt><trkpt lat="49.61059845000006" lon="10.83054510000002"><ele>349.40000000000003</ele><time>2026-09-06T9:10:07Z</time><extensions><speed>-1.0</speed><course>-1.0</course><hAcc>0.0</hAcc><vAcc>0.0</vAcc></extensions></trkpt><trkpt lat="49.610628120000065" lon="10.83054410000002"><ele>349.40000000000003</ele><time>2026-09-06T9:10:08Z</time><extensions><speed>-1.0</speed><course>-1.0</course><hAcc>0.0</hAcc><vAcc>0.0</vAcc></extensions></trkpt><trkpt lat="49.61065412000006" lon="10.830544430000021"><ele>349.40000000000003</ele><time>2026-09-06T9:10:09Z</time><extensions><speed>-1.0</speed><course>-1.0</course><hAcc>0.0</hAcc><vAcc>0.0</vAcc></extensions></trkpt><trkpt lat="49.61068579000006" lon="10.83054743000002"><ele>351.58</ele><time>2026-09-06T9:10:11Z</time><extensions><speed>-1.0</speed><course>-1.0</course><hAcc>0.0</hAcc><vAcc>0.0</vAcc></extensions></trkpt><trkpt lat="49.61072179000006" lon="10.83055210000002"><ele>351.58</ele><time>2026-09-06T9:10:13Z</time><extensions><speed>-1.0</speed><course>-1.0</course><hAcc>0.0</hAcc><vAcc>0.0</vAcc></extensions></trkpt><trkpt lat="49.61075979000007" lon="10.83055543000002"><ele>351.58</ele><time>2026-09-06T9:10:15Z</time><extensions><speed>-1.0</speed><course>-1.0</course><hAcc>0.0</hAcc><vAcc>0.0</vAcc></extensions></trkpt><trkpt lat="49.61079246000007" lon="10.83055676000002"><ele>351.58</ele><time>2026-09-06T9:10:16Z</time><extensions><speed>-1.0</speed><course>-1.0</course><hAcc>0.0</hAcc><vAcc>0.0</vAcc></extensions></trkpt><trkpt lat="49.610822130000074" lon="10.83055709000002"><ele>351.58</ele><time>2026-09-06T9:10:17Z</time><extensions><speed>-1.0</speed><course>-1.0</course><hAcc>0.0</hAcc><vAcc>0.0</vAcc></extensions></trkpt><trkpt lat="49.61084913000008" lon="10.83055709000002"><ele>351.58</ele><time>2026-09-06T9:10:18Z</time><extensions><speed>-1.0</speed><course>-1.0</course><hAcc>0.0</hAcc><vAcc>0.0</vAcc></extensions></trkpt><trkpt lat="49.610877460000076" lon="10.830559760000021"><ele>351.58</ele><time>2026-09-06T9:10:20Z</time><extensions><speed>-1.0</speed><course>-1.0</course><hAcc>0.0</hAcc><vAcc>0.0</vAcc></extensions></trkpt><trkpt lat="49.61091046000008" lon="10.830563760000022"><ele>352.40000000000003</ele><time>2026-09-06T9:10:22Z</time><extensions><speed>-1.0</speed><course>-1.0</course><hAcc>0.0</hAcc><vAcc>0.0</vAcc></extensions></trkpt><trkpt lat="49.610939460000075" lon="10.830568090000021"><ele>352.40000000000003</ele><time>2026-09-06T9:10:23Z</time><extensions><speed>-1.0</speed><course>-1.0</course><hAcc>0.0</hAcc><vAcc>0.0</vAcc></extensions></trkpt><trkpt lat="49.610976130000076" lon="10.83057042000002"><ele>352.40000000000003</ele><time>2026-09-06T9:10:25Z</time><extensions><speed>-1.0</speed><course>-1.0</course><hAcc>0.0</hAcc><vAcc>0.0</vAcc></extensions></trkpt><trkpt lat="49.61101980000007" lon="10.830574420000021"><ele>352.40000000000003</ele><time>2026-09-06T9:10:27Z</time><extensions><speed>-1.0</speed><course>-1.0</course><hAcc>0.0</hAcc><vAcc>0.0</vAcc></extensions></trkpt><trkpt lat="49.61106247000007" lon="10.83057942000002"><ele>353.49</ele><time>2026-09-06T9:10:29Z</time><extensions><speed>-1.0</speed><course>-1.0</course><hAcc>0.0</hAcc><vAcc>0.0</vAcc></extensions></trkpt><trkpt lat="49.611098140000074" lon="10.83058175000002"><ele>353.49</ele><time>2026-09-06T9:10:30Z</time><extensions><speed>-1.0</speed><course>-1.0</course><hAcc>0.0</hAcc><vAcc>0.0</vAcc></extensions></trkpt><trkpt lat="49.611128810000075" lon="10.83058175000002"><ele>353.49</ele><time>2026-09-06T9:10:31Z</time><extensions><speed>-1.0</speed><course>-1.0</course><hAcc>0.0</hAcc><vAcc>0.0</vAcc></extensions></trkpt><trkpt lat="49.61115548000007" lon="10.83057908000002"><ele>354.58</ele><time>2026-09-06T9:10:32Z</time><extensions><speed>-1.0</speed><course>-1.0</course><hAcc>0.0</hAcc><vAcc>0.0</vAcc></extensions></trkpt><trkpt lat="49.611185150000075" lon="10.830571750000018"><ele>354.58</ele><time>2026-09-06T9:10:34Z</time><extensions><speed>-1.0</speed><course>-1.0</course><hAcc>0.0</hAcc><vAcc>0.0</vAcc></extensions></trkpt><trkpt lat="49.61121148000007" lon="10.83056242000002"><ele>354.58</ele><time>2026-09-06T9:10:35Z</time><extensions><speed>-1.0</speed><course>-1.0</course><hAcc>0.0</hAcc><vAcc>0.0</vAcc></extensions></trkpt><trkpt lat="49.611235810000075" lon="10.83055075000002"><ele>355.58</ele><time>2026-09-06T9:10:36Z</time><extensions><speed>-1.0</speed><course>-1.0</course><hAcc>0.0</hAcc><vAcc>0.0</vAcc></extensions></trkpt><trkpt lat="49.61126581000008" lon="10.83053308000002"><ele>355.58</ele><time>2026-09-06T9:10:38Z</time><extensions><speed>-1.0</speed><course>-1.0</course><hAcc>0.0</hAcc><vAcc>0.0</vAcc></extensions></trkpt><trkpt lat="49.61129914000008" lon="10.83050708000002"><ele>355.58</ele><time>2026-09-06T9:10:40Z</time><extensions><speed>-1.0</speed><course>-1.0</course><hAcc>0.0</hAcc><vAcc>0.0</vAcc></extensions></trkpt><trkpt lat="49.61133581000008" lon="10.830473750000019"><ele>356.40000000000003</ele><time>2026-09-06T9:10:42Z</time><extensions><speed>-1.0</speed><course>-1.0</course><hAcc>0.0</hAcc><vAcc>0.0</vAcc></extensions></trkpt><trkpt lat="49.611376140000075" lon="10.830440420000018"><ele>356.40000000000003</ele><time>2026-09-06T9:10:44Z</time><extensions><speed>-1.0</speed><course>-1.0</course><hAcc>0.0</hAcc><vAcc>0.0</vAcc></extensions></trkpt><trkpt lat="49.61141947000007" lon="10.830406750000018"><ele>356.40000000000003</ele><time>2026-09-06T9:10:46Z</time><extensions><speed>-1.0</speed><course>-1.0</course><hAcc>0.0</hAcc><vAcc>0.0</vAcc></extensions></trkpt><trkpt lat="49.61146414000007" lon="10.830374420000018"><ele>356.40000000000003</ele><time>2026-09-06T9:10:48Z</time><extensions><speed>-1.0</speed><course>-1.0</course><hAcc>0.0</hAcc><vAcc>0.0</vAcc></extensions></trkpt><trkpt lat="49.611502810000076" lon="10.830347090000018"><ele>357.31</ele><time>2026-09-06T9:10:49Z</time><extensions><speed>-1.0</speed><course>-1.0</course><hAcc>0.0</hAcc><vAcc>0.0</vAcc></extensions></trkpt><trkpt lat="49.611545810000074" lon="10.830323420000019"><ele>357.31</ele><time>2026-09-06T9:10:51Z</time><extensions><speed>-1.0</speed><course>-1.0</course><hAcc>0.0</hAcc><vAcc>0.0</vAcc></extensions></trkpt><trkpt lat="49.61159414000007" lon="10.83030142000002"><ele>357.31</ele><time>2026-09-06T9:10:53Z</time><extensions><speed>-1.0</speed><course>-1.0</course><hAcc>0.0</hAcc><vAcc>0.0</vAcc></extensions></trkpt><trkpt lat="49.61163714000007" lon="10.830283750000019"><ele>357.31</ele><time>2026-09-06T9:10:54Z</time><extensions><speed>-1.0</speed><course>-1.0</course><hAcc>0.0</hAcc><vAcc>0.0</vAcc></extensions></trkpt><trkpt lat="49.61168647000007" lon="10.830268420000019"><ele>357.31</ele><time>2026-09-06T9:10:56Z</time><extensions><speed>-1.0</speed><course>-1.0</course><hAcc>0.0</hAcc><vAcc>0.0</vAcc></extensions></trkpt><trkpt lat="49.61173180000007" lon="10.830255750000019"><ele>358.22</ele><time>2026-09-06T9:10:57Z</time><extensions><speed>-1.0</speed><course>-1.0</course><hAcc>0.0</hAcc><vAcc>0.0</vAcc></extensions></trkpt><trkpt lat="49.61177380000007" lon="10.830245080000019"><ele>358.22</ele><time>2026-09-06T9:10:58Z</time><extensions><speed>-1.0</speed><course>-1.0</course><hAcc>0.0</hAcc><vAcc>0.0</vAcc></extensions></trkpt><trkpt lat="49.61181313000007" lon="10.83023708000002"><ele>358.22</ele><time>2026-09-06T9:10:59Z</time><extensions><speed>-1.0</speed><course>-1.0</course><hAcc>0.0</hAcc><vAcc>0.0</vAcc></extensions></trkpt><trkpt lat="49.611851460000075" lon="10.830231750000019"><ele>358.22</ele><time>2026-09-06T9:11:00Z</time><extensions><speed>-1.0</speed><course>-1.0</course><hAcc>0.0</hAcc><vAcc>0.0</vAcc></extensions></trkpt><trkpt lat="49.61188879000007" lon="10.830228080000019"><ele>359.58</ele><time>2026-09-06T9:11:01Z</time><extensions><speed>-1.0</speed><course>-1.0</course><hAcc>0.0</hAcc><vAcc>0.0</vAcc></extensions></trkpt><trkpt lat="49.61193912000007" lon="10.830225410000018"><ele>359.58</ele><time>2026-09-06T9:11:03Z</time><extensions><speed>-1.0</speed><course>-1.0</course><hAcc>0.0</hAcc><vAcc>0.0</vAcc></extensions></trkpt><trkpt lat="49.61199679000007" lon="10.830222080000018"><ele>359.58</ele><time>2026-09-06T9:11:05Z</time><extensions><speed>-1.0</speed><course>-1.0</course><hAcc>0.0</hAcc><vAcc>0.0</vAcc></extensions></trkpt><trkpt lat="49.61204779000007" lon="10.830220410000019"><ele>359.58</ele><time>2026-09-06T9:11:06Z</time><extensions><speed>-1.0</speed><course>-1.0</course><hAcc>0.0</hAcc><vAcc>0.0</vAcc></extensions></trkpt><trkpt lat="49.61209312000007" lon="10.830222410000019"><ele>359.58</ele><time>2026-09-06T9:11:07Z</time><extensions><speed>-1.0</speed><course>-1.0</course><hAcc>0.0</hAcc><vAcc>0.0</vAcc></extensions></trkpt><trkpt lat="49.612147790000066" lon="10.83022508000002"><ele>359.58</ele><time>2026-09-06T9:11:09Z</time><extensions><speed>-1.0</speed><course>-1.0</course><hAcc>0.0</hAcc><vAcc>0.0</vAcc></extensions></trkpt><trkpt lat="49.61220912000007" lon="10.83022641000002"><ele>359.58</ele><time>2026-09-06T9:11:11Z</time><extensions><speed>-1.0</speed><course>-1.0</course><hAcc>0.0</hAcc><vAcc>0.0</vAcc></extensions></trkpt><trkpt lat="49.61227579000007" lon="10.83022841000002"><ele>359.58</ele><time>2026-09-06T9:11:13Z</time><extensions><speed>-1.0</speed><course>-1.0</course><hAcc>0.0</hAcc><vAcc>0.0</vAcc></extensions></trkpt><trkpt lat="49.612333120000066" lon="10.83023041000002"><ele>359.58</ele><time>2026-09-06T9:11:14Z</time><extensions><speed>-1.0</speed><course>-1.0</course><hAcc>0.0</hAcc><vAcc>0.0</vAcc></extensions></trkpt><trkpt lat="49.612386450000066" lon="10.83023241000002"><ele>359.58</ele><time>2026-09-06T9:11:15Z</time><extensions><speed>-1.0</speed><course>-1.0</course><hAcc>0.0</hAcc><vAcc>0.0</vAcc></extensions></trkpt><trkpt lat="49.612451450000066" lon="10.83023441000002"><ele>359.58</ele><time>2026-09-06T9:11:17Z</time><extensions><speed>-1.0</speed><course>-1.0</course><hAcc>0.0</hAcc><vAcc>0.0</vAcc></extensions></trkpt><trkpt lat="49.61251178000006" lon="10.830238410000021"><ele>359.58</ele><time>2026-09-06T9:11:18Z</time><extensions><speed>-1.0</speed><course>-1.0</course><hAcc>0.0</hAcc><vAcc>0.0</vAcc></extensions></trkpt><trkpt lat="49.61258345000006" lon="10.830245410000021"><ele>359.58</ele><time>2026-09-06T9:11:20Z</time><extensions><speed>-1.0</speed><course>-1.0</course><hAcc>0.0</hAcc><vAcc>0.0</vAcc></extensions></trkpt><trkpt lat="49.61266512000006" lon="10.830250740000022"><ele>359.58</ele><time>2026-09-06T9:11:22Z</time><extensions><speed>-1.0</speed><course>-1.0</course><hAcc>0.0</hAcc><vAcc>0.0</vAcc></extensions></trkpt><trkpt lat="49.61273812000006" lon="10.830254070000022"><ele>359.58</ele><time>2026-09-06T9:11:23Z</time><extensions><speed>-1.0</speed><course>-1.0</course><hAcc>0.0</hAcc><vAcc>0.0</vAcc></extensions></trkpt><trkpt lat="49.61282479000006" lon="10.830255070000021"><ele>359.58</ele><time>2026-09-06T9:11:25Z</time><extensions><speed>-1.0</speed><course>-1.0</course><hAcc>0.0</hAcc><vAcc>0.0</vAcc></extensions></trkpt><trkpt lat="49.61292112000006" lon="10.83025474000002"><ele>359.58</ele><time>2026-09-06T9:11:27Z</time><extensions><speed>-1.0</speed><course>-1.0</course><hAcc>0.0</hAcc><vAcc>0.0</vAcc></extensions></trkpt><trkpt lat="49.61302279000006" lon="10.83024907000002"><ele>359.58</ele><time>2026-09-06T9:11:29Z</time><extensions><speed>-1.0</speed><course>-1.0</course><hAcc>0.0</hAcc><vAcc>0.0</vAcc></extensions></trkpt><trkpt lat="49.61311012000006" lon="10.83024274000002"><ele>359.58</ele><time>2026-09-06T9:11:30Z</time><extensions><speed>-1.0</speed><course>-1.0</course><hAcc>0.0</hAcc><vAcc>0.0</vAcc></extensions></trkpt><trkpt lat="49.61318812000006" lon="10.83023307000002"><ele>359.58</ele><time>2026-09-06T9:11:31Z</time><extensions><speed>-1.0</speed><course>-1.0</course><hAcc>0.0</hAcc><vAcc>0.0</vAcc></extensions></trkpt><trkpt lat="49.61327779000006" lon="10.830215070000019"><ele>359.58</ele><time>2026-09-06T9:11:33Z</time><extensions><speed>-1.0</speed><course>-1.0</course><hAcc>0.0</hAcc><vAcc>0.0</vAcc></extensions></trkpt><trkpt lat="49.61337712000006" lon="10.830211070000018"><ele>359.58</ele><time>2026-09-06T9:11:35Z</time><extensions><speed>-1.0</speed><course>-1.0</course><hAcc>0.0</hAcc><vAcc>0.0</vAcc></extensions></trkpt><trkpt lat="49.61346479000006" lon="10.830220400000018"><ele>359.58</ele><time>2026-09-06T9:11:36Z</time><extensions><speed>-1.0</speed><course>-1.0</course><hAcc>0.0</hAcc><vAcc>0.0</vAcc></extensions></trkpt><trkpt lat="49.61356879000006" lon="10.830231070000018"><ele>359.58</ele><time>2026-09-06T9:11:38Z</time><extensions><speed>-1.0</speed><course>-1.0</course><hAcc>0.0</hAcc><vAcc>0.0</vAcc></extensions></trkpt><trkpt lat="49.61366179000006" lon="10.830235740000017"><ele>359.58</ele><time>2026-09-06T9:11:39Z</time><extensions><speed>-1.0</speed><course>-1.0</course><hAcc>0.0</hAcc><vAcc>0.0</vAcc></extensions></trkpt><trkpt lat="49.61374979000006" lon="10.830237410000016"><ele>359.58</ele><time>2026-09-06T9:11:40Z</time><extensions><speed>-1.0</speed><course>-1.0</course><hAcc>0.0</hAcc><vAcc>0.0</vAcc></extensions></trkpt><trkpt lat="49.613863120000055" lon="10.830235740000017"><ele>358.67</ele><time>2026-09-06T9:11:42Z</time><extensions><speed>-1.0</speed><course>-1.0</course><hAcc>0.0</hAcc><vAcc>0.0</vAcc></extensions></trkpt><trkpt lat="49.613967120000055" lon="10.830231740000016"><ele>358.67</ele><time>2026-09-06T9:11:43Z</time><extensions><speed>-1.0</speed><course>-1.0</course><hAcc>0.0</hAcc><vAcc>0.0</vAcc></extensions></trkpt><trkpt lat="49.614065120000056" lon="10.830221070000016"><ele>358.67</ele><time>2026-09-06T9:11:44Z</time><extensions><speed>-1.0</speed><course>-1.0</course><hAcc>0.0</hAcc><vAcc>0.0</vAcc></extensions></trkpt><trkpt lat="49.614161450000054" lon="10.830204070000017"><ele>357.67</ele><time>2026-09-06T9:11:45Z</time><extensions><speed>-1.0</speed><course>-1.0</course><hAcc>0.0</hAcc><vAcc>0.0</vAcc></extensions></trkpt><trkpt lat="49.61425612000006" lon="10.830189740000016"><ele>357.67</ele><time>2026-09-06T9:11:46Z</time><extensions><speed>-1.0</speed><course>-1.0</course><hAcc>0.0</hAcc><vAcc>0.0</vAcc></extensions></trkpt><trkpt lat="49.614377790000056" lon="10.830177410000015"><ele>357.67</ele><time>2026-09-06T9:11:48Z</time><extensions><speed>-1.0</speed><course>-1.0</course><hAcc>0.0</hAcc><vAcc>0.0</vAcc></extensions></trkpt><trkpt lat="49.61448879000005" lon="10.830168740000016"><ele>356.58</ele><time>2026-09-06T9:11:49Z</time><extensions><speed>-1.0</speed><course>-1.0</course><hAcc>0.0</hAcc><vAcc>0.0</vAcc></extensions></trkpt><trkpt lat="49.614592460000054" lon="10.830160740000016"><ele>356.58</ele><time>2026-09-06T9:11:50Z</time><extensions><speed>-1.0</speed><course>-1.0</course><hAcc>0.0</hAcc><vAcc>0.0</vAcc></extensions></trkpt><trkpt lat="49.61471746000005" lon="10.830149740000016"><ele>355.04</ele><time>2026-09-06T9:11:52Z</time><extensions><speed>-1.0</speed><course>-1.0</course><hAcc>0.0</hAcc><vAcc>0.0</vAcc></extensions></trkpt><trkpt lat="49.61482979000005" lon="10.830141740000016"><ele>354.13</ele><time>2026-09-06T9:11:53Z</time><extensions><speed>-1.0</speed><course>-1.0</course><hAcc>0.0</hAcc><vAcc>0.0</vAcc></extensions></trkpt><trkpt lat="49.61495912000005" lon="10.830136410000016"><ele>353.13</ele><time>2026-09-06T9:11:55Z</time><extensions><speed>-1.0</speed><course>-1.0</course><hAcc>0.0</hAcc><vAcc>0.0</vAcc></extensions></trkpt><trkpt lat="49.615098790000054" lon="10.830121410000016"><ele>352.13</ele><time>2026-09-06T9:11:57Z</time><extensions><speed>-1.0</speed><course>-1.0</course><hAcc>0.0</hAcc><vAcc>0.0</vAcc></extensions></trkpt><trkpt lat="49.61521879000006" lon="10.830106410000017"><ele>351.04</ele><time>2026-09-06T9:11:58Z</time><extensions><speed>-1.0</speed><course>-1.0</course><hAcc>0.0</hAcc><vAcc>0.0</vAcc></extensions></trkpt><trkpt lat="49.61534679000005" lon="10.830078080000018"><ele>350.04</ele><time>2026-09-06T9:12:00Z</time><extensions><speed>-1.0</speed><course>-1.0</course><hAcc>0.0</hAcc><vAcc>0.0</vAcc></extensions></trkpt><trkpt lat="49.61545479000005" lon="10.830048750000017"><ele>349.13</ele><time>2026-09-06T9:12:01Z</time><extensions><speed>-1.0</speed><course>-1.0</course><hAcc>0.0</hAcc><vAcc>0.0</vAcc></extensions></trkpt><trkpt lat="49.61555012000005" lon="10.830017420000017"><ele>348.31</ele><time>2026-09-06T9:12:02Z</time><extensions><speed>-1.0</speed><course>-1.0</course><hAcc>0.0</hAcc><vAcc>0.0</vAcc></extensions></trkpt><trkpt lat="49.61565545000005" lon="10.829967090000016"><ele>347.49</ele><time>2026-09-06T9:12:04Z</time><extensions><speed>-1.0</speed><course>-1.0</course><hAcc>0.0</hAcc><vAcc>0.0</vAcc></extensions></trkpt><trkpt lat="49.61576278000005" lon="10.829906090000016"><ele>347.49</ele><time>2026-09-06T9:12:06Z</time><extensions><speed>-1.0</speed><course>-1.0</course><hAcc>0.0</hAcc><vAcc>0.0</vAcc></extensions></trkpt><trkpt lat="49.615876110000045" lon="10.829835420000016"><ele>347.49</ele><time>2026-09-06T9:12:08Z</time><extensions><speed>-1.0</speed><course>-1.0</course><hAcc>0.0</hAcc><vAcc>0.0</vAcc></extensions></trkpt><trkpt lat="49.61598944000004" lon="10.829740420000016"><ele>342.49</ele><time>2026-09-06T9:12:10Z</time><extensions><speed>-1.0</speed><course>-1.0</course><hAcc>0.0</hAcc><vAcc>0.0</vAcc></extensions></trkpt><trkpt lat="49.61608777000004" lon="10.829609750000015"><ele>342.49</ele><time>2026-09-06T9:12:12Z</time><extensions><speed>-1.0</speed><course>-1.0</course><hAcc>0.0</hAcc><vAcc>0.0</vAcc></extensions></trkpt><trkpt lat="49.61616177000004" lon="10.829487750000016"><ele>342.49</ele><time>2026-09-06T9:12:13Z</time><extensions><speed>-1.0</speed><course>-1.0</course><hAcc>0.0</hAcc><vAcc>0.0</vAcc></extensions></trkpt><trkpt lat="49.61622744000004" lon="10.829339080000016"><ele>342.49</ele><time>2026-09-06T9:12:15Z</time><extensions><speed>-1.0</speed><course>-1.0</course><hAcc>0.0</hAcc><vAcc>0.0</vAcc></extensions></trkpt><trkpt lat="49.61628644000004" lon="10.829179410000016"><ele>342.49</ele><time>2026-09-06T9:12:17Z</time><extensions><speed>-1.0</speed><course>-1.0</course><hAcc>0.0</hAcc><vAcc>0.0</vAcc></extensions></trkpt><trkpt lat="49.616344110000036" lon="10.829036080000016"><ele>342.49</ele><time>2026-09-06T9:12:19Z</time><extensions><speed>-1.0</speed><course>-1.0</course><hAcc>0.0</hAcc><vAcc>0.0</vAcc></extensions></trkpt><trkpt lat="49.616401110000034" lon="10.828929750000016"><ele>341.67</ele><time>2026-09-06T9:12:20Z</time><extensions><speed>-1.0</speed><course>-1.0</course><hAcc>0.0</hAcc><vAcc>0.0</vAcc></extensions></trkpt><trkpt lat="49.616479110000036" lon="10.828849080000017"><ele>341.67</ele><time>2026-09-06T9:12:22Z</time><extensions><speed>-1.0</speed><course>-1.0</course><hAcc>0.0</hAcc><vAcc>0.0</vAcc></extensions></trkpt><trkpt lat="49.61657011000003" lon="10.828784750000017"><ele>340.77</ele><time>2026-09-06T9:12:24Z</time><extensions><speed>-1.0</speed><course>-1.0</course><hAcc>0.0</hAcc><vAcc>0.0</vAcc></extensions></trkpt><trkpt lat="49.61666711000003" lon="10.828730750000016"><ele>340.77</ele><time>2026-09-06T9:12:26Z</time><extensions><speed>-1.0</speed><course>-1.0</course><hAcc>0.0</hAcc><vAcc>0.0</vAcc></extensions></trkpt><trkpt lat="49.61676944000003" lon="10.828671080000015"><ele>339.58</ele><time>2026-09-06T9:12:28Z</time><extensions><speed>-1.0</speed><course>-1.0</course><hAcc>0.0</hAcc><vAcc>0.0</vAcc></extensions></trkpt><trkpt lat="49.61685877000003" lon="10.828621750000016"><ele>339.58</ele><time>2026-09-06T9:12:29Z</time><extensions><speed>-1.0</speed><course>-1.0</course><hAcc>0.0</hAcc><vAcc>0.0</vAcc></extensions></trkpt><trkpt lat="49.61696277000003" lon="10.828578420000015"><ele>338.40000000000003</ele><time>2026-09-06T9:12:31Z</time><extensions><speed>-1.0</speed><course>-1.0</course><hAcc>0.0</hAcc><vAcc>0.0</vAcc></extensions></trkpt><trkpt lat="49.61707344000003" lon="10.828540420000015"><ele>338.40000000000003</ele><time>2026-09-06T9:12:33Z</time><extensions><speed>-1.0</speed><course>-1.0</course><hAcc>0.0</hAcc><vAcc>0.0</vAcc></extensions></trkpt><trkpt lat="49.61718811000003" lon="10.828502090000015"><ele>337.49</ele><time>2026-09-06T9:12:35Z</time><extensions><speed>-1.0</speed><course>-1.0</course><hAcc>0.0</hAcc><vAcc>0.0</vAcc></extensions></trkpt><trkpt lat="49.617304780000026" lon="10.828468420000014"><ele>337.49</ele><time>2026-09-06T9:12:37Z</time><extensions><speed>-1.0</speed><course>-1.0</course><hAcc>0.0</hAcc><vAcc>0.0</vAcc></extensions></trkpt><trkpt lat="49.617401450000024" lon="10.828440750000015"><ele>337.49</ele><time>2026-09-06T9:12:38Z</time><extensions><speed>-1.0</speed><course>-1.0</course><hAcc>0.0</hAcc><vAcc>0.0</vAcc></extensions></trkpt><trkpt lat="49.61750378000002" lon="10.828412080000014"><ele>336.31</ele><time>2026-09-06T9:12:40Z</time><extensions><speed>-1.0</speed><course>-1.0</course><hAcc>0.0</hAcc><vAcc>0.0</vAcc></extensions></trkpt><trkpt lat="49.61761278000002" lon="10.828381410000015"><ele>336.31</ele><time>2026-09-06T9:12:42Z</time><extensions><speed>-1.0</speed><course>-1.0</course><hAcc>0.0</hAcc><vAcc>0.0</vAcc></extensions></trkpt><trkpt lat="49.617707110000026" lon="10.828353740000015"><ele>334.22</ele><time>2026-09-06T9:12:43Z</time><extensions><speed>-1.0</speed><course>-1.0</course><hAcc>0.0</hAcc><vAcc>0.0</vAcc></extensions></trkpt><trkpt lat="49.617789780000024" lon="10.828326410000015"><ele>334.22</ele><time>2026-09-06T9:12:44Z</time><extensions><speed>-1.0</speed><course>-1.0</course><hAcc>0.0</hAcc><vAcc>0.0</vAcc></extensions></trkpt><trkpt lat="49.617885450000024" lon="10.828299080000015"><ele>334.22</ele><time>2026-09-06T9:12:46Z</time><extensions><speed>-1.0</speed><course>-1.0</course><hAcc>0.0</hAcc><vAcc>0.0</vAcc></extensions></trkpt><trkpt lat="49.617994450000026" lon="10.828271410000015"><ele>334.22</ele><time>2026-09-06T9:12:48Z</time><extensions><speed>-1.0</speed><course>-1.0</course><hAcc>0.0</hAcc><vAcc>0.0</vAcc></extensions></trkpt><trkpt lat="49.618119120000024" lon="10.828242410000016"><ele>334.22</ele><time>2026-09-06T9:12:50Z</time><extensions><speed>-1.0</speed><course>-1.0</course><hAcc>0.0</hAcc><vAcc>0.0</vAcc></extensions></trkpt><trkpt lat="49.618262450000024" lon="10.828208740000015"><ele>334.22</ele><time>2026-09-06T9:12:52Z</time><extensions><speed>-1.0</speed><course>-1.0</course><hAcc>0.0</hAcc><vAcc>0.0</vAcc></extensions></trkpt><trkpt lat="49.618388780000025" lon="10.828173410000016"><ele>334.22</ele><time>2026-09-06T9:12:53Z</time><extensions><speed>-1.0</speed><course>-1.0</course><hAcc>0.0</hAcc><vAcc>0.0</vAcc></extensions></trkpt><trkpt lat="49.618540110000026" lon="10.828127080000016"><ele>333.31</ele><time>2026-09-06T9:12:55Z</time><extensions><speed>-1.0</speed><course>-1.0</course><hAcc>0.0</hAcc><vAcc>0.0</vAcc></extensions></trkpt><trkpt lat="49.61867444000003" lon="10.828083750000015"><ele>333.31</ele><time>2026-09-06T9:12:56Z</time><extensions><speed>-1.0</speed><course>-1.0</course><hAcc>0.0</hAcc><vAcc>0.0</vAcc></extensions></trkpt><trkpt lat="49.618825110000024" lon="10.828026750000015"><ele>331.95</ele><time>2026-09-06T9:12:58Z</time><extensions><speed>-1.0</speed><course>-1.0</course><hAcc>0.0</hAcc><vAcc>0.0</vAcc></extensions></trkpt><trkpt lat="49.61895578000002" lon="10.827975420000016"><ele>331.95</ele><time>2026-09-06T9:12:59Z</time><extensions><speed>-1.0</speed><course>-1.0</course><hAcc>0.0</hAcc><vAcc>0.0</vAcc></extensions></trkpt><trkpt lat="49.61910478000002" lon="10.827916750000016"><ele>324.49</ele><time>2026-09-06T9:13:01Z</time><extensions><speed>-1.0</speed><course>-1.0</course><hAcc>0.0</hAcc><vAcc>0.0</vAcc></extensions></trkpt><trkpt lat="49.61923278000002" lon="10.827859750000016"><ele>324.49</ele><time>2026-09-06T9:13:02Z</time><extensions><speed>-1.0</speed><course>-1.0</course><hAcc>0.0</hAcc><vAcc>0.0</vAcc></extensions></trkpt><trkpt lat="49.61937145000002" lon="10.827792750000016"><ele>324.49</ele><time>2026-09-06T9:13:04Z</time><extensions><speed>-1.0</speed><course>-1.0</course><hAcc>0.0</hAcc><vAcc>0.0</vAcc></extensions></trkpt><trkpt lat="49.61949178000002" lon="10.827748080000017"><ele>324.49</ele><time>2026-09-06T9:13:05Z</time><extensions><speed>-1.0</speed><course>-1.0</course><hAcc>0.0</hAcc><vAcc>0.0</vAcc></extensions></trkpt><trkpt lat="49.61961578000002" lon="10.827762750000018"><ele>324.49</ele><time>2026-09-06T9:13:07Z</time><extensions><speed>-1.0</speed><course>-1.0</course><hAcc>0.0</hAcc><vAcc>0.0</vAcc></extensions></trkpt><trkpt lat="49.619715450000015" lon="10.827801080000018"><ele>323.22</ele><time>2026-09-06T9:13:08Z</time><extensions><speed>-1.0</speed><course>-1.0</course><hAcc>0.0</hAcc><vAcc>0.0</vAcc></extensions></trkpt><trkpt lat="49.61983212000001" lon="10.827827410000019"><ele>323.22</ele><time>2026-09-06T9:13:10Z</time><extensions><speed>-1.0</speed><course>-1.0</course><hAcc>0.0</hAcc><vAcc>0.0</vAcc></extensions></trkpt><trkpt lat="49.61993412000001" lon="10.827825410000019"><ele>321.77</ele><time>2026-09-06T9:13:11Z</time><extensions><speed>-1.0</speed><course>-1.0</course><hAcc>0.0</hAcc><vAcc>0.0</vAcc></extensions></trkpt><trkpt lat="49.62002412000001" lon="10.82780541000002"><ele>321.77</ele><time>2026-09-06T9:13:12Z</time><extensions><speed>-1.0</speed><course>-1.0</course><hAcc>0.0</hAcc><vAcc>0.0</vAcc></extensions></trkpt><trkpt lat="49.62013112000001" lon="10.827770410000019"><ele>320.31</ele><time>2026-09-06T9:13:14Z</time><extensions><speed>-1.0</speed><course>-1.0</course><hAcc>0.0</hAcc><vAcc>0.0</vAcc></extensions></trkpt><trkpt lat="49.62022112000001" lon="10.82773841000002"><ele>320.31</ele><time>2026-09-06T9:13:15Z</time><extensions><speed>-1.0</speed><course>-1.0</course><hAcc>0.0</hAcc><vAcc>0.0</vAcc></extensions></trkpt><trkpt lat="49.62032212000001" lon="10.82770841000002"><ele>319.04</ele><time>2026-09-06T9:13:17Z</time><extensions><speed>-1.0</speed><course>-1.0</course><hAcc>0.0</hAcc><vAcc>0.0</vAcc></extensions></trkpt><trkpt lat="49.62041812000001" lon="10.82768641000002"><ele>319.04</ele><time>2026-09-06T9:13:18Z</time><extensions><speed>-1.0</speed><course>-1.0</course><hAcc>0.0</hAcc><vAcc>0.0</vAcc></extensions></trkpt><trkpt lat="49.62050945000001" lon="10.82766574000002"><ele>317.86</ele><time>2026-09-06T9:13:19Z</time><extensions><speed>-1.0</speed><course>-1.0</course><hAcc>0.0</hAcc><vAcc>0.0</vAcc></extensions></trkpt><trkpt lat="49.620622450000006" lon="10.82762074000002"><ele>317.86</ele><time>2026-09-06T9:13:21Z</time><extensions><speed>-1.0</speed><course>-1.0</course><hAcc>0.0</hAcc><vAcc>0.0</vAcc></extensions></trkpt><trkpt lat="49.62072212" lon="10.82756807000002"><ele>316.86</ele><time>2026-09-06T9:13:22Z</time><extensions><speed>-1.0</speed><course>-1.0</course><hAcc>0.0</hAcc><vAcc>0.0</vAcc></extensions></trkpt><trkpt lat="49.620834120000005" lon="10.827496740000019"><ele>316.86</ele><time>2026-09-06T9:13:24Z</time><extensions><speed>-1.0</speed><course>-1.0</course><hAcc>0.0</hAcc><vAcc>0.0</vAcc></extensions></trkpt><trkpt lat="49.62095112000001" lon="10.827413740000019"><ele>316.86</ele><time>2026-09-06T9:13:26Z</time><extensions><speed>-1.0</speed><course>-1.0</course><hAcc>0.0</hAcc><vAcc>0.0</vAcc></extensions></trkpt><trkpt lat="49.62105845000001" lon="10.82737341000002"><ele>315.77</ele><time>2026-09-06T9:13:28Z</time><extensions><speed>-1.0</speed><course>-1.0</course><hAcc>0.0</hAcc><vAcc>0.0</vAcc></extensions></trkpt><trkpt lat="49.621135450000004" lon="10.82740808000002"><ele>315.77</ele><time>2026-09-06T9:13:30Z</time><extensions><speed>-1.0</speed><course>-1.0</course><hAcc>0.0</hAcc><vAcc>0.0</vAcc></extensions></trkpt><trkpt lat="49.62118945" lon="10.82746208000002"><ele>314.77</ele><time>2026-09-06T9:13:31Z</time><extensions><speed>-1.0</speed><course>-1.0</course><hAcc>0.0</hAcc><vAcc>0.0</vAcc></extensions></trkpt><trkpt lat="49.621233450000005" lon="10.827561410000019"><ele>314.77</ele><time>2026-09-06T9:13:33Z</time><extensions><speed>-1.0</speed><course>-1.0</course><hAcc>0.0</hAcc><vAcc>0.0</vAcc></extensions></trkpt><trkpt lat="49.621273120000005" lon="10.827695740000019"><ele>312.22</ele><time>2026-09-06T9:13:35Z</time><extensions><speed>-1.0</speed><course>-1.0</course><hAcc>0.0</hAcc><vAcc>0.0</vAcc></extensions></trkpt><trkpt lat="49.621304450000004" lon="10.827819740000018"><ele>312.22</ele><time>2026-09-06T9:13:36Z</time><extensions><speed>-1.0</speed><course>-1.0</course><hAcc>0.0</hAcc><vAcc>0.0</vAcc></extensions></trkpt><trkpt lat="49.621338120000004" lon="10.827973070000018"><ele>312.22</ele><time>2026-09-06T9:13:38Z</time><extensions><speed>-1.0</speed><course>-1.0</course><hAcc>0.0</hAcc><vAcc>0.0</vAcc></extensions></trkpt><trkpt lat="49.62136512000001" lon="10.828113400000019"><ele>312.22</ele><time>2026-09-06T9:13:39Z</time><extensions><speed>-1.0</speed><course>-1.0</course><hAcc>0.0</hAcc><vAcc>0.0</vAcc></extensions></trkpt><trkpt lat="49.62139245000001" lon="10.828279070000018"><ele>312.22</ele><time>2026-09-06T9:13:41Z</time><extensions><speed>-1.0</speed><course>-1.0</course><hAcc>0.0</hAcc><vAcc>0.0</vAcc></extensions></trkpt><trkpt lat="49.62141978000001" lon="10.828459070000019"><ele>312.22</ele><time>2026-09-06T9:13:43Z</time><extensions><speed>-1.0</speed><course>-1.0</course><hAcc>0.0</hAcc><vAcc>0.0</vAcc></extensions></trkpt><trkpt lat="49.621449450000014" lon="10.828649740000019"><ele>312.22</ele><time>2026-09-06T9:13:45Z</time><extensions><speed>-1.0</speed><course>-1.0</course><hAcc>0.0</hAcc><vAcc>0.0</vAcc></extensions></trkpt><trkpt lat="49.62148178000002" lon="10.82884207000002"><ele>312.22</ele><time>2026-09-06T9:13:47Z</time><extensions><speed>-1.0</speed><course>-1.0</course><hAcc>0.0</hAcc><vAcc>0.0</vAcc></extensions></trkpt><trkpt lat="49.621507780000016" lon="10.82900174000002"><ele>312.22</ele><time>2026-09-06T9:13:48Z</time><extensions><speed>-1.0</speed><course>-1.0</course><hAcc>0.0</hAcc><vAcc>0.0</vAcc></extensions></trkpt><trkpt lat="49.62153245000002" lon="10.82916407000002"><ele>312.22</ele><time>2026-09-06T9:13:50Z</time><extensions><speed>-1.0</speed><course>-1.0</course><hAcc>0.0</hAcc><vAcc>0.0</vAcc></extensions></trkpt><trkpt lat="49.62155478000002" lon="10.82929774000002"><ele>312.22</ele><time>2026-09-06T9:13:51Z</time><extensions><speed>-1.0</speed><course>-1.0</course><hAcc>0.0</hAcc><vAcc>0.0</vAcc></extensions></trkpt><trkpt lat="49.621595110000015" lon="10.82941674000002"><ele>312.22</ele><time>2026-09-06T9:13:53Z</time><extensions><speed>-1.0</speed><course>-1.0</course><hAcc>0.0</hAcc><vAcc>0.0</vAcc></extensions></trkpt><trkpt lat="49.62165544000001" lon="10.829493070000021"><ele>312.22</ele><time>2026-09-06T9:13:55Z</time><extensions><speed>-1.0</speed><course>-1.0</course><hAcc>0.0</hAcc><vAcc>0.0</vAcc></extensions></trkpt><trkpt lat="49.62172544000001" lon="10.829526740000022"><ele>312.22</ele><time>2026-09-06T9:13:57Z</time><extensions><speed>-1.0</speed><course>-1.0</course><hAcc>0.0</hAcc><vAcc>0.0</vAcc></extensions></trkpt><trkpt lat="49.621803440000015" lon="10.829528410000021"><ele>312.22</ele><time>2026-09-06T9:13:59Z</time><extensions><speed>-1.0</speed><course>-1.0</course><hAcc>0.0</hAcc><vAcc>0.0</vAcc></extensions></trkpt><trkpt lat="49.62188677000002" lon="10.829506410000022"><ele>312.22</ele><time>2026-09-06T9:14:01Z</time><extensions><speed>-1.0</speed><course>-1.0</course><hAcc>0.0</hAcc><vAcc>0.0</vAcc></extensions></trkpt><trkpt lat="49.621958440000014" lon="10.829480410000022"><ele>312.22</ele><time>2026-09-06T9:14:02Z</time><extensions><speed>-1.0</speed><course>-1.0</course><hAcc>0.0</hAcc><vAcc>0.0</vAcc></extensions></trkpt><trkpt lat="49.62202177000002" lon="10.829452080000022"><ele>312.22</ele><time>2026-09-06T9:14:03Z</time><extensions><speed>-1.0</speed><course>-1.0</course><hAcc>0.0</hAcc><vAcc>0.0</vAcc></extensions></trkpt><trkpt lat="49.622096100000014" lon="10.829421410000023"><ele>312.22</ele><time>2026-09-06T9:14:05Z</time><extensions><speed>-1.0</speed><course>-1.0</course><hAcc>0.0</hAcc><vAcc>0.0</vAcc></extensions></trkpt><trkpt lat="49.62216810000002" lon="10.829397080000023"><ele>312.22</ele><time>2026-09-06T9:14:06Z</time><extensions><speed>-1.0</speed><course>-1.0</course><hAcc>0.0</hAcc><vAcc>0.0</vAcc></extensions></trkpt><trkpt lat="49.622236430000015" lon="10.829378410000023"><ele>312.22</ele><time>2026-09-06T9:14:07Z</time><extensions><speed>-1.0</speed><course>-1.0</course><hAcc>0.0</hAcc><vAcc>0.0</vAcc></extensions></trkpt><trkpt lat="49.622301100000016" lon="10.829363080000023"><ele>312.22</ele><time>2026-09-06T9:14:08Z</time><extensions><speed>-1.0</speed><course>-1.0</course><hAcc>0.0</hAcc><vAcc>0.0</vAcc></extensions></trkpt><trkpt lat="49.622382430000016" lon="10.829350080000024"><ele>312.22</ele><time>2026-09-06T9:14:10Z</time><extensions><speed>-1.0</speed><course>-1.0</course><hAcc>0.0</hAcc><vAcc>0.0</vAcc></extensions></trkpt><trkpt lat="49.62245776000002" lon="10.829339750000024"><ele>312.22</ele><time>2026-09-06T9:14:11Z</time><extensions><speed>-1.0</speed><course>-1.0</course><hAcc>0.0</hAcc><vAcc>0.0</vAcc></extensions></trkpt><trkpt lat="49.62254709000002" lon="10.829339080000024"><ele>312.22</ele><time>2026-09-06T9:14:13Z</time><extensions><speed>-1.0</speed><course>-1.0</course><hAcc>0.0</hAcc><vAcc>0.0</vAcc></extensions></trkpt><trkpt lat="49.62262576000002" lon="10.829342750000023"><ele>312.22</ele><time>2026-09-06T9:14:14Z</time><extensions><speed>-1.0</speed><course>-1.0</course><hAcc>0.0</hAcc><vAcc>0.0</vAcc></extensions></trkpt><trkpt lat="49.62269909000002" lon="10.829346420000023"><ele>312.22</ele><time>2026-09-06T9:14:15Z</time><extensions><speed>-1.0</speed><course>-1.0</course><hAcc>0.0</hAcc><vAcc>0.0</vAcc></extensions></trkpt><trkpt lat="49.62278376000002" lon="10.829355750000023"><ele>312.22</ele><time>2026-09-06T9:14:17Z</time><extensions><speed>-1.0</speed><course>-1.0</course><hAcc>0.0</hAcc><vAcc>0.0</vAcc></extensions></trkpt><trkpt lat="49.62287143000002" lon="10.829377420000023"><ele>312.22</ele><time>2026-09-06T9:14:19Z</time><extensions><speed>-1.0</speed><course>-1.0</course><hAcc>0.0</hAcc><vAcc>0.0</vAcc></extensions></trkpt><trkpt lat="49.62294676000002" lon="10.829386420000024"><ele>312.22</ele><time>2026-09-06T9:14:20Z</time><extensions><speed>-1.0</speed><course>-1.0</course><hAcc>0.0</hAcc><vAcc>0.0</vAcc></extensions></trkpt><trkpt lat="49.62302909000002" lon="10.829370750000024"><ele>312.22</ele><time>2026-09-06T9:14:22Z</time><extensions><speed>-1.0</speed><course>-1.0</course><hAcc>0.0</hAcc><vAcc>0.0</vAcc></extensions></trkpt><trkpt lat="49.62311276000002" lon="10.829346420000023"><ele>312.22</ele><time>2026-09-06T9:14:24Z</time><extensions><speed>-1.0</speed><course>-1.0</course><hAcc>0.0</hAcc><vAcc>0.0</vAcc></extensions></trkpt><trkpt lat="49.62318009000002" lon="10.829328750000023"><ele>310.49</ele><time>2026-09-06T9:14:25Z</time><extensions><speed>-1.0</speed><course>-1.0</course><hAcc>0.0</hAcc><vAcc>0.0</vAcc></extensions></trkpt><trkpt lat="49.62323476000002" lon="10.829332080000023"><ele>310.49</ele><time>2026-09-06T9:14:27Z</time><extensions><speed>-1.0</speed><course>-1.0</course><hAcc>0.0</hAcc><vAcc>0.0</vAcc></extensions></trkpt><trkpt lat="49.623274760000015" lon="10.829352080000023"><ele>310.49</ele><time>2026-09-06T9:14:29Z</time><extensions><speed>-1.0</speed><course>-1.0</course><hAcc>0.0</hAcc><vAcc>0.0</vAcc></extensions></trkpt><trkpt lat="49.62330209000002" lon="10.829384080000022"><ele>310.49</ele><time>2026-09-06T9:14:30Z</time><extensions><speed>-1.0</speed><course>-1.0</course><hAcc>0.0</hAcc><vAcc>0.0</vAcc></extensions></trkpt><trkpt lat="49.62331809000002" lon="10.829425080000021"><ele>310.49</ele><time>2026-09-06T9:14:31Z</time><extensions><speed>-1.0</speed><course>-1.0</course><hAcc>0.0</hAcc><vAcc>0.0</vAcc></extensions></trkpt><trkpt lat="49.62332842000002" lon="10.829466750000021"><ele>310.49</ele><time>2026-09-06T9:14:33Z</time><extensions><speed>-1.0</speed><course>-1.0</course><hAcc>0.0</hAcc><vAcc>0.0</vAcc></extensions></trkpt><trkpt lat="49.62333442000002" lon="10.82953675000002"><ele>310.49</ele><time>2026-09-06T9:14:35Z</time><extensions><speed>-1.0</speed><course>-1.0</course><hAcc>0.0</hAcc><vAcc>0.0</vAcc></extensions></trkpt><trkpt lat="49.62333842000002" lon="10.82963042000002"><ele>310.49</ele><time>2026-09-06T9:14:37Z</time><extensions><speed>-1.0</speed><course>-1.0</course><hAcc>0.0</hAcc><vAcc>0.0</vAcc></extensions></trkpt><trkpt lat="49.623341750000016" lon="10.82974442000002"><ele>310.49</ele><time>2026-09-06T9:14:39Z</time><extensions><speed>-1.0</speed><course>-1.0</course><hAcc>0.0</hAcc><vAcc>0.0</vAcc></extensions></trkpt><trkpt lat="49.62334642000002" lon="10.82984175000002"><ele>310.49</ele><time>2026-09-06T9:14:40Z</time><extensions><speed>-1.0</speed><course>-1.0</course><hAcc>0.0</hAcc><vAcc>0.0</vAcc></extensions></trkpt><trkpt lat="49.623350420000016" lon="10.82993575000002"><ele>310.49</ele><time>2026-09-06T9:14:41Z</time><extensions><speed>-1.0</speed><course>-1.0</course><hAcc>0.0</hAcc><vAcc>0.0</vAcc></extensions></trkpt><trkpt lat="49.62335175000002" lon="10.83002275000002"><ele>310.49</ele><time>2026-09-06T9:14:42Z</time><extensions><speed>-1.0</speed><course>-1.0</course><hAcc>0.0</hAcc><vAcc>0.0</vAcc></extensions></trkpt><trkpt lat="49.623352750000016" lon="10.83013475000002"><ele>310.49</ele><time>2026-09-06T9:14:44Z</time><extensions><speed>-1.0</speed><course>-1.0</course><hAcc>0.0</hAcc><vAcc>0.0</vAcc></extensions></trkpt><trkpt lat="49.623350420000016" lon="10.83026208000002"><ele>310.49</ele><time>2026-09-06T9:14:46Z</time><extensions><speed>-1.0</speed><course>-1.0</course><hAcc>0.0</hAcc><vAcc>0.0</vAcc></extensions></trkpt><trkpt lat="49.623345420000014" lon="10.83039475000002"><ele>310.49</ele><time>2026-09-06T9:14:48Z</time><extensions><speed>-1.0</speed><course>-1.0</course><hAcc>0.0</hAcc><vAcc>0.0</vAcc></extensions></trkpt><trkpt lat="49.62333809000001" lon="10.830539420000019"><ele>310.49</ele><time>2026-09-06T9:14:50Z</time><extensions><speed>-1.0</speed><course>-1.0</course><hAcc>0.0</hAcc><vAcc>0.0</vAcc></extensions></trkpt><trkpt lat="49.623331090000015" lon="10.830661750000019"><ele>310.49</ele><time>2026-09-06T9:14:51Z</time><extensions><speed>-1.0</speed><course>-1.0</course><hAcc>0.0</hAcc><vAcc>0.0</vAcc></extensions></trkpt><trkpt lat="49.623328090000015" lon="10.830771750000018"><ele>310.49</ele><time>2026-09-06T9:14:52Z</time><extensions><speed>-1.0</speed><course>-1.0</course><hAcc>0.0</hAcc><vAcc>0.0</vAcc></extensions></trkpt><trkpt lat="49.62333176000001" lon="10.830902750000018"><ele>310.49</ele><time>2026-09-06T9:14:54Z</time><extensions><speed>-1.0</speed><course>-1.0</course><hAcc>0.0</hAcc><vAcc>0.0</vAcc></extensions></trkpt><trkpt lat="49.623336760000015" lon="10.831017750000017"><ele>310.49</ele><time>2026-09-06T9:14:55Z</time><extensions><speed>-1.0</speed><course>-1.0</course><hAcc>0.0</hAcc><vAcc>0.0</vAcc></extensions></trkpt><trkpt lat="49.62334409000002" lon="10.831123080000017"><ele>310.49</ele><time>2026-09-06T9:14:56Z</time><extensions><speed>-1.0</speed><course>-1.0</course><hAcc>0.0</hAcc><vAcc>0.0</vAcc></extensions></trkpt><trkpt lat="49.62335242000002" lon="10.831249410000018"><ele>310.49</ele><time>2026-09-06T9:14:58Z</time><extensions><speed>-1.0</speed><course>-1.0</course><hAcc>0.0</hAcc><vAcc>0.0</vAcc></extensions></trkpt><trkpt lat="49.62336109000002" lon="10.831363740000018"><ele>309.49</ele><time>2026-09-06T9:14:59Z</time><extensions><speed>-1.0</speed><course>-1.0</course><hAcc>0.0</hAcc><vAcc>0.0</vAcc></extensions></trkpt><trkpt lat="49.623373420000014" lon="10.831497740000017"><ele>309.49</ele><time>2026-09-06T9:15:01Z</time><extensions><speed>-1.0</speed><course>-1.0</course><hAcc>0.0</hAcc><vAcc>0.0</vAcc></extensions></trkpt><trkpt lat="49.623386750000016" lon="10.831615070000018"><ele>309.49</ele><time>2026-09-06T9:15:02Z</time><extensions><speed>-1.0</speed><course>-1.0</course><hAcc>0.0</hAcc><vAcc>0.0</vAcc></extensions></trkpt><trkpt lat="49.623395750000014" lon="10.831750070000018"><ele>309.49</ele><time>2026-09-06T9:15:04Z</time><extensions><speed>-1.0</speed><course>-1.0</course><hAcc>0.0</hAcc><vAcc>0.0</vAcc></extensions></trkpt><trkpt lat="49.623389750000015" lon="10.831893740000018"><ele>309.49</ele><time>2026-09-06T9:15:06Z</time><extensions><speed>-1.0</speed><course>-1.0</course><hAcc>0.0</hAcc><vAcc>0.0</vAcc></extensions></trkpt><trkpt lat="49.623370750000014" lon="10.832009070000018"><ele>309.49</ele><time>2026-09-06T9:15:07Z</time><extensions><speed>-1.0</speed><course>-1.0</course><hAcc>0.0</hAcc><vAcc>0.0</vAcc></extensions></trkpt><trkpt lat="49.623342080000015" lon="10.832102740000018"><ele>309.49</ele><time>2026-09-06T9:15:08Z</time><extensions><speed>-1.0</speed><course>-1.0</course><hAcc>0.0</hAcc><vAcc>0.0</vAcc></extensions></trkpt><trkpt lat="49.62331241000001" lon="10.832211410000017"><ele>309.49</ele><time>2026-09-06T9:15:10Z</time><extensions><speed>-1.0</speed><course>-1.0</course><hAcc>0.0</hAcc><vAcc>0.0</vAcc></extensions></trkpt><trkpt lat="49.62329808000001" lon="10.832310740000016"><ele>309.49</ele><time>2026-09-06T9:15:11Z</time><extensions><speed>-1.0</speed><course>-1.0</course><hAcc>0.0</hAcc><vAcc>0.0</vAcc></extensions></trkpt><trkpt lat="49.623297080000015" lon="10.832421410000016"><ele>309.49</ele><time>2026-09-06T9:15:13Z</time><extensions><speed>-1.0</speed><course>-1.0</course><hAcc>0.0</hAcc><vAcc>0.0</vAcc></extensions></trkpt><trkpt lat="49.62329875000002" lon="10.832519740000016"><ele>309.49</ele><time>2026-09-06T9:15:14Z</time><extensions><speed>-1.0</speed><course>-1.0</course><hAcc>0.0</hAcc><vAcc>0.0</vAcc></extensions></trkpt><trkpt lat="49.62330342000002" lon="10.832610740000016"><ele>309.49</ele><time>2026-09-06T9:15:15Z</time><extensions><speed>-1.0</speed><course>-1.0</course><hAcc>0.0</hAcc><vAcc>0.0</vAcc></extensions></trkpt><trkpt lat="49.623313420000024" lon="10.832723070000016"><ele>311.49</ele><time>2026-09-06T9:15:17Z</time><extensions><speed>-1.0</speed><course>-1.0</course><hAcc>0.0</hAcc><vAcc>0.0</vAcc></extensions></trkpt><trkpt lat="49.623326750000025" lon="10.832852070000015"><ele>311.49</ele><time>2026-09-06T9:15:19Z</time><extensions><speed>-1.0</speed><course>-1.0</course><hAcc>0.0</hAcc><vAcc>0.0</vAcc></extensions></trkpt><trkpt lat="49.62333942000002" lon="10.832965400000015"><ele>311.49</ele><time>2026-09-06T9:15:20Z</time><extensions><speed>-1.0</speed><course>-1.0</course><hAcc>0.0</hAcc><vAcc>0.0</vAcc></extensions></trkpt><trkpt lat="49.623355090000025" lon="10.833093400000015"><ele>311.49</ele><time>2026-09-06T9:15:22Z</time><extensions><speed>-1.0</speed><course>-1.0</course><hAcc>0.0</hAcc><vAcc>0.0</vAcc></extensions></trkpt><trkpt lat="49.62336876000003" lon="10.833205730000016"><ele>311.49</ele><time>2026-09-06T9:15:23Z</time><extensions><speed>-1.0</speed><course>-1.0</course><hAcc>0.0</hAcc><vAcc>0.0</vAcc></extensions></trkpt><trkpt lat="49.623383760000024" lon="10.833331730000015"><ele>311.49</ele><time>2026-09-06T9:15:25Z</time><extensions><speed>-1.0</speed><course>-1.0</course><hAcc>0.0</hAcc><vAcc>0.0</vAcc></extensions></trkpt><trkpt lat="49.62339676000003" lon="10.833443400000016"><ele>311.49</ele><time>2026-09-06T9:15:26Z</time><extensions><speed>-1.0</speed><course>-1.0</course><hAcc>0.0</hAcc><vAcc>0.0</vAcc></extensions></trkpt><trkpt lat="49.623408760000025" lon="10.833543730000017"><ele>311.49</ele><time>2026-09-06T9:15:27Z</time><extensions><speed>-1.0</speed><course>-1.0</course><hAcc>0.0</hAcc><vAcc>0.0</vAcc></extensions></trkpt><trkpt lat="49.623423090000024" lon="10.833664400000016"><ele>311.49</ele><time>2026-09-06T9:15:29Z</time><extensions><speed>-1.0</speed><course>-1.0</course><hAcc>0.0</hAcc><vAcc>0.0</vAcc></extensions></trkpt><trkpt lat="49.623439420000025" lon="10.833796400000017"><ele>311.49</ele><time>2026-09-06T9:15:31Z</time><extensions><speed>-1.0</speed><course>-1.0</course><hAcc>0.0</hAcc><vAcc>0.0</vAcc></extensions></trkpt><trkpt lat="49.623454090000024" lon="10.833910400000017"><ele>311.49</ele><time>2026-09-06T9:15:32Z</time><extensions><speed>-1.0</speed><course>-1.0</course><hAcc>0.0</hAcc><vAcc>0.0</vAcc></extensions></trkpt><trkpt lat="49.623467760000025" lon="10.834014070000016"><ele>310.67</ele><time>2026-09-06T9:15:33Z</time><extensions><speed>-1.0</speed><course>-1.0</course><hAcc>0.0</hAcc><vAcc>0.0</vAcc></extensions></trkpt><trkpt lat="49.62348276000002" lon="10.834134070000017"><ele>310.67</ele><time>2026-09-06T9:15:35Z</time><extensions><speed>-1.0</speed><course>-1.0</course><hAcc>0.0</hAcc><vAcc>0.0</vAcc></extensions></trkpt><trkpt lat="49.62349809000002" lon="10.834269400000018"><ele>310.67</ele><time>2026-09-06T9:15:37Z</time><extensions><speed>-1.0</speed><course>-1.0</course><hAcc>0.0</hAcc><vAcc>0.0</vAcc></extensions></trkpt><trkpt lat="49.62351309000002" lon="10.834385070000017"><ele>310.67</ele><time>2026-09-06T9:15:38Z</time><extensions><speed>-1.0</speed><course>-1.0</course><hAcc>0.0</hAcc><vAcc>0.0</vAcc></extensions></trkpt><trkpt lat="49.62352909000002" lon="10.834512740000017"><ele>310.67</ele><time>2026-09-06T9:15:40Z</time><extensions><speed>-1.0</speed><course>-1.0</course><hAcc>0.0</hAcc><vAcc>0.0</vAcc></extensions></trkpt><trkpt lat="49.62354409000002" lon="10.834648410000018"><ele>310.67</ele><time>2026-09-06T9:15:42Z</time><extensions><speed>-1.0</speed><course>-1.0</course><hAcc>0.0</hAcc><vAcc>0.0</vAcc></extensions></trkpt><trkpt lat="49.62355809000002" lon="10.834760080000018"><ele>310.67</ele><time>2026-09-06T9:15:43Z</time><extensions><speed>-1.0</speed><course>-1.0</course><hAcc>0.0</hAcc><vAcc>0.0</vAcc></extensions></trkpt><trkpt lat="49.62357476000002" lon="10.834882410000018"><ele>310.67</ele><time>2026-09-06T9:15:45Z</time><extensions><speed>-1.0</speed><course>-1.0</course><hAcc>0.0</hAcc><vAcc>0.0</vAcc></extensions></trkpt><trkpt lat="49.62358776000002" lon="10.834989080000017"><ele>310.67</ele><time>2026-09-06T9:15:46Z</time><extensions><speed>-1.0</speed><course>-1.0</course><hAcc>0.0</hAcc><vAcc>0.0</vAcc></extensions></trkpt><trkpt lat="49.62360243000002" lon="10.835104080000017"><ele>310.67</ele><time>2026-09-06T9:15:48Z</time><extensions><speed>-1.0</speed><course>-1.0</course><hAcc>0.0</hAcc><vAcc>0.0</vAcc></extensions></trkpt><trkpt lat="49.623615100000016" lon="10.835203750000018"><ele>310.67</ele><time>2026-09-06T9:15:49Z</time><extensions><speed>-1.0</speed><course>-1.0</course><hAcc>0.0</hAcc><vAcc>0.0</vAcc></extensions></trkpt><trkpt lat="49.623630100000014" lon="10.835317420000017"><ele>310.67</ele><time>2026-09-06T9:15:51Z</time><extensions><speed>-1.0</speed><course>-1.0</course><hAcc>0.0</hAcc><vAcc>0.0</vAcc></extensions></trkpt><trkpt lat="49.623643430000016" lon="10.835419090000016"><ele>310.67</ele><time>2026-09-06T9:15:52Z</time><extensions><speed>-1.0</speed><course>-1.0</course><hAcc>0.0</hAcc><vAcc>0.0</vAcc></extensions></trkpt><trkpt lat="49.623658100000014" lon="10.835532760000016"><ele>310.67</ele><time>2026-09-06T9:15:54Z</time><extensions><speed>-1.0</speed><course>-1.0</course><hAcc>0.0</hAcc><vAcc>0.0</vAcc></extensions></trkpt><trkpt lat="49.623672100000014" lon="10.835653760000016"><ele>310.67</ele><time>2026-09-06T9:15:56Z</time><extensions><speed>-1.0</speed><course>-1.0</course><hAcc>0.0</hAcc><vAcc>0.0</vAcc></extensions></trkpt><trkpt lat="49.62368677000001" lon="10.835780430000016"><ele>310.67</ele><time>2026-09-06T9:15:58Z</time><extensions><speed>-1.0</speed><course>-1.0</course><hAcc>0.0</hAcc><vAcc>0.0</vAcc></extensions></trkpt><trkpt lat="49.62369877000001" lon="10.835887760000016"><ele>310.67</ele><time>2026-09-06T9:15:59Z</time><extensions><speed>-1.0</speed><course>-1.0</course><hAcc>0.0</hAcc><vAcc>0.0</vAcc></extensions></trkpt><trkpt lat="49.62371077000001" lon="10.836003760000017"><ele>310.67</ele><time>2026-09-06T9:16:01Z</time><extensions><speed>-1.0</speed><course>-1.0</course><hAcc>0.0</hAcc><vAcc>0.0</vAcc></extensions></trkpt><trkpt lat="49.62372744000001" lon="10.836120760000016"><ele>310.67</ele><time>2026-09-06T9:16:03Z</time><extensions><speed>-1.0</speed><course>-1.0</course><hAcc>0.0</hAcc><vAcc>0.0</vAcc></extensions></trkpt><trkpt lat="49.62374977000001" lon="10.836218430000017"><ele>310.67</ele><time>2026-09-06T9:16:04Z</time><extensions><speed>-1.0</speed><course>-1.0</course><hAcc>0.0</hAcc><vAcc>0.0</vAcc></extensions></trkpt><trkpt lat="49.62378077000001" lon="10.836291430000017"><ele>310.67</ele><time>2026-09-06T9:16:05Z</time><extensions><speed>-1.0</speed><course>-1.0</course><hAcc>0.0</hAcc><vAcc>0.0</vAcc></extensions></trkpt><trkpt lat="49.62381910000001" lon="10.836342430000016"><ele>310.67</ele><time>2026-09-06T9:16:06Z</time><extensions><speed>-1.0</speed><course>-1.0</course><hAcc>0.0</hAcc><vAcc>0.0</vAcc></extensions></trkpt><trkpt lat="49.62388143000001" lon="10.836380760000017"><ele>310.67</ele><time>2026-09-06T9:16:08Z</time><extensions><speed>-1.0</speed><course>-1.0</course><hAcc>0.0</hAcc><vAcc>0.0</vAcc></extensions></trkpt><trkpt lat="49.62396343000001" lon="10.836399090000016"><ele>310.67</ele><time>2026-09-06T9:16:10Z</time><extensions><speed>-1.0</speed><course>-1.0</course><hAcc>0.0</hAcc><vAcc>0.0</vAcc></extensions></trkpt><trkpt lat="49.62403476000001" lon="10.836414420000017"><ele>310.67</ele><time>2026-09-06T9:16:11Z</time><extensions><speed>-1.0</speed><course>-1.0</course><hAcc>0.0</hAcc><vAcc>0.0</vAcc></extensions></trkpt><trkpt lat="49.62411943000001" lon="10.836424090000017"><ele>310.67</ele><time>2026-09-06T9:16:13Z</time><extensions><speed>-1.0</speed><course>-1.0</course><hAcc>0.0</hAcc><vAcc>0.0</vAcc></extensions></trkpt><trkpt lat="49.62419676000001" lon="10.836436090000017"><ele>310.67</ele><time>2026-09-06T9:16:14Z</time><extensions><speed>-1.0</speed><course>-1.0</course><hAcc>0.0</hAcc><vAcc>0.0</vAcc></extensions></trkpt><trkpt lat="49.62428143000001" lon="10.836439760000017"><ele>310.67</ele><time>2026-09-06T9:16:16Z</time><extensions><speed>-1.0</speed><course>-1.0</course><hAcc>0.0</hAcc><vAcc>0.0</vAcc></extensions></trkpt><trkpt lat="49.62437043000001" lon="10.836432090000017"><ele>310.67</ele><time>2026-09-06T9:16:18Z</time><extensions><speed>-1.0</speed><course>-1.0</course><hAcc>0.0</hAcc><vAcc>0.0</vAcc></extensions></trkpt><trkpt lat="49.624463100000014" lon="10.836416420000017"><ele>310.67</ele><time>2026-09-06T9:16:20Z</time><extensions><speed>-1.0</speed><course>-1.0</course><hAcc>0.0</hAcc><vAcc>0.0</vAcc></extensions></trkpt><trkpt lat="49.624541430000015" lon="10.836398090000017"><ele>310.67</ele><time>2026-09-06T9:16:21Z</time><extensions><speed>-1.0</speed><course>-1.0</course><hAcc>0.0</hAcc><vAcc>0.0</vAcc></extensions></trkpt><trkpt lat="49.624625760000015" lon="10.836372420000018"><ele>310.67</ele><time>2026-09-06T9:16:23Z</time><extensions><speed>-1.0</speed><course>-1.0</course><hAcc>0.0</hAcc><vAcc>0.0</vAcc></extensions></trkpt><trkpt lat="49.624698760000015" lon="10.836352090000018"><ele>309.49</ele><time>2026-09-06T9:16:24Z</time><extensions><speed>-1.0</speed><course>-1.0</course><hAcc>0.0</hAcc><vAcc>0.0</vAcc></extensions></trkpt><trkpt lat="49.62477843000001" lon="10.836341760000018"><ele>309.49</ele><time>2026-09-06T9:16:26Z</time><extensions><speed>-1.0</speed><course>-1.0</course><hAcc>0.0</hAcc><vAcc>0.0</vAcc></extensions></trkpt><trkpt lat="49.624845760000014" lon="10.836349090000018"><ele>309.49</ele><time>2026-09-06T9:16:27Z</time><extensions><speed>-1.0</speed><course>-1.0</course><hAcc>0.0</hAcc><vAcc>0.0</vAcc></extensions></trkpt><trkpt lat="49.624913090000014" lon="10.836380090000018"><ele>309.49</ele><time>2026-09-06T9:16:29Z</time><extensions><speed>-1.0</speed><course>-1.0</course><hAcc>0.0</hAcc><vAcc>0.0</vAcc></extensions></trkpt><trkpt lat="49.624986090000014" lon="10.836397760000018"><ele>309.49</ele><time>2026-09-06T9:16:31Z</time><extensions><speed>-1.0</speed><course>-1.0</course><hAcc>0.0</hAcc><vAcc>0.0</vAcc></extensions></trkpt><trkpt lat="49.62504642000001" lon="10.836401430000018"><ele>309.49</ele><time>2026-09-06T9:16:32Z</time><extensions><speed>-1.0</speed><course>-1.0</course><hAcc>0.0</hAcc><vAcc>0.0</vAcc></extensions></trkpt><trkpt lat="49.62509809000001" lon="10.836369430000019"><ele>309.49</ele><time>2026-09-06T9:16:34Z</time><extensions><speed>-1.0</speed><course>-1.0</course><hAcc>0.0</hAcc><vAcc>0.0</vAcc></extensions></trkpt><trkpt lat="49.62513242000001" lon="10.836302100000019"><ele>309.49</ele><time>2026-09-06T9:16:36Z</time><extensions><speed>-1.0</speed><course>-1.0</course><hAcc>0.0</hAcc><vAcc>0.0</vAcc></extensions></trkpt><trkpt lat="49.62516242000001" lon="10.836217100000018"><ele>309.49</ele><time>2026-09-06T9:16:38Z</time><extensions><speed>-1.0</speed><course>-1.0</course><hAcc>0.0</hAcc><vAcc>0.0</vAcc></extensions></trkpt><trkpt lat="49.62519709000001" lon="10.83612943000002"><ele>309.49</ele><time>2026-09-06T9:16:40Z</time><extensions><speed>-1.0</speed><course>-1.0</course><hAcc>0.0</hAcc><vAcc>0.0</vAcc></extensions></trkpt><trkpt lat="49.62523509000001" lon="10.836059760000019"><ele>310.49</ele><time>2026-09-06T9:16:42Z</time><extensions><speed>-1.0</speed><course>-1.0</course><hAcc>0.0</hAcc><vAcc>0.0</vAcc></extensions></trkpt><trkpt lat="49.625287420000014" lon="10.83603643000002"><ele>310.49</ele><time>2026-09-06T9:16:44Z</time><extensions><speed>-1.0</speed><course>-1.0</course><hAcc>0.0</hAcc><vAcc>0.0</vAcc></extensions></trkpt><trkpt lat="49.625329090000015" lon="10.83604343000002"><ele>310.49</ele><time>2026-09-06T9:16:45Z</time><extensions><speed>-1.0</speed><course>-1.0</course><hAcc>0.0</hAcc><vAcc>0.0</vAcc></extensions></trkpt><trkpt lat="49.625365760000015" lon="10.83608776000002"><ele>310.49</ele><time>2026-09-06T9:16:47Z</time><extensions><speed>-1.0</speed><course>-1.0</course><hAcc>0.0</hAcc><vAcc>0.0</vAcc></extensions></trkpt><trkpt lat="49.62539343000002" lon="10.836140760000019"><ele>310.49</ele><time>2026-09-06T9:16:48Z</time><extensions><speed>-1.0</speed><course>-1.0</course><hAcc>0.0</hAcc><vAcc>0.0</vAcc></extensions></trkpt><trkpt lat="49.62541776000002" lon="10.836197430000018"><ele>310.49</ele><time>2026-09-06T9:16:49Z</time><extensions><speed>-1.0</speed><course>-1.0</course><hAcc>0.0</hAcc><vAcc>0.0</vAcc></extensions></trkpt><trkpt lat="49.62544309000002" lon="10.836272760000018"><ele>311.31</ele><time>2026-09-06T9:16:51Z</time><extensions><speed>-1.0</speed><course>-1.0</course><hAcc>0.0</hAcc><vAcc>0.0</vAcc></extensions></trkpt><trkpt lat="49.62546742000002" lon="10.836360090000017"><ele>311.31</ele><time>2026-09-06T9:16:53Z</time><extensions><speed>-1.0</speed><course>-1.0</course><hAcc>0.0</hAcc><vAcc>0.0</vAcc></extensions></trkpt><trkpt lat="49.62548775000002" lon="10.836432420000017"><ele>311.31</ele><time>2026-09-06T9:16:54Z</time><extensions><speed>-1.0</speed><course>-1.0</course><hAcc>0.0</hAcc><vAcc>0.0</vAcc></extensions></trkpt><trkpt lat="49.62550742000002" lon="10.836495090000017"><ele>311.31</ele><time>2026-09-06T9:16:55Z</time><extensions><speed>-1.0</speed><course>-1.0</course><hAcc>0.0</hAcc><vAcc>0.0</vAcc></extensions></trkpt><trkpt lat="49.62553975000002" lon="10.836564420000018"><ele>311.31</ele><time>2026-09-06T9:16:57Z</time><extensions><speed>-1.0</speed><course>-1.0</course><hAcc>0.0</hAcc><vAcc>0.0</vAcc></extensions></trkpt><trkpt lat="49.625583750000025" lon="10.836624750000018"><ele>313.49</ele><time>2026-09-06T9:16:59Z</time><extensions><speed>-1.0</speed><course>-1.0</course><hAcc>0.0</hAcc><vAcc>0.0</vAcc></extensions></trkpt><trkpt lat="49.62562708000002" lon="10.836669750000018"><ele>313.49</ele><time>2026-09-06T9:17:00Z</time><extensions><speed>-1.0</speed><course>-1.0</course><hAcc>0.0</hAcc><vAcc>0.0</vAcc></extensions></trkpt><trkpt lat="49.62566941000002" lon="10.836698420000019"><ele>313.49</ele><time>2026-09-06T9:17:01Z</time><extensions><speed>-1.0</speed><course>-1.0</course><hAcc>0.0</hAcc><vAcc>0.0</vAcc></extensions></trkpt><trkpt lat="49.625721740000024" lon="10.836701420000018"><ele>313.49</ele><time>2026-09-06T9:17:03Z</time><extensions><speed>-1.0</speed><course>-1.0</course><hAcc>0.0</hAcc><vAcc>0.0</vAcc></extensions></trkpt><trkpt lat="49.625780410000026" lon="10.836694420000018"><ele>313.49</ele><time>2026-09-06T9:17:05Z</time><extensions><speed>-1.0</speed><course>-1.0</course><hAcc>0.0</hAcc><vAcc>0.0</vAcc></extensions></trkpt><trkpt lat="49.62583241000002" lon="10.836680420000018"><ele>313.49</ele><time>2026-09-06T9:17:06Z</time><extensions><speed>-1.0</speed><course>-1.0</course><hAcc>0.0</hAcc><vAcc>0.0</vAcc></extensions></trkpt><trkpt lat="49.62589541000002" lon="10.836652090000019"><ele>313.49</ele><time>2026-09-06T9:17:08Z</time><extensions><speed>-1.0</speed><course>-1.0</course><hAcc>0.0</hAcc><vAcc>0.0</vAcc></extensions></trkpt><trkpt lat="49.62596908000002" lon="10.836627760000018"><ele>313.49</ele><time>2026-09-06T9:17:10Z</time><extensions><speed>-1.0</speed><course>-1.0</course><hAcc>0.0</hAcc><vAcc>0.0</vAcc></extensions></trkpt><trkpt lat="49.62604475000002" lon="10.83665643000002"><ele>313.49</ele><time>2026-09-06T9:17:12Z</time><extensions><speed>-1.0</speed><course>-1.0</course><hAcc>0.0</hAcc><vAcc>0.0</vAcc></extensions></trkpt><trkpt lat="49.62610542000002" lon="10.83669343000002"><ele>313.49</ele><time>2026-09-06T9:17:13Z</time><extensions><speed>-1.0</speed><course>-1.0</course><hAcc>0.0</hAcc><vAcc>0.0</vAcc></extensions></trkpt><trkpt lat="49.62617075000002" lon="10.83675110000002"><ele>313.49</ele><time>2026-09-06T9:17:15Z</time><extensions><speed>-1.0</speed><course>-1.0</course><hAcc>0.0</hAcc><vAcc>0.0</vAcc></extensions></trkpt><trkpt lat="49.62623808000002" lon="10.83682577000002"><ele>313.49</ele><time>2026-09-06T9:17:17Z</time><extensions><speed>-1.0</speed><course>-1.0</course><hAcc>0.0</hAcc><vAcc>0.0</vAcc></extensions></trkpt><trkpt lat="49.626293410000024" lon="10.83689610000002"><ele>313.49</ele><time>2026-09-06T9:17:18Z</time><extensions><speed>-1.0</speed><course>-1.0</course><hAcc>0.0</hAcc><vAcc>0.0</vAcc></extensions></trkpt><trkpt lat="49.62635274000002" lon="10.83698210000002"><ele>313.49</ele><time>2026-09-06T9:17:20Z</time><extensions><speed>-1.0</speed><course>-1.0</course><hAcc>0.0</hAcc><vAcc>0.0</vAcc></extensions></trkpt><trkpt lat="49.62640307000002" lon="10.83705977000002"><ele>313.49</ele><time>2026-09-06T9:17:21Z</time><extensions><speed>-1.0</speed><course>-1.0</course><hAcc>0.0</hAcc><vAcc>0.0</vAcc></extensions></trkpt><trkpt lat="49.62645640000002" lon="10.83715477000002"><ele>313.49</ele><time>2026-09-06T9:17:23Z</time><extensions><speed>-1.0</speed><course>-1.0</course><hAcc>0.0</hAcc><vAcc>0.0</vAcc></extensions></trkpt><trkpt lat="49.62650207000002" lon="10.837239440000019"><ele>313.49</ele><time>2026-09-06T9:17:24Z</time><extensions><speed>-1.0</speed><course>-1.0</course><hAcc>0.0</hAcc><vAcc>0.0</vAcc></extensions></trkpt><trkpt lat="49.62654207000002" lon="10.837317770000018"><ele>313.49</ele><time>2026-09-06T9:17:25Z</time><extensions><speed>-1.0</speed><course>-1.0</course><hAcc>0.0</hAcc><vAcc>0.0</vAcc></extensions></trkpt><trkpt lat="49.62658540000002" lon="10.837418100000018"><ele>313.49</ele><time>2026-09-06T9:17:27Z</time><extensions><speed>-1.0</speed><course>-1.0</course><hAcc>0.0</hAcc><vAcc>0.0</vAcc></extensions></trkpt><trkpt lat="49.62662107000002" lon="10.83750843000002"><ele>313.49</ele><time>2026-09-06T9:17:28Z</time><extensions><speed>-1.0</speed><course>-1.0</course><hAcc>0.0</hAcc><vAcc>0.0</vAcc></extensions></trkpt><trkpt lat="49.62666440000002" lon="10.83760943000002"><ele>313.49</ele><time>2026-09-06T9:17:30Z</time><extensions><speed>-1.0</speed><course>-1.0</course><hAcc>0.0</hAcc><vAcc>0.0</vAcc></extensions></trkpt><trkpt lat="49.626701400000016" lon="10.83769543000002"><ele>313.49</ele><time>2026-09-06T9:17:31Z</time><extensions><speed>-1.0</speed><course>-1.0</course><hAcc>0.0</hAcc><vAcc>0.0</vAcc></extensions></trkpt><trkpt lat="49.626736070000014" lon="10.83777443000002"><ele>313.49</ele><time>2026-09-06T9:17:32Z</time><extensions><speed>-1.0</speed><course>-1.0</course><hAcc>0.0</hAcc><vAcc>0.0</vAcc></extensions></trkpt><trkpt lat="49.62677640000001" lon="10.837870760000019"><ele>313.49</ele><time>2026-09-06T9:17:34Z</time><extensions><speed>-1.0</speed><course>-1.0</course><hAcc>0.0</hAcc><vAcc>0.0</vAcc></extensions></trkpt><trkpt lat="49.62681340000001" lon="10.837956760000019"><ele>313.49</ele><time>2026-09-06T9:17:35Z</time><extensions><speed>-1.0</speed><course>-1.0</course><hAcc>0.0</hAcc><vAcc>0.0</vAcc></extensions></trkpt><trkpt lat="49.62684607000001" lon="10.838036090000019"><ele>313.49</ele><time>2026-09-06T9:17:36Z</time><extensions><speed>-1.0</speed><course>-1.0</course><hAcc>0.0</hAcc><vAcc>0.0</vAcc></extensions></trkpt><trkpt lat="49.626884740000015" lon="10.838134760000019"><ele>313.49</ele><time>2026-09-06T9:17:38Z</time><extensions><speed>-1.0</speed><course>-1.0</course><hAcc>0.0</hAcc><vAcc>0.0</vAcc></extensions></trkpt><trkpt lat="49.62692574000002" lon="10.838245430000018"><ele>313.49</ele><time>2026-09-06T9:17:40Z</time><extensions><speed>-1.0</speed><course>-1.0</course><hAcc>0.0</hAcc><vAcc>0.0</vAcc></extensions></trkpt><trkpt lat="49.626963410000016" lon="10.838343430000018"><ele>313.49</ele><time>2026-09-06T9:17:41Z</time><extensions><speed>-1.0</speed><course>-1.0</course><hAcc>0.0</hAcc><vAcc>0.0</vAcc></extensions></trkpt><trkpt lat="49.627008740000015" lon="10.838453760000018"><ele>313.49</ele><time>2026-09-06T9:17:43Z</time><extensions><speed>-1.0</speed><course>-1.0</course><hAcc>0.0</hAcc><vAcc>0.0</vAcc></extensions></trkpt><trkpt lat="49.62704907000001" lon="10.838549760000017"><ele>313.49</ele><time>2026-09-06T9:17:44Z</time><extensions><speed>-1.0</speed><course>-1.0</course><hAcc>0.0</hAcc><vAcc>0.0</vAcc></extensions></trkpt><trkpt lat="49.62708340000001" lon="10.838635760000017"><ele>313.49</ele><time>2026-09-06T9:17:45Z</time><extensions><speed>-1.0</speed><course>-1.0</course><hAcc>0.0</hAcc><vAcc>0.0</vAcc></extensions></trkpt><trkpt lat="49.62712173000001" lon="10.838739090000017"><ele>313.49</ele><time>2026-09-06T9:17:47Z</time><extensions><speed>-1.0</speed><course>-1.0</course><hAcc>0.0</hAcc><vAcc>0.0</vAcc></extensions></trkpt><trkpt lat="49.62715306000001" lon="10.838832420000017"><ele>313.49</ele><time>2026-09-06T9:17:48Z</time><extensions><speed>-1.0</speed><course>-1.0</course><hAcc>0.0</hAcc><vAcc>0.0</vAcc></extensions></trkpt><trkpt lat="49.62719273000001" lon="10.838936750000016"><ele>313.49</ele><time>2026-09-06T9:17:50Z</time><extensions><speed>-1.0</speed><course>-1.0</course><hAcc>0.0</hAcc><vAcc>0.0</vAcc></extensions></trkpt><trkpt lat="49.62723006000001" lon="10.839024420000015"><ele>313.49</ele><time>2026-09-06T9:17:51Z</time><extensions><speed>-1.0</speed><course>-1.0</course><hAcc>0.0</hAcc><vAcc>0.0</vAcc></extensions></trkpt><trkpt lat="49.62726706000001" lon="10.839100090000015"><ele>313.49</ele><time>2026-09-06T9:17:52Z</time><extensions><speed>-1.0</speed><course>-1.0</course><hAcc>0.0</hAcc><vAcc>0.0</vAcc></extensions></trkpt><trkpt lat="49.62731739000001" lon="10.839179090000014"><ele>313.49</ele><time>2026-09-06T9:17:54Z</time><extensions><speed>-1.0</speed><course>-1.0</course><hAcc>0.0</hAcc><vAcc>0.0</vAcc></extensions></trkpt><trkpt lat="49.62736872000001" lon="10.839279420000015"><ele>313.49</ele><time>2026-09-06T9:17:56Z</time><extensions><speed>-1.0</speed><course>-1.0</course><hAcc>0.0</hAcc><vAcc>0.0</vAcc></extensions></trkpt><trkpt lat="49.62741372000001" lon="10.839401420000014"><ele>313.49</ele><time>2026-09-06T9:17:58Z</time><extensions><speed>-1.0</speed><course>-1.0</course><hAcc>0.0</hAcc><vAcc>0.0</vAcc></extensions></trkpt><trkpt lat="49.62745539000001" lon="10.839539090000015"><ele>313.49</ele><time>2026-09-06T9:18:00Z</time><extensions><speed>-1.0</speed><course>-1.0</course><hAcc>0.0</hAcc><vAcc>0.0</vAcc></extensions></trkpt><trkpt lat="49.62749339000001" lon="10.839686090000015"><ele>312.67</ele><time>2026-09-06T9:18:02Z</time><extensions><speed>-1.0</speed><course>-1.0</course><hAcc>0.0</hAcc><vAcc>0.0</vAcc></extensions></trkpt><trkpt lat="49.627526390000014" lon="10.839813090000016"><ele>312.67</ele><time>2026-09-06T9:18:03Z</time><extensions><speed>-1.0</speed><course>-1.0</course><hAcc>0.0</hAcc><vAcc>0.0</vAcc></extensions></trkpt><trkpt lat="49.627560060000015" lon="10.839952090000017"><ele>312.67</ele><time>2026-09-06T9:18:05Z</time><extensions><speed>-1.0</speed><course>-1.0</course><hAcc>0.0</hAcc><vAcc>0.0</vAcc></extensions></trkpt><trkpt lat="49.627588390000014" lon="10.840073090000017"><ele>312.67</ele><time>2026-09-06T9:18:06Z</time><extensions><speed>-1.0</speed><course>-1.0</course><hAcc>0.0</hAcc><vAcc>0.0</vAcc></extensions></trkpt><trkpt lat="49.627613720000014" lon="10.840181090000018"><ele>312.67</ele><time>2026-09-06T9:18:07Z</time><extensions><speed>-1.0</speed><course>-1.0</course><hAcc>0.0</hAcc><vAcc>0.0</vAcc></extensions></trkpt><trkpt lat="49.62763739000001" lon="10.840281420000018"><ele>312.67</ele><time>2026-09-06T9:18:08Z</time><extensions><speed>-1.0</speed><course>-1.0</course><hAcc>0.0</hAcc><vAcc>0.0</vAcc></extensions></trkpt><trkpt lat="49.627664390000014" lon="10.840400420000018"><ele>312.67</ele><time>2026-09-06T9:18:10Z</time><extensions><speed>-1.0</speed><course>-1.0</course><hAcc>0.0</hAcc><vAcc>0.0</vAcc></extensions></trkpt><trkpt lat="49.627695060000015" lon="10.840533090000017"><ele>312.67</ele><time>2026-09-06T9:18:12Z</time><extensions><speed>-1.0</speed><course>-1.0</course><hAcc>0.0</hAcc><vAcc>0.0</vAcc></extensions></trkpt><trkpt lat="49.62772939000001" lon="10.840674090000016"><ele>312.67</ele><time>2026-09-06T9:18:14Z</time><extensions><speed>-1.0</speed><course>-1.0</course><hAcc>0.0</hAcc><vAcc>0.0</vAcc></extensions></trkpt><trkpt lat="49.62776706000001" lon="10.840820760000016"><ele>312.67</ele><time>2026-09-06T9:18:16Z</time><extensions><speed>-1.0</speed><course>-1.0</course><hAcc>0.0</hAcc><vAcc>0.0</vAcc></extensions></trkpt><trkpt lat="49.62780639000001" lon="10.840968090000016"><ele>312.67</ele><time>2026-09-06T9:18:18Z</time><extensions><speed>-1.0</speed><course>-1.0</course><hAcc>0.0</hAcc><vAcc>0.0</vAcc></extensions></trkpt><trkpt lat="49.62785039000001" lon="10.841110420000016"><ele>312.67</ele><time>2026-09-06T9:18:20Z</time><extensions><speed>-1.0</speed><course>-1.0</course><hAcc>0.0</hAcc><vAcc>0.0</vAcc></extensions></trkpt><trkpt lat="49.62790239000001" lon="10.841249750000015"><ele>312.67</ele><time>2026-09-06T9:18:22Z</time><extensions><speed>-1.0</speed><course>-1.0</course><hAcc>0.0</hAcc><vAcc>0.0</vAcc></extensions></trkpt><trkpt lat="49.62795739000001" lon="10.841387750000015"><ele>311.31</ele><time>2026-09-06T9:18:24Z</time><extensions><speed>-1.0</speed><course>-1.0</course><hAcc>0.0</hAcc><vAcc>0.0</vAcc></extensions></trkpt><trkpt lat="49.628005060000014" lon="10.841507420000015"><ele>311.31</ele><time>2026-09-06T9:18:25Z</time><extensions><speed>-1.0</speed><course>-1.0</course><hAcc>0.0</hAcc><vAcc>0.0</vAcc></extensions></trkpt><trkpt lat="49.62804573000001" lon="10.841612420000015"><ele>311.31</ele><time>2026-09-06T9:18:26Z</time><extensions><speed>-1.0</speed><course>-1.0</course><hAcc>0.0</hAcc><vAcc>0.0</vAcc></extensions></trkpt><trkpt lat="49.62809173000001" lon="10.841732090000015"><ele>311.31</ele><time>2026-09-06T9:18:28Z</time><extensions><speed>-1.0</speed><course>-1.0</course><hAcc>0.0</hAcc><vAcc>0.0</vAcc></extensions></trkpt><trkpt lat="49.628132400000005" lon="10.841837090000014"><ele>311.31</ele><time>2026-09-06T9:18:29Z</time><extensions><speed>-1.0</speed><course>-1.0</course><hAcc>0.0</hAcc><vAcc>0.0</vAcc></extensions></trkpt><trkpt lat="49.62816840000001" lon="10.841931760000014"><ele>311.31</ele><time>2026-09-06T9:18:30Z</time><extensions><speed>-1.0</speed><course>-1.0</course><hAcc>0.0</hAcc><vAcc>0.0</vAcc></extensions></trkpt><trkpt lat="49.62821007000001" lon="10.842043090000013"><ele>311.31</ele><time>2026-09-06T9:18:32Z</time><extensions><speed>-1.0</speed><course>-1.0</course><hAcc>0.0</hAcc><vAcc>0.0</vAcc></extensions></trkpt><trkpt lat="49.62825407000001" lon="10.842166090000013"><ele>311.31</ele><time>2026-09-06T9:18:34Z</time><extensions><speed>-1.0</speed><course>-1.0</course><hAcc>0.0</hAcc><vAcc>0.0</vAcc></extensions></trkpt><trkpt lat="49.628292070000015" lon="10.842272760000013"><ele>311.31</ele><time>2026-09-06T9:18:35Z</time><extensions><speed>-1.0</speed><course>-1.0</course><hAcc>0.0</hAcc><vAcc>0.0</vAcc></extensions></trkpt><trkpt lat="49.62833340000002" lon="10.842394090000013"><ele>311.31</ele><time>2026-09-06T9:18:37Z</time><extensions><speed>-1.0</speed><course>-1.0</course><hAcc>0.0</hAcc><vAcc>0.0</vAcc></extensions></trkpt><trkpt lat="49.628376070000016" lon="10.842527090000013"><ele>311.31</ele><time>2026-09-06T9:18:39Z</time><extensions><speed>-1.0</speed><course>-1.0</course><hAcc>0.0</hAcc><vAcc>0.0</vAcc></extensions></trkpt><trkpt lat="49.62841107000001" lon="10.842643090000013"><ele>311.31</ele><time>2026-09-06T9:18:40Z</time><extensions><speed>-1.0</speed><course>-1.0</course><hAcc>0.0</hAcc><vAcc>0.0</vAcc></extensions></trkpt><trkpt lat="49.62845040000001" lon="10.842771760000014"><ele>311.31</ele><time>2026-09-06T9:18:42Z</time><extensions><speed>-1.0</speed><course>-1.0</course><hAcc>0.0</hAcc><vAcc>0.0</vAcc></extensions></trkpt><trkpt lat="49.62848407000001" lon="10.842883090000013"><ele>311.31</ele><time>2026-09-06T9:18:43Z</time><extensions><speed>-1.0</speed><course>-1.0</course><hAcc>0.0</hAcc><vAcc>0.0</vAcc></extensions></trkpt><trkpt lat="49.628520070000015" lon="10.843010090000014"><ele>311.31</ele><time>2026-09-06T9:18:45Z</time><extensions><speed>-1.0</speed><course>-1.0</course><hAcc>0.0</hAcc><vAcc>0.0</vAcc></extensions></trkpt><trkpt lat="49.62855007000002" lon="10.843123090000015"><ele>311.31</ele><time>2026-09-06T9:18:46Z</time><extensions><speed>-1.0</speed><course>-1.0</course><hAcc>0.0</hAcc><vAcc>0.0</vAcc></extensions></trkpt><trkpt lat="49.62858307000002" lon="10.843253420000014"><ele>311.31</ele><time>2026-09-06T9:18:48Z</time><extensions><speed>-1.0</speed><course>-1.0</course><hAcc>0.0</hAcc><vAcc>0.0</vAcc></extensions></trkpt><trkpt lat="49.62861540000002" lon="10.843393420000014"><ele>311.31</ele><time>2026-09-06T9:18:50Z</time><extensions><speed>-1.0</speed><course>-1.0</course><hAcc>0.0</hAcc><vAcc>0.0</vAcc></extensions></trkpt><trkpt lat="49.62864707000002" lon="10.843541750000014"><ele>311.31</ele><time>2026-09-06T9:18:52Z</time><extensions><speed>-1.0</speed><course>-1.0</course><hAcc>0.0</hAcc><vAcc>0.0</vAcc></extensions></trkpt><trkpt lat="49.62867340000002" lon="10.843668750000015"><ele>311.31</ele><time>2026-09-06T9:18:53Z</time><extensions><speed>-1.0</speed><course>-1.0</course><hAcc>0.0</hAcc><vAcc>0.0</vAcc></extensions></trkpt><trkpt lat="49.62869873000002" lon="10.843807420000015"><ele>311.31</ele><time>2026-09-06T9:18:55Z</time><extensions><speed>-1.0</speed><course>-1.0</course><hAcc>0.0</hAcc><vAcc>0.0</vAcc></extensions></trkpt><trkpt lat="49.62872006000002" lon="10.843926420000015"><ele>311.31</ele><time>2026-09-06T9:18:56Z</time><extensions><speed>-1.0</speed><course>-1.0</course><hAcc>0.0</hAcc><vAcc>0.0</vAcc></extensions></trkpt><trkpt lat="49.628738390000024" lon="10.844032420000016"><ele>311.31</ele><time>2026-09-06T9:18:57Z</time><extensions><speed>-1.0</speed><course>-1.0</course><hAcc>0.0</hAcc><vAcc>0.0</vAcc></extensions></trkpt><trkpt lat="49.628755060000024" lon="10.844130090000016"><ele>311.31</ele><time>2026-09-06T9:18:58Z</time><extensions><speed>-1.0</speed><course>-1.0</course><hAcc>0.0</hAcc><vAcc>0.0</vAcc></extensions></trkpt><trkpt lat="49.628771390000026" lon="10.844249420000017"><ele>311.31</ele><time>2026-09-06T9:19:00Z</time><extensions><speed>-1.0</speed><course>-1.0</course><hAcc>0.0</hAcc><vAcc>0.0</vAcc></extensions></trkpt><trkpt lat="49.62878506000003" lon="10.844357420000017"><ele>311.31</ele><time>2026-09-06T9:19:01Z</time><extensions><speed>-1.0</speed><course>-1.0</course><hAcc>0.0</hAcc><vAcc>0.0</vAcc></extensions></trkpt><trkpt lat="49.62879873000003" lon="10.844485090000017"><ele>311.31</ele><time>2026-09-06T9:19:03Z</time><extensions><speed>-1.0</speed><course>-1.0</course><hAcc>0.0</hAcc><vAcc>0.0</vAcc></extensions></trkpt><trkpt lat="49.628814060000025" lon="10.844626420000017"><ele>311.31</ele><time>2026-09-06T9:19:05Z</time><extensions><speed>-1.0</speed><course>-1.0</course><hAcc>0.0</hAcc><vAcc>0.0</vAcc></extensions></trkpt><trkpt lat="49.628828060000025" lon="10.844776420000017"><ele>311.31</ele><time>2026-09-06T9:19:07Z</time><extensions><speed>-1.0</speed><course>-1.0</course><hAcc>0.0</hAcc><vAcc>0.0</vAcc></extensions></trkpt><trkpt lat="49.62884139000003" lon="10.844932420000017"><ele>311.31</ele><time>2026-09-06T9:19:09Z</time><extensions><speed>-1.0</speed><course>-1.0</course><hAcc>0.0</hAcc><vAcc>0.0</vAcc></extensions></trkpt><trkpt lat="49.62885239000003" lon="10.845066750000017"><ele>311.31</ele><time>2026-09-06T9:19:10Z</time><extensions><speed>-1.0</speed><course>-1.0</course><hAcc>0.0</hAcc><vAcc>0.0</vAcc></extensions></trkpt><trkpt lat="49.628864720000024" lon="10.845214080000018"><ele>311.31</ele><time>2026-09-06T9:19:12Z</time><extensions><speed>-1.0</speed><course>-1.0</course><hAcc>0.0</hAcc><vAcc>0.0</vAcc></extensions></trkpt><trkpt lat="49.628875390000026" lon="10.845370080000018"><ele>311.31</ele><time>2026-09-06T9:19:14Z</time><extensions><speed>-1.0</speed><course>-1.0</course><hAcc>0.0</hAcc><vAcc>0.0</vAcc></extensions></trkpt><trkpt lat="49.62888572000003" lon="10.845533080000019"><ele>311.31</ele><time>2026-09-06T9:19:16Z</time><extensions><speed>-1.0</speed><course>-1.0</course><hAcc>0.0</hAcc><vAcc>0.0</vAcc></extensions></trkpt><trkpt lat="49.628895050000025" lon="10.84567075000002"><ele>311.31</ele><time>2026-09-06T9:19:17Z</time><extensions><speed>-1.0</speed><course>-1.0</course><hAcc>0.0</hAcc><vAcc>0.0</vAcc></extensions></trkpt><trkpt lat="49.62890538000003" lon="10.84582142000002"><ele>311.31</ele><time>2026-09-06T9:19:19Z</time><extensions><speed>-1.0</speed><course>-1.0</course><hAcc>0.0</hAcc><vAcc>0.0</vAcc></extensions></trkpt><trkpt lat="49.628914380000026" lon="10.84595275000002"><ele>311.31</ele><time>2026-09-06T9:19:20Z</time><extensions><speed>-1.0</speed><course>-1.0</course><hAcc>0.0</hAcc><vAcc>0.0</vAcc></extensions></trkpt><trkpt lat="49.62892171000003" lon="10.84606975000002"><ele>310.49</ele><time>2026-09-06T9:19:21Z</time><extensions><speed>-1.0</speed><course>-1.0</course><hAcc>0.0</hAcc><vAcc>0.0</vAcc></extensions></trkpt><trkpt lat="49.628928380000026" lon="10.84617708000002"><ele>310.49</ele><time>2026-09-06T9:19:22Z</time><extensions><speed>-1.0</speed><course>-1.0</course><hAcc>0.0</hAcc><vAcc>0.0</vAcc></extensions></trkpt><trkpt lat="49.628937380000025" lon="10.84630775000002"><ele>310.49</ele><time>2026-09-06T9:19:24Z</time><extensions><speed>-1.0</speed><course>-1.0</course><hAcc>0.0</hAcc><vAcc>0.0</vAcc></extensions></trkpt><trkpt lat="49.62894705000002" lon="10.84645342000002"><ele>310.49</ele><time>2026-09-06T9:19:26Z</time><extensions><speed>-1.0</speed><course>-1.0</course><hAcc>0.0</hAcc><vAcc>0.0</vAcc></extensions></trkpt><trkpt lat="49.62895805000002" lon="10.84660842000002"><ele>310.49</ele><time>2026-09-06T9:19:28Z</time><extensions><speed>-1.0</speed><course>-1.0</course><hAcc>0.0</hAcc><vAcc>0.0</vAcc></extensions></trkpt><trkpt lat="49.62896905000002" lon="10.846741750000021"><ele>310.49</ele><time>2026-09-06T9:19:29Z</time><extensions><speed>-1.0</speed><course>-1.0</course><hAcc>0.0</hAcc><vAcc>0.0</vAcc></extensions></trkpt><trkpt lat="49.62898372000002" lon="10.846890080000021"><ele>310.49</ele><time>2026-09-06T9:19:31Z</time><extensions><speed>-1.0</speed><course>-1.0</course><hAcc>0.0</hAcc><vAcc>0.0</vAcc></extensions></trkpt><trkpt lat="49.62900005000002" lon="10.847045410000021"><ele>310.49</ele><time>2026-09-06T9:19:33Z</time><extensions><speed>-1.0</speed><course>-1.0</course><hAcc>0.0</hAcc><vAcc>0.0</vAcc></extensions></trkpt><trkpt lat="49.62901438000002" lon="10.847178410000021"><ele>310.49</ele><time>2026-09-06T9:19:34Z</time><extensions><speed>-1.0</speed><course>-1.0</course><hAcc>0.0</hAcc><vAcc>0.0</vAcc></extensions></trkpt><trkpt lat="49.629030380000025" lon="10.84732308000002"><ele>310.49</ele><time>2026-09-06T9:19:36Z</time><extensions><speed>-1.0</speed><course>-1.0</course><hAcc>0.0</hAcc><vAcc>0.0</vAcc></extensions></trkpt><trkpt lat="49.62904771000002" lon="10.84747675000002"><ele>309.67</ele><time>2026-09-06T9:19:38Z</time><extensions><speed>-1.0</speed><course>-1.0</course><hAcc>0.0</hAcc><vAcc>0.0</vAcc></extensions></trkpt><trkpt lat="49.62907104000002" lon="10.84763375000002"><ele>309.67</ele><time>2026-09-06T9:19:40Z</time><extensions><speed>-1.0</speed><course>-1.0</course><hAcc>0.0</hAcc><vAcc>0.0</vAcc></extensions></trkpt><trkpt lat="49.62909371000002" lon="10.84776542000002"><ele>309.67</ele><time>2026-09-06T9:19:41Z</time><extensions><speed>-1.0</speed><course>-1.0</course><hAcc>0.0</hAcc><vAcc>0.0</vAcc></extensions></trkpt><trkpt lat="49.629112380000024" lon="10.84787809000002"><ele>309.67</ele><time>2026-09-06T9:19:42Z</time><extensions><speed>-1.0</speed><course>-1.0</course><hAcc>0.0</hAcc><vAcc>0.0</vAcc></extensions></trkpt><trkpt lat="49.62912738000002" lon="10.84798009000002"><ele>309.67</ele><time>2026-09-06T9:19:43Z</time><extensions><speed>-1.0</speed><course>-1.0</course><hAcc>0.0</hAcc><vAcc>0.0</vAcc></extensions></trkpt><trkpt lat="49.62914538000002" lon="10.84810042000002"><ele>309.67</ele><time>2026-09-06T9:19:45Z</time><extensions><speed>-1.0</speed><course>-1.0</course><hAcc>0.0</hAcc><vAcc>0.0</vAcc></extensions></trkpt><trkpt lat="49.629160710000015" lon="10.84820842000002"><ele>309.67</ele><time>2026-09-06T9:19:46Z</time><extensions><speed>-1.0</speed><course>-1.0</course><hAcc>0.0</hAcc><vAcc>0.0</vAcc></extensions></trkpt><trkpt lat="49.62917338000001" lon="10.848309420000021"><ele>309.67</ele><time>2026-09-06T9:19:47Z</time><extensions><speed>-1.0</speed><course>-1.0</course><hAcc>0.0</hAcc><vAcc>0.0</vAcc></extensions></trkpt><trkpt lat="49.62918571000001" lon="10.848404420000021"><ele>309.67</ele><time>2026-09-06T9:19:48Z</time><extensions><speed>-1.0</speed><course>-1.0</course><hAcc>0.0</hAcc><vAcc>0.0</vAcc></extensions></trkpt><trkpt lat="49.62920271000001" lon="10.84852275000002"><ele>309.67</ele><time>2026-09-06T9:19:50Z</time><extensions><speed>-1.0</speed><course>-1.0</course><hAcc>0.0</hAcc><vAcc>0.0</vAcc></extensions></trkpt><trkpt lat="49.62922138000001" lon="10.84865575000002"><ele>309.67</ele><time>2026-09-06T9:19:52Z</time><extensions><speed>-1.0</speed><course>-1.0</course><hAcc>0.0</hAcc><vAcc>0.0</vAcc></extensions></trkpt><trkpt lat="49.62924205000001" lon="10.84880108000002"><ele>309.67</ele><time>2026-09-06T9:19:54Z</time><extensions><speed>-1.0</speed><course>-1.0</course><hAcc>0.0</hAcc><vAcc>0.0</vAcc></extensions></trkpt><trkpt lat="49.62925872000001" lon="10.84892875000002"><ele>309.67</ele><time>2026-09-06T9:19:55Z</time><extensions><speed>-1.0</speed><course>-1.0</course><hAcc>0.0</hAcc><vAcc>0.0</vAcc></extensions></trkpt><trkpt lat="49.62928139000001" lon="10.84907208000002"><ele>309.67</ele><time>2026-09-06T9:19:57Z</time><extensions><speed>-1.0</speed><course>-1.0</course><hAcc>0.0</hAcc><vAcc>0.0</vAcc></extensions></trkpt><trkpt lat="49.62930139000001" lon="10.84919675000002"><ele>309.67</ele><time>2026-09-06T9:19:58Z</time><extensions><speed>-1.0</speed><course>-1.0</course><hAcc>0.0</hAcc><vAcc>0.0</vAcc></extensions></trkpt><trkpt lat="49.62932072000001" lon="10.84933908000002"><ele>309.67</ele><time>2026-09-06T9:20:00Z</time><extensions><speed>-1.0</speed><course>-1.0</course><hAcc>0.0</hAcc><vAcc>0.0</vAcc></extensions></trkpt><trkpt lat="49.62933972000001" lon="10.84949241000002"><ele>309.67</ele><time>2026-09-06T9:20:02Z</time><extensions><speed>-1.0</speed><course>-1.0</course><hAcc>0.0</hAcc><vAcc>0.0</vAcc></extensions></trkpt><trkpt lat="49.62936005000001" lon="10.84964908000002"><ele>309.67</ele><time>2026-09-06T9:20:04Z</time><extensions><speed>-1.0</speed><course>-1.0</course><hAcc>0.0</hAcc><vAcc>0.0</vAcc></extensions></trkpt><trkpt lat="49.62937872000001" lon="10.849779750000021"><ele>309.67</ele><time>2026-09-06T9:20:05Z</time><extensions><speed>-1.0</speed><course>-1.0</course><hAcc>0.0</hAcc><vAcc>0.0</vAcc></extensions></trkpt><trkpt lat="49.62939839000001" lon="10.849916750000022"><ele>309.67</ele><time>2026-09-06T9:20:07Z</time><extensions><speed>-1.0</speed><course>-1.0</course><hAcc>0.0</hAcc><vAcc>0.0</vAcc></extensions></trkpt><trkpt lat="49.62941339000001" lon="10.850028420000022"><ele>309.67</ele><time>2026-09-06T9:20:08Z</time><extensions><speed>-1.0</speed><course>-1.0</course><hAcc>0.0</hAcc><vAcc>0.0</vAcc></extensions></trkpt><trkpt lat="49.62942506000001" lon="10.850152750000023"><ele>309.67</ele><time>2026-09-06T9:20:10Z</time><extensions><speed>-1.0</speed><course>-1.0</course><hAcc>0.0</hAcc><vAcc>0.0</vAcc></extensions></trkpt><trkpt lat="49.62943873000001" lon="10.850263750000023"><ele>309.67</ele><time>2026-09-06T9:20:11Z</time><extensions><speed>-1.0</speed><course>-1.0</course><hAcc>0.0</hAcc><vAcc>0.0</vAcc></extensions></trkpt><trkpt lat="49.629468400000015" lon="10.850391750000023"><ele>308.86</ele><time>2026-09-06T9:20:13Z</time><extensions><speed>-1.0</speed><course>-1.0</course><hAcc>0.0</hAcc><vAcc>0.0</vAcc></extensions></trkpt><trkpt lat="49.629498730000016" lon="10.850506420000023"><ele>308.86</ele><time>2026-09-06T9:20:14Z</time><extensions><speed>-1.0</speed><course>-1.0</course><hAcc>0.0</hAcc><vAcc>0.0</vAcc></extensions></trkpt><trkpt lat="49.62952540000001" lon="10.850611420000023"><ele>308.86</ele><time>2026-09-06T9:20:15Z</time><extensions><speed>-1.0</speed><course>-1.0</course><hAcc>0.0</hAcc><vAcc>0.0</vAcc></extensions></trkpt><trkpt lat="49.62955073000001" lon="10.850710750000022"><ele>308.86</ele><time>2026-09-06T9:20:16Z</time><extensions><speed>-1.0</speed><course>-1.0</course><hAcc>0.0</hAcc><vAcc>0.0</vAcc></extensions></trkpt><trkpt lat="49.629580400000016" lon="10.850836420000022"><ele>308.86</ele><time>2026-09-06T9:20:18Z</time><extensions><speed>-1.0</speed><course>-1.0</course><hAcc>0.0</hAcc><vAcc>0.0</vAcc></extensions></trkpt><trkpt lat="49.62960807000002" lon="10.850949750000021"><ele>308.86</ele><time>2026-09-06T9:20:19Z</time><extensions><speed>-1.0</speed><course>-1.0</course><hAcc>0.0</hAcc><vAcc>0.0</vAcc></extensions></trkpt><trkpt lat="49.62963307000002" lon="10.851055750000022"><ele>308.86</ele><time>2026-09-06T9:20:20Z</time><extensions><speed>-1.0</speed><course>-1.0</course><hAcc>0.0</hAcc><vAcc>0.0</vAcc></extensions></trkpt><trkpt lat="49.62966307000002" lon="10.851183420000021"><ele>308.86</ele><time>2026-09-06T9:20:22Z</time><extensions><speed>-1.0</speed><course>-1.0</course><hAcc>0.0</hAcc><vAcc>0.0</vAcc></extensions></trkpt><trkpt lat="49.62970040000002" lon="10.85132642000002"><ele>308.86</ele><time>2026-09-06T9:20:24Z</time><extensions><speed>-1.0</speed><course>-1.0</course><hAcc>0.0</hAcc><vAcc>0.0</vAcc></extensions></trkpt><trkpt lat="49.629740730000016" lon="10.851480420000021"><ele>308.86</ele><time>2026-09-06T9:20:26Z</time><extensions><speed>-1.0</speed><course>-1.0</course><hAcc>0.0</hAcc><vAcc>0.0</vAcc></extensions></trkpt><trkpt lat="49.62977573000001" lon="10.851613750000022"><ele>308.86</ele><time>2026-09-06T9:20:27Z</time><extensions><speed>-1.0</speed><course>-1.0</course><hAcc>0.0</hAcc><vAcc>0.0</vAcc></extensions></trkpt><trkpt lat="49.629813730000016" lon="10.851762080000022"><ele>308.86</ele><time>2026-09-06T9:20:29Z</time><extensions><speed>-1.0</speed><course>-1.0</course><hAcc>0.0</hAcc><vAcc>0.0</vAcc></extensions></trkpt><trkpt lat="49.62984706000002" lon="10.851890750000022"><ele>308.86</ele><time>2026-09-06T9:20:30Z</time><extensions><speed>-1.0</speed><course>-1.0</course><hAcc>0.0</hAcc><vAcc>0.0</vAcc></extensions></trkpt><trkpt lat="49.629881730000015" lon="10.852040420000023"><ele>308.86</ele><time>2026-09-06T9:20:32Z</time><extensions><speed>-1.0</speed><course>-1.0</course><hAcc>0.0</hAcc><vAcc>0.0</vAcc></extensions></trkpt><trkpt lat="49.629910060000014" lon="10.852173750000023"><ele>308.86</ele><time>2026-09-06T9:20:33Z</time><extensions><speed>-1.0</speed><course>-1.0</course><hAcc>0.0</hAcc><vAcc>0.0</vAcc></extensions></trkpt><trkpt lat="49.629935730000014" lon="10.852297080000023"><ele>308.86</ele><time>2026-09-06T9:20:34Z</time><extensions><speed>-1.0</speed><course>-1.0</course><hAcc>0.0</hAcc><vAcc>0.0</vAcc></extensions></trkpt><trkpt lat="49.62996840000002" lon="10.852444750000023"><ele>308.86</ele><time>2026-09-06T9:20:36Z</time><extensions><speed>-1.0</speed><course>-1.0</course><hAcc>0.0</hAcc><vAcc>0.0</vAcc></extensions></trkpt><trkpt lat="49.630005400000016" lon="10.852606420000024"><ele>308.86</ele><time>2026-09-06T9:20:38Z</time><extensions><speed>-1.0</speed><course>-1.0</course><hAcc>0.0</hAcc><vAcc>0.0</vAcc></extensions></trkpt><trkpt lat="49.63003873000002" lon="10.852746090000023"><ele>309.86</ele><time>2026-09-06T9:20:39Z</time><extensions><speed>-1.0</speed><course>-1.0</course><hAcc>0.0</hAcc><vAcc>0.0</vAcc></extensions></trkpt><trkpt lat="49.63006906000002" lon="10.852871420000023"><ele>309.86</ele><time>2026-09-06T9:20:40Z</time><extensions><speed>-1.0</speed><course>-1.0</course><hAcc>0.0</hAcc><vAcc>0.0</vAcc></extensions></trkpt><trkpt lat="49.63009673000002" lon="10.852985420000023"><ele>309.86</ele><time>2026-09-06T9:20:41Z</time><extensions><speed>-1.0</speed><course>-1.0</course><hAcc>0.0</hAcc><vAcc>0.0</vAcc></extensions></trkpt><trkpt lat="49.63013006000002" lon="10.853120750000024"><ele>309.86</ele><time>2026-09-06T9:20:43Z</time><extensions><speed>-1.0</speed><course>-1.0</course><hAcc>0.0</hAcc><vAcc>0.0</vAcc></extensions></trkpt><trkpt lat="49.63016673000002" lon="10.853267420000023"><ele>309.86</ele><time>2026-09-06T9:20:45Z</time><extensions><speed>-1.0</speed><course>-1.0</course><hAcc>0.0</hAcc><vAcc>0.0</vAcc></extensions></trkpt><trkpt lat="49.630204730000024" lon="10.853418750000023"><ele>309.86</ele><time>2026-09-06T9:20:47Z</time><extensions><speed>-1.0</speed><course>-1.0</course><hAcc>0.0</hAcc><vAcc>0.0</vAcc></extensions></trkpt><trkpt lat="49.630243730000025" lon="10.853575750000022"><ele>309.86</ele><time>2026-09-06T9:20:49Z</time><extensions><speed>-1.0</speed><course>-1.0</course><hAcc>0.0</hAcc><vAcc>0.0</vAcc></extensions></trkpt><trkpt lat="49.63027673000003" lon="10.853709750000021"><ele>309.86</ele><time>2026-09-06T9:20:50Z</time><extensions><speed>-1.0</speed><course>-1.0</course><hAcc>0.0</hAcc><vAcc>0.0</vAcc></extensions></trkpt><trkpt lat="49.630311060000025" lon="10.853857080000022"><ele>309.86</ele><time>2026-09-06T9:20:52Z</time><extensions><speed>-1.0</speed><course>-1.0</course><hAcc>0.0</hAcc><vAcc>0.0</vAcc></extensions></trkpt><trkpt lat="49.63034006000002" lon="10.853983410000023"><ele>309.86</ele><time>2026-09-06T9:20:53Z</time><extensions><speed>-1.0</speed><course>-1.0</course><hAcc>0.0</hAcc><vAcc>0.0</vAcc></extensions></trkpt><trkpt lat="49.630373390000024" lon="10.854126740000023"><ele>309.86</ele><time>2026-09-06T9:20:55Z</time><extensions><speed>-1.0</speed><course>-1.0</course><hAcc>0.0</hAcc><vAcc>0.0</vAcc></extensions></trkpt><trkpt lat="49.63040806000002" lon="10.854282410000023"><ele>308.40000000000003</ele><time>2026-09-06T9:20:57Z</time><extensions><speed>-1.0</speed><course>-1.0</course><hAcc>0.0</hAcc><vAcc>0.0</vAcc></extensions></trkpt><trkpt lat="49.63043706000002" lon="10.854415080000022"><ele>308.40000000000003</ele><time>2026-09-06T9:20:58Z</time><extensions><speed>-1.0</speed><course>-1.0</course><hAcc>0.0</hAcc><vAcc>0.0</vAcc></extensions></trkpt><trkpt lat="49.63045839000002" lon="10.854565080000022"><ele>308.40000000000003</ele><time>2026-09-06T9:21:00Z</time><extensions><speed>-1.0</speed><course>-1.0</course><hAcc>0.0</hAcc><vAcc>0.0</vAcc></extensions></trkpt><trkpt lat="49.63047872000002" lon="10.854725410000022"><ele>308.40000000000003</ele><time>2026-09-06T9:21:02Z</time><extensions><speed>-1.0</speed><course>-1.0</course><hAcc>0.0</hAcc><vAcc>0.0</vAcc></extensions></trkpt><trkpt lat="49.63050905000002" lon="10.854890410000023"><ele>308.40000000000003</ele><time>2026-09-06T9:21:04Z</time><extensions><speed>-1.0</speed><course>-1.0</course><hAcc>0.0</hAcc><vAcc>0.0</vAcc></extensions></trkpt><trkpt lat="49.63055205000002" lon="10.855050080000023"><ele>308.40000000000003</ele><time>2026-09-06T9:21:06Z</time><extensions><speed>-1.0</speed><course>-1.0</course><hAcc>0.0</hAcc><vAcc>0.0</vAcc></extensions></trkpt><trkpt lat="49.63060338000002" lon="10.855209410000024"><ele>308.40000000000003</ele><time>2026-09-06T9:21:08Z</time><extensions><speed>-1.0</speed><course>-1.0</course><hAcc>0.0</hAcc><vAcc>0.0</vAcc></extensions></trkpt><trkpt lat="49.63064271000002" lon="10.855348410000024"><ele>308.40000000000003</ele><time>2026-09-06T9:21:09Z</time><extensions><speed>-1.0</speed><course>-1.0</course><hAcc>0.0</hAcc><vAcc>0.0</vAcc></extensions></trkpt><trkpt lat="49.63067404000002" lon="10.855473080000024"><ele>308.40000000000003</ele><time>2026-09-06T9:21:10Z</time><extensions><speed>-1.0</speed><course>-1.0</course><hAcc>0.0</hAcc><vAcc>0.0</vAcc></extensions></trkpt><trkpt lat="49.63070137000002" lon="10.855586750000024"><ele>308.40000000000003</ele><time>2026-09-06T9:21:11Z</time><extensions><speed>-1.0</speed><course>-1.0</course><hAcc>0.0</hAcc><vAcc>0.0</vAcc></extensions></trkpt><trkpt lat="49.63072970000002" lon="10.855721750000024"><ele>308.40000000000003</ele><time>2026-09-06T9:21:13Z</time><extensions><speed>-1.0</speed><course>-1.0</course><hAcc>0.0</hAcc><vAcc>0.0</vAcc></extensions></trkpt><trkpt lat="49.63076003000002" lon="10.855871420000025"><ele>308.40000000000003</ele><time>2026-09-06T9:21:15Z</time><extensions><speed>-1.0</speed><course>-1.0</course><hAcc>0.0</hAcc><vAcc>0.0</vAcc></extensions></trkpt><trkpt lat="49.63079036000002" lon="10.856032090000024"><ele>308.40000000000003</ele><time>2026-09-06T9:21:17Z</time><extensions><speed>-1.0</speed><course>-1.0</course><hAcc>0.0</hAcc><vAcc>0.0</vAcc></extensions></trkpt><trkpt lat="49.63082103000002" lon="10.856199760000024"><ele>308.40000000000003</ele><time>2026-09-06T9:21:19Z</time><extensions><speed>-1.0</speed><course>-1.0</course><hAcc>0.0</hAcc><vAcc>0.0</vAcc></extensions></trkpt><trkpt lat="49.63084636000002" lon="10.856343090000024"><ele>308.40000000000003</ele><time>2026-09-06T9:21:20Z</time><extensions><speed>-1.0</speed><course>-1.0</course><hAcc>0.0</hAcc><vAcc>0.0</vAcc></extensions></trkpt><trkpt lat="49.63087136000002" lon="10.856500760000024"><ele>308.40000000000003</ele><time>2026-09-06T9:21:22Z</time><extensions><speed>-1.0</speed><course>-1.0</course><hAcc>0.0</hAcc><vAcc>0.0</vAcc></extensions></trkpt><trkpt lat="49.63089636000002" lon="10.856667090000025"><ele>308.40000000000003</ele><time>2026-09-06T9:21:24Z</time><extensions><speed>-1.0</speed><course>-1.0</course><hAcc>0.0</hAcc><vAcc>0.0</vAcc></extensions></trkpt><trkpt lat="49.63091736000002" lon="10.856809420000024"><ele>308.40000000000003</ele><time>2026-09-06T9:21:25Z</time><extensions><speed>-1.0</speed><course>-1.0</course><hAcc>0.0</hAcc><vAcc>0.0</vAcc></extensions></trkpt><trkpt lat="49.63093903000002" lon="10.856964420000024"><ele>307.49</ele><time>2026-09-06T9:21:27Z</time><extensions><speed>-1.0</speed><course>-1.0</course><hAcc>0.0</hAcc><vAcc>0.0</vAcc></extensions></trkpt><trkpt lat="49.63095936000002" lon="10.857127750000023"><ele>307.49</ele><time>2026-09-06T9:21:29Z</time><extensions><speed>-1.0</speed><course>-1.0</course><hAcc>0.0</hAcc><vAcc>0.0</vAcc></extensions></trkpt><trkpt lat="49.63097669000002" lon="10.857267420000023"><ele>306.49</ele><time>2026-09-06T9:21:30Z</time><extensions><speed>-1.0</speed><course>-1.0</course><hAcc>0.0</hAcc><vAcc>0.0</vAcc></extensions></trkpt><trkpt lat="49.63099402000002" lon="10.857423090000022"><ele>306.49</ele><time>2026-09-06T9:21:32Z</time><extensions><speed>-1.0</speed><course>-1.0</course><hAcc>0.0</hAcc><vAcc>0.0</vAcc></extensions></trkpt><trkpt lat="49.63100802000002" lon="10.857557760000022"><ele>306.49</ele><time>2026-09-06T9:21:33Z</time><extensions><speed>-1.0</speed><course>-1.0</course><hAcc>0.0</hAcc><vAcc>0.0</vAcc></extensions></trkpt><trkpt lat="49.631020690000014" lon="10.857680090000022"><ele>306.49</ele><time>2026-09-06T9:21:34Z</time><extensions><speed>-1.0</speed><course>-1.0</course><hAcc>0.0</hAcc><vAcc>0.0</vAcc></extensions></trkpt><trkpt lat="49.631031690000015" lon="10.857792420000022"><ele>306.49</ele><time>2026-09-06T9:21:35Z</time><extensions><speed>-1.0</speed><course>-1.0</course><hAcc>0.0</hAcc><vAcc>0.0</vAcc></extensions></trkpt><trkpt lat="49.63104369000001" lon="10.857930750000023"><ele>306.49</ele><time>2026-09-06T9:21:37Z</time><extensions><speed>-1.0</speed><course>-1.0</course><hAcc>0.0</hAcc><vAcc>0.0</vAcc></extensions></trkpt><trkpt lat="49.631053690000016" lon="10.858055420000023"><ele>306.49</ele><time>2026-09-06T9:21:38Z</time><extensions><speed>-1.0</speed><course>-1.0</course><hAcc>0.0</hAcc><vAcc>0.0</vAcc></extensions></trkpt><trkpt lat="49.631062360000016" lon="10.858171090000022"><ele>306.49</ele><time>2026-09-06T9:21:39Z</time><extensions><speed>-1.0</speed><course>-1.0</course><hAcc>0.0</hAcc><vAcc>0.0</vAcc></extensions></trkpt><trkpt lat="49.63107303000002" lon="10.858309090000022"><ele>306.49</ele><time>2026-09-06T9:21:41Z</time><extensions><speed>-1.0</speed><course>-1.0</course><hAcc>0.0</hAcc><vAcc>0.0</vAcc></extensions></trkpt><trkpt lat="49.631082360000015" lon="10.858432090000022"><ele>306.49</ele><time>2026-09-06T9:21:42Z</time><extensions><speed>-1.0</speed><course>-1.0</course><hAcc>0.0</hAcc><vAcc>0.0</vAcc></extensions></trkpt><trkpt lat="49.631090690000015" lon="10.858574420000021"><ele>306.49</ele><time>2026-09-06T9:21:44Z</time><extensions><speed>-1.0</speed><course>-1.0</course><hAcc>0.0</hAcc><vAcc>0.0</vAcc></extensions></trkpt><trkpt lat="49.63109769000001" lon="10.858731750000022"><ele>306.49</ele><time>2026-09-06T9:21:46Z</time><extensions><speed>-1.0</speed><course>-1.0</course><hAcc>0.0</hAcc><vAcc>0.0</vAcc></extensions></trkpt><trkpt lat="49.63110336000001" lon="10.858869420000023"><ele>304.31</ele><time>2026-09-06T9:21:47Z</time><extensions><speed>-1.0</speed><course>-1.0</course><hAcc>0.0</hAcc><vAcc>0.0</vAcc></extensions></trkpt><trkpt lat="49.63110936000001" lon="10.858993420000022"><ele>304.31</ele><time>2026-09-06T9:21:48Z</time><extensions><speed>-1.0</speed><course>-1.0</course><hAcc>0.0</hAcc><vAcc>0.0</vAcc></extensions></trkpt><trkpt lat="49.631113690000014" lon="10.859109090000022"><ele>304.31</ele><time>2026-09-06T9:21:49Z</time><extensions><speed>-1.0</speed><course>-1.0</course><hAcc>0.0</hAcc><vAcc>0.0</vAcc></extensions></trkpt><trkpt lat="49.63111702000001" lon="10.859248760000021"><ele>304.31</ele><time>2026-09-06T9:21:51Z</time><extensions><speed>-1.0</speed><course>-1.0</course><hAcc>0.0</hAcc><vAcc>0.0</vAcc></extensions></trkpt><trkpt lat="49.63111969000001" lon="10.85937443000002"><ele>304.31</ele><time>2026-09-06T9:21:52Z</time><extensions><speed>-1.0</speed><course>-1.0</course><hAcc>0.0</hAcc><vAcc>0.0</vAcc></extensions></trkpt><trkpt lat="49.631121020000016" lon="10.85948976000002"><ele>304.31</ele><time>2026-09-06T9:21:53Z</time><extensions><speed>-1.0</speed><course>-1.0</course><hAcc>0.0</hAcc><vAcc>0.0</vAcc></extensions></trkpt><trkpt lat="49.63112235000002" lon="10.85959843000002"><ele>304.31</ele><time>2026-09-06T9:21:54Z</time><extensions><speed>-1.0</speed><course>-1.0</course><hAcc>0.0</hAcc><vAcc>0.0</vAcc></extensions></trkpt><trkpt lat="49.63112268000002" lon="10.859732430000019"><ele>304.31</ele><time>2026-09-06T9:21:56Z</time><extensions><speed>-1.0</speed><course>-1.0</course><hAcc>0.0</hAcc><vAcc>0.0</vAcc></extensions></trkpt><trkpt lat="49.63112268000002" lon="10.85988510000002"><ele>304.31</ele><time>2026-09-06T9:21:58Z</time><extensions><speed>-1.0</speed><course>-1.0</course><hAcc>0.0</hAcc><vAcc>0.0</vAcc></extensions></trkpt><trkpt lat="49.631121350000015" lon="10.860018100000019"><ele>304.31</ele><time>2026-09-06T9:21:59Z</time><extensions><speed>-1.0</speed><course>-1.0</course><hAcc>0.0</hAcc><vAcc>0.0</vAcc></extensions></trkpt><trkpt lat="49.63112035000002" lon="10.86016910000002"><ele>304.31</ele><time>2026-09-06T9:22:01Z</time><extensions><speed>-1.0</speed><course>-1.0</course><hAcc>0.0</hAcc><vAcc>0.0</vAcc></extensions></trkpt><trkpt lat="49.631119020000014" lon="10.86030143000002"><ele>304.31</ele><time>2026-09-06T9:22:02Z</time><extensions><speed>-1.0</speed><course>-1.0</course><hAcc>0.0</hAcc><vAcc>0.0</vAcc></extensions></trkpt><trkpt lat="49.63111769000001" lon="10.860456430000019"><ele>304.31</ele><time>2026-09-06T9:22:04Z</time><extensions><speed>-1.0</speed><course>-1.0</course><hAcc>0.0</hAcc><vAcc>0.0</vAcc></extensions></trkpt><trkpt lat="49.63111469000001" lon="10.86062443000002"><ele>304.31</ele><time>2026-09-06T9:22:06Z</time><extensions><speed>-1.0</speed><course>-1.0</course><hAcc>0.0</hAcc><vAcc>0.0</vAcc></extensions></trkpt><trkpt lat="49.63111136000001" lon="10.860767430000019"><ele>304.31</ele><time>2026-09-06T9:22:07Z</time><extensions><speed>-1.0</speed><course>-1.0</course><hAcc>0.0</hAcc><vAcc>0.0</vAcc></extensions></trkpt><trkpt lat="49.631105360000014" lon="10.860929760000019"><ele>304.31</ele><time>2026-09-06T9:22:09Z</time><extensions><speed>-1.0</speed><course>-1.0</course><hAcc>0.0</hAcc><vAcc>0.0</vAcc></extensions></trkpt><trkpt lat="49.631096690000014" lon="10.86110476000002"><ele>304.31</ele><time>2026-09-06T9:22:11Z</time><extensions><speed>-1.0</speed><course>-1.0</course><hAcc>0.0</hAcc><vAcc>0.0</vAcc></extensions></trkpt><trkpt lat="49.631085360000014" lon="10.86128843000002"><ele>303.49</ele><time>2026-09-06T9:22:13Z</time><extensions><speed>-1.0</speed><course>-1.0</course><hAcc>0.0</hAcc><vAcc>0.0</vAcc></extensions></trkpt><trkpt lat="49.63107469000001" lon="10.86144510000002"><ele>303.49</ele><time>2026-09-06T9:22:14Z</time><extensions><speed>-1.0</speed><course>-1.0</course><hAcc>0.0</hAcc><vAcc>0.0</vAcc></extensions></trkpt><trkpt lat="49.63106302000001" lon="10.861582770000021"><ele>303.49</ele><time>2026-09-06T9:22:15Z</time><extensions><speed>-1.0</speed><course>-1.0</course><hAcc>0.0</hAcc><vAcc>0.0</vAcc></extensions></trkpt><trkpt lat="49.631048020000016" lon="10.861740770000022"><ele>303.49</ele><time>2026-09-06T9:22:17Z</time><extensions><speed>-1.0</speed><course>-1.0</course><hAcc>0.0</hAcc><vAcc>0.0</vAcc></extensions></trkpt><trkpt lat="49.63102935000001" lon="10.861913440000022"><ele>303.49</ele><time>2026-09-06T9:22:19Z</time><extensions><speed>-1.0</speed><course>-1.0</course><hAcc>0.0</hAcc><vAcc>0.0</vAcc></extensions></trkpt><trkpt lat="49.631011350000016" lon="10.862062440000022"><ele>303.49</ele><time>2026-09-06T9:22:20Z</time><extensions><speed>-1.0</speed><course>-1.0</course><hAcc>0.0</hAcc><vAcc>0.0</vAcc></extensions></trkpt><trkpt lat="49.630989020000015" lon="10.862226770000023"><ele>302.22</ele><time>2026-09-06T9:22:22Z</time><extensions><speed>-1.0</speed><course>-1.0</course><hAcc>0.0</hAcc><vAcc>0.0</vAcc></extensions></trkpt><trkpt lat="49.630969020000016" lon="10.862370100000023"><ele>302.22</ele><time>2026-09-06T9:22:23Z</time><extensions><speed>-1.0</speed><course>-1.0</course><hAcc>0.0</hAcc><vAcc>0.0</vAcc></extensions></trkpt><trkpt lat="49.63094569000002" lon="10.862531770000023"><ele>302.22</ele><time>2026-09-06T9:22:25Z</time><extensions><speed>-1.0</speed><course>-1.0</course><hAcc>0.0</hAcc><vAcc>0.0</vAcc></extensions></trkpt><trkpt lat="49.63091936000002" lon="10.862702440000023"><ele>302.22</ele><time>2026-09-06T9:22:27Z</time><extensions><speed>-1.0</speed><course>-1.0</course><hAcc>0.0</hAcc><vAcc>0.0</vAcc></extensions></trkpt><trkpt lat="49.63089703000002" lon="10.862849440000023"><ele>302.22</ele><time>2026-09-06T9:22:28Z</time><extensions><speed>-1.0</speed><course>-1.0</course><hAcc>0.0</hAcc><vAcc>0.0</vAcc></extensions></trkpt><trkpt lat="49.63087303000002" lon="10.863011110000024"><ele>302.22</ele><time>2026-09-06T9:22:30Z</time><extensions><speed>-1.0</speed><course>-1.0</course><hAcc>0.0</hAcc><vAcc>0.0</vAcc></extensions></trkpt><trkpt lat="49.63084636000002" lon="10.863183110000023"><ele>302.22</ele><time>2026-09-06T9:22:32Z</time><extensions><speed>-1.0</speed><course>-1.0</course><hAcc>0.0</hAcc><vAcc>0.0</vAcc></extensions></trkpt><trkpt lat="49.63082369000002" lon="10.863330780000023"><ele>302.22</ele><time>2026-09-06T9:22:33Z</time><extensions><speed>-1.0</speed><course>-1.0</course><hAcc>0.0</hAcc><vAcc>0.0</vAcc></extensions></trkpt><trkpt lat="49.630797360000024" lon="10.863493780000024"><ele>302.22</ele><time>2026-09-06T9:22:35Z</time><extensions><speed>-1.0</speed><course>-1.0</course><hAcc>0.0</hAcc><vAcc>0.0</vAcc></extensions></trkpt><trkpt lat="49.630775030000024" lon="10.863634780000023"><ele>302.22</ele><time>2026-09-06T9:22:36Z</time><extensions><speed>-1.0</speed><course>-1.0</course><hAcc>0.0</hAcc><vAcc>0.0</vAcc></extensions></trkpt><trkpt lat="49.630752360000024" lon="10.863791780000023"><ele>302.22</ele><time>2026-09-06T9:22:38Z</time><extensions><speed>-1.0</speed><course>-1.0</course><hAcc>0.0</hAcc><vAcc>0.0</vAcc></extensions></trkpt><trkpt lat="49.630728690000026" lon="10.863957110000023"><ele>302.22</ele><time>2026-09-06T9:22:40Z</time><extensions><speed>-1.0</speed><course>-1.0</course><hAcc>0.0</hAcc><vAcc>0.0</vAcc></extensions></trkpt><trkpt lat="49.63070602000003" lon="10.864126440000023"><ele>302.22</ele><time>2026-09-06T9:22:42Z</time><extensions><speed>-1.0</speed><course>-1.0</course><hAcc>0.0</hAcc><vAcc>0.0</vAcc></extensions></trkpt><trkpt lat="49.63068535000003" lon="10.864297770000023"><ele>302.22</ele><time>2026-09-06T9:22:44Z</time><extensions><speed>-1.0</speed><course>-1.0</course><hAcc>0.0</hAcc><vAcc>0.0</vAcc></extensions></trkpt><trkpt lat="49.63066802000003" lon="10.864441770000024"><ele>302.22</ele><time>2026-09-06T9:22:45Z</time><extensions><speed>-1.0</speed><course>-1.0</course><hAcc>0.0</hAcc><vAcc>0.0</vAcc></extensions></trkpt><trkpt lat="49.63065435000003" lon="10.864567440000023"><ele>302.22</ele><time>2026-09-06T9:22:46Z</time><extensions><speed>-1.0</speed><course>-1.0</course><hAcc>0.0</hAcc><vAcc>0.0</vAcc></extensions></trkpt><trkpt lat="49.63064068000003" lon="10.864708440000022"><ele>302.22</ele><time>2026-09-06T9:22:48Z</time><extensions><speed>-1.0</speed><course>-1.0</course><hAcc>0.0</hAcc><vAcc>0.0</vAcc></extensions></trkpt><trkpt lat="49.630627680000025" lon="10.864860770000023"><ele>302.22</ele><time>2026-09-06T9:22:50Z</time><extensions><speed>-1.0</speed><course>-1.0</course><hAcc>0.0</hAcc><vAcc>0.0</vAcc></extensions></trkpt><trkpt lat="49.63061701000002" lon="10.864992440000023"><ele>302.22</ele><time>2026-09-06T9:22:51Z</time><extensions><speed>-1.0</speed><course>-1.0</course><hAcc>0.0</hAcc><vAcc>0.0</vAcc></extensions></trkpt><trkpt lat="49.63060868000002" lon="10.865109770000023"><ele>302.22</ele><time>2026-09-06T9:22:52Z</time><extensions><speed>-1.0</speed><course>-1.0</course><hAcc>0.0</hAcc><vAcc>0.0</vAcc></extensions></trkpt><trkpt lat="49.63060068000002" lon="10.865246770000024"><ele>302.22</ele><time>2026-09-06T9:22:54Z</time><extensions><speed>-1.0</speed><course>-1.0</course><hAcc>0.0</hAcc><vAcc>0.0</vAcc></extensions></trkpt><trkpt lat="49.63059468000002" lon="10.865368100000024"><ele>302.22</ele><time>2026-09-06T9:22:55Z</time><extensions><speed>-1.0</speed><course>-1.0</course><hAcc>0.0</hAcc><vAcc>0.0</vAcc></extensions></trkpt><trkpt lat="49.630588680000024" lon="10.865508100000024"><ele>302.22</ele><time>2026-09-06T9:22:57Z</time><extensions><speed>-1.0</speed><course>-1.0</course><hAcc>0.0</hAcc><vAcc>0.0</vAcc></extensions></trkpt><trkpt lat="49.63058468000003" lon="10.865630430000024"><ele>302.22</ele><time>2026-09-06T9:22:58Z</time><extensions><speed>-1.0</speed><course>-1.0</course><hAcc>0.0</hAcc><vAcc>0.0</vAcc></extensions></trkpt><trkpt lat="49.630580010000024" lon="10.865740760000024"><ele>302.22</ele><time>2026-09-06T9:22:59Z</time><extensions><speed>-1.0</speed><course>-1.0</course><hAcc>0.0</hAcc><vAcc>0.0</vAcc></extensions></trkpt><trkpt lat="49.630577010000025" lon="10.865872760000025"><ele>302.22</ele><time>2026-09-06T9:23:01Z</time><extensions><speed>-1.0</speed><course>-1.0</course><hAcc>0.0</hAcc><vAcc>0.0</vAcc></extensions></trkpt><trkpt lat="49.63057568000002" lon="10.865989090000026"><ele>302.22</ele><time>2026-09-06T9:23:02Z</time><extensions><speed>-1.0</speed><course>-1.0</course><hAcc>0.0</hAcc><vAcc>0.0</vAcc></extensions></trkpt><trkpt lat="49.63057335000002" lon="10.866121420000026"><ele>302.22</ele><time>2026-09-06T9:23:04Z</time><extensions><speed>-1.0</speed><course>-1.0</course><hAcc>0.0</hAcc><vAcc>0.0</vAcc></extensions></trkpt><trkpt lat="49.63057335000002" lon="10.866264750000026"><ele>302.22</ele><time>2026-09-06T9:23:06Z</time><extensions><speed>-1.0</speed><course>-1.0</course><hAcc>0.0</hAcc><vAcc>0.0</vAcc></extensions></trkpt><trkpt lat="49.63057302000002" lon="10.866389420000026"><ele>302.22</ele><time>2026-09-06T9:23:07Z</time><extensions><speed>-1.0</speed><course>-1.0</course><hAcc>0.0</hAcc><vAcc>0.0</vAcc></extensions></trkpt><trkpt lat="49.63057269000002" lon="10.866527090000027"><ele>302.22</ele><time>2026-09-06T9:23:09Z</time><extensions><speed>-1.0</speed><course>-1.0</course><hAcc>0.0</hAcc><vAcc>0.0</vAcc></extensions></trkpt><trkpt lat="49.63057269000002" lon="10.866670420000027"><ele>302.22</ele><time>2026-09-06T9:23:11Z</time><extensions><speed>-1.0</speed><course>-1.0</course><hAcc>0.0</hAcc><vAcc>0.0</vAcc></extensions></trkpt><trkpt lat="49.630572020000024" lon="10.866814750000026"><ele>300.49</ele><time>2026-09-06T9:23:13Z</time><extensions><speed>-1.0</speed><course>-1.0</course><hAcc>0.0</hAcc><vAcc>0.0</vAcc></extensions></trkpt><trkpt lat="49.63057069000002" lon="10.866963420000026"><ele>300.49</ele><time>2026-09-06T9:23:15Z</time><extensions><speed>-1.0</speed><course>-1.0</course><hAcc>0.0</hAcc><vAcc>0.0</vAcc></extensions></trkpt><trkpt lat="49.63056569000002" lon="10.867107750000025"><ele>300.49</ele><time>2026-09-06T9:23:17Z</time><extensions><speed>-1.0</speed><course>-1.0</course><hAcc>0.0</hAcc><vAcc>0.0</vAcc></extensions></trkpt><trkpt lat="49.63057902000002" lon="10.867252420000025"><ele>300.49</ele><time>2026-09-06T9:23:19Z</time><extensions><speed>-1.0</speed><course>-1.0</course><hAcc>0.0</hAcc><vAcc>0.0</vAcc></extensions></trkpt><trkpt lat="49.63060802000002" lon="10.867366420000025"><ele>300.49</ele><time>2026-09-06T9:23:21Z</time><extensions><speed>-1.0</speed><course>-1.0</course><hAcc>0.0</hAcc><vAcc>0.0</vAcc></extensions></trkpt><trkpt lat="49.63064235000002" lon="10.867442090000024"><ele>300.49</ele><time>2026-09-06T9:23:22Z</time><extensions><speed>-1.0</speed><course>-1.0</course><hAcc>0.0</hAcc><vAcc>0.0</vAcc></extensions></trkpt><trkpt lat="49.63069468000002" lon="10.867470760000025"><ele>300.49</ele><time>2026-09-06T9:23:24Z</time><extensions><speed>-1.0</speed><course>-1.0</course><hAcc>0.0</hAcc><vAcc>0.0</vAcc></extensions></trkpt><trkpt lat="49.63074268000002" lon="10.867472430000024"><ele>300.49</ele><time>2026-09-06T9:23:25Z</time><extensions><speed>-1.0</speed><course>-1.0</course><hAcc>0.0</hAcc><vAcc>0.0</vAcc></extensions></trkpt><trkpt lat="49.63078501000002" lon="10.867460430000024"><ele>300.49</ele><time>2026-09-06T9:23:26Z</time><extensions><speed>-1.0</speed><course>-1.0</course><hAcc>0.0</hAcc><vAcc>0.0</vAcc></extensions></trkpt><trkpt lat="49.630825340000015" lon="10.867444430000024"><ele>300.49</ele><time>2026-09-06T9:23:27Z</time><extensions><speed>-1.0</speed><course>-1.0</course><hAcc>0.0</hAcc><vAcc>0.0</vAcc></extensions></trkpt><trkpt lat="49.63087667000001" lon="10.867438100000024"><ele>300.49</ele><time>2026-09-06T9:23:29Z</time><extensions><speed>-1.0</speed><course>-1.0</course><hAcc>0.0</hAcc><vAcc>0.0</vAcc></extensions></trkpt><trkpt lat="49.630929670000015" lon="10.867463100000025"><ele>300.49</ele><time>2026-09-06T9:23:31Z</time><extensions><speed>-1.0</speed><course>-1.0</course><hAcc>0.0</hAcc><vAcc>0.0</vAcc></extensions></trkpt><trkpt lat="49.63097034000001" lon="10.867501100000025"><ele>300.49</ele><time>2026-09-06T9:23:32Z</time><extensions><speed>-1.0</speed><course>-1.0</course><hAcc>0.0</hAcc><vAcc>0.0</vAcc></extensions></trkpt><trkpt lat="49.63100367000001" lon="10.867544430000025"><ele>300.49</ele><time>2026-09-06T9:23:33Z</time><extensions><speed>-1.0</speed><course>-1.0</course><hAcc>0.0</hAcc><vAcc>0.0</vAcc></extensions></trkpt><trkpt lat="49.631039000000015" lon="10.867606100000025"><ele>300.49</ele><time>2026-09-06T9:23:35Z</time><extensions><speed>-1.0</speed><course>-1.0</course><hAcc>0.0</hAcc><vAcc>0.0</vAcc></extensions></trkpt><trkpt lat="49.63106900000002" lon="10.867662430000024"><ele>300.49</ele><time>2026-09-06T9:23:36Z</time><extensions><speed>-1.0</speed><course>-1.0</course><hAcc>0.0</hAcc><vAcc>0.0</vAcc></extensions></trkpt><trkpt lat="49.631100670000016" lon="10.867728760000023"><ele>300.49</ele><time>2026-09-06T9:23:38Z</time><extensions><speed>-1.0</speed><course>-1.0</course><hAcc>0.0</hAcc><vAcc>0.0</vAcc></extensions></trkpt><trkpt lat="49.63113034000002" lon="10.867785090000023"><ele>300.49</ele><time>2026-09-06T9:23:39Z</time><extensions><speed>-1.0</speed><course>-1.0</course><hAcc>0.0</hAcc><vAcc>0.0</vAcc></extensions></trkpt><trkpt lat="49.63116534000002" lon="10.867841090000024"><ele>300.49</ele><time>2026-09-06T9:23:41Z</time><extensions><speed>-1.0</speed><course>-1.0</course><hAcc>0.0</hAcc><vAcc>0.0</vAcc></extensions></trkpt><trkpt lat="49.631183340000014" lon="10.867894090000023"><ele>300.49</ele><time>2026-09-06T9:23:42Z</time><extensions><speed>-1.0</speed><course>-1.0</course><hAcc>0.0</hAcc><vAcc>0.0</vAcc></extensions></trkpt><trkpt lat="49.63118967000001" lon="10.867938420000023"><ele>300.49</ele><time>2026-09-06T9:23:43Z</time><extensions><speed>-1.0</speed><course>-1.0</course><hAcc>0.0</hAcc><vAcc>0.0</vAcc></extensions></trkpt><trkpt lat="49.63118767000001" lon="10.867973750000022"><ele>300.49</ele><time>2026-09-06T9:23:45Z</time><extensions><speed>-1.0</speed><course>-1.0</course><hAcc>0.0</hAcc><vAcc>0.0</vAcc></extensions></trkpt><trkpt lat="49.63118734000001" lon="10.867998080000023"><ele>300.49</ele><time>2026-09-06T9:23:46Z</time><extensions><speed>-1.0</speed><course>-1.0</course><hAcc>0.0</hAcc><vAcc>0.0</vAcc></extensions></trkpt><trkpt lat="49.63118501000001" lon="10.868013410000023"><ele>300.49</ele><time>2026-09-06T9:23:47Z</time><extensions><speed>-1.0</speed><course>-1.0</course><hAcc>0.0</hAcc><vAcc>0.0</vAcc></extensions></trkpt><trkpt lat="49.63118334000001" lon="10.868031410000023"><ele>300.49</ele><time>2026-09-06T9:23:48Z</time><extensions><speed>-1.0</speed><course>-1.0</course><hAcc>0.0</hAcc><vAcc>0.0</vAcc></extensions></trkpt><trkpt lat="49.63117767000001" lon="10.868046410000023"><ele>300.49</ele><time>2026-09-06T9:23:50Z</time><extensions><speed>-1.0</speed><course>-1.0</course><hAcc>0.0</hAcc><vAcc>0.0</vAcc></extensions></trkpt><trkpt lat="49.631172670000005" lon="10.868058410000023"><ele>300.49</ele><time>2026-09-06T9:23:51Z</time><extensions><speed>-1.0</speed><course>-1.0</course><hAcc>0.0</hAcc><vAcc>0.0</vAcc></extensions></trkpt><trkpt lat="49.63116367000001" lon="10.868070080000022"><ele>300.49</ele><time>2026-09-06T9:23:53Z</time><extensions><speed>-1.0</speed><course>-1.0</course><hAcc>0.0</hAcc><vAcc>0.0</vAcc></extensions></trkpt><trkpt lat="49.63115434000001" lon="10.868082410000023"><ele>300.49</ele><time>2026-09-06T9:23:55Z</time><extensions><speed>-1.0</speed><course>-1.0</course><hAcc>0.0</hAcc><vAcc>0.0</vAcc></extensions></trkpt><trkpt lat="49.63114401000001" lon="10.868091410000023"><ele>300.49</ele><time>2026-09-06T9:23:56Z</time><extensions><speed>-1.0</speed><course>-1.0</course><hAcc>0.0</hAcc><vAcc>0.0</vAcc></extensions></trkpt><trkpt lat="49.63113268000001" lon="10.868097740000023"><ele>300.49</ele><time>2026-09-06T9:23:58Z</time><extensions><speed>-1.0</speed><course>-1.0</course><hAcc>0.0</hAcc><vAcc>0.0</vAcc></extensions></trkpt><trkpt lat="49.631122680000004" lon="10.868100070000022"><ele>300.49</ele><time>2026-09-06T9:24:00Z</time><extensions><speed>-1.0</speed><course>-1.0</course><hAcc>0.0</hAcc><vAcc>0.0</vAcc></extensions></trkpt><trkpt lat="49.63111535" lon="10.868101400000022"><ele>300.49</ele><time>2026-09-06T9:24:01Z</time><extensions><speed>-1.0</speed><course>-1.0</course><hAcc>0.0</hAcc><vAcc>0.0</vAcc></extensions></trkpt><trkpt lat="49.63111068" lon="10.868100400000023"><ele>300.49</ele><time>2026-09-06T9:24:02Z</time><extensions><speed>-1.0</speed><course>-1.0</course><hAcc>0.0</hAcc><vAcc>0.0</vAcc></extensions></trkpt><trkpt lat="49.63110735" lon="10.868098400000022"><ele>300.49</ele><time>2026-09-06T9:24:03Z</time><extensions><speed>-1.0</speed><course>-1.0</course><hAcc>0.0</hAcc><vAcc>0.0</vAcc></extensions></trkpt><trkpt lat="49.631108680000004" lon="10.868100730000021"><ele>300.49</ele><time>2026-09-06T9:24:05Z</time><extensions><speed>-1.0</speed><course>-1.0</course><hAcc>0.0</hAcc><vAcc>0.0</vAcc></extensions></trkpt><trkpt lat="49.63111501" lon="10.868095730000022"><ele>300.49</ele><time>2026-09-06T9:24:07Z</time><extensions><speed>-1.0</speed><course>-1.0</course><hAcc>0.0</hAcc><vAcc>0.0</vAcc></extensions></trkpt><trkpt lat="49.63112634" lon="10.868087730000022"><ele>300.49</ele><time>2026-09-06T9:24:09Z</time><extensions><speed>-1.0</speed><course>-1.0</course><hAcc>0.0</hAcc><vAcc>0.0</vAcc></extensions></trkpt><trkpt lat="49.63113767" lon="10.868075060000022"><ele>300.49</ele><time>2026-09-06T9:24:11Z</time><extensions><speed>-1.0</speed><course>-1.0</course><hAcc>0.0</hAcc><vAcc>0.0</vAcc></extensions></trkpt><trkpt lat="49.631144" lon="10.868060060000023"><ele>300.49</ele><time>2026-09-06T9:24:13Z</time><extensions><speed>-1.0</speed><course>-1.0</course><hAcc>0.0</hAcc><vAcc>0.0</vAcc></extensions></trkpt><trkpt lat="49.631155" lon="10.868045390000022"><ele>300.49</ele><time>2026-09-06T9:24:15Z</time><extensions><speed>-1.0</speed><course>-1.0</course><hAcc>0.0</hAcc><vAcc>0.0</vAcc></extensions></trkpt><trkpt lat="49.631166" lon="10.868030060000022"><ele>300.49</ele><time>2026-09-06T9:24:16Z</time><extensions><speed>-1.0</speed><course>-1.0</course><hAcc>0.0</hAcc><vAcc>0.0</vAcc></extensions></trkpt><trkpt lat="49.63117033" lon="10.868009060000022"><ele>300.49</ele><time>2026-09-06T9:24:18Z</time><extensions><speed>-1.0</speed><course>-1.0</course><hAcc>0.0</hAcc><vAcc>0.0</vAcc></extensions></trkpt><trkpt lat="49.63117166000001" lon="10.867993730000022"><ele>300.49</ele><time>2026-09-06T9:24:19Z</time><extensions><speed>-1.0</speed><course>-1.0</course><hAcc>0.0</hAcc><vAcc>0.0</vAcc></extensions></trkpt><trkpt lat="49.631168990000006" lon="10.867982730000021"><ele>300.49</ele><time>2026-09-06T9:24:20Z</time><extensions><speed>-1.0</speed><course>-1.0</course><hAcc>0.0</hAcc><vAcc>0.0</vAcc></extensions></trkpt><trkpt lat="49.631163990000005" lon="10.867972730000021"><ele>299.58</ele><time>2026-09-06T9:24:22Z</time><extensions><speed>-1.0</speed><course>-1.0</course><hAcc>0.0</hAcc><vAcc>0.0</vAcc></extensions></trkpt><trkpt lat="49.631161320000004" lon="10.867969730000022"><ele>299.58</ele><time>2026-09-06T9:24:24Z</time><extensions><speed>-1.0</speed><course>-1.0</course><hAcc>0.0</hAcc><vAcc>0.0</vAcc></extensions></trkpt><trkpt lat="49.631154990000006" lon="10.867974400000021"><ele>299.58</ele><time>2026-09-06T9:24:25Z</time><extensions><speed>-1.0</speed><course>-1.0</course><hAcc>0.0</hAcc><vAcc>0.0</vAcc></extensions></trkpt><trkpt lat="49.63115332" lon="10.86797673000002"><ele>299.58</ele><time>2026-09-06T9:24:26Z</time><extensions><speed>-1.0</speed><course>-1.0</course><hAcc>0.0</hAcc><vAcc>0.0</vAcc></extensions></trkpt><trkpt lat="49.63115399" lon="10.86797406000002"><ele>299.58</ele><time>2026-09-06T9:24:28Z</time><extensions><speed>-1.0</speed><course>-1.0</course><hAcc>0.0</hAcc><vAcc>0.0</vAcc></extensions></trkpt><trkpt lat="49.63116799" lon="10.867964390000019"><ele>299.58</ele><time>2026-09-06T9:24:33Z</time><extensions><speed>-1.0</speed><course>-1.0</course><hAcc>0.0</hAcc><vAcc>0.0</vAcc></extensions></trkpt><trkpt lat="49.631169990000004" lon="10.86796472000002"><ele>299.58</ele><time>2026-09-06T9:24:34Z</time><extensions><speed>-1.0</speed><course>-1.0</course><hAcc>0.0</hAcc><vAcc>0.0</vAcc></extensions></trkpt><trkpt lat="49.631169320000005" lon="10.86796472000002"><ele>299.58</ele><time>2026-09-06T9:24:36Z</time><extensions><speed>-1.0</speed><course>-1.0</course><hAcc>0.0</hAcc><vAcc>0.0</vAcc></extensions></trkpt>
        </trkseg>
    </trk>
</gpx>