<?xml version="1.0" encoding="UTF-8"?>
<gpx version="1.1" creator="Health Auto Export - https://healthyapps.dev" xmlns="http://www.topografix.com/GPX/1/1" xmlns:xsi="http://www.w3.org/2001/XMLSchema-instance" xsi:schemaLocation="http://www.topografix.com/GPX/1/1 http://www.topografix.com/GPX/1/1/gpx.xsd">
    <metadata>
        <time>2026-09-20T6:11:19Z</time>
    </metadata>
    <trk>
        <name>Route 2026-09-20T6:11:19Z</name>
        <trkseg>
            <trkpt lat="49.63159767" lon="10.870976670000001"><ele>-20000.0</ele><time>2026-09-20T6:11:19Z</time><extensions><speed>-1.0</speed><course>-1.0</course><hAcc>0.0</hAcc><vAcc>0.0</vAcc></extensions></trkpt><trkpt lat="49.63159534" lon="10.870992000000001"><ele>-20000.0</ele><time>2026-09-20T6:11:20Z</time><extensions><speed>-1.0</speed><course>-1.0</course><hAcc>0.0</hAcc><vAcc>0.0</vAcc></extensions></trkpt><trkpt lat="49.63155801" lon="10.87103867"><ele>-20000.0</ele><time>2026-09-20T6:11:22Z</time><extensions><speed>-1.0</speed><course>-1.0</course><hAcc>0.0</hAcc><vAcc>0.0</vAcc></extensions></trkpt><trkpt lat="49.63150568" lon="10.871088"><ele>-20000.0</ele><time>2026-09-20T6:11:24Z</time><extensions><speed>-1.0</speed><course>-1.0</course><hAcc>0.0</hAcc><vAcc>0.0</vAcc></extensions></trkpt><trkpt lat="49.63145401" lon="10.87112467"><ele>-20000.0</ele><time>2026-09-20T6:11:25Z</time><extensions><speed>-1.0</speed><course>-1.0</course><hAcc>0.0</hAcc><vAcc>0.0</vAcc></extensions></trkpt><trkpt lat="49.631390339999996" lon="10.871161670000001"><ele>-20000.0</ele><time>2026-09-20T6:11:27Z</time><extensions><speed>-1.0</speed><course>-1.0</course><hAcc>0.0</hAcc><vAcc>0.0</vAcc></extensions></trkpt><trkpt lat="49.631319669999996" lon="10.871199670000001"><ele>-20000.0</ele><time>2026-09-20T6:11:29Z</time><extensions><speed>-1.0</speed><course>-1.0</course><hAcc>0.0</hAcc><vAcc>0.0</vAcc></extensions></trkpt><trkpt lat="49.63125633999999" lon="10.87123034"><ele>-20000.0</ele><time>2026-09-20T6:11:30Z</time><extensions><speed>-1.0</speed><course>-1.0</course><hAcc>0.0</hAcc><vAcc>0.0</vAcc></extensions></trkpt><trkpt lat="49.63119000999999" lon="10.87126501"><ele>296.66</ele><time>2026-09-20T6:11:32Z</time><extensions><speed>-1.0</speed><course>-1.0</course><hAcc>0.0</hAcc><vAcc>0.0</vAcc></extensions></trkpt><trkpt lat="49.63113567999999" lon="10.87129534"><ele>296.66</ele><time>2026-09-20T6:11:33Z</time><extensions><speed>-1.0</speed><course>-1.0</course><hAcc>0.0</hAcc><vAcc>0.0</vAcc></extensions></trkpt><trkpt lat="49.631089679999995" lon="10.87132201"><ele>296.66</ele><time>2026-09-20T6:11:34Z</time><extensions><speed>-1.0</speed><course>-1.0</course><hAcc>0.0</hAcc><vAcc>0.0</vAcc></extensions></trkpt><trkpt lat="49.631053679999994" lon="10.87134468"><ele>296.66</ele><time>2026-09-20T6:11:36Z</time><extensions><speed>-1.0</speed><course>-1.0</course><hAcc>0.0</hAcc><vAcc>0.0</vAcc></extensions></trkpt><trkpt lat="49.631017009999994" lon="10.87139168"><ele>296.66</ele><time>2026-09-20T6:11:38Z</time><extensions><speed>-1.0</speed><course>-1.0</course><hAcc>0.0</hAcc><vAcc>0.0</vAcc></extensions></trkpt><trkpt lat="49.63098768" lon="10.87145301"><ele>296.66</ele><time>2026-09-20T6:11:39Z</time><extensions><speed>-1.0</speed><course>-1.0</course><hAcc>0.0</hAcc><vAcc>0.0</vAcc></extensions></trkpt><trkpt lat="49.630966009999995" lon="10.87151834"><ele>296.66</ele><time>2026-09-20T6:11:40Z</time><extensions><speed>-1.0</speed><course>-1.0</course><hAcc>0.0</hAcc><vAcc>0.0</vAcc></extensions></trkpt><trkpt lat="49.63095567999999" lon="10.87158901"><ele>296.66</ele><time>2026-09-20T6:11:41Z</time><extensions><speed>-1.0</speed><course>-1.0</course><hAcc>0.0</hAcc><vAcc>0.0</vAcc></extensions></trkpt><trkpt lat="49.630951679999995" lon="10.871692679999999"><ele>296.66</ele><time>2026-09-20T6:11:43Z</time><extensions><speed>-1.0</speed><course>-1.0</course><hAcc>0.0</hAcc><vAcc>0.0</vAcc></extensions></trkpt><trkpt lat="49.630954349999996" lon="10.87181768"><ele>296.66</ele><time>2026-09-20T6:11:45Z</time><extensions><speed>-1.0</speed><course>-1.0</course><hAcc>0.0</hAcc><vAcc>0.0</vAcc></extensions></trkpt><trkpt lat="49.63096235" lon="10.871962349999999"><ele>296.66</ele><time>2026-09-20T6:11:47Z</time><extensions><speed>-1.0</speed><course>-1.0</course><hAcc>0.0</hAcc><vAcc>0.0</vAcc></extensions></trkpt><trkpt lat="49.63097335" lon="10.87208935"><ele>296.66</ele><time>2026-09-20T6:11:48Z</time><extensions><speed>-1.0</speed><course>-1.0</course><hAcc>0.0</hAcc><vAcc>0.0</vAcc></extensions></trkpt><trkpt lat="49.63098935" lon="10.872238679999999"><ele>296.66</ele><time>2026-09-20T6:11:50Z</time><extensions><speed>-1.0</speed><course>-1.0</course><hAcc>0.0</hAcc><vAcc>0.0</vAcc></extensions></trkpt><trkpt lat="49.63100435" lon="10.87236701"><ele>296.66</ele><time>2026-09-20T6:11:51Z</time><extensions><speed>-1.0</speed><course>-1.0</course><hAcc>0.0</hAcc><vAcc>0.0</vAcc></extensions></trkpt><trkpt lat="49.63102268" lon="10.87248034"><ele>296.66</ele><time>2026-09-20T6:11:52Z</time><extensions><speed>-1.0</speed><course>-1.0</course><hAcc>0.0</hAcc><vAcc>0.0</vAcc></extensions></trkpt><trkpt lat="49.63104868" lon="10.872618339999999"><ele>296.66</ele><time>2026-09-20T6:11:54Z</time><extensions><speed>-1.0</speed><course>-1.0</course><hAcc>0.0</hAcc><vAcc>0.0</vAcc></extensions></trkpt><trkpt lat="49.63108401" lon="10.872767009999999"><ele>296.66</ele><time>2026-09-20T6:11:56Z</time><extensions><speed>-1.0</speed><course>-1.0</course><hAcc>0.0</hAcc><vAcc>0.0</vAcc></extensions></trkpt><trkpt lat="49.63112601" lon="10.872920679999998"><ele>296.66</ele><time>2026-09-20T6:11:58Z</time><extensions><speed>-1.0</speed><course>-1.0</course><hAcc>0.0</hAcc><vAcc>0.0</vAcc></extensions></trkpt><trkpt lat="49.631164010000006" lon="10.873052009999999"><ele>296.66</ele><time>2026-09-20T6:11:59Z</time><extensions><speed>-1.0</speed><course>-1.0</course><hAcc>0.0</hAcc><vAcc>0.0</vAcc></extensions></trkpt><trkpt lat="49.63119901" lon="10.873167679999998"><ele>296.66</ele><time>2026-09-20T6:12:00Z</time><extensions><speed>-1.0</speed><course>-1.0</course><hAcc>0.0</hAcc><vAcc>0.0</vAcc></extensions></trkpt><trkpt lat="49.631240680000005" lon="10.873297349999998"><ele>296.66</ele><time>2026-09-20T6:12:02Z</time><extensions><speed>-1.0</speed><course>-1.0</course><hAcc>0.0</hAcc><vAcc>0.0</vAcc></extensions></trkpt><trkpt lat="49.63128201000001" lon="10.873445679999998"><ele>296.66</ele><time>2026-09-20T6:12:04Z</time><extensions><speed>-1.0</speed><course>-1.0</course><hAcc>0.0</hAcc><vAcc>0.0</vAcc></extensions></trkpt><trkpt lat="49.63131468000001" lon="10.873608679999998"><ele>296.66</ele><time>2026-09-20T6:12:06Z</time><extensions><speed>-1.0</speed><course>-1.0</course><hAcc>0.0</hAcc><vAcc>0.0</vAcc></extensions></trkpt><trkpt lat="49.63134235000001" lon="10.873779009999998"><ele>296.66</ele><time>2026-09-20T6:12:08Z</time><extensions><speed>-1.0</speed><course>-1.0</course><hAcc>0.0</hAcc><vAcc>0.0</vAcc></extensions></trkpt><trkpt lat="49.63135568000001" lon="10.873957009999998"><ele>296.66</ele><time>2026-09-20T6:12:10Z</time><extensions><speed>-1.0</speed><course>-1.0</course><hAcc>0.0</hAcc><vAcc>0.0</vAcc></extensions></trkpt><trkpt lat="49.631354680000015" lon="10.874138009999998"><ele>296.66</ele><time>2026-09-20T6:12:12Z</time><extensions><speed>-1.0</speed><course>-1.0</course><hAcc>0.0</hAcc><vAcc>0.0</vAcc></extensions></trkpt><trkpt lat="49.631351680000016" lon="10.874292339999998"><ele>296.66</ele><time>2026-09-20T6:12:13Z</time><extensions><speed>-1.0</speed><course>-1.0</course><hAcc>0.0</hAcc><vAcc>0.0</vAcc></extensions></trkpt><trkpt lat="49.631349010000015" lon="10.874429339999999"><ele>296.66</ele><time>2026-09-20T6:12:14Z</time><extensions><speed>-1.0</speed><course>-1.0</course><hAcc>0.0</hAcc><vAcc>0.0</vAcc></extensions></trkpt><trkpt lat="49.63134834000002" lon="10.874551669999999"><ele>296.66</ele><time>2026-09-20T6:12:15Z</time><extensions><speed>-1.0</speed><course>-1.0</course><hAcc>0.0</hAcc><vAcc>0.0</vAcc></extensions></trkpt><trkpt lat="49.63135101000002" lon="10.87469934"><ele>296.66</ele><time>2026-09-20T6:12:17Z</time><extensions><speed>-1.0</speed><course>-1.0</course><hAcc>0.0</hAcc><vAcc>0.0</vAcc></extensions></trkpt><trkpt lat="49.631357340000015" lon="10.87482934"><ele>296.66</ele><time>2026-09-20T6:12:18Z</time><extensions><speed>-1.0</speed><course>-1.0</course><hAcc>0.0</hAcc><vAcc>0.0</vAcc></extensions></trkpt><trkpt lat="49.63136734000002" lon="10.87494834"><ele>296.66</ele><time>2026-09-20T6:12:19Z</time><extensions><speed>-1.0</speed><course>-1.0</course><hAcc>0.0</hAcc><vAcc>0.0</vAcc></extensions></trkpt><trkpt lat="49.631380010000015" lon="10.875062009999999"><ele>296.66</ele><time>2026-09-20T6:12:20Z</time><extensions><speed>-1.0</speed><course>-1.0</course><hAcc>0.0</hAcc><vAcc>0.0</vAcc></extensions></trkpt><trkpt lat="49.63140068000001" lon="10.875194339999998"><ele>296.66</ele><time>2026-09-20T6:12:22Z</time><extensions><speed>-1.0</speed><course>-1.0</course><hAcc>0.0</hAcc><vAcc>0.0</vAcc></extensions></trkpt><trkpt lat="49.63142701000001" lon="10.875345669999998"><ele>296.66</ele><time>2026-09-20T6:12:24Z</time><extensions><speed>-1.0</speed><course>-1.0</course><hAcc>0.0</hAcc><vAcc>0.0</vAcc></extensions></trkpt><trkpt lat="49.63145768000001" lon="10.875507999999998"><ele>295.21</ele><time>2026-09-20T6:12:26Z</time><extensions><speed>-1.0</speed><course>-1.0</course><hAcc>0.0</hAcc><vAcc>0.0</vAcc></extensions></trkpt><trkpt lat="49.631484680000014" lon="10.875647999999998"><ele>295.21</ele><time>2026-09-20T6:12:27Z</time><extensions><speed>-1.0</speed><course>-1.0</course><hAcc>0.0</hAcc><vAcc>0.0</vAcc></extensions></trkpt><trkpt lat="49.631510010000014" lon="10.875771669999999"><ele>295.21</ele><time>2026-09-20T6:12:28Z</time><extensions><speed>-1.0</speed><course>-1.0</course><hAcc>0.0</hAcc><vAcc>0.0</vAcc></extensions></trkpt><trkpt lat="49.631549340000014" lon="10.875909669999999"><ele>295.21</ele><time>2026-09-20T6:12:30Z</time><extensions><speed>-1.0</speed><course>-1.0</course><hAcc>0.0</hAcc><vAcc>0.0</vAcc></extensions></trkpt><trkpt lat="49.63158667000001" lon="10.87602834"><ele>295.21</ele><time>2026-09-20T6:12:31Z</time><extensions><speed>-1.0</speed><course>-1.0</course><hAcc>0.0</hAcc><vAcc>0.0</vAcc></extensions></trkpt><trkpt lat="49.63164500000001" lon="10.87614701"><ele>295.21</ele><time>2026-09-20T6:12:33Z</time><extensions><speed>-1.0</speed><course>-1.0</course><hAcc>0.0</hAcc><vAcc>0.0</vAcc></extensions></trkpt><trkpt lat="49.63171600000001" lon="10.87626601"><ele>295.21</ele><time>2026-09-20T6:12:35Z</time><extensions><speed>-1.0</speed><course>-1.0</course><hAcc>0.0</hAcc><vAcc>0.0</vAcc></extensions></trkpt><trkpt lat="49.63180167000001" lon="10.87637201"><ele>295.21</ele><time>2026-09-20T6:12:37Z</time><extensions><speed>-1.0</speed><course>-1.0</course><hAcc>0.0</hAcc><vAcc>0.0</vAcc></extensions></trkpt><trkpt lat="49.63187834000001" lon="10.87645868"><ele>295.21</ele><time>2026-09-20T6:12:38Z</time><extensions><speed>-1.0</speed><course>-1.0</course><hAcc>0.0</hAcc><vAcc>0.0</vAcc></extensions></trkpt><trkpt lat="49.63196734000001" lon="10.87654601"><ele>295.21</ele><time>2026-09-20T6:12:40Z</time><extensions><speed>-1.0</speed><course>-1.0</course><hAcc>0.0</hAcc><vAcc>0.0</vAcc></extensions></trkpt><trkpt lat="49.63206134000001" lon="10.87664601"><ele>295.21</ele><time>2026-09-20T6:12:42Z</time><extensions><speed>-1.0</speed><course>-1.0</course><hAcc>0.0</hAcc><vAcc>0.0</vAcc></extensions></trkpt><trkpt lat="49.63213901000001" lon="10.87673734"><ele>295.21</ele><time>2026-09-20T6:12:43Z</time><extensions><speed>-1.0</speed><course>-1.0</course><hAcc>0.0</hAcc><vAcc>0.0</vAcc></extensions></trkpt><trkpt lat="49.63221834000001" lon="10.87685067"><ele>295.21</ele><time>2026-09-20T6:12:45Z</time><extensions><speed>-1.0</speed><course>-1.0</course><hAcc>0.0</hAcc><vAcc>0.0</vAcc></extensions></trkpt><trkpt lat="49.63228267000001" lon="10.876954999999999"><ele>295.21</ele><time>2026-09-20T6:12:46Z</time><extensions><speed>-1.0</speed><course>-1.0</course><hAcc>0.0</hAcc><vAcc>0.0</vAcc></extensions></trkpt><trkpt lat="49.63234934000001" lon="10.877079329999999"><ele>295.21</ele><time>2026-09-20T6:12:48Z</time><extensions><speed>-1.0</speed><course>-1.0</course><hAcc>0.0</hAcc><vAcc>0.0</vAcc></extensions></trkpt><trkpt lat="49.632416010000014" lon="10.87721766"><ele>295.21</ele><time>2026-09-20T6:12:50Z</time><extensions><speed>-1.0</speed><course>-1.0</course><hAcc>0.0</hAcc><vAcc>0.0</vAcc></extensions></trkpt><trkpt lat="49.632471340000016" lon="10.877338329999999"><ele>295.21</ele><time>2026-09-20T6:12:51Z</time><extensions><speed>-1.0</speed><course>-1.0</course><hAcc>0.0</hAcc><vAcc>0.0</vAcc></extensions></trkpt><trkpt lat="49.63251901000002" lon="10.877446659999999"><ele>295.21</ele><time>2026-09-20T6:12:52Z</time><extensions><speed>-1.0</speed><course>-1.0</course><hAcc>0.0</hAcc><vAcc>0.0</vAcc></extensions></trkpt><trkpt lat="49.63256901000002" lon="10.877571329999999"><ele>295.21</ele><time>2026-09-20T6:12:54Z</time><extensions><speed>-1.0</speed><course>-1.0</course><hAcc>0.0</hAcc><vAcc>0.0</vAcc></extensions></trkpt><trkpt lat="49.63262901000002" lon="10.877707659999999"><ele>295.21</ele><time>2026-09-20T6:12:56Z</time><extensions><speed>-1.0</speed><course>-1.0</course><hAcc>0.0</hAcc><vAcc>0.0</vAcc></extensions></trkpt><trkpt lat="49.63269301000002" lon="10.877848329999999"><ele>295.21</ele><time>2026-09-20T6:12:58Z</time><extensions><speed>-1.0</speed><course>-1.0</course><hAcc>0.0</hAcc><vAcc>0.0</vAcc></extensions></trkpt><trkpt lat="49.63276034000002" lon="10.87799166"><ele>294.21</ele><time>2026-09-20T6:13:00Z</time><extensions><speed>-1.0</speed><course>-1.0</course><hAcc>0.0</hAcc><vAcc>0.0</vAcc></extensions></trkpt><trkpt lat="49.632832010000016" lon="10.878136329999998"><ele>294.21</ele><time>2026-09-20T6:13:02Z</time><extensions><speed>-1.0</speed><course>-1.0</course><hAcc>0.0</hAcc><vAcc>0.0</vAcc></extensions></trkpt><trkpt lat="49.63290634000001" lon="10.878280659999998"><ele>294.21</ele><time>2026-09-20T6:13:04Z</time><extensions><speed>-1.0</speed><course>-1.0</course><hAcc>0.0</hAcc><vAcc>0.0</vAcc></extensions></trkpt><trkpt lat="49.63296901000001" lon="10.878402329999998"><ele>294.21</ele><time>2026-09-20T6:13:05Z</time><extensions><speed>-1.0</speed><course>-1.0</course><hAcc>0.0</hAcc><vAcc>0.0</vAcc></extensions></trkpt><trkpt lat="49.63302534000001" lon="10.878505329999998"><ele>294.21</ele><time>2026-09-20T6:13:06Z</time><extensions><speed>-1.0</speed><course>-1.0</course><hAcc>0.0</hAcc><vAcc>0.0</vAcc></extensions></trkpt><trkpt lat="49.63308901000001" lon="10.878619329999998"><ele>294.21</ele><time>2026-09-20T6:13:08Z</time><extensions><speed>-1.0</speed><course>-1.0</course><hAcc>0.0</hAcc><vAcc>0.0</vAcc></extensions></trkpt><trkpt lat="49.633153010000015" lon="10.878741329999997"><ele>294.21</ele><time>2026-09-20T6:13:10Z</time><extensions><speed>-1.0</speed><course>-1.0</course><hAcc>0.0</hAcc><vAcc>0.0</vAcc></extensions></trkpt><trkpt lat="49.63319601000001" lon="10.878879329999997"><ele>294.21</ele><time>2026-09-20T6:13:12Z</time><extensions><speed>-1.0</speed><course>-1.0</course><hAcc>0.0</hAcc><vAcc>0.0</vAcc></extensions></trkpt><trkpt lat="49.63322468000001" lon="10.878999329999997"><ele>294.21</ele><time>2026-09-20T6:13:13Z</time><extensions><speed>-1.0</speed><course>-1.0</course><hAcc>0.0</hAcc><vAcc>0.0</vAcc></extensions></trkpt><trkpt lat="49.63325801000001" lon="10.879136999999998"><ele>294.21</ele><time>2026-09-20T6:13:15Z</time><extensions><speed>-1.0</speed><course>-1.0</course><hAcc>0.0</hAcc><vAcc>0.0</vAcc></extensions></trkpt><trkpt lat="49.63330934000001" lon="10.87927467"><ele>292.84000000000003</ele><time>2026-09-20T6:13:17Z</time><extensions><speed>-1.0</speed><course>-1.0</course><hAcc>0.0</hAcc><vAcc>0.0</vAcc></extensions></trkpt><trkpt lat="49.63335701000001" lon="10.879396"><ele>292.84000000000003</ele><time>2026-09-20T6:13:18Z</time><extensions><speed>-1.0</speed><course>-1.0</course><hAcc>0.0</hAcc><vAcc>0.0</vAcc></extensions></trkpt><trkpt lat="49.63339968000001" lon="10.87953533"><ele>292.84000000000003</ele><time>2026-09-20T6:13:20Z</time><extensions><speed>-1.0</speed><course>-1.0</course><hAcc>0.0</hAcc><vAcc>0.0</vAcc></extensions></trkpt><trkpt lat="49.63343435000001" lon="10.879659"><ele>292.84000000000003</ele><time>2026-09-20T6:13:21Z</time><extensions><speed>-1.0</speed><course>-1.0</course><hAcc>0.0</hAcc><vAcc>0.0</vAcc></extensions></trkpt><trkpt lat="49.63346202000001" lon="10.87977167"><ele>292.84000000000003</ele><time>2026-09-20T6:13:22Z</time><extensions><speed>-1.0</speed><course>-1.0</course><hAcc>0.0</hAcc><vAcc>0.0</vAcc></extensions></trkpt><trkpt lat="49.63349002000001" lon="10.87990667"><ele>292.84000000000003</ele><time>2026-09-20T6:13:24Z</time><extensions><speed>-1.0</speed><course>-1.0</course><hAcc>0.0</hAcc><vAcc>0.0</vAcc></extensions></trkpt><trkpt lat="49.633522690000014" lon="10.880065"><ele>291.93</ele><time>2026-09-20T6:13:26Z</time><extensions><speed>-1.0</speed><course>-1.0</course><hAcc>0.0</hAcc><vAcc>0.0</vAcc></extensions></trkpt><trkpt lat="49.63354136000002" lon="10.880223"><ele>291.93</ele><time>2026-09-20T6:13:28Z</time><extensions><speed>-1.0</speed><course>-1.0</course><hAcc>0.0</hAcc><vAcc>0.0</vAcc></extensions></trkpt><trkpt lat="49.633556360000014" lon="10.88038567"><ele>291.93</ele><time>2026-09-20T6:13:30Z</time><extensions><speed>-1.0</speed><course>-1.0</course><hAcc>0.0</hAcc><vAcc>0.0</vAcc></extensions></trkpt><trkpt lat="49.633566690000016" lon="10.880549"><ele>291.93</ele><time>2026-09-20T6:13:32Z</time><extensions><speed>-1.0</speed><course>-1.0</course><hAcc>0.0</hAcc><vAcc>0.0</vAcc></extensions></trkpt><trkpt lat="49.633575020000016" lon="10.88071467"><ele>290.84000000000003</ele><time>2026-09-20T6:13:34Z</time><extensions><speed>-1.0</speed><course>-1.0</course><hAcc>0.0</hAcc><vAcc>0.0</vAcc></extensions></trkpt><trkpt lat="49.63357702000002" lon="10.880878339999999"><ele>290.84000000000003</ele><time>2026-09-20T6:13:36Z</time><extensions><speed>-1.0</speed><course>-1.0</course><hAcc>0.0</hAcc><vAcc>0.0</vAcc></extensions></trkpt><trkpt lat="49.633575350000015" lon="10.881043009999999"><ele>290.84000000000003</ele><time>2026-09-20T6:13:38Z</time><extensions><speed>-1.0</speed><course>-1.0</course><hAcc>0.0</hAcc><vAcc>0.0</vAcc></extensions></trkpt><trkpt lat="49.63357335000001" lon="10.88118134"><ele>290.84000000000003</ele><time>2026-09-20T6:13:39Z</time><extensions><speed>-1.0</speed><course>-1.0</course><hAcc>0.0</hAcc><vAcc>0.0</vAcc></extensions></trkpt><trkpt lat="49.633569350000016" lon="10.88133034"><ele>290.84000000000003</ele><time>2026-09-20T6:13:41Z</time><extensions><speed>-1.0</speed><course>-1.0</course><hAcc>0.0</hAcc><vAcc>0.0</vAcc></extensions></trkpt><trkpt lat="49.63356535000002" lon="10.88145867"><ele>290.84000000000003</ele><time>2026-09-20T6:13:42Z</time><extensions><speed>-1.0</speed><course>-1.0</course><hAcc>0.0</hAcc><vAcc>0.0</vAcc></extensions></trkpt><trkpt lat="49.63356135000002" lon="10.881573000000001"><ele>290.84000000000003</ele><time>2026-09-20T6:13:43Z</time><extensions><speed>-1.0</speed><course>-1.0</course><hAcc>0.0</hAcc><vAcc>0.0</vAcc></extensions></trkpt><trkpt lat="49.63355835000002" lon="10.881678330000002"><ele>290.84000000000003</ele><time>2026-09-20T6:13:44Z</time><extensions><speed>-1.0</speed><course>-1.0</course><hAcc>0.0</hAcc><vAcc>0.0</vAcc></extensions></trkpt><trkpt lat="49.63355268000002" lon="10.881808330000002"><ele>290.84000000000003</ele><time>2026-09-20T6:13:46Z</time><extensions><speed>-1.0</speed><course>-1.0</course><hAcc>0.0</hAcc><vAcc>0.0</vAcc></extensions></trkpt><trkpt lat="49.63354468000002" lon="10.881955000000001"><ele>290.84000000000003</ele><time>2026-09-20T6:13:48Z</time><extensions><speed>-1.0</speed><course>-1.0</course><hAcc>0.0</hAcc><vAcc>0.0</vAcc></extensions></trkpt><trkpt lat="49.63353468000002" lon="10.88211367"><ele>290.84000000000003</ele><time>2026-09-20T6:13:50Z</time><extensions><speed>-1.0</speed><course>-1.0</course><hAcc>0.0</hAcc><vAcc>0.0</vAcc></extensions></trkpt><trkpt lat="49.63352635000002" lon="10.88227934"><ele>290.84000000000003</ele><time>2026-09-20T6:13:52Z</time><extensions><speed>-1.0</speed><course>-1.0</course><hAcc>0.0</hAcc><vAcc>0.0</vAcc></extensions></trkpt><trkpt lat="49.633518680000016" lon="10.88244934"><ele>290.84000000000003</ele><time>2026-09-20T6:13:54Z</time><extensions><speed>-1.0</speed><course>-1.0</course><hAcc>0.0</hAcc><vAcc>0.0</vAcc></extensions></trkpt><trkpt lat="49.63350901000002" lon="10.882622670000002"><ele>290.84000000000003</ele><time>2026-09-20T6:13:56Z</time><extensions><speed>-1.0</speed><course>-1.0</course><hAcc>0.0</hAcc><vAcc>0.0</vAcc></extensions></trkpt><trkpt lat="49.633499010000016" lon="10.882798340000003"><ele>290.84000000000003</ele><time>2026-09-20T6:13:58Z</time><extensions><speed>-1.0</speed><course>-1.0</course><hAcc>0.0</hAcc><vAcc>0.0</vAcc></extensions></trkpt><trkpt lat="49.63348601000001" lon="10.882975670000002"><ele>290.84000000000003</ele><time>2026-09-20T6:14:00Z</time><extensions><speed>-1.0</speed><course>-1.0</course><hAcc>0.0</hAcc><vAcc>0.0</vAcc></extensions></trkpt><trkpt lat="49.63347501000001" lon="10.883120340000001"><ele>290.84000000000003</ele><time>2026-09-20T6:14:01Z</time><extensions><speed>-1.0</speed><course>-1.0</course><hAcc>0.0</hAcc><vAcc>0.0</vAcc></extensions></trkpt><trkpt lat="49.633462340000015" lon="10.883248670000002"><ele>290.84000000000003</ele><time>2026-09-20T6:14:02Z</time><extensions><speed>-1.0</speed><course>-1.0</course><hAcc>0.0</hAcc><vAcc>0.0</vAcc></extensions></trkpt><trkpt lat="49.63344767000002" lon="10.883395670000002"><ele>290.84000000000003</ele><time>2026-09-20T6:14:04Z</time><extensions><speed>-1.0</speed><course>-1.0</course><hAcc>0.0</hAcc><vAcc>0.0</vAcc></extensions></trkpt><trkpt lat="49.633428000000016" lon="10.883556670000003"><ele>290.84000000000003</ele><time>2026-09-20T6:14:06Z</time><extensions><speed>-1.0</speed><course>-1.0</course><hAcc>0.0</hAcc><vAcc>0.0</vAcc></extensions></trkpt><trkpt lat="49.63340967000001" lon="10.883719000000003"><ele>290.84000000000003</ele><time>2026-09-20T6:14:08Z</time><extensions><speed>-1.0</speed><course>-1.0</course><hAcc>0.0</hAcc><vAcc>0.0</vAcc></extensions></trkpt><trkpt lat="49.63339000000001" lon="10.883878000000003"><ele>290.84000000000003</ele><time>2026-09-20T6:14:10Z</time><extensions><speed>-1.0</speed><course>-1.0</course><hAcc>0.0</hAcc><vAcc>0.0</vAcc></extensions></trkpt><trkpt lat="49.633372000000016" lon="10.884010670000002"><ele>290.84000000000003</ele><time>2026-09-20T6:14:11Z</time><extensions><speed>-1.0</speed><course>-1.0</course><hAcc>0.0</hAcc><vAcc>0.0</vAcc></extensions></trkpt><trkpt lat="49.63335467000002" lon="10.884126670000002"><ele>290.84000000000003</ele><time>2026-09-20T6:14:12Z</time><extensions><speed>-1.0</speed><course>-1.0</course><hAcc>0.0</hAcc><vAcc>0.0</vAcc></extensions></trkpt><trkpt lat="49.63333200000002" lon="10.884259000000002"><ele>290.84000000000003</ele><time>2026-09-20T6:14:14Z</time><extensions><speed>-1.0</speed><course>-1.0</course><hAcc>0.0</hAcc><vAcc>0.0</vAcc></extensions></trkpt><trkpt lat="49.63331100000002" lon="10.884377000000002"><ele>290.84000000000003</ele><time>2026-09-20T6:14:15Z</time><extensions><speed>-1.0</speed><course>-1.0</course><hAcc>0.0</hAcc><vAcc>0.0</vAcc></extensions></trkpt><trkpt lat="49.633290000000024" lon="10.884484330000003"><ele>290.84000000000003</ele><time>2026-09-20T6:14:16Z</time><extensions><speed>-1.0</speed><course>-1.0</course><hAcc>0.0</hAcc><vAcc>0.0</vAcc></extensions></trkpt><trkpt lat="49.63326200000002" lon="10.884613000000003"><ele>290.84000000000003</ele><time>2026-09-20T6:14:18Z</time><extensions><speed>-1.0</speed><course>-1.0</course><hAcc>0.0</hAcc><vAcc>0.0</vAcc></extensions></trkpt><trkpt lat="49.63322667000002" lon="10.884756670000003"><ele>290.84000000000003</ele><time>2026-09-20T6:14:20Z</time><extensions><speed>-1.0</speed><course>-1.0</course><hAcc>0.0</hAcc><vAcc>0.0</vAcc></extensions></trkpt><trkpt lat="49.63318500000002" lon="10.884910000000003"><ele>290.84000000000003</ele><time>2026-09-20T6:14:22Z</time><extensions><speed>-1.0</speed><course>-1.0</course><hAcc>0.0</hAcc><vAcc>0.0</vAcc></extensions></trkpt><trkpt lat="49.633141000000016" lon="10.885072670000003"><ele>290.84000000000003</ele><time>2026-09-20T6:14:24Z</time><extensions><speed>-1.0</speed><course>-1.0</course><hAcc>0.0</hAcc><vAcc>0.0</vAcc></extensions></trkpt><trkpt lat="49.63310033000002" lon="10.885210340000004"><ele>290.84000000000003</ele><time>2026-09-20T6:14:25Z</time><extensions><speed>-1.0</speed><course>-1.0</course><hAcc>0.0</hAcc><vAcc>0.0</vAcc></extensions></trkpt><trkpt lat="49.63305566000002" lon="10.885360340000004"><ele>290.84000000000003</ele><time>2026-09-20T6:14:27Z</time><extensions><speed>-1.0</speed><course>-1.0</course><hAcc>0.0</hAcc><vAcc>0.0</vAcc></extensions></trkpt><trkpt lat="49.63301633000002" lon="10.885490010000003"><ele>290.84000000000003</ele><time>2026-09-20T6:14:28Z</time><extensions><speed>-1.0</speed><course>-1.0</course><hAcc>0.0</hAcc><vAcc>0.0</vAcc></extensions></trkpt><trkpt lat="49.63297133000002" lon="10.885632680000004"><ele>290.84000000000003</ele><time>2026-09-20T6:14:30Z</time><extensions><speed>-1.0</speed><course>-1.0</course><hAcc>0.0</hAcc><vAcc>0.0</vAcc></extensions></trkpt><trkpt lat="49.63292366000002" lon="10.885786010000004"><ele>290.84000000000003</ele><time>2026-09-20T6:14:32Z</time><extensions><speed>-1.0</speed><course>-1.0</course><hAcc>0.0</hAcc><vAcc>0.0</vAcc></extensions></trkpt><trkpt lat="49.632874330000014" lon="10.885946340000004"><ele>290.84000000000003</ele><time>2026-09-20T6:14:34Z</time><extensions><speed>-1.0</speed><course>-1.0</course><hAcc>0.0</hAcc><vAcc>0.0</vAcc></extensions></trkpt><trkpt lat="49.632831660000015" lon="10.886082670000004"><ele>290.84000000000003</ele><time>2026-09-20T6:14:35Z</time><extensions><speed>-1.0</speed><course>-1.0</course><hAcc>0.0</hAcc><vAcc>0.0</vAcc></extensions></trkpt><trkpt lat="49.632783660000015" lon="10.886229340000003"><ele>290.84000000000003</ele><time>2026-09-20T6:14:37Z</time><extensions><speed>-1.0</speed><course>-1.0</course><hAcc>0.0</hAcc><vAcc>0.0</vAcc></extensions></trkpt><trkpt lat="49.63274266000001" lon="10.886356670000003"><ele>290.84000000000003</ele><time>2026-09-20T6:14:38Z</time><extensions><speed>-1.0</speed><course>-1.0</course><hAcc>0.0</hAcc><vAcc>0.0</vAcc></extensions></trkpt><trkpt lat="49.63269766000001" lon="10.886496670000003"><ele>290.84000000000003</ele><time>2026-09-20T6:14:40Z</time><extensions><speed>-1.0</speed><course>-1.0</course><hAcc>0.0</hAcc><vAcc>0.0</vAcc></extensions></trkpt><trkpt lat="49.632648990000014" lon="10.886649000000004"><ele>290.84000000000003</ele><time>2026-09-20T6:14:42Z</time><extensions><speed>-1.0</speed><course>-1.0</course><hAcc>0.0</hAcc><vAcc>0.0</vAcc></extensions></trkpt><trkpt lat="49.63259632000001" lon="10.886808670000004"><ele>290.84000000000003</ele><time>2026-09-20T6:14:44Z</time><extensions><speed>-1.0</speed><course>-1.0</course><hAcc>0.0</hAcc><vAcc>0.0</vAcc></extensions></trkpt><trkpt lat="49.63254332000001" lon="10.886974000000004"><ele>290.84000000000003</ele><time>2026-09-20T6:14:46Z</time><extensions><speed>-1.0</speed><course>-1.0</course><hAcc>0.0</hAcc><vAcc>0.0</vAcc></extensions></trkpt><trkpt lat="49.63248965000001" lon="10.887139330000004"><ele>290.84000000000003</ele><time>2026-09-20T6:14:48Z</time><extensions><speed>-1.0</speed><course>-1.0</course><hAcc>0.0</hAcc><vAcc>0.0</vAcc></extensions></trkpt><trkpt lat="49.63243532000001" lon="10.887307330000004"><ele>290.84000000000003</ele><time>2026-09-20T6:14:50Z</time><extensions><speed>-1.0</speed><course>-1.0</course><hAcc>0.0</hAcc><vAcc>0.0</vAcc></extensions></trkpt><trkpt lat="49.632380650000016" lon="10.887476330000004"><ele>290.84000000000003</ele><time>2026-09-20T6:14:52Z</time><extensions><speed>-1.0</speed><course>-1.0</course><hAcc>0.0</hAcc><vAcc>0.0</vAcc></extensions></trkpt><trkpt lat="49.63232565000001" lon="10.887648330000003"><ele>290.84000000000003</ele><time>2026-09-20T6:14:54Z</time><extensions><speed>-1.0</speed><course>-1.0</course><hAcc>0.0</hAcc><vAcc>0.0</vAcc></extensions></trkpt><trkpt lat="49.632270980000015" lon="10.887821660000004"><ele>290.84000000000003</ele><time>2026-09-20T6:14:56Z</time><extensions><speed>-1.0</speed><course>-1.0</course><hAcc>0.0</hAcc><vAcc>0.0</vAcc></extensions></trkpt><trkpt lat="49.63221665000002" lon="10.887996330000004"><ele>290.84000000000003</ele><time>2026-09-20T6:14:58Z</time><extensions><speed>-1.0</speed><course>-1.0</course><hAcc>0.0</hAcc><vAcc>0.0</vAcc></extensions></trkpt><trkpt lat="49.63216332000002" lon="10.888170330000003"><ele>290.84000000000003</ele><time>2026-09-20T6:15:00Z</time><extensions><speed>-1.0</speed><course>-1.0</course><hAcc>0.0</hAcc><vAcc>0.0</vAcc></extensions></trkpt><trkpt lat="49.632119320000015" lon="10.888316330000004"><ele>290.84000000000003</ele><time>2026-09-20T6:15:01Z</time><extensions><speed>-1.0</speed><course>-1.0</course><hAcc>0.0</hAcc><vAcc>0.0</vAcc></extensions></trkpt><trkpt lat="49.63207365000002" lon="10.888471660000004"><ele>290.84000000000003</ele><time>2026-09-20T6:15:03Z</time><extensions><speed>-1.0</speed><course>-1.0</course><hAcc>0.0</hAcc><vAcc>0.0</vAcc></extensions></trkpt><trkpt lat="49.632034980000014" lon="10.888604660000004"><ele>290.84000000000003</ele><time>2026-09-20T6:15:04Z</time><extensions><speed>-1.0</speed><course>-1.0</course><hAcc>0.0</hAcc><vAcc>0.0</vAcc></extensions></trkpt><trkpt lat="49.631992650000015" lon="10.888749990000004"><ele>290.84000000000003</ele><time>2026-09-20T6:15:06Z</time><extensions><speed>-1.0</speed><course>-1.0</course><hAcc>0.0</hAcc><vAcc>0.0</vAcc></extensions></trkpt><trkpt lat="49.63194832000001" lon="10.888902990000004"><ele>290.84000000000003</ele><time>2026-09-20T6:15:08Z</time><extensions><speed>-1.0</speed><course>-1.0</course><hAcc>0.0</hAcc><vAcc>0.0</vAcc></extensions></trkpt><trkpt lat="49.63190399000001" lon="10.889062660000004"><ele>290.84000000000003</ele><time>2026-09-20T6:15:10Z</time><extensions><speed>-1.0</speed><course>-1.0</course><hAcc>0.0</hAcc><vAcc>0.0</vAcc></extensions></trkpt><trkpt lat="49.63185999000001" lon="10.889224990000004"><ele>290.84000000000003</ele><time>2026-09-20T6:15:12Z</time><extensions><speed>-1.0</speed><course>-1.0</course><hAcc>0.0</hAcc><vAcc>0.0</vAcc></extensions></trkpt><trkpt lat="49.63181632000001" lon="10.889389320000005"><ele>290.84000000000003</ele><time>2026-09-20T6:15:14Z</time><extensions><speed>-1.0</speed><course>-1.0</course><hAcc>0.0</hAcc><vAcc>0.0</vAcc></extensions></trkpt><trkpt lat="49.63177432000001" lon="10.889554320000006"><ele>290.84000000000003</ele><time>2026-09-20T6:15:16Z</time><extensions><speed>-1.0</speed><course>-1.0</course><hAcc>0.0</hAcc><vAcc>0.0</vAcc></extensions></trkpt><trkpt lat="49.63173199000001" lon="10.889717990000005"><ele>290.84000000000003</ele><time>2026-09-20T6:15:18Z</time><extensions><speed>-1.0</speed><course>-1.0</course><hAcc>0.0</hAcc><vAcc>0.0</vAcc></extensions></trkpt><trkpt lat="49.63169032000001" lon="10.889881990000005"><ele>290.84000000000003</ele><time>2026-09-20T6:15:20Z</time><extensions><speed>-1.0</speed><course>-1.0</course><hAcc>0.0</hAcc><vAcc>0.0</vAcc></extensions></trkpt><trkpt lat="49.631649650000014" lon="10.890045660000004"><ele>290.84000000000003</ele><time>2026-09-20T6:15:22Z</time><extensions><speed>-1.0</speed><course>-1.0</course><hAcc>0.0</hAcc><vAcc>0.0</vAcc></extensions></trkpt><trkpt lat="49.63161065000001" lon="10.890213660000004"><ele>290.84000000000003</ele><time>2026-09-20T6:15:24Z</time><extensions><speed>-1.0</speed><course>-1.0</course><hAcc>0.0</hAcc><vAcc>0.0</vAcc></extensions></trkpt><trkpt lat="49.63157398000001" lon="10.890386330000004"><ele>290.84000000000003</ele><time>2026-09-20T6:15:26Z</time><extensions><speed>-1.0</speed><course>-1.0</course><hAcc>0.0</hAcc><vAcc>0.0</vAcc></extensions></trkpt><trkpt lat="49.63154365000001" lon="10.890530660000003"><ele>290.84000000000003</ele><time>2026-09-20T6:15:27Z</time><extensions><speed>-1.0</speed><course>-1.0</course><hAcc>0.0</hAcc><vAcc>0.0</vAcc></extensions></trkpt><trkpt lat="49.63151298000001" lon="10.890685660000003"><ele>290.84000000000003</ele><time>2026-09-20T6:15:29Z</time><extensions><speed>-1.0</speed><course>-1.0</course><hAcc>0.0</hAcc><vAcc>0.0</vAcc></extensions></trkpt><trkpt lat="49.631486310000014" lon="10.890819330000003"><ele>290.84000000000003</ele><time>2026-09-20T6:15:30Z</time><extensions><speed>-1.0</speed><course>-1.0</course><hAcc>0.0</hAcc><vAcc>0.0</vAcc></extensions></trkpt><trkpt lat="49.63145831000001" lon="10.890969000000004"><ele>290.84000000000003</ele><time>2026-09-20T6:15:32Z</time><extensions><speed>-1.0</speed><course>-1.0</course><hAcc>0.0</hAcc><vAcc>0.0</vAcc></extensions></trkpt><trkpt lat="49.63142864000001" lon="10.891125670000005"><ele>290.84000000000003</ele><time>2026-09-20T6:15:34Z</time><extensions><speed>-1.0</speed><course>-1.0</course><hAcc>0.0</hAcc><vAcc>0.0</vAcc></extensions></trkpt><trkpt lat="49.63139931000001" lon="10.891287670000004"><ele>290.84000000000003</ele><time>2026-09-20T6:15:36Z</time><extensions><speed>-1.0</speed><course>-1.0</course><hAcc>0.0</hAcc><vAcc>0.0</vAcc></extensions></trkpt><trkpt lat="49.63136998000002" lon="10.891453340000004"><ele>290.84000000000003</ele><time>2026-09-20T6:15:38Z</time><extensions><speed>-1.0</speed><course>-1.0</course><hAcc>0.0</hAcc><vAcc>0.0</vAcc></extensions></trkpt><trkpt lat="49.631341980000016" lon="10.891620670000004"><ele>290.84000000000003</ele><time>2026-09-20T6:15:40Z</time><extensions><speed>-1.0</speed><course>-1.0</course><hAcc>0.0</hAcc><vAcc>0.0</vAcc></extensions></trkpt><trkpt lat="49.63131498000001" lon="10.891788340000003"><ele>290.84000000000003</ele><time>2026-09-20T6:15:42Z</time><extensions><speed>-1.0</speed><course>-1.0</course><hAcc>0.0</hAcc><vAcc>0.0</vAcc></extensions></trkpt><trkpt lat="49.631289310000014" lon="10.891957340000003"><ele>290.84000000000003</ele><time>2026-09-20T6:15:44Z</time><extensions><speed>-1.0</speed><course>-1.0</course><hAcc>0.0</hAcc><vAcc>0.0</vAcc></extensions></trkpt><trkpt lat="49.63126464000001" lon="10.892129670000003"><ele>290.84000000000003</ele><time>2026-09-20T6:15:46Z</time><extensions><speed>-1.0</speed><course>-1.0</course><hAcc>0.0</hAcc><vAcc>0.0</vAcc></extensions></trkpt><trkpt lat="49.631240970000015" lon="10.892305000000002"><ele>290.84000000000003</ele><time>2026-09-20T6:15:48Z</time><extensions><speed>-1.0</speed><course>-1.0</course><hAcc>0.0</hAcc><vAcc>0.0</vAcc></extensions></trkpt><trkpt lat="49.631217970000016" lon="10.892482330000002"><ele>290.84000000000003</ele><time>2026-09-20T6:15:50Z</time><extensions><speed>-1.0</speed><course>-1.0</course><hAcc>0.0</hAcc><vAcc>0.0</vAcc></extensions></trkpt><trkpt lat="49.63119664000001" lon="10.892661330000001"><ele>290.84000000000003</ele><time>2026-09-20T6:15:52Z</time><extensions><speed>-1.0</speed><course>-1.0</course><hAcc>0.0</hAcc><vAcc>0.0</vAcc></extensions></trkpt><trkpt lat="49.631176310000015" lon="10.89284166"><ele>290.84000000000003</ele><time>2026-09-20T6:15:54Z</time><extensions><speed>-1.0</speed><course>-1.0</course><hAcc>0.0</hAcc><vAcc>0.0</vAcc></extensions></trkpt><trkpt lat="49.631162310000015" lon="10.89299066"><ele>290.84000000000003</ele><time>2026-09-20T6:15:55Z</time><extensions><speed>-1.0</speed><course>-1.0</course><hAcc>0.0</hAcc><vAcc>0.0</vAcc></extensions></trkpt><trkpt lat="49.63114964000002" lon="10.89312233"><ele>290.84000000000003</ele><time>2026-09-20T6:15:56Z</time><extensions><speed>-1.0</speed><course>-1.0</course><hAcc>0.0</hAcc><vAcc>0.0</vAcc></extensions></trkpt><trkpt lat="49.63113331000002" lon="10.893273"><ele>290.84000000000003</ele><time>2026-09-20T6:15:58Z</time><extensions><speed>-1.0</speed><course>-1.0</course><hAcc>0.0</hAcc><vAcc>0.0</vAcc></extensions></trkpt><trkpt lat="49.63111898000002" lon="10.89343533"><ele>290.84000000000003</ele><time>2026-09-20T6:16:00Z</time><extensions><speed>-1.0</speed><course>-1.0</course><hAcc>0.0</hAcc><vAcc>0.0</vAcc></extensions></trkpt><trkpt lat="49.63110465000002" lon="10.893607000000001"><ele>290.84000000000003</ele><time>2026-09-20T6:16:02Z</time><extensions><speed>-1.0</speed><course>-1.0</course><hAcc>0.0</hAcc><vAcc>0.0</vAcc></extensions></trkpt><trkpt lat="49.63109065000002" lon="10.893782670000002"><ele>290.84000000000003</ele><time>2026-09-20T6:16:04Z</time><extensions><speed>-1.0</speed><course>-1.0</course><hAcc>0.0</hAcc><vAcc>0.0</vAcc></extensions></trkpt><trkpt lat="49.63107665000002" lon="10.893963340000003"><ele>290.84000000000003</ele><time>2026-09-20T6:16:06Z</time><extensions><speed>-1.0</speed><course>-1.0</course><hAcc>0.0</hAcc><vAcc>0.0</vAcc></extensions></trkpt><trkpt lat="49.63106398000002" lon="10.894147340000004"><ele>290.84000000000003</ele><time>2026-09-20T6:16:08Z</time><extensions><speed>-1.0</speed><course>-1.0</course><hAcc>0.0</hAcc><vAcc>0.0</vAcc></extensions></trkpt><trkpt lat="49.63105265000002" lon="10.894332670000004"><ele>290.84000000000003</ele><time>2026-09-20T6:16:10Z</time><extensions><speed>-1.0</speed><course>-1.0</course><hAcc>0.0</hAcc><vAcc>0.0</vAcc></extensions></trkpt><trkpt lat="49.63104232000002" lon="10.894519670000005"><ele>290.84000000000003</ele><time>2026-09-20T6:16:12Z</time><extensions><speed>-1.0</speed><course>-1.0</course><hAcc>0.0</hAcc><vAcc>0.0</vAcc></extensions></trkpt><trkpt lat="49.63103299000002" lon="10.894703000000005"><ele>290.84000000000003</ele><time>2026-09-20T6:16:14Z</time><extensions><speed>-1.0</speed><course>-1.0</course><hAcc>0.0</hAcc><vAcc>0.0</vAcc></extensions></trkpt><trkpt lat="49.631023990000024" lon="10.894887670000005"><ele>290.84000000000003</ele><time>2026-09-20T6:16:16Z</time><extensions><speed>-1.0</speed><course>-1.0</course><hAcc>0.0</hAcc><vAcc>0.0</vAcc></extensions></trkpt><trkpt lat="49.63101666000002" lon="10.895074670000005"><ele>290.84000000000003</ele><time>2026-09-20T6:16:18Z</time><extensions><speed>-1.0</speed><course>-1.0</course><hAcc>0.0</hAcc><vAcc>0.0</vAcc></extensions></trkpt><trkpt lat="49.63100933000002" lon="10.895262000000004"><ele>290.84000000000003</ele><time>2026-09-20T6:16:20Z</time><extensions><speed>-1.0</speed><course>-1.0</course><hAcc>0.0</hAcc><vAcc>0.0</vAcc></extensions></trkpt><trkpt lat="49.63099866000002" lon="10.895450000000004"><ele>290.84000000000003</ele><time>2026-09-20T6:16:22Z</time><extensions><speed>-1.0</speed><course>-1.0</course><hAcc>0.0</hAcc><vAcc>0.0</vAcc></extensions></trkpt><trkpt lat="49.630985330000016" lon="10.895638330000004"><ele>290.84000000000003</ele><time>2026-09-20T6:16:24Z</time><extensions><speed>-1.0</speed><course>-1.0</course><hAcc>0.0</hAcc><vAcc>0.0</vAcc></extensions></trkpt><trkpt lat="49.630968330000016" lon="10.895826330000004"><ele>290.84000000000003</ele><time>2026-09-20T6:16:26Z</time><extensions><speed>-1.0</speed><course>-1.0</course><hAcc>0.0</hAcc><vAcc>0.0</vAcc></extensions></trkpt><trkpt lat="49.630952330000014" lon="10.895983660000004"><ele>290.84000000000003</ele><time>2026-09-20T6:16:27Z</time><extensions><speed>-1.0</speed><course>-1.0</course><hAcc>0.0</hAcc><vAcc>0.0</vAcc></extensions></trkpt><trkpt lat="49.63093066000001" lon="10.896149660000004"><ele>290.84000000000003</ele><time>2026-09-20T6:16:29Z</time><extensions><speed>-1.0</speed><course>-1.0</course><hAcc>0.0</hAcc><vAcc>0.0</vAcc></extensions></trkpt><trkpt lat="49.63091133000001" lon="10.896292330000005"><ele>290.84000000000003</ele><time>2026-09-20T6:16:30Z</time><extensions><speed>-1.0</speed><course>-1.0</course><hAcc>0.0</hAcc><vAcc>0.0</vAcc></extensions></trkpt><trkpt lat="49.63088666000001" lon="10.896448330000005"><ele>290.84000000000003</ele><time>2026-09-20T6:16:32Z</time><extensions><speed>-1.0</speed><course>-1.0</course><hAcc>0.0</hAcc><vAcc>0.0</vAcc></extensions></trkpt><trkpt lat="49.63085599000001" lon="10.896611660000005"><ele>290.84000000000003</ele><time>2026-09-20T6:16:34Z</time><extensions><speed>-1.0</speed><course>-1.0</course><hAcc>0.0</hAcc><vAcc>0.0</vAcc></extensions></trkpt><trkpt lat="49.63082199000001" lon="10.896779330000005"><ele>290.84000000000003</ele><time>2026-09-20T6:16:36Z</time><extensions><speed>-1.0</speed><course>-1.0</course><hAcc>0.0</hAcc><vAcc>0.0</vAcc></extensions></trkpt><trkpt lat="49.63078432000001" lon="10.896947330000005"><ele>290.84000000000003</ele><time>2026-09-20T6:16:38Z</time><extensions><speed>-1.0</speed><course>-1.0</course><hAcc>0.0</hAcc><vAcc>0.0</vAcc></extensions></trkpt><trkpt lat="49.63074165000001" lon="10.897112330000006"><ele>290.84000000000003</ele><time>2026-09-20T6:16:40Z</time><extensions><speed>-1.0</speed><course>-1.0</course><hAcc>0.0</hAcc><vAcc>0.0</vAcc></extensions></trkpt><trkpt lat="49.630703980000014" lon="10.897249330000006"><ele>290.84000000000003</ele><time>2026-09-20T6:16:41Z</time><extensions><speed>-1.0</speed><course>-1.0</course><hAcc>0.0</hAcc><vAcc>0.0</vAcc></extensions></trkpt><trkpt lat="49.63067065000001" lon="10.897368660000007"><ele>290.84000000000003</ele><time>2026-09-20T6:16:42Z</time><extensions><speed>-1.0</speed><course>-1.0</course><hAcc>0.0</hAcc><vAcc>0.0</vAcc></extensions></trkpt><trkpt lat="49.630632980000016" lon="10.897500660000007"><ele>290.84000000000003</ele><time>2026-09-20T6:16:44Z</time><extensions><speed>-1.0</speed><course>-1.0</course><hAcc>0.0</hAcc><vAcc>0.0</vAcc></extensions></trkpt><trkpt lat="49.630596310000016" lon="10.897642990000007"><ele>290.84000000000003</ele><time>2026-09-20T6:16:46Z</time><extensions><speed>-1.0</speed><course>-1.0</course><hAcc>0.0</hAcc><vAcc>0.0</vAcc></extensions></trkpt><trkpt lat="49.63056098000001" lon="10.897791320000007"><ele>290.84000000000003</ele><time>2026-09-20T6:16:48Z</time><extensions><speed>-1.0</speed><course>-1.0</course><hAcc>0.0</hAcc><vAcc>0.0</vAcc></extensions></trkpt><trkpt lat="49.630523310000015" lon="10.897943650000007"><ele>290.84000000000003</ele><time>2026-09-20T6:16:50Z</time><extensions><speed>-1.0</speed><course>-1.0</course><hAcc>0.0</hAcc><vAcc>0.0</vAcc></extensions></trkpt><trkpt lat="49.630480980000016" lon="10.898097980000008"><ele>290.84000000000003</ele><time>2026-09-20T6:16:52Z</time><extensions><speed>-1.0</speed><course>-1.0</course><hAcc>0.0</hAcc><vAcc>0.0</vAcc></extensions></trkpt><trkpt lat="49.63042965000002" lon="10.898250980000007"><ele>290.84000000000003</ele><time>2026-09-20T6:16:54Z</time><extensions><speed>-1.0</speed><course>-1.0</course><hAcc>0.0</hAcc><vAcc>0.0</vAcc></extensions></trkpt><trkpt lat="49.63037065000002" lon="10.898401310000008"><ele>290.84000000000003</ele><time>2026-09-20T6:16:56Z</time><extensions><speed>-1.0</speed><course>-1.0</course><hAcc>0.0</hAcc><vAcc>0.0</vAcc></extensions></trkpt><trkpt lat="49.63031132000002" lon="10.898553310000008"><ele>291.75</ele><time>2026-09-20T6:16:58Z</time><extensions><speed>-1.0</speed><course>-1.0</course><hAcc>0.0</hAcc><vAcc>0.0</vAcc></extensions></trkpt><trkpt lat="49.63024832000002" lon="10.898706310000007"><ele>291.75</ele><time>2026-09-20T6:17:00Z</time><extensions><speed>-1.0</speed><course>-1.0</course><hAcc>0.0</hAcc><vAcc>0.0</vAcc></extensions></trkpt><trkpt lat="49.63018432000002" lon="10.898860640000008"><ele>291.75</ele><time>2026-09-20T6:17:02Z</time><extensions><speed>-1.0</speed><course>-1.0</course><hAcc>0.0</hAcc><vAcc>0.0</vAcc></extensions></trkpt><trkpt lat="49.630120990000016" lon="10.899014640000008"><ele>291.75</ele><time>2026-09-20T6:17:04Z</time><extensions><speed>-1.0</speed><course>-1.0</course><hAcc>0.0</hAcc><vAcc>0.0</vAcc></extensions></trkpt><trkpt lat="49.630056990000014" lon="10.899167310000008"><ele>291.75</ele><time>2026-09-20T6:17:06Z</time><extensions><speed>-1.0</speed><course>-1.0</course><hAcc>0.0</hAcc><vAcc>0.0</vAcc></extensions></trkpt><trkpt lat="49.62999299000001" lon="10.899318310000009"><ele>291.75</ele><time>2026-09-20T6:17:08Z</time><extensions><speed>-1.0</speed><course>-1.0</course><hAcc>0.0</hAcc><vAcc>0.0</vAcc></extensions></trkpt><trkpt lat="49.62992632000001" lon="10.89946564000001"><ele>291.75</ele><time>2026-09-20T6:17:10Z</time><extensions><speed>-1.0</speed><course>-1.0</course><hAcc>0.0</hAcc><vAcc>0.0</vAcc></extensions></trkpt><trkpt lat="49.62986099000001" lon="10.89961164000001"><ele>291.75</ele><time>2026-09-20T6:17:12Z</time><extensions><speed>-1.0</speed><course>-1.0</course><hAcc>0.0</hAcc><vAcc>0.0</vAcc></extensions></trkpt><trkpt lat="49.62979966000001" lon="10.89975997000001"><ele>291.75</ele><time>2026-09-20T6:17:14Z</time><extensions><speed>-1.0</speed><course>-1.0</course><hAcc>0.0</hAcc><vAcc>0.0</vAcc></extensions></trkpt><trkpt lat="49.62973966000001" lon="10.89991064000001"><ele>290.66</ele><time>2026-09-20T6:17:16Z</time><extensions><speed>-1.0</speed><course>-1.0</course><hAcc>0.0</hAcc><vAcc>0.0</vAcc></extensions></trkpt><trkpt lat="49.629690990000014" lon="10.90003664000001"><ele>290.66</ele><time>2026-09-20T6:17:17Z</time><extensions><speed>-1.0</speed><course>-1.0</course><hAcc>0.0</hAcc><vAcc>0.0</vAcc></extensions></trkpt><trkpt lat="49.629640320000014" lon="10.90017131000001"><ele>290.66</ele><time>2026-09-20T6:17:19Z</time><extensions><speed>-1.0</speed><course>-1.0</course><hAcc>0.0</hAcc><vAcc>0.0</vAcc></extensions></trkpt><trkpt lat="49.62959899000001" lon="10.90028531000001"><ele>290.66</ele><time>2026-09-20T6:17:20Z</time><extensions><speed>-1.0</speed><course>-1.0</course><hAcc>0.0</hAcc><vAcc>0.0</vAcc></extensions></trkpt><trkpt lat="49.629552990000015" lon="10.90041131000001"><ele>290.66</ele><time>2026-09-20T6:17:22Z</time><extensions><speed>-1.0</speed><course>-1.0</course><hAcc>0.0</hAcc><vAcc>0.0</vAcc></extensions></trkpt><trkpt lat="49.62950666000001" lon="10.900550980000009"><ele>290.66</ele><time>2026-09-20T6:17:24Z</time><extensions><speed>-1.0</speed><course>-1.0</course><hAcc>0.0</hAcc><vAcc>0.0</vAcc></extensions></trkpt><trkpt lat="49.62946033000001" lon="10.90070065000001"><ele>290.66</ele><time>2026-09-20T6:17:26Z</time><extensions><speed>-1.0</speed><course>-1.0</course><hAcc>0.0</hAcc><vAcc>0.0</vAcc></extensions></trkpt><trkpt lat="49.62942066000001" lon="10.90085432000001"><ele>290.66</ele><time>2026-09-20T6:17:28Z</time><extensions><speed>-1.0</speed><course>-1.0</course><hAcc>0.0</hAcc><vAcc>0.0</vAcc></extensions></trkpt><trkpt lat="49.62938366000001" lon="10.90100999000001"><ele>290.66</ele><time>2026-09-20T6:17:30Z</time><extensions><speed>-1.0</speed><course>-1.0</course><hAcc>0.0</hAcc><vAcc>0.0</vAcc></extensions></trkpt><trkpt lat="49.62935466000001" lon="10.90114299000001"><ele>290.66</ele><time>2026-09-20T6:17:31Z</time><extensions><speed>-1.0</speed><course>-1.0</course><hAcc>0.0</hAcc><vAcc>0.0</vAcc></extensions></trkpt><trkpt lat="49.62932999000001" lon="10.901260660000009"><ele>288.48</ele><time>2026-09-20T6:17:32Z</time><extensions><speed>-1.0</speed><course>-1.0</course><hAcc>0.0</hAcc><vAcc>0.0</vAcc></extensions></trkpt><trkpt lat="49.62930666000001" lon="10.90139599000001"><ele>288.48</ele><time>2026-09-20T6:17:34Z</time><extensions><speed>-1.0</speed><course>-1.0</course><hAcc>0.0</hAcc><vAcc>0.0</vAcc></extensions></trkpt><trkpt lat="49.62928399000001" lon="10.90154166000001"><ele>288.48</ele><time>2026-09-20T6:17:36Z</time><extensions><speed>-1.0</speed><course>-1.0</course><hAcc>0.0</hAcc><vAcc>0.0</vAcc></extensions></trkpt><trkpt lat="49.62926532000001" lon="10.90166733000001"><ele>288.48</ele><time>2026-09-20T6:17:37Z</time><extensions><speed>-1.0</speed><course>-1.0</course><hAcc>0.0</hAcc><vAcc>0.0</vAcc></extensions></trkpt><trkpt lat="49.62925099000001" lon="10.901780660000009"><ele>288.48</ele><time>2026-09-20T6:17:38Z</time><extensions><speed>-1.0</speed><course>-1.0</course><hAcc>0.0</hAcc><vAcc>0.0</vAcc></extensions></trkpt><trkpt lat="49.62923432000001" lon="10.90190699000001"><ele>288.48</ele><time>2026-09-20T6:17:40Z</time><extensions><speed>-1.0</speed><course>-1.0</course><hAcc>0.0</hAcc><vAcc>0.0</vAcc></extensions></trkpt><trkpt lat="49.62921632000001" lon="10.90205066000001"><ele>288.48</ele><time>2026-09-20T6:17:42Z</time><extensions><speed>-1.0</speed><course>-1.0</course><hAcc>0.0</hAcc><vAcc>0.0</vAcc></extensions></trkpt><trkpt lat="49.62919965000001" lon="10.90220266000001"><ele>288.48</ele><time>2026-09-20T6:17:44Z</time><extensions><speed>-1.0</speed><course>-1.0</course><hAcc>0.0</hAcc><vAcc>0.0</vAcc></extensions></trkpt><trkpt lat="49.62918498000001" lon="10.902332330000009"><ele>288.48</ele><time>2026-09-20T6:17:45Z</time><extensions><speed>-1.0</speed><course>-1.0</course><hAcc>0.0</hAcc><vAcc>0.0</vAcc></extensions></trkpt><trkpt lat="49.62917131000001" lon="10.90244833000001"><ele>288.48</ele><time>2026-09-20T6:17:46Z</time><extensions><speed>-1.0</speed><course>-1.0</course><hAcc>0.0</hAcc><vAcc>0.0</vAcc></extensions></trkpt><trkpt lat="49.62915498000001" lon="10.90257966000001"><ele>288.48</ele><time>2026-09-20T6:17:48Z</time><extensions><speed>-1.0</speed><course>-1.0</course><hAcc>0.0</hAcc><vAcc>0.0</vAcc></extensions></trkpt><trkpt lat="49.62913798000001" lon="10.902724330000009"><ele>290.12</ele><time>2026-09-20T6:17:50Z</time><extensions><speed>-1.0</speed><course>-1.0</course><hAcc>0.0</hAcc><vAcc>0.0</vAcc></extensions></trkpt><trkpt lat="49.62912298000001" lon="10.90284933000001"><ele>290.12</ele><time>2026-09-20T6:17:51Z</time><extensions><speed>-1.0</speed><course>-1.0</course><hAcc>0.0</hAcc><vAcc>0.0</vAcc></extensions></trkpt><trkpt lat="49.62910898000001" lon="10.902960000000009"><ele>290.12</ele><time>2026-09-20T6:17:52Z</time><extensions><speed>-1.0</speed><course>-1.0</course><hAcc>0.0</hAcc><vAcc>0.0</vAcc></extensions></trkpt><trkpt lat="49.62909531000001" lon="10.90306100000001"><ele>290.12</ele><time>2026-09-20T6:17:53Z</time><extensions><speed>-1.0</speed><course>-1.0</course><hAcc>0.0</hAcc><vAcc>0.0</vAcc></extensions></trkpt><trkpt lat="49.62907564000001" lon="10.90317967000001"><ele>290.12</ele><time>2026-09-20T6:17:55Z</time><extensions><speed>-1.0</speed><course>-1.0</course><hAcc>0.0</hAcc><vAcc>0.0</vAcc></extensions></trkpt><trkpt lat="49.62905731000001" lon="10.903285000000011"><ele>290.12</ele><time>2026-09-20T6:17:56Z</time><extensions><speed>-1.0</speed><course>-1.0</course><hAcc>0.0</hAcc><vAcc>0.0</vAcc></extensions></trkpt><trkpt lat="49.629032640000005" lon="10.903406330000012"><ele>290.12</ele><time>2026-09-20T6:17:58Z</time><extensions><speed>-1.0</speed><course>-1.0</course><hAcc>0.0</hAcc><vAcc>0.0</vAcc></extensions></trkpt><trkpt lat="49.62900597000001" lon="10.903539330000012"><ele>290.12</ele><time>2026-09-20T6:18:00Z</time><extensions><speed>-1.0</speed><course>-1.0</course><hAcc>0.0</hAcc><vAcc>0.0</vAcc></extensions></trkpt><trkpt lat="49.62897697000001" lon="10.903679330000012"><ele>290.12</ele><time>2026-09-20T6:18:02Z</time><extensions><speed>-1.0</speed><course>-1.0</course><hAcc>0.0</hAcc><vAcc>0.0</vAcc></extensions></trkpt><trkpt lat="49.62894797000001" lon="10.903818330000012"><ele>290.12</ele><time>2026-09-20T6:18:04Z</time><extensions><speed>-1.0</speed><course>-1.0</course><hAcc>0.0</hAcc><vAcc>0.0</vAcc></extensions></trkpt><trkpt lat="49.62891230000001" lon="10.903957330000013"><ele>290.12</ele><time>2026-09-20T6:18:06Z</time><extensions><speed>-1.0</speed><course>-1.0</course><hAcc>0.0</hAcc><vAcc>0.0</vAcc></extensions></trkpt><trkpt lat="49.62887530000001" lon="10.904099660000012"><ele>290.12</ele><time>2026-09-20T6:18:08Z</time><extensions><speed>-1.0</speed><course>-1.0</course><hAcc>0.0</hAcc><vAcc>0.0</vAcc></extensions></trkpt><trkpt lat="49.62883930000001" lon="10.904237330000013"><ele>290.12</ele><time>2026-09-20T6:18:10Z</time><extensions><speed>-1.0</speed><course>-1.0</course><hAcc>0.0</hAcc><vAcc>0.0</vAcc></extensions></trkpt><trkpt lat="49.628801300000006" lon="10.904372660000014"><ele>290.12</ele><time>2026-09-20T6:18:12Z</time><extensions><speed>-1.0</speed><course>-1.0</course><hAcc>0.0</hAcc><vAcc>0.0</vAcc></extensions></trkpt><trkpt lat="49.628767630000006" lon="10.904484990000014"><ele>290.12</ele><time>2026-09-20T6:18:13Z</time><extensions><speed>-1.0</speed><course>-1.0</course><hAcc>0.0</hAcc><vAcc>0.0</vAcc></extensions></trkpt><trkpt lat="49.6287323" lon="10.904597320000015"><ele>290.12</ele><time>2026-09-20T6:18:15Z</time><extensions><speed>-1.0</speed><course>-1.0</course><hAcc>0.0</hAcc><vAcc>0.0</vAcc></extensions></trkpt><trkpt lat="49.628702970000006" lon="10.904692650000015"><ele>290.12</ele><time>2026-09-20T6:18:16Z</time><extensions><speed>-1.0</speed><course>-1.0</course><hAcc>0.0</hAcc><vAcc>0.0</vAcc></extensions></trkpt><trkpt lat="49.628677970000005" lon="10.904776320000016"><ele>290.12</ele><time>2026-09-20T6:18:17Z</time><extensions><speed>-1.0</speed><course>-1.0</course><hAcc>0.0</hAcc><vAcc>0.0</vAcc></extensions></trkpt><trkpt lat="49.628649300000006" lon="10.904870650000015"><ele>290.12</ele><time>2026-09-20T6:18:19Z</time><extensions><speed>-1.0</speed><course>-1.0</course><hAcc>0.0</hAcc><vAcc>0.0</vAcc></extensions></trkpt><trkpt lat="49.62862297000001" lon="10.904951320000015"><ele>290.93</ele><time>2026-09-20T6:18:20Z</time><extensions><speed>-1.0</speed><course>-1.0</course><hAcc>0.0</hAcc><vAcc>0.0</vAcc></extensions></trkpt><trkpt lat="49.62859164000001" lon="10.905042990000014"><ele>290.93</ele><time>2026-09-20T6:18:22Z</time><extensions><speed>-1.0</speed><course>-1.0</course><hAcc>0.0</hAcc><vAcc>0.0</vAcc></extensions></trkpt><trkpt lat="49.62856497000001" lon="10.905124320000015"><ele>292.39</ele><time>2026-09-20T6:18:23Z</time><extensions><speed>-1.0</speed><course>-1.0</course><hAcc>0.0</hAcc><vAcc>0.0</vAcc></extensions></trkpt><trkpt lat="49.62853830000002" lon="10.905198990000015"><ele>292.39</ele><time>2026-09-20T6:18:24Z</time><extensions><speed>-1.0</speed><course>-1.0</course><hAcc>0.0</hAcc><vAcc>0.0</vAcc></extensions></trkpt><trkpt lat="49.62850663000002" lon="10.905286320000014"><ele>292.39</ele><time>2026-09-20T6:18:26Z</time><extensions><speed>-1.0</speed><course>-1.0</course><hAcc>0.0</hAcc><vAcc>0.0</vAcc></extensions></trkpt><trkpt lat="49.628476960000015" lon="10.905363650000014"><ele>292.39</ele><time>2026-09-20T6:18:27Z</time><extensions><speed>-1.0</speed><course>-1.0</course><hAcc>0.0</hAcc><vAcc>0.0</vAcc></extensions></trkpt><trkpt lat="49.628443290000014" lon="10.905454320000015"><ele>292.39</ele><time>2026-09-20T6:18:29Z</time><extensions><speed>-1.0</speed><course>-1.0</course><hAcc>0.0</hAcc><vAcc>0.0</vAcc></extensions></trkpt><trkpt lat="49.628406960000014" lon="10.905547990000015"><ele>292.39</ele><time>2026-09-20T6:18:31Z</time><extensions><speed>-1.0</speed><course>-1.0</course><hAcc>0.0</hAcc><vAcc>0.0</vAcc></extensions></trkpt><trkpt lat="49.62837329000001" lon="10.905627990000015"><ele>292.39</ele><time>2026-09-20T6:18:32Z</time><extensions><speed>-1.0</speed><course>-1.0</course><hAcc>0.0</hAcc><vAcc>0.0</vAcc></extensions></trkpt><trkpt lat="49.62833762000001" lon="10.905722990000015"><ele>292.39</ele><time>2026-09-20T6:18:34Z</time><extensions><speed>-1.0</speed><course>-1.0</course><hAcc>0.0</hAcc><vAcc>0.0</vAcc></extensions></trkpt><trkpt lat="49.62829695000001" lon="10.905829660000014"><ele>292.39</ele><time>2026-09-20T6:18:36Z</time><extensions><speed>-1.0</speed><course>-1.0</course><hAcc>0.0</hAcc><vAcc>0.0</vAcc></extensions></trkpt><trkpt lat="49.628259950000015" lon="10.905922330000015"><ele>292.39</ele><time>2026-09-20T6:18:37Z</time><extensions><speed>-1.0</speed><course>-1.0</course><hAcc>0.0</hAcc><vAcc>0.0</vAcc></extensions></trkpt><trkpt lat="49.62821895000001" lon="10.906025660000015"><ele>292.39</ele><time>2026-09-20T6:18:39Z</time><extensions><speed>-1.0</speed><course>-1.0</course><hAcc>0.0</hAcc><vAcc>0.0</vAcc></extensions></trkpt><trkpt lat="49.62818262000001" lon="10.906114660000014"><ele>292.39</ele><time>2026-09-20T6:18:40Z</time><extensions><speed>-1.0</speed><course>-1.0</course><hAcc>0.0</hAcc><vAcc>0.0</vAcc></extensions></trkpt><trkpt lat="49.62814529000001" lon="10.906221990000015"><ele>292.39</ele><time>2026-09-20T6:18:42Z</time><extensions><speed>-1.0</speed><course>-1.0</course><hAcc>0.0</hAcc><vAcc>0.0</vAcc></extensions></trkpt><trkpt lat="49.628101960000016" lon="10.906338990000014"><ele>292.39</ele><time>2026-09-20T6:18:44Z</time><extensions><speed>-1.0</speed><course>-1.0</course><hAcc>0.0</hAcc><vAcc>0.0</vAcc></extensions></trkpt><trkpt lat="49.628054960000014" lon="10.906460660000015"><ele>292.39</ele><time>2026-09-20T6:18:46Z</time><extensions><speed>-1.0</speed><course>-1.0</course><hAcc>0.0</hAcc><vAcc>0.0</vAcc></extensions></trkpt><trkpt lat="49.62799996000001" lon="10.906583330000014"><ele>292.39</ele><time>2026-09-20T6:18:48Z</time><extensions><speed>-1.0</speed><course>-1.0</course><hAcc>0.0</hAcc><vAcc>0.0</vAcc></extensions></trkpt><trkpt lat="49.62794429000001" lon="10.906715660000014"><ele>292.39</ele><time>2026-09-20T6:18:50Z</time><extensions><speed>-1.0</speed><course>-1.0</course><hAcc>0.0</hAcc><vAcc>0.0</vAcc></extensions></trkpt><trkpt lat="49.62788829000001" lon="10.906853990000014"><ele>292.39</ele><time>2026-09-20T6:18:52Z</time><extensions><speed>-1.0</speed><course>-1.0</course><hAcc>0.0</hAcc><vAcc>0.0</vAcc></extensions></trkpt><trkpt lat="49.627827290000006" lon="10.906989660000015"><ele>292.39</ele><time>2026-09-20T6:18:54Z</time><extensions><speed>-1.0</speed><course>-1.0</course><hAcc>0.0</hAcc><vAcc>0.0</vAcc></extensions></trkpt><trkpt lat="49.627766290000004" lon="10.907128660000016"><ele>292.39</ele><time>2026-09-20T6:18:56Z</time><extensions><speed>-1.0</speed><course>-1.0</course><hAcc>0.0</hAcc><vAcc>0.0</vAcc></extensions></trkpt><trkpt lat="49.62770596000001" lon="10.907272660000016"><ele>292.39</ele><time>2026-09-20T6:18:58Z</time><extensions><speed>-1.0</speed><course>-1.0</course><hAcc>0.0</hAcc><vAcc>0.0</vAcc></extensions></trkpt><trkpt lat="49.62764663000001" lon="10.907415990000016"><ele>292.39</ele><time>2026-09-20T6:19:00Z</time><extensions><speed>-1.0</speed><course>-1.0</course><hAcc>0.0</hAcc><vAcc>0.0</vAcc></extensions></trkpt><trkpt lat="49.627591630000005" lon="10.907564660000016"><ele>292.39</ele><time>2026-09-20T6:19:02Z</time><extensions><speed>-1.0</speed><course>-1.0</course><hAcc>0.0</hAcc><vAcc>0.0</vAcc></extensions></trkpt><trkpt lat="49.62754263000001" lon="10.907715660000017"><ele>292.39</ele><time>2026-09-20T6:19:04Z</time><extensions><speed>-1.0</speed><course>-1.0</course><hAcc>0.0</hAcc><vAcc>0.0</vAcc></extensions></trkpt><trkpt lat="49.627506630000006" lon="10.907844660000016"><ele>292.39</ele><time>2026-09-20T6:19:05Z</time><extensions><speed>-1.0</speed><course>-1.0</course><hAcc>0.0</hAcc><vAcc>0.0</vAcc></extensions></trkpt><trkpt lat="49.6274743" lon="10.907981990000016"><ele>291.57</ele><time>2026-09-20T6:19:07Z</time><extensions><speed>-1.0</speed><course>-1.0</course><hAcc>0.0</hAcc><vAcc>0.0</vAcc></extensions></trkpt><trkpt lat="49.62744863" lon="10.908100990000015"><ele>291.57</ele><time>2026-09-20T6:19:08Z</time><extensions><speed>-1.0</speed><course>-1.0</course><hAcc>0.0</hAcc><vAcc>0.0</vAcc></extensions></trkpt><trkpt lat="49.627422630000005" lon="10.908227320000016"><ele>291.57</ele><time>2026-09-20T6:19:10Z</time><extensions><speed>-1.0</speed><course>-1.0</course><hAcc>0.0</hAcc><vAcc>0.0</vAcc></extensions></trkpt><trkpt lat="49.62739863" lon="10.908364320000016"><ele>291.57</ele><time>2026-09-20T6:19:12Z</time><extensions><speed>-1.0</speed><course>-1.0</course><hAcc>0.0</hAcc><vAcc>0.0</vAcc></extensions></trkpt><trkpt lat="49.6273733" lon="10.908510320000017"><ele>291.57</ele><time>2026-09-20T6:19:14Z</time><extensions><speed>-1.0</speed><course>-1.0</course><hAcc>0.0</hAcc><vAcc>0.0</vAcc></extensions></trkpt><trkpt lat="49.627349630000005" lon="10.908655650000018"><ele>291.57</ele><time>2026-09-20T6:19:16Z</time><extensions><speed>-1.0</speed><course>-1.0</course><hAcc>0.0</hAcc><vAcc>0.0</vAcc></extensions></trkpt><trkpt lat="49.62732763" lon="10.908801980000018"><ele>291.57</ele><time>2026-09-20T6:19:18Z</time><extensions><speed>-1.0</speed><course>-1.0</course><hAcc>0.0</hAcc><vAcc>0.0</vAcc></extensions></trkpt><trkpt lat="49.62730663000001" lon="10.908946650000017"><ele>291.57</ele><time>2026-09-20T6:19:20Z</time><extensions><speed>-1.0</speed><course>-1.0</course><hAcc>0.0</hAcc><vAcc>0.0</vAcc></extensions></trkpt><trkpt lat="49.627284960000004" lon="10.909092980000016"><ele>291.57</ele><time>2026-09-20T6:19:22Z</time><extensions><speed>-1.0</speed><course>-1.0</course><hAcc>0.0</hAcc><vAcc>0.0</vAcc></extensions></trkpt><trkpt lat="49.627264630000006" lon="10.909237650000016"><ele>291.57</ele><time>2026-09-20T6:19:24Z</time><extensions><speed>-1.0</speed><course>-1.0</course><hAcc>0.0</hAcc><vAcc>0.0</vAcc></extensions></trkpt><trkpt lat="49.62724696000001" lon="10.909356980000016"><ele>291.57</ele><time>2026-09-20T6:19:25Z</time><extensions><speed>-1.0</speed><course>-1.0</course><hAcc>0.0</hAcc><vAcc>0.0</vAcc></extensions></trkpt><trkpt lat="49.62723229000001" lon="10.909460310000016"><ele>291.57</ele><time>2026-09-20T6:19:26Z</time><extensions><speed>-1.0</speed><course>-1.0</course><hAcc>0.0</hAcc><vAcc>0.0</vAcc></extensions></trkpt><trkpt lat="49.62721862000001" lon="10.909551310000015"><ele>291.57</ele><time>2026-09-20T6:19:27Z</time><extensions><speed>-1.0</speed><course>-1.0</course><hAcc>0.0</hAcc><vAcc>0.0</vAcc></extensions></trkpt><trkpt lat="49.627205290000006" lon="10.909633640000015"><ele>291.57</ele><time>2026-09-20T6:19:28Z</time><extensions><speed>-1.0</speed><course>-1.0</course><hAcc>0.0</hAcc><vAcc>0.0</vAcc></extensions></trkpt><trkpt lat="49.62719062000001" lon="10.909725970000014"><ele>291.57</ele><time>2026-09-20T6:19:30Z</time><extensions><speed>-1.0</speed><course>-1.0</course><hAcc>0.0</hAcc><vAcc>0.0</vAcc></extensions></trkpt><trkpt lat="49.62717629000001" lon="10.909808970000014"><ele>291.57</ele><time>2026-09-20T6:19:32Z</time><extensions><speed>-1.0</speed><course>-1.0</course><hAcc>0.0</hAcc><vAcc>0.0</vAcc></extensions></trkpt><trkpt lat="49.62716662000001" lon="10.909899640000015"><ele>291.57</ele><time>2026-09-20T6:19:34Z</time><extensions><speed>-1.0</speed><course>-1.0</course><hAcc>0.0</hAcc><vAcc>0.0</vAcc></extensions></trkpt><trkpt lat="49.62715095000001" lon="10.909996640000015"><ele>291.57</ele><time>2026-09-20T6:19:36Z</time><extensions><speed>-1.0</speed><course>-1.0</course><hAcc>0.0</hAcc><vAcc>0.0</vAcc></extensions></trkpt><trkpt lat="49.62712062000001" lon="10.910100970000014"><ele>291.57</ele><time>2026-09-20T6:19:38Z</time><extensions><speed>-1.0</speed><course>-1.0</course><hAcc>0.0</hAcc><vAcc>0.0</vAcc></extensions></trkpt><trkpt lat="49.62708629000001" lon="10.910217970000014"><ele>291.57</ele><time>2026-09-20T6:19:40Z</time><extensions><speed>-1.0</speed><course>-1.0</course><hAcc>0.0</hAcc><vAcc>0.0</vAcc></extensions></trkpt><trkpt lat="49.62705029000001" lon="10.910341640000015"><ele>292.39</ele><time>2026-09-20T6:19:42Z</time><extensions><speed>-1.0</speed><course>-1.0</course><hAcc>0.0</hAcc><vAcc>0.0</vAcc></extensions></trkpt><trkpt lat="49.62701362000001" lon="10.910474310000014"><ele>292.39</ele><time>2026-09-20T6:19:44Z</time><extensions><speed>-1.0</speed><course>-1.0</course><hAcc>0.0</hAcc><vAcc>0.0</vAcc></extensions></trkpt><trkpt lat="49.62697362000001" lon="10.910613980000013"><ele>292.39</ele><time>2026-09-20T6:19:46Z</time><extensions><speed>-1.0</speed><course>-1.0</course><hAcc>0.0</hAcc><vAcc>0.0</vAcc></extensions></trkpt><trkpt lat="49.626929620000006" lon="10.910754650000014"><ele>292.39</ele><time>2026-09-20T6:19:48Z</time><extensions><speed>-1.0</speed><course>-1.0</course><hAcc>0.0</hAcc><vAcc>0.0</vAcc></extensions></trkpt><trkpt lat="49.62688629000001" lon="10.910897320000014"><ele>292.39</ele><time>2026-09-20T6:19:50Z</time><extensions><speed>-1.0</speed><course>-1.0</course><hAcc>0.0</hAcc><vAcc>0.0</vAcc></extensions></trkpt><trkpt lat="49.62683829000001" lon="10.911038320000014"><ele>292.39</ele><time>2026-09-20T6:19:52Z</time><extensions><speed>-1.0</speed><course>-1.0</course><hAcc>0.0</hAcc><vAcc>0.0</vAcc></extensions></trkpt><trkpt lat="49.62679896000001" lon="10.911156990000014"><ele>292.39</ele><time>2026-09-20T6:19:53Z</time><extensions><speed>-1.0</speed><course>-1.0</course><hAcc>0.0</hAcc><vAcc>0.0</vAcc></extensions></trkpt><trkpt lat="49.62676596000001" lon="10.911258990000015"><ele>292.39</ele><time>2026-09-20T6:19:54Z</time><extensions><speed>-1.0</speed><course>-1.0</course><hAcc>0.0</hAcc><vAcc>0.0</vAcc></extensions></trkpt><trkpt lat="49.62673763000001" lon="10.911351990000014"><ele>292.39</ele><time>2026-09-20T6:19:55Z</time><extensions><speed>-1.0</speed><course>-1.0</course><hAcc>0.0</hAcc><vAcc>0.0</vAcc></extensions></trkpt><trkpt lat="49.62670930000001" lon="10.911466320000015"><ele>292.39</ele><time>2026-09-20T6:19:57Z</time><extensions><speed>-1.0</speed><course>-1.0</course><hAcc>0.0</hAcc><vAcc>0.0</vAcc></extensions></trkpt><trkpt lat="49.626682300000006" lon="10.911592320000015"><ele>292.39</ele><time>2026-09-20T6:19:59Z</time><extensions><speed>-1.0</speed><course>-1.0</course><hAcc>0.0</hAcc><vAcc>0.0</vAcc></extensions></trkpt><trkpt lat="49.62666163000001" lon="10.911700650000014"><ele>292.39</ele><time>2026-09-20T6:20:00Z</time><extensions><speed>-1.0</speed><course>-1.0</course><hAcc>0.0</hAcc><vAcc>0.0</vAcc></extensions></trkpt><trkpt lat="49.626642960000005" lon="10.911826320000014"><ele>292.39</ele><time>2026-09-20T6:20:02Z</time><extensions><speed>-1.0</speed><course>-1.0</course><hAcc>0.0</hAcc><vAcc>0.0</vAcc></extensions></trkpt><trkpt lat="49.62662496000001" lon="10.911960320000013"><ele>292.39</ele><time>2026-09-20T6:20:04Z</time><extensions><speed>-1.0</speed><course>-1.0</course><hAcc>0.0</hAcc><vAcc>0.0</vAcc></extensions></trkpt><trkpt lat="49.62660796000001" lon="10.912097320000013"><ele>292.39</ele><time>2026-09-20T6:20:06Z</time><extensions><speed>-1.0</speed><course>-1.0</course><hAcc>0.0</hAcc><vAcc>0.0</vAcc></extensions></trkpt><trkpt lat="49.626591960000006" lon="10.912238990000013"><ele>292.39</ele><time>2026-09-20T6:20:08Z</time><extensions><speed>-1.0</speed><course>-1.0</course><hAcc>0.0</hAcc><vAcc>0.0</vAcc></extensions></trkpt><trkpt lat="49.62657763000001" lon="10.912383320000012"><ele>292.39</ele><time>2026-09-20T6:20:10Z</time><extensions><speed>-1.0</speed><course>-1.0</course><hAcc>0.0</hAcc><vAcc>0.0</vAcc></extensions></trkpt><trkpt lat="49.626563960000006" lon="10.912533650000013"><ele>292.39</ele><time>2026-09-20T6:20:12Z</time><extensions><speed>-1.0</speed><course>-1.0</course><hAcc>0.0</hAcc><vAcc>0.0</vAcc></extensions></trkpt><trkpt lat="49.62654863000001" lon="10.912686650000012"><ele>292.39</ele><time>2026-09-20T6:20:14Z</time><extensions><speed>-1.0</speed><course>-1.0</course><hAcc>0.0</hAcc><vAcc>0.0</vAcc></extensions></trkpt><trkpt lat="49.62653363000001" lon="10.912838650000012"><ele>292.39</ele><time>2026-09-20T6:20:16Z</time><extensions><speed>-1.0</speed><course>-1.0</course><hAcc>0.0</hAcc><vAcc>0.0</vAcc></extensions></trkpt><trkpt lat="49.62651630000001" lon="10.912985320000011"><ele>292.39</ele><time>2026-09-20T6:20:18Z</time><extensions><speed>-1.0</speed><course>-1.0</course><hAcc>0.0</hAcc><vAcc>0.0</vAcc></extensions></trkpt><trkpt lat="49.62650263000001" lon="10.913115990000012"><ele>292.39</ele><time>2026-09-20T6:20:19Z</time><extensions><speed>-1.0</speed><course>-1.0</course><hAcc>0.0</hAcc><vAcc>0.0</vAcc></extensions></trkpt><trkpt lat="49.62648830000001" lon="10.913258320000011"><ele>292.39</ele><time>2026-09-20T6:20:21Z</time><extensions><speed>-1.0</speed><course>-1.0</course><hAcc>0.0</hAcc><vAcc>0.0</vAcc></extensions></trkpt><trkpt lat="49.626470630000014" lon="10.91338232000001"><ele>292.39</ele><time>2026-09-20T6:20:22Z</time><extensions><speed>-1.0</speed><course>-1.0</course><hAcc>0.0</hAcc><vAcc>0.0</vAcc></extensions></trkpt><trkpt lat="49.626444960000015" lon="10.91351665000001"><ele>292.39</ele><time>2026-09-20T6:20:24Z</time><extensions><speed>-1.0</speed><course>-1.0</course><hAcc>0.0</hAcc><vAcc>0.0</vAcc></extensions></trkpt><trkpt lat="49.62642896000001" lon="10.913632980000012"><ele>292.39</ele><time>2026-09-20T6:20:25Z</time><extensions><speed>-1.0</speed><course>-1.0</course><hAcc>0.0</hAcc><vAcc>0.0</vAcc></extensions></trkpt><trkpt lat="49.626405290000015" lon="10.913763980000011"><ele>292.39</ele><time>2026-09-20T6:20:27Z</time><extensions><speed>-1.0</speed><course>-1.0</course><hAcc>0.0</hAcc><vAcc>0.0</vAcc></extensions></trkpt><trkpt lat="49.62638462000002" lon="10.913881650000011"><ele>292.39</ele><time>2026-09-20T6:20:28Z</time><extensions><speed>-1.0</speed><course>-1.0</course><hAcc>0.0</hAcc><vAcc>0.0</vAcc></extensions></trkpt><trkpt lat="49.62635295000002" lon="10.914008650000012"><ele>292.39</ele><time>2026-09-20T6:20:30Z</time><extensions><speed>-1.0</speed><course>-1.0</course><hAcc>0.0</hAcc><vAcc>0.0</vAcc></extensions></trkpt><trkpt lat="49.62631662000002" lon="10.914138650000012"><ele>292.39</ele><time>2026-09-20T6:20:32Z</time><extensions><speed>-1.0</speed><course>-1.0</course><hAcc>0.0</hAcc><vAcc>0.0</vAcc></extensions></trkpt><trkpt lat="49.62627429000002" lon="10.914268980000012"><ele>292.39</ele><time>2026-09-20T6:20:34Z</time><extensions><speed>-1.0</speed><course>-1.0</course><hAcc>0.0</hAcc><vAcc>0.0</vAcc></extensions></trkpt><trkpt lat="49.626244620000016" lon="10.914387310000011"><ele>292.39</ele><time>2026-09-20T6:20:35Z</time><extensions><speed>-1.0</speed><course>-1.0</course><hAcc>0.0</hAcc><vAcc>0.0</vAcc></extensions></trkpt><trkpt lat="49.62621862000002" lon="10.91449164000001"><ele>291.57</ele><time>2026-09-20T6:20:36Z</time><extensions><speed>-1.0</speed><course>-1.0</course><hAcc>0.0</hAcc><vAcc>0.0</vAcc></extensions></trkpt><trkpt lat="49.62618995000002" lon="10.914611640000011"><ele>291.57</ele><time>2026-09-20T6:20:38Z</time><extensions><speed>-1.0</speed><course>-1.0</course><hAcc>0.0</hAcc><vAcc>0.0</vAcc></extensions></trkpt><trkpt lat="49.626165620000016" lon="10.914743640000012"><ele>290.57</ele><time>2026-09-20T6:20:40Z</time><extensions><speed>-1.0</speed><course>-1.0</course><hAcc>0.0</hAcc><vAcc>0.0</vAcc></extensions></trkpt><trkpt lat="49.62613629000002" lon="10.914878640000012"><ele>290.57</ele><time>2026-09-20T6:20:42Z</time><extensions><speed>-1.0</speed><course>-1.0</course><hAcc>0.0</hAcc><vAcc>0.0</vAcc></extensions></trkpt><trkpt lat="49.62608496000002" lon="10.914984970000011"><ele>290.57</ele><time>2026-09-20T6:20:44Z</time><extensions><speed>-1.0</speed><course>-1.0</course><hAcc>0.0</hAcc><vAcc>0.0</vAcc></extensions></trkpt><trkpt lat="49.626010630000025" lon="10.915046970000011"><ele>290.57</ele><time>2026-09-20T6:20:46Z</time><extensions><speed>-1.0</speed><course>-1.0</course><hAcc>0.0</hAcc><vAcc>0.0</vAcc></extensions></trkpt><trkpt lat="49.625926300000025" lon="10.915079970000011"><ele>290.57</ele><time>2026-09-20T6:20:48Z</time><extensions><speed>-1.0</speed><course>-1.0</course><hAcc>0.0</hAcc><vAcc>0.0</vAcc></extensions></trkpt><trkpt lat="49.625833630000024" lon="10.915090300000012"><ele>290.57</ele><time>2026-09-20T6:20:50Z</time><extensions><speed>-1.0</speed><course>-1.0</course><hAcc>0.0</hAcc><vAcc>0.0</vAcc></extensions></trkpt><trkpt lat="49.62573630000002" lon="10.915089630000011"><ele>290.57</ele><time>2026-09-20T6:20:52Z</time><extensions><speed>-1.0</speed><course>-1.0</course><hAcc>0.0</hAcc><vAcc>0.0</vAcc></extensions></trkpt><trkpt lat="49.62563297000002" lon="10.915074630000012"><ele>290.57</ele><time>2026-09-20T6:20:54Z</time><extensions><speed>-1.0</speed><course>-1.0</course><hAcc>0.0</hAcc><vAcc>0.0</vAcc></extensions></trkpt><trkpt lat="49.62552530000002" lon="10.915051630000011"><ele>290.57</ele><time>2026-09-20T6:20:56Z</time><extensions><speed>-1.0</speed><course>-1.0</course><hAcc>0.0</hAcc><vAcc>0.0</vAcc></extensions></trkpt><trkpt lat="49.62541397000002" lon="10.915023960000012"><ele>289.66</ele><time>2026-09-20T6:20:58Z</time><extensions><speed>-1.0</speed><course>-1.0</course><hAcc>0.0</hAcc><vAcc>0.0</vAcc></extensions></trkpt><trkpt lat="49.62530097000002" lon="10.915031630000012"><ele>289.66</ele><time>2026-09-20T6:21:00Z</time><extensions><speed>-1.0</speed><course>-1.0</course><hAcc>0.0</hAcc><vAcc>0.0</vAcc></extensions></trkpt><trkpt lat="49.62520264000002" lon="10.915086960000012"><ele>289.66</ele><time>2026-09-20T6:21:02Z</time><extensions><speed>-1.0</speed><course>-1.0</course><hAcc>0.0</hAcc><vAcc>0.0</vAcc></extensions></trkpt><trkpt lat="49.62511697000002" lon="10.915176290000012"><ele>288.48</ele><time>2026-09-20T6:21:04Z</time><extensions><speed>-1.0</speed><course>-1.0</course><hAcc>0.0</hAcc><vAcc>0.0</vAcc></extensions></trkpt><trkpt lat="49.62503664000002" lon="10.915283960000012"><ele>288.48</ele><time>2026-09-20T6:21:06Z</time><extensions><speed>-1.0</speed><course>-1.0</course><hAcc>0.0</hAcc><vAcc>0.0</vAcc></extensions></trkpt><trkpt lat="49.62496097000002" lon="10.915403290000013"><ele>288.48</ele><time>2026-09-20T6:21:08Z</time><extensions><speed>-1.0</speed><course>-1.0</course><hAcc>0.0</hAcc><vAcc>0.0</vAcc></extensions></trkpt><trkpt lat="49.62489230000002" lon="10.915535290000014"><ele>287.48</ele><time>2026-09-20T6:21:10Z</time><extensions><speed>-1.0</speed><course>-1.0</course><hAcc>0.0</hAcc><vAcc>0.0</vAcc></extensions></trkpt><trkpt lat="49.624831970000024" lon="10.915679620000013"><ele>287.48</ele><time>2026-09-20T6:21:12Z</time><extensions><speed>-1.0</speed><course>-1.0</course><hAcc>0.0</hAcc><vAcc>0.0</vAcc></extensions></trkpt><trkpt lat="49.624778640000024" lon="10.915832290000013"><ele>287.48</ele><time>2026-09-20T6:21:14Z</time><extensions><speed>-1.0</speed><course>-1.0</course><hAcc>0.0</hAcc><vAcc>0.0</vAcc></extensions></trkpt><trkpt lat="49.624732970000025" lon="10.915995290000014"><ele>287.48</ele><time>2026-09-20T6:21:16Z</time><extensions><speed>-1.0</speed><course>-1.0</course><hAcc>0.0</hAcc><vAcc>0.0</vAcc></extensions></trkpt><trkpt lat="49.62469297000003" lon="10.916164960000014"><ele>287.48</ele><time>2026-09-20T6:21:18Z</time><extensions><speed>-1.0</speed><course>-1.0</course><hAcc>0.0</hAcc><vAcc>0.0</vAcc></extensions></trkpt><trkpt lat="49.62466164000003" lon="10.916340960000014"><ele>287.48</ele><time>2026-09-20T6:21:20Z</time><extensions><speed>-1.0</speed><course>-1.0</course><hAcc>0.0</hAcc><vAcc>0.0</vAcc></extensions></trkpt><trkpt lat="49.62463564000003" lon="10.916519630000014"><ele>287.48</ele><time>2026-09-20T6:21:22Z</time><extensions><speed>-1.0</speed><course>-1.0</course><hAcc>0.0</hAcc><vAcc>0.0</vAcc></extensions></trkpt><trkpt lat="49.62461531000003" lon="10.916701300000014"><ele>286.66</ele><time>2026-09-20T6:21:24Z</time><extensions><speed>-1.0</speed><course>-1.0</course><hAcc>0.0</hAcc><vAcc>0.0</vAcc></extensions></trkpt><trkpt lat="49.62459531000003" lon="10.916886970000014"><ele>286.66</ele><time>2026-09-20T6:21:26Z</time><extensions><speed>-1.0</speed><course>-1.0</course><hAcc>0.0</hAcc><vAcc>0.0</vAcc></extensions></trkpt><trkpt lat="49.62457831000003" lon="10.917070300000015"><ele>286.66</ele><time>2026-09-20T6:21:28Z</time><extensions><speed>-1.0</speed><course>-1.0</course><hAcc>0.0</hAcc><vAcc>0.0</vAcc></extensions></trkpt><trkpt lat="49.624565640000036" lon="10.917255300000015"><ele>286.66</ele><time>2026-09-20T6:21:30Z</time><extensions><speed>-1.0</speed><course>-1.0</course><hAcc>0.0</hAcc><vAcc>0.0</vAcc></extensions></trkpt><trkpt lat="49.62455797000003" lon="10.917440630000016"><ele>286.66</ele><time>2026-09-20T6:21:32Z</time><extensions><speed>-1.0</speed><course>-1.0</course><hAcc>0.0</hAcc><vAcc>0.0</vAcc></extensions></trkpt><trkpt lat="49.624553970000036" lon="10.917624960000015"><ele>286.66</ele><time>2026-09-20T6:21:34Z</time><extensions><speed>-1.0</speed><course>-1.0</course><hAcc>0.0</hAcc><vAcc>0.0</vAcc></extensions></trkpt><trkpt lat="49.62455264000003" lon="10.917778290000015"><ele>286.66</ele><time>2026-09-20T6:21:35Z</time><extensions><speed>-1.0</speed><course>-1.0</course><hAcc>0.0</hAcc><vAcc>0.0</vAcc></extensions></trkpt><trkpt lat="49.624554640000035" lon="10.917909620000016"><ele>286.66</ele><time>2026-09-20T6:21:36Z</time><extensions><speed>-1.0</speed><course>-1.0</course><hAcc>0.0</hAcc><vAcc>0.0</vAcc></extensions></trkpt><trkpt lat="49.62455964000004" lon="10.918027290000015"><ele>286.66</ele><time>2026-09-20T6:21:37Z</time><extensions><speed>-1.0</speed><course>-1.0</course><hAcc>0.0</hAcc><vAcc>0.0</vAcc></extensions></trkpt><trkpt lat="49.624563310000035" lon="10.918136960000016"><ele>286.66</ele><time>2026-09-20T6:21:38Z</time><extensions><speed>-1.0</speed><course>-1.0</course><hAcc>0.0</hAcc><vAcc>0.0</vAcc></extensions></trkpt><trkpt lat="49.62457064000004" lon="10.918272290000017"><ele>286.66</ele><time>2026-09-20T6:21:40Z</time><extensions><speed>-1.0</speed><course>-1.0</course><hAcc>0.0</hAcc><vAcc>0.0</vAcc></extensions></trkpt><trkpt lat="49.624580310000034" lon="10.918423960000016"><ele>285.84000000000003</ele><time>2026-09-20T6:21:42Z</time><extensions><speed>-1.0</speed><course>-1.0</course><hAcc>0.0</hAcc><vAcc>0.0</vAcc></extensions></trkpt><trkpt lat="49.624594310000035" lon="10.918588960000017"><ele>285.84000000000003</ele><time>2026-09-20T6:21:44Z</time><extensions><speed>-1.0</speed><course>-1.0</course><hAcc>0.0</hAcc><vAcc>0.0</vAcc></extensions></trkpt><trkpt lat="49.62461464000003" lon="10.918757960000017"><ele>285.84000000000003</ele><time>2026-09-20T6:21:46Z</time><extensions><speed>-1.0</speed><course>-1.0</course><hAcc>0.0</hAcc><vAcc>0.0</vAcc></extensions></trkpt><trkpt lat="49.62463797000003" lon="10.918927630000017"><ele>284.3</ele><time>2026-09-20T6:21:48Z</time><extensions><speed>-1.0</speed><course>-1.0</course><hAcc>0.0</hAcc><vAcc>0.0</vAcc></extensions></trkpt><trkpt lat="49.62466597000003" lon="10.919099300000017"><ele>284.3</ele><time>2026-09-20T6:21:50Z</time><extensions><speed>-1.0</speed><course>-1.0</course><hAcc>0.0</hAcc><vAcc>0.0</vAcc></extensions></trkpt><trkpt lat="49.62470064000003" lon="10.919264970000016"><ele>284.3</ele><time>2026-09-20T6:21:52Z</time><extensions><speed>-1.0</speed><course>-1.0</course><hAcc>0.0</hAcc><vAcc>0.0</vAcc></extensions></trkpt><trkpt lat="49.62474497000003" lon="10.919409970000016"><ele>284.3</ele><time>2026-09-20T6:21:54Z</time><extensions><speed>-1.0</speed><course>-1.0</course><hAcc>0.0</hAcc><vAcc>0.0</vAcc></extensions></trkpt><trkpt lat="49.62478264000003" lon="10.919566640000017"><ele>284.3</ele><time>2026-09-20T6:21:56Z</time><extensions><speed>-1.0</speed><course>-1.0</course><hAcc>0.0</hAcc><vAcc>0.0</vAcc></extensions></trkpt><trkpt lat="49.62483197000003" lon="10.919705970000017"><ele>284.3</ele><time>2026-09-20T6:21:58Z</time><extensions><speed>-1.0</speed><course>-1.0</course><hAcc>0.0</hAcc><vAcc>0.0</vAcc></extensions></trkpt><trkpt lat="49.62489764000003" lon="10.919801300000017"><ele>284.3</ele><time>2026-09-20T6:22:00Z</time><extensions><speed>-1.0</speed><course>-1.0</course><hAcc>0.0</hAcc><vAcc>0.0</vAcc></extensions></trkpt><trkpt lat="49.62497031000003" lon="10.919857630000017"><ele>284.3</ele><time>2026-09-20T6:22:02Z</time><extensions><speed>-1.0</speed><course>-1.0</course><hAcc>0.0</hAcc><vAcc>0.0</vAcc></extensions></trkpt><trkpt lat="49.62505298000003" lon="10.919887300000017"><ele>284.3</ele><time>2026-09-20T6:22:04Z</time><extensions><speed>-1.0</speed><course>-1.0</course><hAcc>0.0</hAcc><vAcc>0.0</vAcc></extensions></trkpt><trkpt lat="49.62514031000003" lon="10.919905970000016"><ele>284.3</ele><time>2026-09-20T6:22:06Z</time><extensions><speed>-1.0</speed><course>-1.0</course><hAcc>0.0</hAcc><vAcc>0.0</vAcc></extensions></trkpt><trkpt lat="49.625217310000025" lon="10.919923300000017"><ele>284.3</ele><time>2026-09-20T6:22:07Z</time><extensions><speed>-1.0</speed><course>-1.0</course><hAcc>0.0</hAcc><vAcc>0.0</vAcc></extensions></trkpt><trkpt lat="49.62529464000003" lon="10.919962630000017"><ele>284.3</ele><time>2026-09-20T6:22:09Z</time><extensions><speed>-1.0</speed><course>-1.0</course><hAcc>0.0</hAcc><vAcc>0.0</vAcc></extensions></trkpt><trkpt lat="49.625357640000026" lon="10.920006630000017"><ele>284.3</ele><time>2026-09-20T6:22:10Z</time><extensions><speed>-1.0</speed><course>-1.0</course><hAcc>0.0</hAcc><vAcc>0.0</vAcc></extensions></trkpt><trkpt lat="49.62541764000002" lon="10.920078630000017"><ele>284.3</ele><time>2026-09-20T6:22:12Z</time><extensions><speed>-1.0</speed><course>-1.0</course><hAcc>0.0</hAcc><vAcc>0.0</vAcc></extensions></trkpt><trkpt lat="49.62546597000002" lon="10.920177630000017"><ele>284.3</ele><time>2026-09-20T6:22:14Z</time><extensions><speed>-1.0</speed><course>-1.0</course><hAcc>0.0</hAcc><vAcc>0.0</vAcc></extensions></trkpt><trkpt lat="49.62550530000002" lon="10.920293960000018"><ele>284.3</ele><time>2026-09-20T6:22:16Z</time><extensions><speed>-1.0</speed><course>-1.0</course><hAcc>0.0</hAcc><vAcc>0.0</vAcc></extensions></trkpt><trkpt lat="49.62553963000002" lon="10.920420290000019"><ele>284.3</ele><time>2026-09-20T6:22:18Z</time><extensions><speed>-1.0</speed><course>-1.0</course><hAcc>0.0</hAcc><vAcc>0.0</vAcc></extensions></trkpt><trkpt lat="49.62557130000002" lon="10.920554620000019"><ele>284.3</ele><time>2026-09-20T6:22:20Z</time><extensions><speed>-1.0</speed><course>-1.0</course><hAcc>0.0</hAcc><vAcc>0.0</vAcc></extensions></trkpt><trkpt lat="49.625600630000015" lon="10.920693950000018"><ele>284.3</ele><time>2026-09-20T6:22:22Z</time><extensions><speed>-1.0</speed><course>-1.0</course><hAcc>0.0</hAcc><vAcc>0.0</vAcc></extensions></trkpt><trkpt lat="49.62562763000002" lon="10.920838280000018"><ele>284.3</ele><time>2026-09-20T6:22:24Z</time><extensions><speed>-1.0</speed><course>-1.0</course><hAcc>0.0</hAcc><vAcc>0.0</vAcc></extensions></trkpt><trkpt lat="49.62565263000002" lon="10.920986610000018"><ele>284.3</ele><time>2026-09-20T6:22:26Z</time><extensions><speed>-1.0</speed><course>-1.0</course><hAcc>0.0</hAcc><vAcc>0.0</vAcc></extensions></trkpt><trkpt lat="49.62567463000002" lon="10.921138610000018"><ele>284.3</ele><time>2026-09-20T6:22:28Z</time><extensions><speed>-1.0</speed><course>-1.0</course><hAcc>0.0</hAcc><vAcc>0.0</vAcc></extensions></trkpt><trkpt lat="49.62569396000002" lon="10.921293280000018"><ele>284.3</ele><time>2026-09-20T6:22:30Z</time><extensions><speed>-1.0</speed><course>-1.0</course><hAcc>0.0</hAcc><vAcc>0.0</vAcc></extensions></trkpt><trkpt lat="49.62571096000002" lon="10.921449280000019"><ele>284.3</ele><time>2026-09-20T6:22:32Z</time><extensions><speed>-1.0</speed><course>-1.0</course><hAcc>0.0</hAcc><vAcc>0.0</vAcc></extensions></trkpt><trkpt lat="49.625729290000024" lon="10.921604950000019"><ele>284.3</ele><time>2026-09-20T6:22:34Z</time><extensions><speed>-1.0</speed><course>-1.0</course><hAcc>0.0</hAcc><vAcc>0.0</vAcc></extensions></trkpt><trkpt lat="49.625745960000025" lon="10.92176295000002"><ele>284.3</ele><time>2026-09-20T6:22:36Z</time><extensions><speed>-1.0</speed><course>-1.0</course><hAcc>0.0</hAcc><vAcc>0.0</vAcc></extensions></trkpt><trkpt lat="49.625762290000026" lon="10.92192062000002"><ele>284.3</ele><time>2026-09-20T6:22:38Z</time><extensions><speed>-1.0</speed><course>-1.0</course><hAcc>0.0</hAcc><vAcc>0.0</vAcc></extensions></trkpt><trkpt lat="49.62577596000003" lon="10.92207829000002"><ele>284.3</ele><time>2026-09-20T6:22:40Z</time><extensions><speed>-1.0</speed><course>-1.0</course><hAcc>0.0</hAcc><vAcc>0.0</vAcc></extensions></trkpt><trkpt lat="49.62578896000003" lon="10.92220962000002"><ele>284.3</ele><time>2026-09-20T6:22:41Z</time><extensions><speed>-1.0</speed><course>-1.0</course><hAcc>0.0</hAcc><vAcc>0.0</vAcc></extensions></trkpt><trkpt lat="49.62580129000003" lon="10.92232429000002"><ele>284.3</ele><time>2026-09-20T6:22:42Z</time><extensions><speed>-1.0</speed><course>-1.0</course><hAcc>0.0</hAcc><vAcc>0.0</vAcc></extensions></trkpt><trkpt lat="49.62581496000003" lon="10.92245329000002"><ele>284.3</ele><time>2026-09-20T6:22:44Z</time><extensions><speed>-1.0</speed><course>-1.0</course><hAcc>0.0</hAcc><vAcc>0.0</vAcc></extensions></trkpt><trkpt lat="49.62583129000003" lon="10.92259162000002"><ele>284.3</ele><time>2026-09-20T6:22:46Z</time><extensions><speed>-1.0</speed><course>-1.0</course><hAcc>0.0</hAcc><vAcc>0.0</vAcc></extensions></trkpt><trkpt lat="49.62585262000003" lon="10.92273295000002"><ele>284.3</ele><time>2026-09-20T6:22:48Z</time><extensions><speed>-1.0</speed><course>-1.0</course><hAcc>0.0</hAcc><vAcc>0.0</vAcc></extensions></trkpt><trkpt lat="49.62588195000003" lon="10.92287262000002"><ele>284.3</ele><time>2026-09-20T6:22:50Z</time><extensions><speed>-1.0</speed><course>-1.0</course><hAcc>0.0</hAcc><vAcc>0.0</vAcc></extensions></trkpt><trkpt lat="49.62591595000003" lon="10.923012290000019"><ele>284.3</ele><time>2026-09-20T6:22:52Z</time><extensions><speed>-1.0</speed><course>-1.0</course><hAcc>0.0</hAcc><vAcc>0.0</vAcc></extensions></trkpt><trkpt lat="49.625953280000026" lon="10.92315262000002"><ele>284.3</ele><time>2026-09-20T6:22:54Z</time><extensions><speed>-1.0</speed><course>-1.0</course><hAcc>0.0</hAcc><vAcc>0.0</vAcc></extensions></trkpt><trkpt lat="49.62599095000002" lon="10.923295620000019"><ele>284.3</ele><time>2026-09-20T6:22:56Z</time><extensions><speed>-1.0</speed><course>-1.0</course><hAcc>0.0</hAcc><vAcc>0.0</vAcc></extensions></trkpt><trkpt lat="49.626029620000025" lon="10.923440290000018"><ele>284.3</ele><time>2026-09-20T6:22:58Z</time><extensions><speed>-1.0</speed><course>-1.0</course><hAcc>0.0</hAcc><vAcc>0.0</vAcc></extensions></trkpt><trkpt lat="49.62606829000003" lon="10.923584290000019"><ele>284.3</ele><time>2026-09-20T6:23:00Z</time><extensions><speed>-1.0</speed><course>-1.0</course><hAcc>0.0</hAcc><vAcc>0.0</vAcc></extensions></trkpt><trkpt lat="49.626108620000025" lon="10.92372829000002"><ele>284.3</ele><time>2026-09-20T6:23:02Z</time><extensions><speed>-1.0</speed><course>-1.0</course><hAcc>0.0</hAcc><vAcc>0.0</vAcc></extensions></trkpt><trkpt lat="49.62614662000003" lon="10.923872620000019"><ele>284.3</ele><time>2026-09-20T6:23:04Z</time><extensions><speed>-1.0</speed><course>-1.0</course><hAcc>0.0</hAcc><vAcc>0.0</vAcc></extensions></trkpt><trkpt lat="49.62618295000003" lon="10.92401995000002"><ele>284.3</ele><time>2026-09-20T6:23:06Z</time><extensions><speed>-1.0</speed><course>-1.0</course><hAcc>0.0</hAcc><vAcc>0.0</vAcc></extensions></trkpt><trkpt lat="49.62621628000003" lon="10.924171280000019"><ele>284.3</ele><time>2026-09-20T6:23:08Z</time><extensions><speed>-1.0</speed><course>-1.0</course><hAcc>0.0</hAcc><vAcc>0.0</vAcc></extensions></trkpt><trkpt lat="49.62624661000003" lon="10.92432561000002"><ele>284.3</ele><time>2026-09-20T6:23:10Z</time><extensions><speed>-1.0</speed><course>-1.0</course><hAcc>0.0</hAcc><vAcc>0.0</vAcc></extensions></trkpt><trkpt lat="49.62627594000003" lon="10.92448194000002"><ele>284.3</ele><time>2026-09-20T6:23:12Z</time><extensions><speed>-1.0</speed><course>-1.0</course><hAcc>0.0</hAcc><vAcc>0.0</vAcc></extensions></trkpt><trkpt lat="49.62630561000003" lon="10.92463661000002"><ele>284.3</ele><time>2026-09-20T6:23:14Z</time><extensions><speed>-1.0</speed><course>-1.0</course><hAcc>0.0</hAcc><vAcc>0.0</vAcc></extensions></trkpt><trkpt lat="49.62633228000003" lon="10.92479228000002"><ele>284.3</ele><time>2026-09-20T6:23:16Z</time><extensions><speed>-1.0</speed><course>-1.0</course><hAcc>0.0</hAcc><vAcc>0.0</vAcc></extensions></trkpt><trkpt lat="49.62635828000003" lon="10.92494761000002"><ele>284.3</ele><time>2026-09-20T6:23:18Z</time><extensions><speed>-1.0</speed><course>-1.0</course><hAcc>0.0</hAcc><vAcc>0.0</vAcc></extensions></trkpt><trkpt lat="49.626383950000026" lon="10.92510394000002"><ele>284.3</ele><time>2026-09-20T6:23:20Z</time><extensions><speed>-1.0</speed><course>-1.0</course><hAcc>0.0</hAcc><vAcc>0.0</vAcc></extensions></trkpt><trkpt lat="49.626406620000026" lon="10.92526127000002"><ele>284.3</ele><time>2026-09-20T6:23:22Z</time><extensions><speed>-1.0</speed><course>-1.0</course><hAcc>0.0</hAcc><vAcc>0.0</vAcc></extensions></trkpt><trkpt lat="49.626427290000024" lon="10.92541727000002"><ele>284.3</ele><time>2026-09-20T6:23:24Z</time><extensions><speed>-1.0</speed><course>-1.0</course><hAcc>0.0</hAcc><vAcc>0.0</vAcc></extensions></trkpt><trkpt lat="49.62644496000002" lon="10.92557360000002"><ele>284.3</ele><time>2026-09-20T6:23:26Z</time><extensions><speed>-1.0</speed><course>-1.0</course><hAcc>0.0</hAcc><vAcc>0.0</vAcc></extensions></trkpt><trkpt lat="49.62646029000002" lon="10.925731930000019"><ele>284.3</ele><time>2026-09-20T6:23:28Z</time><extensions><speed>-1.0</speed><course>-1.0</course><hAcc>0.0</hAcc><vAcc>0.0</vAcc></extensions></trkpt><trkpt lat="49.62647396000002" lon="10.925890260000019"><ele>283.3</ele><time>2026-09-20T6:23:30Z</time><extensions><speed>-1.0</speed><course>-1.0</course><hAcc>0.0</hAcc><vAcc>0.0</vAcc></extensions></trkpt><trkpt lat="49.62648363000002" lon="10.92604959000002"><ele>283.3</ele><time>2026-09-20T6:23:32Z</time><extensions><speed>-1.0</speed><course>-1.0</course><hAcc>0.0</hAcc><vAcc>0.0</vAcc></extensions></trkpt><trkpt lat="49.62648863000002" lon="10.926208260000019"><ele>283.3</ele><time>2026-09-20T6:23:34Z</time><extensions><speed>-1.0</speed><course>-1.0</course><hAcc>0.0</hAcc><vAcc>0.0</vAcc></extensions></trkpt><trkpt lat="49.62649030000002" lon="10.926370260000018"><ele>283.3</ele><time>2026-09-20T6:23:36Z</time><extensions><speed>-1.0</speed><course>-1.0</course><hAcc>0.0</hAcc><vAcc>0.0</vAcc></extensions></trkpt><trkpt lat="49.62649597000002" lon="10.926521930000018"><ele>283.3</ele><time>2026-09-20T6:23:38Z</time><extensions><speed>-1.0</speed><course>-1.0</course><hAcc>0.0</hAcc><vAcc>0.0</vAcc></extensions></trkpt><trkpt lat="49.62650397000002" lon="10.926679260000018"><ele>283.3</ele><time>2026-09-20T6:23:40Z</time><extensions><speed>-1.0</speed><course>-1.0</course><hAcc>0.0</hAcc><vAcc>0.0</vAcc></extensions></trkpt><trkpt lat="49.626511640000025" lon="10.926809930000019"><ele>283.3</ele><time>2026-09-20T6:23:41Z</time><extensions><speed>-1.0</speed><course>-1.0</course><hAcc>0.0</hAcc><vAcc>0.0</vAcc></extensions></trkpt><trkpt lat="49.62651831000002" lon="10.926923930000019"><ele>283.3</ele><time>2026-09-20T6:23:42Z</time><extensions><speed>-1.0</speed><course>-1.0</course><hAcc>0.0</hAcc><vAcc>0.0</vAcc></extensions></trkpt><trkpt lat="49.626533980000026" lon="10.92704893000002"><ele>283.3</ele><time>2026-09-20T6:23:44Z</time><extensions><speed>-1.0</speed><course>-1.0</course><hAcc>0.0</hAcc><vAcc>0.0</vAcc></extensions></trkpt><trkpt lat="49.626556310000026" lon="10.927184930000019"><ele>283.3</ele><time>2026-09-20T6:23:46Z</time><extensions><speed>-1.0</speed><course>-1.0</course><hAcc>0.0</hAcc><vAcc>0.0</vAcc></extensions></trkpt><trkpt lat="49.62658598000003" lon="10.92731693000002"><ele>283.3</ele><time>2026-09-20T6:23:48Z</time><extensions><speed>-1.0</speed><course>-1.0</course><hAcc>0.0</hAcc><vAcc>0.0</vAcc></extensions></trkpt><trkpt lat="49.62661898000003" lon="10.92745360000002"><ele>283.3</ele><time>2026-09-20T6:23:50Z</time><extensions><speed>-1.0</speed><course>-1.0</course><hAcc>0.0</hAcc><vAcc>0.0</vAcc></extensions></trkpt><trkpt lat="49.62665298000003" lon="10.927594600000019"><ele>283.3</ele><time>2026-09-20T6:23:52Z</time><extensions><speed>-1.0</speed><course>-1.0</course><hAcc>0.0</hAcc><vAcc>0.0</vAcc></extensions></trkpt><trkpt lat="49.62668765000003" lon="10.927737930000019"><ele>283.3</ele><time>2026-09-20T6:23:54Z</time><extensions><speed>-1.0</speed><course>-1.0</course><hAcc>0.0</hAcc><vAcc>0.0</vAcc></extensions></trkpt><trkpt lat="49.62672498000003" lon="10.92787826000002"><ele>283.3</ele><time>2026-09-20T6:23:56Z</time><extensions><speed>-1.0</speed><course>-1.0</course><hAcc>0.0</hAcc><vAcc>0.0</vAcc></extensions></trkpt><trkpt lat="49.62676431000003" lon="10.928020590000019"><ele>283.3</ele><time>2026-09-20T6:23:58Z</time><extensions><speed>-1.0</speed><course>-1.0</course><hAcc>0.0</hAcc><vAcc>0.0</vAcc></extensions></trkpt><trkpt lat="49.626804640000024" lon="10.92816326000002"><ele>283.3</ele><time>2026-09-20T6:24:00Z</time><extensions><speed>-1.0</speed><course>-1.0</course><hAcc>0.0</hAcc><vAcc>0.0</vAcc></extensions></trkpt><trkpt lat="49.62684031000003" lon="10.92830393000002"><ele>283.3</ele><time>2026-09-20T6:24:02Z</time><extensions><speed>-1.0</speed><course>-1.0</course><hAcc>0.0</hAcc><vAcc>0.0</vAcc></extensions></trkpt><trkpt lat="49.62685998000003" lon="10.92845026000002"><ele>282.3</ele><time>2026-09-20T6:24:04Z</time><extensions><speed>-1.0</speed><course>-1.0</course><hAcc>0.0</hAcc><vAcc>0.0</vAcc></extensions></trkpt><trkpt lat="49.62686831000003" lon="10.928601930000019"><ele>282.3</ele><time>2026-09-20T6:24:06Z</time><extensions><speed>-1.0</speed><course>-1.0</course><hAcc>0.0</hAcc><vAcc>0.0</vAcc></extensions></trkpt><trkpt lat="49.626872310000024" lon="10.928760600000018"><ele>282.3</ele><time>2026-09-20T6:24:08Z</time><extensions><speed>-1.0</speed><course>-1.0</course><hAcc>0.0</hAcc><vAcc>0.0</vAcc></extensions></trkpt><trkpt lat="49.626872310000024" lon="10.928915930000018"><ele>282.3</ele><time>2026-09-20T6:24:10Z</time><extensions><speed>-1.0</speed><course>-1.0</course><hAcc>0.0</hAcc><vAcc>0.0</vAcc></extensions></trkpt><trkpt lat="49.62687898000002" lon="10.929071600000018"><ele>282.3</ele><time>2026-09-20T6:24:12Z</time><extensions><speed>-1.0</speed><course>-1.0</course><hAcc>0.0</hAcc><vAcc>0.0</vAcc></extensions></trkpt><trkpt lat="49.626886310000025" lon="10.929202600000018"><ele>282.3</ele><time>2026-09-20T6:24:13Z</time><extensions><speed>-1.0</speed><course>-1.0</course><hAcc>0.0</hAcc><vAcc>0.0</vAcc></extensions></trkpt><trkpt lat="49.62689331000002" lon="10.929317600000017"><ele>282.3</ele><time>2026-09-20T6:24:14Z</time><extensions><speed>-1.0</speed><course>-1.0</course><hAcc>0.0</hAcc><vAcc>0.0</vAcc></extensions></trkpt><trkpt lat="49.62690198000002" lon="10.929444270000017"><ele>282.3</ele><time>2026-09-20T6:24:16Z</time><extensions><speed>-1.0</speed><course>-1.0</course><hAcc>0.0</hAcc><vAcc>0.0</vAcc></extensions></trkpt><trkpt lat="49.62690765000002" lon="10.929581940000018"><ele>281.39</ele><time>2026-09-20T6:24:18Z</time><extensions><speed>-1.0</speed><course>-1.0</course><hAcc>0.0</hAcc><vAcc>0.0</vAcc></extensions></trkpt><trkpt lat="49.62691365000002" lon="10.929727270000019"><ele>281.39</ele><time>2026-09-20T6:24:20Z</time><extensions><speed>-1.0</speed><course>-1.0</course><hAcc>0.0</hAcc><vAcc>0.0</vAcc></extensions></trkpt><trkpt lat="49.62691765000002" lon="10.92987694000002"><ele>281.39</ele><time>2026-09-20T6:24:22Z</time><extensions><speed>-1.0</speed><course>-1.0</course><hAcc>0.0</hAcc><vAcc>0.0</vAcc></extensions></trkpt><trkpt lat="49.626915980000014" lon="10.93002394000002"><ele>281.39</ele><time>2026-09-20T6:24:24Z</time><extensions><speed>-1.0</speed><course>-1.0</course><hAcc>0.0</hAcc><vAcc>0.0</vAcc></extensions></trkpt><trkpt lat="49.62691098000001" lon="10.93017861000002"><ele>281.39</ele><time>2026-09-20T6:24:26Z</time><extensions><speed>-1.0</speed><course>-1.0</course><hAcc>0.0</hAcc><vAcc>0.0</vAcc></extensions></trkpt><trkpt lat="49.626903980000016" lon="10.93033694000002"><ele>281.39</ele><time>2026-09-20T6:24:28Z</time><extensions><speed>-1.0</speed><course>-1.0</course><hAcc>0.0</hAcc><vAcc>0.0</vAcc></extensions></trkpt><trkpt lat="49.626898310000016" lon="10.93049861000002"><ele>281.39</ele><time>2026-09-20T6:24:30Z</time><extensions><speed>-1.0</speed><course>-1.0</course><hAcc>0.0</hAcc><vAcc>0.0</vAcc></extensions></trkpt><trkpt lat="49.626901310000015" lon="10.93065961000002"><ele>281.39</ele><time>2026-09-20T6:24:32Z</time><extensions><speed>-1.0</speed><course>-1.0</course><hAcc>0.0</hAcc><vAcc>0.0</vAcc></extensions></trkpt><trkpt lat="49.626912310000016" lon="10.93081994000002"><ele>281.39</ele><time>2026-09-20T6:24:34Z</time><extensions><speed>-1.0</speed><course>-1.0</course><hAcc>0.0</hAcc><vAcc>0.0</vAcc></extensions></trkpt><trkpt lat="49.626929310000016" lon="10.930979270000021"><ele>281.39</ele><time>2026-09-20T6:24:36Z</time><extensions><speed>-1.0</speed><course>-1.0</course><hAcc>0.0</hAcc><vAcc>0.0</vAcc></extensions></trkpt><trkpt lat="49.62695064000002" lon="10.931138600000022"><ele>281.39</ele><time>2026-09-20T6:24:38Z</time><extensions><speed>-1.0</speed><course>-1.0</course><hAcc>0.0</hAcc><vAcc>0.0</vAcc></extensions></trkpt><trkpt lat="49.62697231000002" lon="10.931295600000022"><ele>281.39</ele><time>2026-09-20T6:24:40Z</time><extensions><speed>-1.0</speed><course>-1.0</course><hAcc>0.0</hAcc><vAcc>0.0</vAcc></extensions></trkpt><trkpt lat="49.62699164000002" lon="10.931426930000022"><ele>281.39</ele><time>2026-09-20T6:24:41Z</time><extensions><speed>-1.0</speed><course>-1.0</course><hAcc>0.0</hAcc><vAcc>0.0</vAcc></extensions></trkpt><trkpt lat="49.62700831000002" lon="10.931542600000022"><ele>281.39</ele><time>2026-09-20T6:24:42Z</time><extensions><speed>-1.0</speed><course>-1.0</course><hAcc>0.0</hAcc><vAcc>0.0</vAcc></extensions></trkpt><trkpt lat="49.62702898000002" lon="10.931674270000022"><ele>281.39</ele><time>2026-09-20T6:24:44Z</time><extensions><speed>-1.0</speed><course>-1.0</course><hAcc>0.0</hAcc><vAcc>0.0</vAcc></extensions></trkpt><trkpt lat="49.62704931000002" lon="10.931820270000022"><ele>281.39</ele><time>2026-09-20T6:24:46Z</time><extensions><speed>-1.0</speed><course>-1.0</course><hAcc>0.0</hAcc><vAcc>0.0</vAcc></extensions></trkpt><trkpt lat="49.62707198000002" lon="10.931973270000022"><ele>281.39</ele><time>2026-09-20T6:24:48Z</time><extensions><speed>-1.0</speed><course>-1.0</course><hAcc>0.0</hAcc><vAcc>0.0</vAcc></extensions></trkpt><trkpt lat="49.627097980000016" lon="10.932127940000022"><ele>281.39</ele><time>2026-09-20T6:24:50Z</time><extensions><speed>-1.0</speed><course>-1.0</course><hAcc>0.0</hAcc><vAcc>0.0</vAcc></extensions></trkpt><trkpt lat="49.627123650000016" lon="10.932286940000022"><ele>281.39</ele><time>2026-09-20T6:24:52Z</time><extensions><speed>-1.0</speed><course>-1.0</course><hAcc>0.0</hAcc><vAcc>0.0</vAcc></extensions></trkpt><trkpt lat="49.627149320000015" lon="10.932446610000023"><ele>281.39</ele><time>2026-09-20T6:24:54Z</time><extensions><speed>-1.0</speed><course>-1.0</course><hAcc>0.0</hAcc><vAcc>0.0</vAcc></extensions></trkpt><trkpt lat="49.627174650000015" lon="10.932607610000023"><ele>281.39</ele><time>2026-09-20T6:24:56Z</time><extensions><speed>-1.0</speed><course>-1.0</course><hAcc>0.0</hAcc><vAcc>0.0</vAcc></extensions></trkpt><trkpt lat="49.627199980000015" lon="10.932767940000023"><ele>281.39</ele><time>2026-09-20T6:24:58Z</time><extensions><speed>-1.0</speed><course>-1.0</course><hAcc>0.0</hAcc><vAcc>0.0</vAcc></extensions></trkpt><trkpt lat="49.62722298000001" lon="10.932931270000022"><ele>281.39</ele><time>2026-09-20T6:25:00Z</time><extensions><speed>-1.0</speed><course>-1.0</course><hAcc>0.0</hAcc><vAcc>0.0</vAcc></extensions></trkpt><trkpt lat="49.627244980000015" lon="10.933095940000022"><ele>281.39</ele><time>2026-09-20T6:25:02Z</time><extensions><speed>-1.0</speed><course>-1.0</course><hAcc>0.0</hAcc><vAcc>0.0</vAcc></extensions></trkpt><trkpt lat="49.627269980000015" lon="10.933258610000022"><ele>281.39</ele><time>2026-09-20T6:25:04Z</time><extensions><speed>-1.0</speed><course>-1.0</course><hAcc>0.0</hAcc><vAcc>0.0</vAcc></extensions></trkpt><trkpt lat="49.627294980000016" lon="10.933418940000022"><ele>281.39</ele><time>2026-09-20T6:25:06Z</time><extensions><speed>-1.0</speed><course>-1.0</course><hAcc>0.0</hAcc><vAcc>0.0</vAcc></extensions></trkpt><trkpt lat="49.627317980000015" lon="10.933579940000023"><ele>281.39</ele><time>2026-09-20T6:25:08Z</time><extensions><speed>-1.0</speed><course>-1.0</course><hAcc>0.0</hAcc><vAcc>0.0</vAcc></extensions></trkpt><trkpt lat="49.62734131000001" lon="10.933742940000023"><ele>281.39</ele><time>2026-09-20T6:25:10Z</time><extensions><speed>-1.0</speed><course>-1.0</course><hAcc>0.0</hAcc><vAcc>0.0</vAcc></extensions></trkpt><trkpt lat="49.62736131000001" lon="10.933878940000023"><ele>280.3</ele><time>2026-09-20T6:25:11Z</time><extensions><speed>-1.0</speed><course>-1.0</course><hAcc>0.0</hAcc><vAcc>0.0</vAcc></extensions></trkpt><trkpt lat="49.62738664000001" lon="10.934022270000023"><ele>280.3</ele><time>2026-09-20T6:25:13Z</time><extensions><speed>-1.0</speed><course>-1.0</course><hAcc>0.0</hAcc><vAcc>0.0</vAcc></extensions></trkpt><trkpt lat="49.62741031000001" lon="10.934142600000023"><ele>280.3</ele><time>2026-09-20T6:25:14Z</time><extensions><speed>-1.0</speed><course>-1.0</course><hAcc>0.0</hAcc><vAcc>0.0</vAcc></extensions></trkpt><trkpt lat="49.62743998000001" lon="10.934271270000023"><ele>280.3</ele><time>2026-09-20T6:25:16Z</time><extensions><speed>-1.0</speed><course>-1.0</course><hAcc>0.0</hAcc><vAcc>0.0</vAcc></extensions></trkpt><trkpt lat="49.627472310000016" lon="10.934404600000024"><ele>280.3</ele><time>2026-09-20T6:25:18Z</time><extensions><speed>-1.0</speed><course>-1.0</course><hAcc>0.0</hAcc><vAcc>0.0</vAcc></extensions></trkpt><trkpt lat="49.627508640000016" lon="10.934545270000024"><ele>280.3</ele><time>2026-09-20T6:25:20Z</time><extensions><speed>-1.0</speed><course>-1.0</course><hAcc>0.0</hAcc><vAcc>0.0</vAcc></extensions></trkpt><trkpt lat="49.62754231000002" lon="10.934662940000024"><ele>280.3</ele><time>2026-09-20T6:25:21Z</time><extensions><speed>-1.0</speed><course>-1.0</course><hAcc>0.0</hAcc><vAcc>0.0</vAcc></extensions></trkpt><trkpt lat="49.62757331000002" lon="10.934763270000024"><ele>280.3</ele><time>2026-09-20T6:25:22Z</time><extensions><speed>-1.0</speed><course>-1.0</course><hAcc>0.0</hAcc><vAcc>0.0</vAcc></extensions></trkpt><trkpt lat="49.62760931000002" lon="10.934875270000024"><ele>280.3</ele><time>2026-09-20T6:25:24Z</time><extensions><speed>-1.0</speed><course>-1.0</course><hAcc>0.0</hAcc><vAcc>0.0</vAcc></extensions></trkpt><trkpt lat="49.62764031000002" lon="10.934999600000024"><ele>280.3</ele><time>2026-09-20T6:25:26Z</time><extensions><speed>-1.0</speed><course>-1.0</course><hAcc>0.0</hAcc><vAcc>0.0</vAcc></extensions></trkpt><trkpt lat="49.62765031000002" lon="10.935131270000024"><ele>280.3</ele><time>2026-09-20T6:25:28Z</time><extensions><speed>-1.0</speed><course>-1.0</course><hAcc>0.0</hAcc><vAcc>0.0</vAcc></extensions></trkpt><trkpt lat="49.62763898000002" lon="10.935263600000024"><ele>280.3</ele><time>2026-09-20T6:25:30Z</time><extensions><speed>-1.0</speed><course>-1.0</course><hAcc>0.0</hAcc><vAcc>0.0</vAcc></extensions></trkpt><trkpt lat="49.62762265000002" lon="10.935373270000024"><ele>280.3</ele><time>2026-09-20T6:25:31Z</time><extensions><speed>-1.0</speed><course>-1.0</course><hAcc>0.0</hAcc><vAcc>0.0</vAcc></extensions></trkpt><trkpt lat="49.62760498000002" lon="10.935468940000025"><ele>280.3</ele><time>2026-09-20T6:25:32Z</time><extensions><speed>-1.0</speed><course>-1.0</course><hAcc>0.0</hAcc><vAcc>0.0</vAcc></extensions></trkpt><trkpt lat="49.62757398000002" lon="10.935571940000024"><ele>280.3</ele><time>2026-09-20T6:25:34Z</time><extensions><speed>-1.0</speed><course>-1.0</course><hAcc>0.0</hAcc><vAcc>0.0</vAcc></extensions></trkpt><trkpt lat="49.62754331000002" lon="10.935661270000024"><ele>280.3</ele><time>2026-09-20T6:25:35Z</time><extensions><speed>-1.0</speed><course>-1.0</course><hAcc>0.0</hAcc><vAcc>0.0</vAcc></extensions></trkpt><trkpt lat="49.627513980000025" lon="10.935738940000023"><ele>280.3</ele><time>2026-09-20T6:25:36Z</time><extensions><speed>-1.0</speed><course>-1.0</course><hAcc>0.0</hAcc><vAcc>0.0</vAcc></extensions></trkpt><trkpt lat="49.627473980000026" lon="10.935832270000024"><ele>280.3</ele><time>2026-09-20T6:25:38Z</time><extensions><speed>-1.0</speed><course>-1.0</course><hAcc>0.0</hAcc><vAcc>0.0</vAcc></extensions></trkpt><trkpt lat="49.627423980000025" lon="10.935940600000023"><ele>280.3</ele><time>2026-09-20T6:25:40Z</time><extensions><speed>-1.0</speed><course>-1.0</course><hAcc>0.0</hAcc><vAcc>0.0</vAcc></extensions></trkpt><trkpt lat="49.627367310000025" lon="10.936055930000023"><ele>280.3</ele><time>2026-09-20T6:25:42Z</time><extensions><speed>-1.0</speed><course>-1.0</course><hAcc>0.0</hAcc><vAcc>0.0</vAcc></extensions></trkpt><trkpt lat="49.62730964000003" lon="10.936176930000023"><ele>280.3</ele><time>2026-09-20T6:25:44Z</time><extensions><speed>-1.0</speed><course>-1.0</course><hAcc>0.0</hAcc><vAcc>0.0</vAcc></extensions></trkpt><trkpt lat="49.62724697000003" lon="10.936299600000023"><ele>281.3</ele><time>2026-09-20T6:25:46Z</time><extensions><speed>-1.0</speed><course>-1.0</course><hAcc>0.0</hAcc><vAcc>0.0</vAcc></extensions></trkpt><trkpt lat="49.62718164000003" lon="10.936420600000023"><ele>281.3</ele><time>2026-09-20T6:25:48Z</time><extensions><speed>-1.0</speed><course>-1.0</course><hAcc>0.0</hAcc><vAcc>0.0</vAcc></extensions></trkpt><trkpt lat="49.627115970000034" lon="10.936545270000023"><ele>281.3</ele><time>2026-09-20T6:25:50Z</time><extensions><speed>-1.0</speed><course>-1.0</course><hAcc>0.0</hAcc><vAcc>0.0</vAcc></extensions></trkpt><trkpt lat="49.627048300000034" lon="10.936668270000023"><ele>281.3</ele><time>2026-09-20T6:25:52Z</time><extensions><speed>-1.0</speed><course>-1.0</course><hAcc>0.0</hAcc><vAcc>0.0</vAcc></extensions></trkpt><trkpt lat="49.626985970000035" lon="10.936796940000024"><ele>281.3</ele><time>2026-09-20T6:25:54Z</time><extensions><speed>-1.0</speed><course>-1.0</course><hAcc>0.0</hAcc><vAcc>0.0</vAcc></extensions></trkpt><trkpt lat="49.62692264000003" lon="10.936930940000023"><ele>281.3</ele><time>2026-09-20T6:25:56Z</time><extensions><speed>-1.0</speed><course>-1.0</course><hAcc>0.0</hAcc><vAcc>0.0</vAcc></extensions></trkpt><trkpt lat="49.62685597000003" lon="10.937064940000022"><ele>281.3</ele><time>2026-09-20T6:25:58Z</time><extensions><speed>-1.0</speed><course>-1.0</course><hAcc>0.0</hAcc><vAcc>0.0</vAcc></extensions></trkpt><trkpt lat="49.62678964000003" lon="10.937202940000022"><ele>281.3</ele><time>2026-09-20T6:26:00Z</time><extensions><speed>-1.0</speed><course>-1.0</course><hAcc>0.0</hAcc><vAcc>0.0</vAcc></extensions></trkpt><trkpt lat="49.62672397000003" lon="10.937343270000023"><ele>281.3</ele><time>2026-09-20T6:26:02Z</time><extensions><speed>-1.0</speed><course>-1.0</course><hAcc>0.0</hAcc><vAcc>0.0</vAcc></extensions></trkpt><trkpt lat="49.62666997000003" lon="10.937491940000022"><ele>281.3</ele><time>2026-09-20T6:26:04Z</time><extensions><speed>-1.0</speed><course>-1.0</course><hAcc>0.0</hAcc><vAcc>0.0</vAcc></extensions></trkpt><trkpt lat="49.62664997000003" lon="10.937649940000023"><ele>281.3</ele><time>2026-09-20T6:26:06Z</time><extensions><speed>-1.0</speed><course>-1.0</course><hAcc>0.0</hAcc><vAcc>0.0</vAcc></extensions></trkpt><trkpt lat="49.62666630000003" lon="10.937801270000023"><ele>281.3</ele><time>2026-09-20T6:26:08Z</time><extensions><speed>-1.0</speed><course>-1.0</course><hAcc>0.0</hAcc><vAcc>0.0</vAcc></extensions></trkpt><trkpt lat="49.626702300000034" lon="10.937952270000023"><ele>281.3</ele><time>2026-09-20T6:26:10Z</time><extensions><speed>-1.0</speed><course>-1.0</course><hAcc>0.0</hAcc><vAcc>0.0</vAcc></extensions></trkpt><trkpt lat="49.626738300000035" lon="10.938113940000024"><ele>281.3</ele><time>2026-09-20T6:26:12Z</time><extensions><speed>-1.0</speed><course>-1.0</course><hAcc>0.0</hAcc><vAcc>0.0</vAcc></extensions></trkpt><trkpt lat="49.626774970000035" lon="10.938279610000023"><ele>281.3</ele><time>2026-09-20T6:26:14Z</time><extensions><speed>-1.0</speed><course>-1.0</course><hAcc>0.0</hAcc><vAcc>0.0</vAcc></extensions></trkpt><trkpt lat="49.626817640000034" lon="10.938437940000023"><ele>281.3</ele><time>2026-09-20T6:26:16Z</time><extensions><speed>-1.0</speed><course>-1.0</course><hAcc>0.0</hAcc><vAcc>0.0</vAcc></extensions></trkpt><trkpt lat="49.62687264000004" lon="10.938578940000022"><ele>281.3</ele><time>2026-09-20T6:26:18Z</time><extensions><speed>-1.0</speed><course>-1.0</course><hAcc>0.0</hAcc><vAcc>0.0</vAcc></extensions></trkpt><trkpt lat="49.62694031000004" lon="10.938699610000022"><ele>279.93</ele><time>2026-09-20T6:26:20Z</time><extensions><speed>-1.0</speed><course>-1.0</course><hAcc>0.0</hAcc><vAcc>0.0</vAcc></extensions></trkpt><trkpt lat="49.627002640000036" lon="10.938790280000022"><ele>279.93</ele><time>2026-09-20T6:26:21Z</time><extensions><speed>-1.0</speed><course>-1.0</course><hAcc>0.0</hAcc><vAcc>0.0</vAcc></extensions></trkpt><trkpt lat="49.627078970000035" lon="10.938865610000022"><ele>279.93</ele><time>2026-09-20T6:26:23Z</time><extensions><speed>-1.0</speed><course>-1.0</course><hAcc>0.0</hAcc><vAcc>0.0</vAcc></extensions></trkpt><trkpt lat="49.62714797000004" lon="10.938918610000021"><ele>279.93</ele><time>2026-09-20T6:26:24Z</time><extensions><speed>-1.0</speed><course>-1.0</course><hAcc>0.0</hAcc><vAcc>0.0</vAcc></extensions></trkpt><trkpt lat="49.62722964000004" lon="10.93895961000002"><ele>279.93</ele><time>2026-09-20T6:26:26Z</time><extensions><speed>-1.0</speed><course>-1.0</course><hAcc>0.0</hAcc><vAcc>0.0</vAcc></extensions></trkpt><trkpt lat="49.62732197000004" lon="10.938994610000021"><ele>279.93</ele><time>2026-09-20T6:26:28Z</time><extensions><speed>-1.0</speed><course>-1.0</course><hAcc>0.0</hAcc><vAcc>0.0</vAcc></extensions></trkpt><trkpt lat="49.62741964000004" lon="10.939023280000022"><ele>279.93</ele><time>2026-09-20T6:26:30Z</time><extensions><speed>-1.0</speed><course>-1.0</course><hAcc>0.0</hAcc><vAcc>0.0</vAcc></extensions></trkpt><trkpt lat="49.62750264000004" lon="10.939043950000022"><ele>279.93</ele><time>2026-09-20T6:26:31Z</time><extensions><speed>-1.0</speed><course>-1.0</course><hAcc>0.0</hAcc><vAcc>0.0</vAcc></extensions></trkpt><trkpt lat="49.62759297000004" lon="10.939061280000022"><ele>279.93</ele><time>2026-09-20T6:26:33Z</time><extensions><speed>-1.0</speed><course>-1.0</course><hAcc>0.0</hAcc><vAcc>0.0</vAcc></extensions></trkpt><trkpt lat="49.62767097000004" lon="10.939076280000021"><ele>279.93</ele><time>2026-09-20T6:26:34Z</time><extensions><speed>-1.0</speed><course>-1.0</course><hAcc>0.0</hAcc><vAcc>0.0</vAcc></extensions></trkpt><trkpt lat="49.62775930000004" lon="10.939091610000022"><ele>279.93</ele><time>2026-09-20T6:26:36Z</time><extensions><speed>-1.0</speed><course>-1.0</course><hAcc>0.0</hAcc><vAcc>0.0</vAcc></extensions></trkpt><trkpt lat="49.62785697000004" lon="10.939104940000021"><ele>279.93</ele><time>2026-09-20T6:26:38Z</time><extensions><speed>-1.0</speed><course>-1.0</course><hAcc>0.0</hAcc><vAcc>0.0</vAcc></extensions></trkpt><trkpt lat="49.62794097000004" lon="10.939119610000022"><ele>279.93</ele><time>2026-09-20T6:26:39Z</time><extensions><speed>-1.0</speed><course>-1.0</course><hAcc>0.0</hAcc><vAcc>0.0</vAcc></extensions></trkpt><trkpt lat="49.62803164000004" lon="10.939138280000021"><ele>279.93</ele><time>2026-09-20T6:26:41Z</time><extensions><speed>-1.0</speed><course>-1.0</course><hAcc>0.0</hAcc><vAcc>0.0</vAcc></extensions></trkpt><trkpt lat="49.62810731000004" lon="10.93915461000002"><ele>279.93</ele><time>2026-09-20T6:26:42Z</time><extensions><speed>-1.0</speed><course>-1.0</course><hAcc>0.0</hAcc><vAcc>0.0</vAcc></extensions></trkpt><trkpt lat="49.62817431000004" lon="10.93916728000002"><ele>279.93</ele><time>2026-09-20T6:26:43Z</time><extensions><speed>-1.0</speed><course>-1.0</course><hAcc>0.0</hAcc><vAcc>0.0</vAcc></extensions></trkpt><trkpt lat="49.62824398000004" lon="10.939193950000021"><ele>279.93</ele><time>2026-09-20T6:26:45Z</time><extensions><speed>-1.0</speed><course>-1.0</course><hAcc>0.0</hAcc><vAcc>0.0</vAcc></extensions></trkpt><trkpt lat="49.628319310000045" lon="10.93921728000002"><ele>279.93</ele><time>2026-09-20T6:26:47Z</time><extensions><speed>-1.0</speed><course>-1.0</course><hAcc>0.0</hAcc><vAcc>0.0</vAcc></extensions></trkpt><trkpt lat="49.62838164000004" lon="10.93923961000002"><ele>279.93</ele><time>2026-09-20T6:26:48Z</time><extensions><speed>-1.0</speed><course>-1.0</course><hAcc>0.0</hAcc><vAcc>0.0</vAcc></extensions></trkpt><trkpt lat="49.62844197000004" lon="10.939270940000021"><ele>279.93</ele><time>2026-09-20T6:26:50Z</time><extensions><speed>-1.0</speed><course>-1.0</course><hAcc>0.0</hAcc><vAcc>0.0</vAcc></extensions></trkpt><trkpt lat="49.62848197000004" lon="10.939314940000022"><ele>279.93</ele><time>2026-09-20T6:26:52Z</time><extensions><speed>-1.0</speed><course>-1.0</course><hAcc>0.0</hAcc><vAcc>0.0</vAcc></extensions></trkpt><trkpt lat="49.62849597000004" lon="10.939389610000022"><ele>279.93</ele><time>2026-09-20T6:26:54Z</time><extensions><speed>-1.0</speed><course>-1.0</course><hAcc>0.0</hAcc><vAcc>0.0</vAcc></extensions></trkpt><trkpt lat="49.62849730000004" lon="10.939473280000023"><ele>280.75</ele><time>2026-09-20T6:26:56Z</time><extensions><speed>-1.0</speed><course>-1.0</course><hAcc>0.0</hAcc><vAcc>0.0</vAcc></extensions></trkpt><trkpt lat="49.628493630000044" lon="10.939568280000023"><ele>280.75</ele><time>2026-09-20T6:26:58Z</time><extensions><speed>-1.0</speed><course>-1.0</course><hAcc>0.0</hAcc><vAcc>0.0</vAcc></extensions></trkpt><trkpt lat="49.62848363000004" lon="10.939673280000022"><ele>280.75</ele><time>2026-09-20T6:27:00Z</time><extensions><speed>-1.0</speed><course>-1.0</course><hAcc>0.0</hAcc><vAcc>0.0</vAcc></extensions></trkpt><trkpt lat="49.62847463000004" lon="10.939765610000022"><ele>280.75</ele><time>2026-09-20T6:27:01Z</time><extensions><speed>-1.0</speed><course>-1.0</course><hAcc>0.0</hAcc><vAcc>0.0</vAcc></extensions></trkpt><trkpt lat="49.62845630000004" lon="10.939866610000022"><ele>280.75</ele><time>2026-09-20T6:27:03Z</time><extensions><speed>-1.0</speed><course>-1.0</course><hAcc>0.0</hAcc><vAcc>0.0</vAcc></extensions></trkpt><trkpt lat="49.62843897000004" lon="10.939958280000022"><ele>280.75</ele><time>2026-09-20T6:27:04Z</time><extensions><speed>-1.0</speed><course>-1.0</course><hAcc>0.0</hAcc><vAcc>0.0</vAcc></extensions></trkpt><trkpt lat="49.62841497000004" lon="10.940060610000023"><ele>280.75</ele><time>2026-09-20T6:27:06Z</time><extensions><speed>-1.0</speed><course>-1.0</course><hAcc>0.0</hAcc><vAcc>0.0</vAcc></extensions></trkpt><trkpt lat="49.62839397000004" lon="10.940180940000023"><ele>281.66</ele><time>2026-09-20T6:27:08Z</time><extensions><speed>-1.0</speed><course>-1.0</course><hAcc>0.0</hAcc><vAcc>0.0</vAcc></extensions></trkpt><trkpt lat="49.62836364000004" lon="10.940306610000022"><ele>281.66</ele><time>2026-09-20T6:27:10Z</time><extensions><speed>-1.0</speed><course>-1.0</course><hAcc>0.0</hAcc><vAcc>0.0</vAcc></extensions></trkpt><trkpt lat="49.62832764000004" lon="10.940435280000022"><ele>282.84000000000003</ele><time>2026-09-20T6:27:12Z</time><extensions><speed>-1.0</speed><course>-1.0</course><hAcc>0.0</hAcc><vAcc>0.0</vAcc></extensions></trkpt><trkpt lat="49.628300310000036" lon="10.940548610000022"><ele>282.84000000000003</ele><time>2026-09-20T6:27:13Z</time><extensions><speed>-1.0</speed><course>-1.0</course><hAcc>0.0</hAcc><vAcc>0.0</vAcc></extensions></trkpt><trkpt lat="49.628277980000036" lon="10.940644610000021"><ele>282.84000000000003</ele><time>2026-09-20T6:27:14Z</time><extensions><speed>-1.0</speed><course>-1.0</course><hAcc>0.0</hAcc><vAcc>0.0</vAcc></extensions></trkpt><trkpt lat="49.62825198000004" lon="10.940758610000021"><ele>282.84000000000003</ele><time>2026-09-20T6:27:16Z</time><extensions><speed>-1.0</speed><course>-1.0</course><hAcc>0.0</hAcc><vAcc>0.0</vAcc></extensions></trkpt><trkpt lat="49.62822398000004" lon="10.94088261000002"><ele>282.84000000000003</ele><time>2026-09-20T6:27:18Z</time><extensions><speed>-1.0</speed><course>-1.0</course><hAcc>0.0</hAcc><vAcc>0.0</vAcc></extensions></trkpt><trkpt lat="49.628196310000035" lon="10.94101561000002"><ele>282.84000000000003</ele><time>2026-09-20T6:27:20Z</time><extensions><speed>-1.0</speed><course>-1.0</course><hAcc>0.0</hAcc><vAcc>0.0</vAcc></extensions></trkpt><trkpt lat="49.628167980000036" lon="10.94115394000002"><ele>282.84000000000003</ele><time>2026-09-20T6:27:22Z</time><extensions><speed>-1.0</speed><course>-1.0</course><hAcc>0.0</hAcc><vAcc>0.0</vAcc></extensions></trkpt><trkpt lat="49.62813931000004" lon="10.94129527000002"><ele>282.84000000000003</ele><time>2026-09-20T6:27:24Z</time><extensions><speed>-1.0</speed><course>-1.0</course><hAcc>0.0</hAcc><vAcc>0.0</vAcc></extensions></trkpt><trkpt lat="49.628111980000035" lon="10.94143827000002"><ele>282.84000000000003</ele><time>2026-09-20T6:27:26Z</time><extensions><speed>-1.0</speed><course>-1.0</course><hAcc>0.0</hAcc><vAcc>0.0</vAcc></extensions></trkpt><trkpt lat="49.628089650000035" lon="10.94155794000002"><ele>282.84000000000003</ele><time>2026-09-20T6:27:27Z</time><extensions><speed>-1.0</speed><course>-1.0</course><hAcc>0.0</hAcc><vAcc>0.0</vAcc></extensions></trkpt><trkpt lat="49.62807132000003" lon="10.94166227000002"><ele>282.84000000000003</ele><time>2026-09-20T6:27:28Z</time><extensions><speed>-1.0</speed><course>-1.0</course><hAcc>0.0</hAcc><vAcc>0.0</vAcc></extensions></trkpt><trkpt lat="49.62805132000003" lon="10.94177994000002"><ele>282.84000000000003</ele><time>2026-09-20T6:27:30Z</time><extensions><speed>-1.0</speed><course>-1.0</course><hAcc>0.0</hAcc><vAcc>0.0</vAcc></extensions></trkpt><trkpt lat="49.62802999000003" lon="10.94190661000002"><ele>282.84000000000003</ele><time>2026-09-20T6:27:32Z</time><extensions><speed>-1.0</speed><course>-1.0</course><hAcc>0.0</hAcc><vAcc>0.0</vAcc></extensions></trkpt><trkpt lat="49.62800799000003" lon="10.94203728000002"><ele>282.84000000000003</ele><time>2026-09-20T6:27:34Z</time><extensions><speed>-1.0</speed><course>-1.0</course><hAcc>0.0</hAcc><vAcc>0.0</vAcc></extensions></trkpt><trkpt lat="49.62798332000003" lon="10.942172610000021"><ele>282.84000000000003</ele><time>2026-09-20T6:27:36Z</time><extensions><speed>-1.0</speed><course>-1.0</course><hAcc>0.0</hAcc><vAcc>0.0</vAcc></extensions></trkpt><trkpt lat="49.627963990000026" lon="10.942308940000022"><ele>282.84000000000003</ele><time>2026-09-20T6:27:38Z</time><extensions><speed>-1.0</speed><course>-1.0</course><hAcc>0.0</hAcc><vAcc>0.0</vAcc></extensions></trkpt><trkpt lat="49.62794332000003" lon="10.942445940000022"><ele>282.84000000000003</ele><time>2026-09-20T6:27:40Z</time><extensions><speed>-1.0</speed><course>-1.0</course><hAcc>0.0</hAcc><vAcc>0.0</vAcc></extensions></trkpt><trkpt lat="49.62792265000003" lon="10.942584610000022"><ele>282.84000000000003</ele><time>2026-09-20T6:27:42Z</time><extensions><speed>-1.0</speed><course>-1.0</course><hAcc>0.0</hAcc><vAcc>0.0</vAcc></extensions></trkpt><trkpt lat="49.62790232000003" lon="10.942726610000022"><ele>282.84000000000003</ele><time>2026-09-20T6:27:44Z</time><extensions><speed>-1.0</speed><course>-1.0</course><hAcc>0.0</hAcc><vAcc>0.0</vAcc></extensions></trkpt><trkpt lat="49.627881650000035" lon="10.942870940000022"><ele>283.66</ele><time>2026-09-20T6:27:46Z</time><extensions><speed>-1.0</speed><course>-1.0</course><hAcc>0.0</hAcc><vAcc>0.0</vAcc></extensions></trkpt><trkpt lat="49.62786132000004" lon="10.943016270000022"><ele>283.66</ele><time>2026-09-20T6:27:48Z</time><extensions><speed>-1.0</speed><course>-1.0</course><hAcc>0.0</hAcc><vAcc>0.0</vAcc></extensions></trkpt><trkpt lat="49.627844990000035" lon="10.943164270000022"><ele>283.66</ele><time>2026-09-20T6:27:50Z</time><extensions><speed>-1.0</speed><course>-1.0</course><hAcc>0.0</hAcc><vAcc>0.0</vAcc></extensions></trkpt><trkpt lat="49.62782932000003" lon="10.943313270000022"><ele>283.66</ele><time>2026-09-20T6:27:52Z</time><extensions><speed>-1.0</speed><course>-1.0</course><hAcc>0.0</hAcc><vAcc>0.0</vAcc></extensions></trkpt><trkpt lat="49.62781465000003" lon="10.943461940000022"><ele>283.66</ele><time>2026-09-20T6:27:54Z</time><extensions><speed>-1.0</speed><course>-1.0</course><hAcc>0.0</hAcc><vAcc>0.0</vAcc></extensions></trkpt><trkpt lat="49.62780065000003" lon="10.943613270000021"><ele>283.66</ele><time>2026-09-20T6:27:56Z</time><extensions><speed>-1.0</speed><course>-1.0</course><hAcc>0.0</hAcc><vAcc>0.0</vAcc></extensions></trkpt><trkpt lat="49.62778765000003" lon="10.943739940000022"><ele>283.66</ele><time>2026-09-20T6:27:57Z</time><extensions><speed>-1.0</speed><course>-1.0</course><hAcc>0.0</hAcc><vAcc>0.0</vAcc></extensions></trkpt><trkpt lat="49.62777665000003" lon="10.943874270000022"><ele>284.48</ele><time>2026-09-20T6:27:59Z</time><extensions><speed>-1.0</speed><course>-1.0</course><hAcc>0.0</hAcc><vAcc>0.0</vAcc></extensions></trkpt><trkpt lat="49.62776798000003" lon="10.943989600000021"><ele>284.48</ele><time>2026-09-20T6:28:00Z</time><extensions><speed>-1.0</speed><course>-1.0</course><hAcc>0.0</hAcc><vAcc>0.0</vAcc></extensions></trkpt><trkpt lat="49.62775565000003" lon="10.944114600000022"><ele>285.75</ele><time>2026-09-20T6:28:02Z</time><extensions><speed>-1.0</speed><course>-1.0</course><hAcc>0.0</hAcc><vAcc>0.0</vAcc></extensions></trkpt><trkpt lat="49.627740650000035" lon="10.944247270000021"><ele>285.75</ele><time>2026-09-20T6:28:04Z</time><extensions><speed>-1.0</speed><course>-1.0</course><hAcc>0.0</hAcc><vAcc>0.0</vAcc></extensions></trkpt><trkpt lat="49.627724320000034" lon="10.944386600000021"><ele>285.75</ele><time>2026-09-20T6:28:06Z</time><extensions><speed>-1.0</speed><course>-1.0</course><hAcc>0.0</hAcc><vAcc>0.0</vAcc></extensions></trkpt><trkpt lat="49.627704650000034" lon="10.94452593000002"><ele>285.75</ele><time>2026-09-20T6:28:08Z</time><extensions><speed>-1.0</speed><course>-1.0</course><hAcc>0.0</hAcc><vAcc>0.0</vAcc></extensions></trkpt><trkpt lat="49.62768532000003" lon="10.944667930000021"><ele>285.75</ele><time>2026-09-20T6:28:10Z</time><extensions><speed>-1.0</speed><course>-1.0</course><hAcc>0.0</hAcc><vAcc>0.0</vAcc></extensions></trkpt><trkpt lat="49.627661650000036" lon="10.944809930000021"><ele>285.75</ele><time>2026-09-20T6:28:12Z</time><extensions><speed>-1.0</speed><course>-1.0</course><hAcc>0.0</hAcc><vAcc>0.0</vAcc></extensions></trkpt><trkpt lat="49.627636980000034" lon="10.94495426000002"><ele>285.75</ele><time>2026-09-20T6:28:14Z</time><extensions><speed>-1.0</speed><course>-1.0</course><hAcc>0.0</hAcc><vAcc>0.0</vAcc></extensions></trkpt><trkpt lat="49.627614310000034" lon="10.945103260000021"><ele>286.66</ele><time>2026-09-20T6:28:16Z</time><extensions><speed>-1.0</speed><course>-1.0</course><hAcc>0.0</hAcc><vAcc>0.0</vAcc></extensions></trkpt><trkpt lat="49.627594640000034" lon="10.945250590000022"><ele>286.66</ele><time>2026-09-20T6:28:18Z</time><extensions><speed>-1.0</speed><course>-1.0</course><hAcc>0.0</hAcc><vAcc>0.0</vAcc></extensions></trkpt><trkpt lat="49.627577640000034" lon="10.945401590000023"><ele>286.66</ele><time>2026-09-20T6:28:20Z</time><extensions><speed>-1.0</speed><course>-1.0</course><hAcc>0.0</hAcc><vAcc>0.0</vAcc></extensions></trkpt><trkpt lat="49.62756131000003" lon="10.945552590000023"><ele>286.66</ele><time>2026-09-20T6:28:22Z</time><extensions><speed>-1.0</speed><course>-1.0</course><hAcc>0.0</hAcc><vAcc>0.0</vAcc></extensions></trkpt><trkpt lat="49.62754531000003" lon="10.945675260000023"><ele>286.66</ele><time>2026-09-20T6:28:23Z</time><extensions><speed>-1.0</speed><course>-1.0</course><hAcc>0.0</hAcc><vAcc>0.0</vAcc></extensions></trkpt><trkpt lat="49.62753298000003" lon="10.945778930000023"><ele>286.66</ele><time>2026-09-20T6:28:24Z</time><extensions><speed>-1.0</speed><course>-1.0</course><hAcc>0.0</hAcc><vAcc>0.0</vAcc></extensions></trkpt><trkpt lat="49.627529980000034" lon="10.945902930000022"><ele>286.66</ele><time>2026-09-20T6:28:26Z</time><extensions><speed>-1.0</speed><course>-1.0</course><hAcc>0.0</hAcc><vAcc>0.0</vAcc></extensions></trkpt><trkpt lat="49.62753065000003" lon="10.946034260000022"><ele>286.66</ele><time>2026-09-20T6:28:28Z</time><extensions><speed>-1.0</speed><course>-1.0</course><hAcc>0.0</hAcc><vAcc>0.0</vAcc></extensions></trkpt><trkpt lat="49.62753465000003" lon="10.946173260000023"><ele>287.48</ele><time>2026-09-20T6:28:30Z</time><extensions><speed>-1.0</speed><course>-1.0</course><hAcc>0.0</hAcc><vAcc>0.0</vAcc></extensions></trkpt><trkpt lat="49.62753932000003" lon="10.946313930000024"><ele>287.48</ele><time>2026-09-20T6:28:32Z</time><extensions><speed>-1.0</speed><course>-1.0</course><hAcc>0.0</hAcc><vAcc>0.0</vAcc></extensions></trkpt><trkpt lat="49.627543650000035" lon="10.946454930000023"><ele>287.48</ele><time>2026-09-20T6:28:34Z</time><extensions><speed>-1.0</speed><course>-1.0</course><hAcc>0.0</hAcc><vAcc>0.0</vAcc></extensions></trkpt><trkpt lat="49.627549650000034" lon="10.946597260000022"><ele>287.48</ele><time>2026-09-20T6:28:36Z</time><extensions><speed>-1.0</speed><course>-1.0</course><hAcc>0.0</hAcc><vAcc>0.0</vAcc></extensions></trkpt><trkpt lat="49.62755565000003" lon="10.946715260000023"><ele>288.3</ele><time>2026-09-20T6:28:37Z</time><extensions><speed>-1.0</speed><course>-1.0</course><hAcc>0.0</hAcc><vAcc>0.0</vAcc></extensions></trkpt><trkpt lat="49.62756698000003" lon="10.946843590000023"><ele>288.3</ele><time>2026-09-20T6:28:39Z</time><extensions><speed>-1.0</speed><course>-1.0</course><hAcc>0.0</hAcc><vAcc>0.0</vAcc></extensions></trkpt><trkpt lat="49.62757565000003" lon="10.946980260000023"><ele>288.3</ele><time>2026-09-20T6:28:41Z</time><extensions><speed>-1.0</speed><course>-1.0</course><hAcc>0.0</hAcc><vAcc>0.0</vAcc></extensions></trkpt><trkpt lat="49.62758098000003" lon="10.947097590000023"><ele>288.3</ele><time>2026-09-20T6:28:42Z</time><extensions><speed>-1.0</speed><course>-1.0</course><hAcc>0.0</hAcc><vAcc>0.0</vAcc></extensions></trkpt><trkpt lat="49.627586310000034" lon="10.947232590000024"><ele>288.3</ele><time>2026-09-20T6:28:44Z</time><extensions><speed>-1.0</speed><course>-1.0</course><hAcc>0.0</hAcc><vAcc>0.0</vAcc></extensions></trkpt><trkpt lat="49.627591640000034" lon="10.947377920000024"><ele>288.3</ele><time>2026-09-20T6:28:46Z</time><extensions><speed>-1.0</speed><course>-1.0</course><hAcc>0.0</hAcc><vAcc>0.0</vAcc></extensions></trkpt><trkpt lat="49.627599640000035" lon="10.947526920000024"><ele>288.3</ele><time>2026-09-20T6:28:48Z</time><extensions><speed>-1.0</speed><course>-1.0</course><hAcc>0.0</hAcc><vAcc>0.0</vAcc></extensions></trkpt><trkpt lat="49.62760597000003" lon="10.947678920000024"><ele>288.3</ele><time>2026-09-20T6:28:50Z</time><extensions><speed>-1.0</speed><course>-1.0</course><hAcc>0.0</hAcc><vAcc>0.0</vAcc></extensions></trkpt><trkpt lat="49.62761164000003" lon="10.947841250000025"><ele>288.3</ele><time>2026-09-20T6:28:52Z</time><extensions><speed>-1.0</speed><course>-1.0</course><hAcc>0.0</hAcc><vAcc>0.0</vAcc></extensions></trkpt><trkpt lat="49.627616640000035" lon="10.947977920000024"><ele>288.3</ele><time>2026-09-20T6:28:53Z</time><extensions><speed>-1.0</speed><course>-1.0</course><hAcc>0.0</hAcc><vAcc>0.0</vAcc></extensions></trkpt><trkpt lat="49.627622310000035" lon="10.948129590000024"><ele>288.3</ele><time>2026-09-20T6:28:55Z</time><extensions><speed>-1.0</speed><course>-1.0</course><hAcc>0.0</hAcc><vAcc>0.0</vAcc></extensions></trkpt><trkpt lat="49.62762564000003" lon="10.948258920000024"><ele>288.3</ele><time>2026-09-20T6:28:56Z</time><extensions><speed>-1.0</speed><course>-1.0</course><hAcc>0.0</hAcc><vAcc>0.0</vAcc></extensions></trkpt><trkpt lat="49.62762931000003" lon="10.948410590000023"><ele>288.3</ele><time>2026-09-20T6:28:58Z</time><extensions><speed>-1.0</speed><course>-1.0</course><hAcc>0.0</hAcc><vAcc>0.0</vAcc></extensions></trkpt><trkpt lat="49.62762964000003" lon="10.948544590000022"><ele>288.3</ele><time>2026-09-20T6:28:59Z</time><extensions><speed>-1.0</speed><course>-1.0</course><hAcc>0.0</hAcc><vAcc>0.0</vAcc></extensions></trkpt><trkpt lat="49.62762664000003" lon="10.948659260000023"><ele>288.3</ele><time>2026-09-20T6:29:00Z</time><extensions><speed>-1.0</speed><course>-1.0</course><hAcc>0.0</hAcc><vAcc>0.0</vAcc></extensions></trkpt><trkpt lat="49.627627970000034" lon="10.948794590000023"><ele>288.3</ele><time>2026-09-20T6:29:02Z</time><extensions><speed>-1.0</speed><course>-1.0</course><hAcc>0.0</hAcc><vAcc>0.0</vAcc></extensions></trkpt><trkpt lat="49.627627640000036" lon="10.948916920000023"><ele>288.3</ele><time>2026-09-20T6:29:03Z</time><extensions><speed>-1.0</speed><course>-1.0</course><hAcc>0.0</hAcc><vAcc>0.0</vAcc></extensions></trkpt><trkpt lat="49.62762664000004" lon="10.949063590000023"><ele>288.3</ele><time>2026-09-20T6:29:05Z</time><extensions><speed>-1.0</speed><course>-1.0</course><hAcc>0.0</hAcc><vAcc>0.0</vAcc></extensions></trkpt><trkpt lat="49.627624640000036" lon="10.949192590000022"><ele>288.3</ele><time>2026-09-20T6:29:06Z</time><extensions><speed>-1.0</speed><course>-1.0</course><hAcc>0.0</hAcc><vAcc>0.0</vAcc></extensions></trkpt><trkpt lat="49.627616640000035" lon="10.949346590000022"><ele>288.3</ele><time>2026-09-20T6:29:08Z</time><extensions><speed>-1.0</speed><course>-1.0</course><hAcc>0.0</hAcc><vAcc>0.0</vAcc></extensions></trkpt><trkpt lat="49.62761231000003" lon="10.949505590000022"><ele>288.3</ele><time>2026-09-20T6:29:10Z</time><extensions><speed>-1.0</speed><course>-1.0</course><hAcc>0.0</hAcc><vAcc>0.0</vAcc></extensions></trkpt><trkpt lat="49.62760664000003" lon="10.949673920000022"><ele>288.3</ele><time>2026-09-20T6:29:12Z</time><extensions><speed>-1.0</speed><course>-1.0</course><hAcc>0.0</hAcc><vAcc>0.0</vAcc></extensions></trkpt><trkpt lat="49.62760231000003" lon="10.949848250000022"><ele>288.3</ele><time>2026-09-20T6:29:14Z</time><extensions><speed>-1.0</speed><course>-1.0</course><hAcc>0.0</hAcc><vAcc>0.0</vAcc></extensions></trkpt><trkpt lat="49.627600980000025" lon="10.949996920000022"><ele>288.3</ele><time>2026-09-20T6:29:15Z</time><extensions><speed>-1.0</speed><course>-1.0</course><hAcc>0.0</hAcc><vAcc>0.0</vAcc></extensions></trkpt><trkpt lat="49.62759931000002" lon="10.950153920000021"><ele>288.3</ele><time>2026-09-20T6:29:17Z</time><extensions><speed>-1.0</speed><course>-1.0</course><hAcc>0.0</hAcc><vAcc>0.0</vAcc></extensions></trkpt><trkpt lat="49.627595640000024" lon="10.950291920000021"><ele>287.48</ele><time>2026-09-20T6:29:18Z</time><extensions><speed>-1.0</speed><course>-1.0</course><hAcc>0.0</hAcc><vAcc>0.0</vAcc></extensions></trkpt><trkpt lat="49.62759064000002" lon="10.950445920000021"><ele>287.48</ele><time>2026-09-20T6:29:20Z</time><extensions><speed>-1.0</speed><course>-1.0</course><hAcc>0.0</hAcc><vAcc>0.0</vAcc></extensions></trkpt><trkpt lat="49.62758764000002" lon="10.95057992000002"><ele>287.48</ele><time>2026-09-20T6:29:21Z</time><extensions><speed>-1.0</speed><course>-1.0</course><hAcc>0.0</hAcc><vAcc>0.0</vAcc></extensions></trkpt><trkpt lat="49.62758764000002" lon="10.950696590000021"><ele>287.48</ele><time>2026-09-20T6:29:22Z</time><extensions><speed>-1.0</speed><course>-1.0</course><hAcc>0.0</hAcc><vAcc>0.0</vAcc></extensions></trkpt><trkpt lat="49.62759131000002" lon="10.95083892000002"><ele>287.48</ele><time>2026-09-20T6:29:24Z</time><extensions><speed>-1.0</speed><course>-1.0</course><hAcc>0.0</hAcc><vAcc>0.0</vAcc></extensions></trkpt><trkpt lat="49.62759998000002" lon="10.95099459000002"><ele>287.48</ele><time>2026-09-20T6:29:26Z</time><extensions><speed>-1.0</speed><course>-1.0</course><hAcc>0.0</hAcc><vAcc>0.0</vAcc></extensions></trkpt><trkpt lat="49.627615650000024" lon="10.95115859000002"><ele>285.39</ele><time>2026-09-20T6:29:28Z</time><extensions><speed>-1.0</speed><course>-1.0</course><hAcc>0.0</hAcc><vAcc>0.0</vAcc></extensions></trkpt><trkpt lat="49.62763665000002" lon="10.95133126000002"><ele>285.39</ele><time>2026-09-20T6:29:30Z</time><extensions><speed>-1.0</speed><course>-1.0</course><hAcc>0.0</hAcc><vAcc>0.0</vAcc></extensions></trkpt><trkpt lat="49.62766332000002" lon="10.95150493000002"><ele>285.39</ele><time>2026-09-20T6:29:32Z</time><extensions><speed>-1.0</speed><course>-1.0</course><hAcc>0.0</hAcc><vAcc>0.0</vAcc></extensions></trkpt><trkpt lat="49.62769299000002" lon="10.95168326000002"><ele>285.39</ele><time>2026-09-20T6:29:34Z</time><extensions><speed>-1.0</speed><course>-1.0</course><hAcc>0.0</hAcc><vAcc>0.0</vAcc></extensions></trkpt><trkpt lat="49.627725660000024" lon="10.95186493000002"><ele>285.39</ele><time>2026-09-20T6:29:36Z</time><extensions><speed>-1.0</speed><course>-1.0</course><hAcc>0.0</hAcc><vAcc>0.0</vAcc></extensions></trkpt><trkpt lat="49.627759660000024" lon="10.95204860000002"><ele>285.39</ele><time>2026-09-20T6:29:38Z</time><extensions><speed>-1.0</speed><course>-1.0</course><hAcc>0.0</hAcc><vAcc>0.0</vAcc></extensions></trkpt><trkpt lat="49.62778866000002" lon="10.952203270000021"><ele>285.39</ele><time>2026-09-20T6:29:39Z</time><extensions><speed>-1.0</speed><course>-1.0</course><hAcc>0.0</hAcc><vAcc>0.0</vAcc></extensions></trkpt><trkpt lat="49.627812660000025" lon="10.952339600000021"><ele>284.57</ele><time>2026-09-20T6:29:40Z</time><extensions><speed>-1.0</speed><course>-1.0</course><hAcc>0.0</hAcc><vAcc>0.0</vAcc></extensions></trkpt><trkpt lat="49.62783399000003" lon="10.952492270000022"><ele>284.57</ele><time>2026-09-20T6:29:42Z</time><extensions><speed>-1.0</speed><course>-1.0</course><hAcc>0.0</hAcc><vAcc>0.0</vAcc></extensions></trkpt><trkpt lat="49.62785532000003" lon="10.952654940000022"><ele>284.57</ele><time>2026-09-20T6:29:44Z</time><extensions><speed>-1.0</speed><course>-1.0</course><hAcc>0.0</hAcc><vAcc>0.0</vAcc></extensions></trkpt><trkpt lat="49.62787765000003" lon="10.952825270000021"><ele>283.75</ele><time>2026-09-20T6:29:46Z</time><extensions><speed>-1.0</speed><course>-1.0</course><hAcc>0.0</hAcc><vAcc>0.0</vAcc></extensions></trkpt><trkpt lat="49.62790132000003" lon="10.952998270000021"><ele>283.75</ele><time>2026-09-20T6:29:48Z</time><extensions><speed>-1.0</speed><course>-1.0</course><hAcc>0.0</hAcc><vAcc>0.0</vAcc></extensions></trkpt><trkpt lat="49.62792532000003" lon="10.953172940000021"><ele>283.75</ele><time>2026-09-20T6:29:50Z</time><extensions><speed>-1.0</speed><course>-1.0</course><hAcc>0.0</hAcc><vAcc>0.0</vAcc></extensions></trkpt><trkpt lat="49.62794999000003" lon="10.953347270000021"><ele>282.84000000000003</ele><time>2026-09-20T6:29:52Z</time><extensions><speed>-1.0</speed><course>-1.0</course><hAcc>0.0</hAcc><vAcc>0.0</vAcc></extensions></trkpt><trkpt lat="49.62797266000003" lon="10.953519600000021"><ele>282.84000000000003</ele><time>2026-09-20T6:29:54Z</time><extensions><speed>-1.0</speed><course>-1.0</course><hAcc>0.0</hAcc><vAcc>0.0</vAcc></extensions></trkpt><trkpt lat="49.62799633000003" lon="10.953692600000021"><ele>282.84000000000003</ele><time>2026-09-20T6:29:56Z</time><extensions><speed>-1.0</speed><course>-1.0</course><hAcc>0.0</hAcc><vAcc>0.0</vAcc></extensions></trkpt><trkpt lat="49.62801733000003" lon="10.953865270000021"><ele>281.93</ele><time>2026-09-20T6:29:58Z</time><extensions><speed>-1.0</speed><course>-1.0</course><hAcc>0.0</hAcc><vAcc>0.0</vAcc></extensions></trkpt><trkpt lat="49.62803900000003" lon="10.95403594000002"><ele>281.93</ele><time>2026-09-20T6:30:00Z</time><extensions><speed>-1.0</speed><course>-1.0</course><hAcc>0.0</hAcc><vAcc>0.0</vAcc></extensions></trkpt><trkpt lat="49.62805700000003" lon="10.95420561000002"><ele>280.93</ele><time>2026-09-20T6:30:02Z</time><extensions><speed>-1.0</speed><course>-1.0</course><hAcc>0.0</hAcc><vAcc>0.0</vAcc></extensions></trkpt><trkpt lat="49.628075000000024" lon="10.95437661000002"><ele>280.93</ele><time>2026-09-20T6:30:04Z</time><extensions><speed>-1.0</speed><course>-1.0</course><hAcc>0.0</hAcc><vAcc>0.0</vAcc></extensions></trkpt><trkpt lat="49.62809233000002" lon="10.95454794000002"><ele>280.93</ele><time>2026-09-20T6:30:06Z</time><extensions><speed>-1.0</speed><course>-1.0</course><hAcc>0.0</hAcc><vAcc>0.0</vAcc></extensions></trkpt><trkpt lat="49.62811033000002" lon="10.95472061000002"><ele>280.93</ele><time>2026-09-20T6:30:08Z</time><extensions><speed>-1.0</speed><course>-1.0</course><hAcc>0.0</hAcc><vAcc>0.0</vAcc></extensions></trkpt><trkpt lat="49.62813166000002" lon="10.95489361000002"><ele>280.93</ele><time>2026-09-20T6:30:10Z</time><extensions><speed>-1.0</speed><course>-1.0</course><hAcc>0.0</hAcc><vAcc>0.0</vAcc></extensions></trkpt><trkpt lat="49.62816066000002" lon="10.95506428000002"><ele>280.93</ele><time>2026-09-20T6:30:12Z</time><extensions><speed>-1.0</speed><course>-1.0</course><hAcc>0.0</hAcc><vAcc>0.0</vAcc></extensions></trkpt><trkpt lat="49.62819366000002" lon="10.95523528000002"><ele>280.93</ele><time>2026-09-20T6:30:14Z</time><extensions><speed>-1.0</speed><course>-1.0</course><hAcc>0.0</hAcc><vAcc>0.0</vAcc></extensions></trkpt><trkpt lat="49.628228990000025" lon="10.95540461000002"><ele>280.93</ele><time>2026-09-20T6:30:16Z</time><extensions><speed>-1.0</speed><course>-1.0</course><hAcc>0.0</hAcc><vAcc>0.0</vAcc></extensions></trkpt><trkpt lat="49.628259660000026" lon="10.95554594000002"><ele>280.93</ele><time>2026-09-20T6:30:17Z</time><extensions><speed>-1.0</speed><course>-1.0</course><hAcc>0.0</hAcc><vAcc>0.0</vAcc></extensions></trkpt><trkpt lat="49.62829299000003" lon="10.95569561000002"><ele>280.93</ele><time>2026-09-20T6:30:19Z</time><extensions><speed>-1.0</speed><course>-1.0</course><hAcc>0.0</hAcc><vAcc>0.0</vAcc></extensions></trkpt><trkpt lat="49.628324320000026" lon="10.955822280000021"><ele>280.93</ele><time>2026-09-20T6:30:20Z</time><extensions><speed>-1.0</speed><course>-1.0</course><hAcc>0.0</hAcc><vAcc>0.0</vAcc></extensions></trkpt><trkpt lat="49.62836165000002" lon="10.955957280000021"><ele>280.93</ele><time>2026-09-20T6:30:22Z</time><extensions><speed>-1.0</speed><course>-1.0</course><hAcc>0.0</hAcc><vAcc>0.0</vAcc></extensions></trkpt><trkpt lat="49.62839565000002" lon="10.956073280000021"><ele>280.93</ele><time>2026-09-20T6:30:23Z</time><extensions><speed>-1.0</speed><course>-1.0</course><hAcc>0.0</hAcc><vAcc>0.0</vAcc></extensions></trkpt><trkpt lat="49.62842998000002" lon="10.956173610000022"><ele>280.93</ele><time>2026-09-20T6:30:24Z</time><extensions><speed>-1.0</speed><course>-1.0</course><hAcc>0.0</hAcc><vAcc>0.0</vAcc></extensions></trkpt><trkpt lat="49.628479650000024" lon="10.956277280000021"><ele>280.93</ele><time>2026-09-20T6:30:26Z</time><extensions><speed>-1.0</speed><course>-1.0</course><hAcc>0.0</hAcc><vAcc>0.0</vAcc></extensions></trkpt><trkpt lat="49.62854865000003" lon="10.956359610000021"><ele>280.93</ele><time>2026-09-20T6:30:28Z</time><extensions><speed>-1.0</speed><course>-1.0</course><hAcc>0.0</hAcc><vAcc>0.0</vAcc></extensions></trkpt><trkpt lat="49.62862665000003" lon="10.956431280000022"><ele>280.93</ele><time>2026-09-20T6:30:30Z</time><extensions><speed>-1.0</speed><course>-1.0</course><hAcc>0.0</hAcc><vAcc>0.0</vAcc></extensions></trkpt><trkpt lat="49.62871065000003" lon="10.956500610000022"><ele>280.93</ele><time>2026-09-20T6:30:32Z</time><extensions><speed>-1.0</speed><course>-1.0</course><hAcc>0.0</hAcc><vAcc>0.0</vAcc></extensions></trkpt><trkpt lat="49.62879698000003" lon="10.956562610000022"><ele>280.93</ele><time>2026-09-20T6:30:34Z</time><extensions><speed>-1.0</speed><course>-1.0</course><hAcc>0.0</hAcc><vAcc>0.0</vAcc></extensions></trkpt><trkpt lat="49.628883650000034" lon="10.956616940000021"><ele>282.12</ele><time>2026-09-20T6:30:36Z</time><extensions><speed>-1.0</speed><course>-1.0</course><hAcc>0.0</hAcc><vAcc>0.0</vAcc></extensions></trkpt><trkpt lat="49.628970320000036" lon="10.956673940000021"><ele>282.12</ele><time>2026-09-20T6:30:38Z</time><extensions><speed>-1.0</speed><course>-1.0</course><hAcc>0.0</hAcc><vAcc>0.0</vAcc></extensions></trkpt><trkpt lat="49.62905899000003" lon="10.956726270000022"><ele>282.12</ele><time>2026-09-20T6:30:40Z</time><extensions><speed>-1.0</speed><course>-1.0</course><hAcc>0.0</hAcc><vAcc>0.0</vAcc></extensions></trkpt><trkpt lat="49.629148660000034" lon="10.956777600000022"><ele>282.12</ele><time>2026-09-20T6:30:42Z</time><extensions><speed>-1.0</speed><course>-1.0</course><hAcc>0.0</hAcc><vAcc>0.0</vAcc></extensions></trkpt><trkpt lat="49.629237990000036" lon="10.956833270000022"><ele>282.12</ele><time>2026-09-20T6:30:44Z</time><extensions><speed>-1.0</speed><course>-1.0</course><hAcc>0.0</hAcc><vAcc>0.0</vAcc></extensions></trkpt><trkpt lat="49.62932432000004" lon="10.956896940000021"><ele>282.12</ele><time>2026-09-20T6:30:46Z</time><extensions><speed>-1.0</speed><course>-1.0</course><hAcc>0.0</hAcc><vAcc>0.0</vAcc></extensions></trkpt><trkpt lat="49.62939499000004" lon="10.956952940000022"><ele>282.93</ele><time>2026-09-20T6:30:47Z</time><extensions><speed>-1.0</speed><course>-1.0</course><hAcc>0.0</hAcc><vAcc>0.0</vAcc></extensions></trkpt><trkpt lat="49.629465990000035" lon="10.957021940000022"><ele>282.93</ele><time>2026-09-20T6:30:49Z</time><extensions><speed>-1.0</speed><course>-1.0</course><hAcc>0.0</hAcc><vAcc>0.0</vAcc></extensions></trkpt><trkpt lat="49.629525320000035" lon="10.957084940000023"><ele>282.93</ele><time>2026-09-20T6:30:50Z</time><extensions><speed>-1.0</speed><course>-1.0</course><hAcc>0.0</hAcc><vAcc>0.0</vAcc></extensions></trkpt><trkpt lat="49.62959132000003" lon="10.957165270000022"><ele>282.93</ele><time>2026-09-20T6:30:52Z</time><extensions><speed>-1.0</speed><course>-1.0</course><hAcc>0.0</hAcc><vAcc>0.0</vAcc></extensions></trkpt><trkpt lat="49.62966132000003" lon="10.957252270000023"><ele>283.75</ele><time>2026-09-20T6:30:54Z</time><extensions><speed>-1.0</speed><course>-1.0</course><hAcc>0.0</hAcc><vAcc>0.0</vAcc></extensions></trkpt><trkpt lat="49.629730990000034" lon="10.957356600000022"><ele>283.75</ele><time>2026-09-20T6:30:56Z</time><extensions><speed>-1.0</speed><course>-1.0</course><hAcc>0.0</hAcc><vAcc>0.0</vAcc></extensions></trkpt><trkpt lat="49.62979032000003" lon="10.957448600000022"><ele>283.75</ele><time>2026-09-20T6:30:57Z</time><extensions><speed>-1.0</speed><course>-1.0</course><hAcc>0.0</hAcc><vAcc>0.0</vAcc></extensions></trkpt><trkpt lat="49.629840990000034" lon="10.957535270000022"><ele>283.75</ele><time>2026-09-20T6:30:58Z</time><extensions><speed>-1.0</speed><course>-1.0</course><hAcc>0.0</hAcc><vAcc>0.0</vAcc></extensions></trkpt><trkpt lat="49.629896990000034" lon="10.957635600000023"><ele>283.75</ele><time>2026-09-20T6:31:00Z</time><extensions><speed>-1.0</speed><course>-1.0</course><hAcc>0.0</hAcc><vAcc>0.0</vAcc></extensions></trkpt><trkpt lat="49.62995499000004" lon="10.957750930000023"><ele>283.75</ele><time>2026-09-20T6:31:02Z</time><extensions><speed>-1.0</speed><course>-1.0</course><hAcc>0.0</hAcc><vAcc>0.0</vAcc></extensions></trkpt><trkpt lat="49.63001099000004" lon="10.957879600000023"><ele>283.75</ele><time>2026-09-20T6:31:04Z</time><extensions><speed>-1.0</speed><course>-1.0</course><hAcc>0.0</hAcc><vAcc>0.0</vAcc></extensions></trkpt><trkpt lat="49.63006499000004" lon="10.958015270000024"><ele>283.75</ele><time>2026-09-20T6:31:06Z</time><extensions><speed>-1.0</speed><course>-1.0</course><hAcc>0.0</hAcc><vAcc>0.0</vAcc></extensions></trkpt><trkpt lat="49.630116320000035" lon="10.958153940000024"><ele>283.75</ele><time>2026-09-20T6:31:08Z</time><extensions><speed>-1.0</speed><course>-1.0</course><hAcc>0.0</hAcc><vAcc>0.0</vAcc></extensions></trkpt><trkpt lat="49.63016165000003" lon="10.958299270000024"><ele>283.75</ele><time>2026-09-20T6:31:10Z</time><extensions><speed>-1.0</speed><course>-1.0</course><hAcc>0.0</hAcc><vAcc>0.0</vAcc></extensions></trkpt><trkpt lat="49.63020465000003" lon="10.958442270000024"><ele>283.75</ele><time>2026-09-20T6:31:12Z</time><extensions><speed>-1.0</speed><course>-1.0</course><hAcc>0.0</hAcc><vAcc>0.0</vAcc></extensions></trkpt><trkpt lat="49.63024532000003" lon="10.958588270000025"><ele>283.75</ele><time>2026-09-20T6:31:14Z</time><extensions><speed>-1.0</speed><course>-1.0</course><hAcc>0.0</hAcc><vAcc>0.0</vAcc></extensions></trkpt><trkpt lat="49.63028499000003" lon="10.958734940000024"><ele>283.75</ele><time>2026-09-20T6:31:16Z</time><extensions><speed>-1.0</speed><course>-1.0</course><hAcc>0.0</hAcc><vAcc>0.0</vAcc></extensions></trkpt><trkpt lat="49.63032366000003" lon="10.958877610000025"><ele>283.75</ele><time>2026-09-20T6:31:18Z</time><extensions><speed>-1.0</speed><course>-1.0</course><hAcc>0.0</hAcc><vAcc>0.0</vAcc></extensions></trkpt><trkpt lat="49.63035899000003" lon="10.959019280000025"><ele>283.75</ele><time>2026-09-20T6:31:20Z</time><extensions><speed>-1.0</speed><course>-1.0</course><hAcc>0.0</hAcc><vAcc>0.0</vAcc></extensions></trkpt><trkpt lat="49.630389660000034" lon="10.959157610000025"><ele>283.75</ele><time>2026-09-20T6:31:22Z</time><extensions><speed>-1.0</speed><course>-1.0</course><hAcc>0.0</hAcc><vAcc>0.0</vAcc></extensions></trkpt><trkpt lat="49.630414330000036" lon="10.959296610000026"><ele>283.75</ele><time>2026-09-20T6:31:24Z</time><extensions><speed>-1.0</speed><course>-1.0</course><hAcc>0.0</hAcc><vAcc>0.0</vAcc></extensions></trkpt><trkpt lat="49.63043266000004" lon="10.959434610000026"><ele>284.66</ele><time>2026-09-20T6:31:26Z</time><extensions><speed>-1.0</speed><course>-1.0</course><hAcc>0.0</hAcc><vAcc>0.0</vAcc></extensions></trkpt><trkpt lat="49.63044666000004" lon="10.959571280000025"><ele>284.66</ele><time>2026-09-20T6:31:28Z</time><extensions><speed>-1.0</speed><course>-1.0</course><hAcc>0.0</hAcc><vAcc>0.0</vAcc></extensions></trkpt><trkpt lat="49.63045899000004" lon="10.959709280000025"><ele>284.66</ele><time>2026-09-20T6:31:30Z</time><extensions><speed>-1.0</speed><course>-1.0</course><hAcc>0.0</hAcc><vAcc>0.0</vAcc></extensions></trkpt><trkpt lat="49.63046632000004" lon="10.959848950000024"><ele>284.66</ele><time>2026-09-20T6:31:32Z</time><extensions><speed>-1.0</speed><course>-1.0</course><hAcc>0.0</hAcc><vAcc>0.0</vAcc></extensions></trkpt><trkpt lat="49.63047165000004" lon="10.959994950000025"><ele>284.66</ele><time>2026-09-20T6:31:34Z</time><extensions><speed>-1.0</speed><course>-1.0</course><hAcc>0.0</hAcc><vAcc>0.0</vAcc></extensions></trkpt><trkpt lat="49.63047598000004" lon="10.960143280000025"><ele>284.66</ele><time>2026-09-20T6:31:36Z</time><extensions><speed>-1.0</speed><course>-1.0</course><hAcc>0.0</hAcc><vAcc>0.0</vAcc></extensions></trkpt><trkpt lat="49.63047931000004" lon="10.960288950000026"><ele>285.57</ele><time>2026-09-20T6:31:38Z</time><extensions><speed>-1.0</speed><course>-1.0</course><hAcc>0.0</hAcc><vAcc>0.0</vAcc></extensions></trkpt><trkpt lat="49.63048231000004" lon="10.960411950000026"><ele>285.57</ele><time>2026-09-20T6:31:39Z</time><extensions><speed>-1.0</speed><course>-1.0</course><hAcc>0.0</hAcc><vAcc>0.0</vAcc></extensions></trkpt><trkpt lat="49.63048598000004" lon="10.960518620000025"><ele>285.57</ele><time>2026-09-20T6:31:40Z</time><extensions><speed>-1.0</speed><course>-1.0</course><hAcc>0.0</hAcc><vAcc>0.0</vAcc></extensions></trkpt><trkpt lat="49.63048931000004" lon="10.960614620000024"><ele>285.57</ele><time>2026-09-20T6:31:41Z</time><extensions><speed>-1.0</speed><course>-1.0</course><hAcc>0.0</hAcc><vAcc>0.0</vAcc></extensions></trkpt><trkpt lat="49.630495310000036" lon="10.960727620000025"><ele>285.57</ele><time>2026-09-20T6:31:43Z</time><extensions><speed>-1.0</speed><course>-1.0</course><hAcc>0.0</hAcc><vAcc>0.0</vAcc></extensions></trkpt><trkpt lat="49.630498640000035" lon="10.960827620000025"><ele>285.57</ele><time>2026-09-20T6:31:44Z</time><extensions><speed>-1.0</speed><course>-1.0</course><hAcc>0.0</hAcc><vAcc>0.0</vAcc></extensions></trkpt><trkpt lat="49.630501640000034" lon="10.960939290000026"><ele>285.57</ele><time>2026-09-20T6:31:46Z</time><extensions><speed>-1.0</speed><course>-1.0</course><hAcc>0.0</hAcc><vAcc>0.0</vAcc></extensions></trkpt><trkpt lat="49.63050564000003" lon="10.961059620000025"><ele>285.57</ele><time>2026-09-20T6:31:48Z</time><extensions><speed>-1.0</speed><course>-1.0</course><hAcc>0.0</hAcc><vAcc>0.0</vAcc></extensions></trkpt><trkpt lat="49.63050931000003" lon="10.961184950000025"><ele>285.57</ele><time>2026-09-20T6:31:50Z</time><extensions><speed>-1.0</speed><course>-1.0</course><hAcc>0.0</hAcc><vAcc>0.0</vAcc></extensions></trkpt><trkpt lat="49.63051431000003" lon="10.961314280000025"><ele>285.57</ele><time>2026-09-20T6:31:52Z</time><extensions><speed>-1.0</speed><course>-1.0</course><hAcc>0.0</hAcc><vAcc>0.0</vAcc></extensions></trkpt><trkpt lat="49.630518640000034" lon="10.961445610000025"><ele>286.39</ele><time>2026-09-20T6:31:54Z</time><extensions><speed>-1.0</speed><course>-1.0</course><hAcc>0.0</hAcc><vAcc>0.0</vAcc></extensions></trkpt><trkpt lat="49.63051931000003" lon="10.961577940000025"><ele>286.39</ele><time>2026-09-20T6:31:56Z</time><extensions><speed>-1.0</speed><course>-1.0</course><hAcc>0.0</hAcc><vAcc>0.0</vAcc></extensions></trkpt><trkpt lat="49.630515310000035" lon="10.961689270000024"><ele>286.39</ele><time>2026-09-20T6:31:57Z</time><extensions><speed>-1.0</speed><course>-1.0</course><hAcc>0.0</hAcc><vAcc>0.0</vAcc></extensions></trkpt><trkpt lat="49.630501310000035" lon="10.961805600000025"><ele>286.39</ele><time>2026-09-20T6:31:59Z</time><extensions><speed>-1.0</speed><course>-1.0</course><hAcc>0.0</hAcc><vAcc>0.0</vAcc></extensions></trkpt><trkpt lat="49.63048531000003" lon="10.961901930000025"><ele>286.39</ele><time>2026-09-20T6:32:00Z</time><extensions><speed>-1.0</speed><course>-1.0</course><hAcc>0.0</hAcc><vAcc>0.0</vAcc></extensions></trkpt><trkpt lat="49.630470980000034" lon="10.961986930000025"><ele>286.39</ele><time>2026-09-20T6:32:01Z</time><extensions><speed>-1.0</speed><course>-1.0</course><hAcc>0.0</hAcc><vAcc>0.0</vAcc></extensions></trkpt><trkpt lat="49.63045565000004" lon="10.962062600000024"><ele>286.39</ele><time>2026-09-20T6:32:02Z</time><extensions><speed>-1.0</speed><course>-1.0</course><hAcc>0.0</hAcc><vAcc>0.0</vAcc></extensions></trkpt><trkpt lat="49.63043565000004" lon="10.962149600000025"><ele>286.39</ele><time>2026-09-20T6:32:04Z</time><extensions><speed>-1.0</speed><course>-1.0</course><hAcc>0.0</hAcc><vAcc>0.0</vAcc></extensions></trkpt><trkpt lat="49.63041232000004" lon="10.962251270000024"><ele>286.39</ele><time>2026-09-20T6:32:06Z</time><extensions><speed>-1.0</speed><course>-1.0</course><hAcc>0.0</hAcc><vAcc>0.0</vAcc></extensions></trkpt><trkpt lat="49.63038532000004" lon="10.962363270000024"><ele>287.21</ele><time>2026-09-20T6:32:08Z</time><extensions><speed>-1.0</speed><course>-1.0</course><hAcc>0.0</hAcc><vAcc>0.0</vAcc></extensions></trkpt><trkpt lat="49.630361320000034" lon="10.962460600000023"><ele>287.21</ele><time>2026-09-20T6:32:09Z</time><extensions><speed>-1.0</speed><course>-1.0</course><hAcc>0.0</hAcc><vAcc>0.0</vAcc></extensions></trkpt><trkpt lat="49.63033699000003" lon="10.962567600000023"><ele>287.21</ele><time>2026-09-20T6:32:11Z</time><extensions><speed>-1.0</speed><course>-1.0</course><hAcc>0.0</hAcc><vAcc>0.0</vAcc></extensions></trkpt><trkpt lat="49.630313320000035" lon="10.962664270000023"><ele>287.21</ele><time>2026-09-20T6:32:12Z</time><extensions><speed>-1.0</speed><course>-1.0</course><hAcc>0.0</hAcc><vAcc>0.0</vAcc></extensions></trkpt><trkpt lat="49.63028599000003" lon="10.962782270000023"><ele>288.3</ele><time>2026-09-20T6:32:14Z</time><extensions><speed>-1.0</speed><course>-1.0</course><hAcc>0.0</hAcc><vAcc>0.0</vAcc></extensions></trkpt><trkpt lat="49.63025599000003" lon="10.962900270000024"><ele>288.3</ele><time>2026-09-20T6:32:16Z</time><extensions><speed>-1.0</speed><course>-1.0</course><hAcc>0.0</hAcc><vAcc>0.0</vAcc></extensions></trkpt><trkpt lat="49.63023066000003" lon="10.963001600000023"><ele>290.66</ele><time>2026-09-20T6:32:17Z</time><extensions><speed>-1.0</speed><course>-1.0</course><hAcc>0.0</hAcc><vAcc>0.0</vAcc></extensions></trkpt><trkpt lat="49.63020766000003" lon="10.963091600000023"><ele>290.66</ele><time>2026-09-20T6:32:18Z</time><extensions><speed>-1.0</speed><course>-1.0</course><hAcc>0.0</hAcc><vAcc>0.0</vAcc></extensions></trkpt><trkpt lat="49.63018066000003" lon="10.963198930000024"><ele>290.66</ele><time>2026-09-20T6:32:20Z</time><extensions><speed>-1.0</speed><course>-1.0</course><hAcc>0.0</hAcc><vAcc>0.0</vAcc></extensions></trkpt><trkpt lat="49.63014633000003" lon="10.963304260000024"><ele>290.66</ele><time>2026-09-20T6:32:22Z</time><extensions><speed>-1.0</speed><course>-1.0</course><hAcc>0.0</hAcc><vAcc>0.0</vAcc></extensions></trkpt><trkpt lat="49.63010700000003" lon="10.963409590000024"><ele>290.66</ele><time>2026-09-20T6:32:24Z</time><extensions><speed>-1.0</speed><course>-1.0</course><hAcc>0.0</hAcc><vAcc>0.0</vAcc></extensions></trkpt><trkpt lat="49.63007500000003" lon="10.963498260000025"><ele>290.66</ele><time>2026-09-20T6:32:25Z</time><extensions><speed>-1.0</speed><course>-1.0</course><hAcc>0.0</hAcc><vAcc>0.0</vAcc></extensions></trkpt><trkpt lat="49.63005000000003" lon="10.963573930000024"><ele>290.66</ele><time>2026-09-20T6:32:26Z</time><extensions><speed>-1.0</speed><course>-1.0</course><hAcc>0.0</hAcc><vAcc>0.0</vAcc></extensions></trkpt><trkpt lat="49.63002433000003" lon="10.963650600000024"><ele>291.57</ele><time>2026-09-20T6:32:28Z</time><extensions><speed>-1.0</speed><course>-1.0</course><hAcc>0.0</hAcc><vAcc>0.0</vAcc></extensions></trkpt><trkpt lat="49.63000566000003" lon="10.963708270000025"><ele>291.57</ele><time>2026-09-20T6:32:30Z</time><extensions><speed>-1.0</speed><course>-1.0</course><hAcc>0.0</hAcc><vAcc>0.0</vAcc></extensions></trkpt><trkpt lat="49.62997333000003" lon="10.963830600000025"><ele>291.57</ele><time>2026-09-20T6:32:38Z</time><extensions><speed>-1.0</speed><course>-1.0</course><hAcc>0.0</hAcc><vAcc>0.0</vAcc></extensions></trkpt><trkpt lat="49.62997833000003" lon="10.963829600000025"><ele>291.57</ele><time>2026-09-20T6:32:50Z</time><extensions><speed>-1.0</speed><course>-1.0</course><hAcc>0.0</hAcc><vAcc>0.0</vAcc></extensions></trkpt><trkpt lat="49.62997000000003" lon="10.963850600000026"><ele>291.57</ele><time>2026-09-20T6:33:00Z</time><extensions><speed>-1.0</speed><course>-1.0</course><hAcc>0.0</hAcc><vAcc>0.0</vAcc></extensions></trkpt><trkpt lat="49.62996800000003" lon="10.963866930000025"><ele>291.57</ele><time>2026-09-20T6:33:02Z</time><extensions><speed>-1.0</speed><course>-1.0</course><hAcc>0.0</hAcc><vAcc>0.0</vAcc></extensions></trkpt><trkpt lat="49.62996367000002" lon="10.963911260000025"><ele>291.57</ele><time>2026-09-20T6:33:04Z</time><extensions><speed>-1.0</speed><course>-1.0</course><hAcc>0.0</hAcc><vAcc>0.0</vAcc></extensions></trkpt><trkpt lat="49.62994834000003" lon="10.963986260000025"><ele>291.57</ele><time>2026-09-20T6:33:06Z</time><extensions><speed>-1.0</speed><course>-1.0</course><hAcc>0.0</hAcc><vAcc>0.0</vAcc></extensions></trkpt><trkpt lat="49.62991867000002" lon="10.964086930000025"><ele>291.57</ele><time>2026-09-20T6:33:08Z</time><extensions><speed>-1.0</speed><course>-1.0</course><hAcc>0.0</hAcc><vAcc>0.0</vAcc></extensions></trkpt><trkpt lat="49.62988600000002" lon="10.964178600000025"><ele>291.57</ele><time>2026-09-20T6:33:09Z</time><extensions><speed>-1.0</speed><course>-1.0</course><hAcc>0.0</hAcc><vAcc>0.0</vAcc></extensions></trkpt><trkpt lat="49.62984033000002" lon="10.964287600000025"><ele>291.57</ele><time>2026-09-20T6:33:11Z</time><extensions><speed>-1.0</speed><course>-1.0</course><hAcc>0.0</hAcc><vAcc>0.0</vAcc></extensions></trkpt><trkpt lat="49.629799660000025" lon="10.964387600000025"><ele>292.48</ele><time>2026-09-20T6:33:12Z</time><extensions><speed>-1.0</speed><course>-1.0</course><hAcc>0.0</hAcc><vAcc>0.0</vAcc></extensions></trkpt><trkpt lat="49.629751660000025" lon="10.964508600000025"><ele>292.48</ele><time>2026-09-20T6:33:14Z</time><extensions><speed>-1.0</speed><course>-1.0</course><hAcc>0.0</hAcc><vAcc>0.0</vAcc></extensions></trkpt><trkpt lat="49.62969933000002" lon="10.964641930000026"><ele>292.48</ele><time>2026-09-20T6:33:16Z</time><extensions><speed>-1.0</speed><course>-1.0</course><hAcc>0.0</hAcc><vAcc>0.0</vAcc></extensions></trkpt><trkpt lat="49.62965433000002" lon="10.964757260000026"><ele>292.48</ele><time>2026-09-20T6:33:17Z</time><extensions><speed>-1.0</speed><course>-1.0</course><hAcc>0.0</hAcc><vAcc>0.0</vAcc></extensions></trkpt><trkpt lat="49.629614000000025" lon="10.964859590000026"><ele>292.48</ele><time>2026-09-20T6:33:18Z</time><extensions><speed>-1.0</speed><course>-1.0</course><hAcc>0.0</hAcc><vAcc>0.0</vAcc></extensions></trkpt><trkpt lat="49.62956800000003" lon="10.964981260000027"><ele>292.48</ele><time>2026-09-20T6:33:20Z</time><extensions><speed>-1.0</speed><course>-1.0</course><hAcc>0.0</hAcc><vAcc>0.0</vAcc></extensions></trkpt><trkpt lat="49.62952033000003" lon="10.965117590000027"><ele>292.48</ele><time>2026-09-20T6:33:22Z</time><extensions><speed>-1.0</speed><course>-1.0</course><hAcc>0.0</hAcc><vAcc>0.0</vAcc></extensions></trkpt><trkpt lat="49.62947166000003" lon="10.965263920000027"><ele>292.48</ele><time>2026-09-20T6:33:24Z</time><extensions><speed>-1.0</speed><course>-1.0</course><hAcc>0.0</hAcc><vAcc>0.0</vAcc></extensions></trkpt><trkpt lat="49.62942366000003" lon="10.965415590000026"><ele>293.84000000000003</ele><time>2026-09-20T6:33:26Z</time><extensions><speed>-1.0</speed><course>-1.0</course><hAcc>0.0</hAcc><vAcc>0.0</vAcc></extensions></trkpt><trkpt lat="49.62937833000003" lon="10.965575920000026"><ele>293.84000000000003</ele><time>2026-09-20T6:33:28Z</time><extensions><speed>-1.0</speed><course>-1.0</course><hAcc>0.0</hAcc><vAcc>0.0</vAcc></extensions></trkpt><trkpt lat="49.62933933000003" lon="10.965740920000027"><ele>293.84000000000003</ele><time>2026-09-20T6:33:30Z</time><extensions><speed>-1.0</speed><course>-1.0</course><hAcc>0.0</hAcc><vAcc>0.0</vAcc></extensions></trkpt><trkpt lat="49.62930500000003" lon="10.965909590000027"><ele>293.84000000000003</ele><time>2026-09-20T6:33:32Z</time><extensions><speed>-1.0</speed><course>-1.0</course><hAcc>0.0</hAcc><vAcc>0.0</vAcc></extensions></trkpt><trkpt lat="49.62927600000003" lon="10.966084260000027"><ele>293.84000000000003</ele><time>2026-09-20T6:33:34Z</time><extensions><speed>-1.0</speed><course>-1.0</course><hAcc>0.0</hAcc><vAcc>0.0</vAcc></extensions></trkpt><trkpt lat="49.62924867000003" lon="10.966262260000027"><ele>293.84000000000003</ele><time>2026-09-20T6:33:36Z</time><extensions><speed>-1.0</speed><course>-1.0</course><hAcc>0.0</hAcc><vAcc>0.0</vAcc></extensions></trkpt><trkpt lat="49.62922300000003" lon="10.966442590000026"><ele>293.84000000000003</ele><time>2026-09-20T6:33:38Z</time><extensions><speed>-1.0</speed><course>-1.0</course><hAcc>0.0</hAcc><vAcc>0.0</vAcc></extensions></trkpt><trkpt lat="49.62919867000003" lon="10.966625260000026"><ele>293.84000000000003</ele><time>2026-09-20T6:33:40Z</time><extensions><speed>-1.0</speed><course>-1.0</course><hAcc>0.0</hAcc><vAcc>0.0</vAcc></extensions></trkpt><trkpt lat="49.62917767000003" lon="10.966807260000026"><ele>293.84000000000003</ele><time>2026-09-20T6:33:42Z</time><extensions><speed>-1.0</speed><course>-1.0</course><hAcc>0.0</hAcc><vAcc>0.0</vAcc></extensions></trkpt><trkpt lat="49.62916067000003" lon="10.966989930000025"><ele>293.84000000000003</ele><time>2026-09-20T6:33:44Z</time><extensions><speed>-1.0</speed><course>-1.0</course><hAcc>0.0</hAcc><vAcc>0.0</vAcc></extensions></trkpt><trkpt lat="49.62915000000003" lon="10.967173260000026"><ele>293.84000000000003</ele><time>2026-09-20T6:33:46Z</time><extensions><speed>-1.0</speed><course>-1.0</course><hAcc>0.0</hAcc><vAcc>0.0</vAcc></extensions></trkpt><trkpt lat="49.62914133000003" lon="10.967326590000026"><ele>293.84000000000003</ele><time>2026-09-20T6:33:47Z</time><extensions><speed>-1.0</speed><course>-1.0</course><hAcc>0.0</hAcc><vAcc>0.0</vAcc></extensions></trkpt><trkpt lat="49.62913700000003" lon="10.967458260000026"><ele>293.84000000000003</ele><time>2026-09-20T6:33:48Z</time><extensions><speed>-1.0</speed><course>-1.0</course><hAcc>0.0</hAcc><vAcc>0.0</vAcc></extensions></trkpt><trkpt lat="49.62913633000003" lon="10.967577930000026"><ele>293.84000000000003</ele><time>2026-09-20T6:33:49Z</time><extensions><speed>-1.0</speed><course>-1.0</course><hAcc>0.0</hAcc><vAcc>0.0</vAcc></extensions></trkpt><trkpt lat="49.62914433000003" lon="10.967718600000026"><ele>293.84000000000003</ele><time>2026-09-20T6:33:51Z</time><extensions><speed>-1.0</speed><course>-1.0</course><hAcc>0.0</hAcc><vAcc>0.0</vAcc></extensions></trkpt><trkpt lat="49.62915333000003" lon="10.967846600000026"><ele>293.84000000000003</ele><time>2026-09-20T6:33:52Z</time><extensions><speed>-1.0</speed><course>-1.0</course><hAcc>0.0</hAcc><vAcc>0.0</vAcc></extensions></trkpt><trkpt lat="49.62917133000003" lon="10.967991600000026"><ele>293.84000000000003</ele><time>2026-09-20T6:33:54Z</time><extensions><speed>-1.0</speed><course>-1.0</course><hAcc>0.0</hAcc><vAcc>0.0</vAcc></extensions></trkpt><trkpt lat="49.629198000000024" lon="10.968147600000027"><ele>293.84000000000003</ele><time>2026-09-20T6:33:56Z</time><extensions><speed>-1.0</speed><course>-1.0</course><hAcc>0.0</hAcc><vAcc>0.0</vAcc></extensions></trkpt><trkpt lat="49.62923333000003" lon="10.968311270000026"><ele>293.84000000000003</ele><time>2026-09-20T6:33:58Z</time><extensions><speed>-1.0</speed><course>-1.0</course><hAcc>0.0</hAcc><vAcc>0.0</vAcc></extensions></trkpt><trkpt lat="49.62927733000003" lon="10.968480600000026"><ele>292.48</ele><time>2026-09-20T6:34:00Z</time><extensions><speed>-1.0</speed><course>-1.0</course><hAcc>0.0</hAcc><vAcc>0.0</vAcc></extensions></trkpt><trkpt lat="49.62931566000003" lon="10.968624930000026"><ele>292.48</ele><time>2026-09-20T6:34:01Z</time><extensions><speed>-1.0</speed><course>-1.0</course><hAcc>0.0</hAcc><vAcc>0.0</vAcc></extensions></trkpt><trkpt lat="49.62935166000003" lon="10.968753260000026"><ele>292.48</ele><time>2026-09-20T6:34:02Z</time><extensions><speed>-1.0</speed><course>-1.0</course><hAcc>0.0</hAcc><vAcc>0.0</vAcc></extensions></trkpt><trkpt lat="49.62939733000003" lon="10.968899590000026"><ele>292.48</ele><time>2026-09-20T6:34:04Z</time><extensions><speed>-1.0</speed><course>-1.0</course><hAcc>0.0</hAcc><vAcc>0.0</vAcc></extensions></trkpt><trkpt lat="49.62944833000003" lon="10.969059590000025"><ele>292.48</ele><time>2026-09-20T6:34:06Z</time><extensions><speed>-1.0</speed><course>-1.0</course><hAcc>0.0</hAcc><vAcc>0.0</vAcc></extensions></trkpt><trkpt lat="49.629503330000034" lon="10.969228920000026"><ele>292.48</ele><time>2026-09-20T6:34:08Z</time><extensions><speed>-1.0</speed><course>-1.0</course><hAcc>0.0</hAcc><vAcc>0.0</vAcc></extensions></trkpt><trkpt lat="49.62956100000003" lon="10.969405250000026"><ele>292.48</ele><time>2026-09-20T6:34:10Z</time><extensions><speed>-1.0</speed><course>-1.0</course><hAcc>0.0</hAcc><vAcc>0.0</vAcc></extensions></trkpt><trkpt lat="49.62962067000003" lon="10.969585250000026"><ele>292.48</ele><time>2026-09-20T6:34:12Z</time><extensions><speed>-1.0</speed><course>-1.0</course><hAcc>0.0</hAcc><vAcc>0.0</vAcc></extensions></trkpt><trkpt lat="49.62967100000003" lon="10.969737250000026"><ele>292.48</ele><time>2026-09-20T6:34:13Z</time><extensions><speed>-1.0</speed><course>-1.0</course><hAcc>0.0</hAcc><vAcc>0.0</vAcc></extensions></trkpt><trkpt lat="49.62972567000003" lon="10.969904580000026"><ele>292.48</ele><time>2026-09-20T6:34:15Z</time><extensions><speed>-1.0</speed><course>-1.0</course><hAcc>0.0</hAcc><vAcc>0.0</vAcc></extensions></trkpt><trkpt lat="49.62977267000003" lon="10.970048580000027"><ele>290.84000000000003</ele><time>2026-09-20T6:34:16Z</time><extensions><speed>-1.0</speed><course>-1.0</course><hAcc>0.0</hAcc><vAcc>0.0</vAcc></extensions></trkpt><trkpt lat="49.62982500000003" lon="10.970208910000027"><ele>290.84000000000003</ele><time>2026-09-20T6:34:18Z</time><extensions><speed>-1.0</speed><course>-1.0</course><hAcc>0.0</hAcc><vAcc>0.0</vAcc></extensions></trkpt><trkpt lat="49.62986867000003" lon="10.970349240000028"><ele>290.84000000000003</ele><time>2026-09-20T6:34:19Z</time><extensions><speed>-1.0</speed><course>-1.0</course><hAcc>0.0</hAcc><vAcc>0.0</vAcc></extensions></trkpt><trkpt lat="49.62990767000003" lon="10.970478240000027"><ele>290.84000000000003</ele><time>2026-09-20T6:34:20Z</time><extensions><speed>-1.0</speed><course>-1.0</course><hAcc>0.0</hAcc><vAcc>0.0</vAcc></extensions></trkpt><trkpt lat="49.62995067000003" lon="10.970633240000026"><ele>290.84000000000003</ele><time>2026-09-20T6:34:22Z</time><extensions><speed>-1.0</speed><course>-1.0</course><hAcc>0.0</hAcc><vAcc>0.0</vAcc></extensions></trkpt><trkpt lat="49.62998900000003" lon="10.970772570000026"><ele>290.84000000000003</ele><time>2026-09-20T6:34:23Z</time><extensions><speed>-1.0</speed><course>-1.0</course><hAcc>0.0</hAcc><vAcc>0.0</vAcc></extensions></trkpt><trkpt lat="49.63002067000003" lon="10.970901900000026"><ele>290.84000000000003</ele><time>2026-09-20T6:34:24Z</time><extensions><speed>-1.0</speed><course>-1.0</course><hAcc>0.0</hAcc><vAcc>0.0</vAcc></extensions></trkpt><trkpt lat="49.63006034000003" lon="10.971053570000025"><ele>290.84000000000003</ele><time>2026-09-20T6:34:26Z</time><extensions><speed>-1.0</speed><course>-1.0</course><hAcc>0.0</hAcc><vAcc>0.0</vAcc></extensions></trkpt><trkpt lat="49.630104010000025" lon="10.971224570000025"><ele>290.84000000000003</ele><time>2026-09-20T6:34:28Z</time><extensions><speed>-1.0</speed><course>-1.0</course><hAcc>0.0</hAcc><vAcc>0.0</vAcc></extensions></trkpt><trkpt lat="49.63014768000002" lon="10.971407900000026"><ele>289.93</ele><time>2026-09-20T6:34:30Z</time><extensions><speed>-1.0</speed><course>-1.0</course><hAcc>0.0</hAcc><vAcc>0.0</vAcc></extensions></trkpt><trkpt lat="49.63019201000002" lon="10.971598900000025"><ele>289.93</ele><time>2026-09-20T6:34:32Z</time><extensions><speed>-1.0</speed><course>-1.0</course><hAcc>0.0</hAcc><vAcc>0.0</vAcc></extensions></trkpt><trkpt lat="49.63023734000002" lon="10.971794230000025"><ele>288.39</ele><time>2026-09-20T6:34:34Z</time><extensions><speed>-1.0</speed><course>-1.0</course><hAcc>0.0</hAcc><vAcc>0.0</vAcc></extensions></trkpt><trkpt lat="49.63028334000002" lon="10.971991560000026"><ele>288.39</ele><time>2026-09-20T6:34:36Z</time><extensions><speed>-1.0</speed><course>-1.0</course><hAcc>0.0</hAcc><vAcc>0.0</vAcc></extensions></trkpt><trkpt lat="49.63033034000002" lon="10.972190230000026"><ele>288.39</ele><time>2026-09-20T6:34:38Z</time><extensions><speed>-1.0</speed><course>-1.0</course><hAcc>0.0</hAcc><vAcc>0.0</vAcc></extensions></trkpt><trkpt lat="49.63036934000002" lon="10.972356230000026"><ele>288.39</ele><time>2026-09-20T6:34:39Z</time><extensions><speed>-1.0</speed><course>-1.0</course><hAcc>0.0</hAcc><vAcc>0.0</vAcc></extensions></trkpt><trkpt lat="49.630402340000025" lon="10.972500900000025"><ele>288.39</ele><time>2026-09-20T6:34:40Z</time><extensions><speed>-1.0</speed><course>-1.0</course><hAcc>0.0</hAcc><vAcc>0.0</vAcc></extensions></trkpt><trkpt lat="49.630441340000026" lon="10.972662900000024"><ele>288.39</ele><time>2026-09-20T6:34:42Z</time><extensions><speed>-1.0</speed><course>-1.0</course><hAcc>0.0</hAcc><vAcc>0.0</vAcc></extensions></trkpt><trkpt lat="49.63048467000002" lon="10.972833570000024"><ele>288.39</ele><time>2026-09-20T6:34:44Z</time><extensions><speed>-1.0</speed><course>-1.0</course><hAcc>0.0</hAcc><vAcc>0.0</vAcc></extensions></trkpt><trkpt lat="49.63052734000002" lon="10.973014900000024"><ele>288.39</ele><time>2026-09-20T6:34:46Z</time><extensions><speed>-1.0</speed><course>-1.0</course><hAcc>0.0</hAcc><vAcc>0.0</vAcc></extensions></trkpt><trkpt lat="49.63056401000002" lon="10.973170230000024"><ele>288.39</ele><time>2026-09-20T6:34:47Z</time><extensions><speed>-1.0</speed><course>-1.0</course><hAcc>0.0</hAcc><vAcc>0.0</vAcc></extensions></trkpt><trkpt lat="49.63060434000002" lon="10.973339560000024"><ele>288.39</ele><time>2026-09-20T6:34:49Z</time><extensions><speed>-1.0</speed><course>-1.0</course><hAcc>0.0</hAcc><vAcc>0.0</vAcc></extensions></trkpt><trkpt lat="49.63063634000002" lon="10.973478890000024"><ele>288.39</ele><time>2026-09-20T6:34:50Z</time><extensions><speed>-1.0</speed><course>-1.0</course><hAcc>0.0</hAcc><vAcc>0.0</vAcc></extensions></trkpt><trkpt lat="49.63067501000002" lon="10.973639890000024"><ele>285.66</ele><time>2026-09-20T6:34:52Z</time><extensions><speed>-1.0</speed><course>-1.0</course><hAcc>0.0</hAcc><vAcc>0.0</vAcc></extensions></trkpt><trkpt lat="49.63070734000002" lon="10.973816560000024"><ele>285.66</ele><time>2026-09-20T6:34:54Z</time><extensions><speed>-1.0</speed><course>-1.0</course><hAcc>0.0</hAcc><vAcc>0.0</vAcc></extensions></trkpt><trkpt lat="49.63073667000002" lon="10.974003890000024"><ele>285.66</ele><time>2026-09-20T6:34:56Z</time><extensions><speed>-1.0</speed><course>-1.0</course><hAcc>0.0</hAcc><vAcc>0.0</vAcc></extensions></trkpt><trkpt lat="49.63076400000002" lon="10.974200890000024"><ele>285.66</ele><time>2026-09-20T6:34:58Z</time><extensions><speed>-1.0</speed><course>-1.0</course><hAcc>0.0</hAcc><vAcc>0.0</vAcc></extensions></trkpt><trkpt lat="49.63078367000002" lon="10.974369560000024"><ele>285.66</ele><time>2026-09-20T6:34:59Z</time><extensions><speed>-1.0</speed><course>-1.0</course><hAcc>0.0</hAcc><vAcc>0.0</vAcc></extensions></trkpt><trkpt lat="49.63080000000002" lon="10.974518230000024"><ele>285.66</ele><time>2026-09-20T6:35:00Z</time><extensions><speed>-1.0</speed><course>-1.0</course><hAcc>0.0</hAcc><vAcc>0.0</vAcc></extensions></trkpt><trkpt lat="49.63081233000002" lon="10.974692560000024"><ele>285.66</ele><time>2026-09-20T6:35:02Z</time><extensions><speed>-1.0</speed><course>-1.0</course><hAcc>0.0</hAcc><vAcc>0.0</vAcc></extensions></trkpt><trkpt lat="49.63082700000002" lon="10.974883230000025"><ele>285.66</ele><time>2026-09-20T6:35:04Z</time><extensions><speed>-1.0</speed><course>-1.0</course><hAcc>0.0</hAcc><vAcc>0.0</vAcc></extensions></trkpt><trkpt lat="49.630839000000016" lon="10.975047230000024"><ele>285.66</ele><time>2026-09-20T6:35:05Z</time><extensions><speed>-1.0</speed><course>-1.0</course><hAcc>0.0</hAcc><vAcc>0.0</vAcc></extensions></trkpt><trkpt lat="49.630853670000015" lon="10.975232560000025"><ele>285.66</ele><time>2026-09-20T6:35:07Z</time><extensions><speed>-1.0</speed><course>-1.0</course><hAcc>0.0</hAcc><vAcc>0.0</vAcc></extensions></trkpt><trkpt lat="49.63086900000001" lon="10.975430560000024"><ele>281.57</ele><time>2026-09-20T6:35:09Z</time><extensions><speed>-1.0</speed><course>-1.0</course><hAcc>0.0</hAcc><vAcc>0.0</vAcc></extensions></trkpt><trkpt lat="49.63089100000001" lon="10.975637230000025"><ele>281.57</ele><time>2026-09-20T6:35:11Z</time><extensions><speed>-1.0</speed><course>-1.0</course><hAcc>0.0</hAcc><vAcc>0.0</vAcc></extensions></trkpt><trkpt lat="49.63091933000001" lon="10.975847560000025"><ele>281.57</ele><time>2026-09-20T6:35:13Z</time><extensions><speed>-1.0</speed><course>-1.0</course><hAcc>0.0</hAcc><vAcc>0.0</vAcc></extensions></trkpt><trkpt lat="49.63094766000001" lon="10.976021560000024"><ele>281.57</ele><time>2026-09-20T6:35:14Z</time><extensions><speed>-1.0</speed><course>-1.0</course><hAcc>0.0</hAcc><vAcc>0.0</vAcc></extensions></trkpt><trkpt lat="49.63098166000001" lon="10.976205230000025"><ele>281.57</ele><time>2026-09-20T6:35:16Z</time><extensions><speed>-1.0</speed><course>-1.0</course><hAcc>0.0</hAcc><vAcc>0.0</vAcc></extensions></trkpt><trkpt lat="49.63102099000001" lon="10.976392230000025"><ele>281.57</ele><time>2026-09-20T6:35:18Z</time><extensions><speed>-1.0</speed><course>-1.0</course><hAcc>0.0</hAcc><vAcc>0.0</vAcc></extensions></trkpt><trkpt lat="49.63106566000001" lon="10.976582900000025"><ele>280.75</ele><time>2026-09-20T6:35:20Z</time><extensions><speed>-1.0</speed><course>-1.0</course><hAcc>0.0</hAcc><vAcc>0.0</vAcc></extensions></trkpt><trkpt lat="49.63111933000001" lon="10.976769900000026"><ele>280.75</ele><time>2026-09-20T6:35:22Z</time><extensions><speed>-1.0</speed><course>-1.0</course><hAcc>0.0</hAcc><vAcc>0.0</vAcc></extensions></trkpt><trkpt lat="49.631177330000014" lon="10.976953900000026"><ele>280.75</ele><time>2026-09-20T6:35:24Z</time><extensions><speed>-1.0</speed><course>-1.0</course><hAcc>0.0</hAcc><vAcc>0.0</vAcc></extensions></trkpt><trkpt lat="49.63123233000002" lon="10.977134570000027"><ele>279.57</ele><time>2026-09-20T6:35:26Z</time><extensions><speed>-1.0</speed><course>-1.0</course><hAcc>0.0</hAcc><vAcc>0.0</vAcc></extensions></trkpt><trkpt lat="49.63129366000002" lon="10.977315240000028"><ele>279.57</ele><time>2026-09-20T6:35:28Z</time><extensions><speed>-1.0</speed><course>-1.0</course><hAcc>0.0</hAcc><vAcc>0.0</vAcc></extensions></trkpt><trkpt lat="49.63135633000002" lon="10.977493570000028"><ele>279.57</ele><time>2026-09-20T6:35:30Z</time><extensions><speed>-1.0</speed><course>-1.0</course><hAcc>0.0</hAcc><vAcc>0.0</vAcc></extensions></trkpt><trkpt lat="49.631421660000015" lon="10.97767190000003"><ele>279.57</ele><time>2026-09-20T6:35:32Z</time><extensions><speed>-1.0</speed><course>-1.0</course><hAcc>0.0</hAcc><vAcc>0.0</vAcc></extensions></trkpt><trkpt lat="49.63147666000002" lon="10.97782023000003"><ele>279.57</ele><time>2026-09-20T6:35:33Z</time><extensions><speed>-1.0</speed><course>-1.0</course><hAcc>0.0</hAcc><vAcc>0.0</vAcc></extensions></trkpt><trkpt lat="49.63152399000002" lon="10.97795023000003"><ele>279.57</ele><time>2026-09-20T6:35:34Z</time><extensions><speed>-1.0</speed><course>-1.0</course><hAcc>0.0</hAcc><vAcc>0.0</vAcc></extensions></trkpt><trkpt lat="49.63157432000002" lon="10.97809323000003"><ele>279.57</ele><time>2026-09-20T6:35:36Z</time><extensions><speed>-1.0</speed><course>-1.0</course><hAcc>0.0</hAcc><vAcc>0.0</vAcc></extensions></trkpt><trkpt lat="49.63162932000002" lon="10.978254560000028"><ele>279.57</ele><time>2026-09-20T6:35:38Z</time><extensions><speed>-1.0</speed><course>-1.0</course><hAcc>0.0</hAcc><vAcc>0.0</vAcc></extensions></trkpt><trkpt lat="49.631676320000025" lon="10.978395560000028"><ele>279.57</ele><time>2026-09-20T6:35:39Z</time><extensions><speed>-1.0</speed><course>-1.0</course><hAcc>0.0</hAcc><vAcc>0.0</vAcc></extensions></trkpt><trkpt lat="49.631727320000024" lon="10.978553230000028"><ele>279.57</ele><time>2026-09-20T6:35:41Z</time><extensions><speed>-1.0</speed><course>-1.0</course><hAcc>0.0</hAcc><vAcc>0.0</vAcc></extensions></trkpt><trkpt lat="49.631771990000026" lon="10.978690900000029"><ele>280.93</ele><time>2026-09-20T6:35:42Z</time><extensions><speed>-1.0</speed><course>-1.0</course><hAcc>0.0</hAcc><vAcc>0.0</vAcc></extensions></trkpt><trkpt lat="49.63182366000002" lon="10.978849570000028"><ele>280.93</ele><time>2026-09-20T6:35:44Z</time><extensions><speed>-1.0</speed><course>-1.0</course><hAcc>0.0</hAcc><vAcc>0.0</vAcc></extensions></trkpt><trkpt lat="49.63187733000002" lon="10.979021570000027"><ele>280.93</ele><time>2026-09-20T6:35:46Z</time><extensions><speed>-1.0</speed><course>-1.0</course><hAcc>0.0</hAcc><vAcc>0.0</vAcc></extensions></trkpt><trkpt lat="49.631930330000024" lon="10.979205900000027"><ele>280.93</ele><time>2026-09-20T6:35:48Z</time><extensions><speed>-1.0</speed><course>-1.0</course><hAcc>0.0</hAcc><vAcc>0.0</vAcc></extensions></trkpt><trkpt lat="49.63198500000002" lon="10.979395570000026"><ele>280.93</ele><time>2026-09-20T6:35:50Z</time><extensions><speed>-1.0</speed><course>-1.0</course><hAcc>0.0</hAcc><vAcc>0.0</vAcc></extensions></trkpt><trkpt lat="49.63203833000002" lon="10.979592570000026"><ele>280.93</ele><time>2026-09-20T6:35:52Z</time><extensions><speed>-1.0</speed><course>-1.0</course><hAcc>0.0</hAcc><vAcc>0.0</vAcc></extensions></trkpt><trkpt lat="49.632091000000024" lon="10.979791900000025"><ele>280.93</ele><time>2026-09-20T6:35:54Z</time><extensions><speed>-1.0</speed><course>-1.0</course><hAcc>0.0</hAcc><vAcc>0.0</vAcc></extensions></trkpt><trkpt lat="49.63213700000002" lon="10.979993230000025"><ele>279.93</ele><time>2026-09-20T6:35:56Z</time><extensions><speed>-1.0</speed><course>-1.0</course><hAcc>0.0</hAcc><vAcc>0.0</vAcc></extensions></trkpt><trkpt lat="49.63217167000002" lon="10.980163560000024"><ele>279.93</ele><time>2026-09-20T6:35:57Z</time><extensions><speed>-1.0</speed><course>-1.0</course><hAcc>0.0</hAcc><vAcc>0.0</vAcc></extensions></trkpt><trkpt lat="49.63219867000002" lon="10.980312890000024"><ele>279.93</ele><time>2026-09-20T6:35:58Z</time><extensions><speed>-1.0</speed><course>-1.0</course><hAcc>0.0</hAcc><vAcc>0.0</vAcc></extensions></trkpt><trkpt lat="49.63221967000002" lon="10.980481890000023"><ele>277.75</ele><time>2026-09-20T6:36:00Z</time><extensions><speed>-1.0</speed><course>-1.0</course><hAcc>0.0</hAcc><vAcc>0.0</vAcc></extensions></trkpt><trkpt lat="49.63223934000002" lon="10.980664560000022"><ele>277.75</ele><time>2026-09-20T6:36:02Z</time><extensions><speed>-1.0</speed><course>-1.0</course><hAcc>0.0</hAcc><vAcc>0.0</vAcc></extensions></trkpt><trkpt lat="49.63225034000002" lon="10.980855890000022"><ele>277.75</ele><time>2026-09-20T6:36:04Z</time><extensions><speed>-1.0</speed><course>-1.0</course><hAcc>0.0</hAcc><vAcc>0.0</vAcc></extensions></trkpt><trkpt lat="49.63225801000002" lon="10.981054890000022"><ele>277.75</ele><time>2026-09-20T6:36:06Z</time><extensions><speed>-1.0</speed><course>-1.0</course><hAcc>0.0</hAcc><vAcc>0.0</vAcc></extensions></trkpt><trkpt lat="49.632251680000024" lon="10.981256890000022"><ele>277.75</ele><time>2026-09-20T6:36:08Z</time><extensions><speed>-1.0</speed><course>-1.0</course><hAcc>0.0</hAcc><vAcc>0.0</vAcc></extensions></trkpt><trkpt lat="49.63223335000002" lon="10.981462220000022"><ele>277.75</ele><time>2026-09-20T6:36:10Z</time><extensions><speed>-1.0</speed><course>-1.0</course><hAcc>0.0</hAcc><vAcc>0.0</vAcc></extensions></trkpt><trkpt lat="49.632215350000024" lon="10.981670220000023"><ele>277.75</ele><time>2026-09-20T6:36:12Z</time><extensions><speed>-1.0</speed><course>-1.0</course><hAcc>0.0</hAcc><vAcc>0.0</vAcc></extensions></trkpt><trkpt lat="49.632203350000026" lon="10.981846220000023"><ele>277.75</ele><time>2026-09-20T6:36:13Z</time><extensions><speed>-1.0</speed><course>-1.0</course><hAcc>0.0</hAcc><vAcc>0.0</vAcc></extensions></trkpt><trkpt lat="49.632195350000025" lon="10.981998890000023"><ele>277.75</ele><time>2026-09-20T6:36:14Z</time><extensions><speed>-1.0</speed><course>-1.0</course><hAcc>0.0</hAcc><vAcc>0.0</vAcc></extensions></trkpt><trkpt lat="49.63218802000002" lon="10.982171560000022"><ele>276.39</ele><time>2026-09-20T6:36:16Z</time><extensions><speed>-1.0</speed><course>-1.0</course><hAcc>0.0</hAcc><vAcc>0.0</vAcc></extensions></trkpt><trkpt lat="49.63218502000002" lon="10.982356890000023"><ele>276.39</ele><time>2026-09-20T6:36:18Z</time><extensions><speed>-1.0</speed><course>-1.0</course><hAcc>0.0</hAcc><vAcc>0.0</vAcc></extensions></trkpt><trkpt lat="49.63218502000002" lon="10.982549560000024"><ele>276.39</ele><time>2026-09-20T6:36:20Z</time><extensions><speed>-1.0</speed><course>-1.0</course><hAcc>0.0</hAcc><vAcc>0.0</vAcc></extensions></trkpt><trkpt lat="49.63218769000002" lon="10.982751560000024"><ele>276.39</ele><time>2026-09-20T6:36:22Z</time><extensions><speed>-1.0</speed><course>-1.0</course><hAcc>0.0</hAcc><vAcc>0.0</vAcc></extensions></trkpt><trkpt lat="49.63219136000002" lon="10.982961890000023"><ele>276.39</ele><time>2026-09-20T6:36:24Z</time><extensions><speed>-1.0</speed><course>-1.0</course><hAcc>0.0</hAcc><vAcc>0.0</vAcc></extensions></trkpt><trkpt lat="49.63219369000002" lon="10.983170220000023"><ele>276.39</ele><time>2026-09-20T6:36:26Z</time><extensions><speed>-1.0</speed><course>-1.0</course><hAcc>0.0</hAcc><vAcc>0.0</vAcc></extensions></trkpt><trkpt lat="49.63219369000002" lon="10.983378890000022"><ele>276.39</ele><time>2026-09-20T6:36:28Z</time><extensions><speed>-1.0</speed><course>-1.0</course><hAcc>0.0</hAcc><vAcc>0.0</vAcc></extensions></trkpt><trkpt lat="49.63219469000002" lon="10.983592560000023"><ele>276.39</ele><time>2026-09-20T6:36:30Z</time><extensions><speed>-1.0</speed><course>-1.0</course><hAcc>0.0</hAcc><vAcc>0.0</vAcc></extensions></trkpt><trkpt lat="49.63219469000002" lon="10.983767560000024"><ele>276.39</ele><time>2026-09-20T6:36:31Z</time><extensions><speed>-1.0</speed><course>-1.0</course><hAcc>0.0</hAcc><vAcc>0.0</vAcc></extensions></trkpt><trkpt lat="49.63219269000002" lon="10.983920560000023"><ele>276.39</ele><time>2026-09-20T6:36:32Z</time><extensions><speed>-1.0</speed><course>-1.0</course><hAcc>0.0</hAcc><vAcc>0.0</vAcc></extensions></trkpt><trkpt lat="49.63219236000002" lon="10.984089560000022"><ele>273.21</ele><time>2026-09-20T6:36:34Z</time><extensions><speed>-1.0</speed><course>-1.0</course><hAcc>0.0</hAcc><vAcc>0.0</vAcc></extensions></trkpt><trkpt lat="49.63217836000002" lon="10.984264560000023"><ele>273.21</ele><time>2026-09-20T6:36:36Z</time><extensions><speed>-1.0</speed><course>-1.0</course><hAcc>0.0</hAcc><vAcc>0.0</vAcc></extensions></trkpt><trkpt lat="49.63215203000002" lon="10.984406230000022"><ele>273.21</ele><time>2026-09-20T6:36:37Z</time><extensions><speed>-1.0</speed><course>-1.0</course><hAcc>0.0</hAcc><vAcc>0.0</vAcc></extensions></trkpt><trkpt lat="49.63211970000002" lon="10.984517560000022"><ele>273.21</ele><time>2026-09-20T6:36:38Z</time><extensions><speed>-1.0</speed><course>-1.0</course><hAcc>0.0</hAcc><vAcc>0.0</vAcc></extensions></trkpt><trkpt lat="49.632058700000016" lon="10.984618890000021"><ele>273.21</ele><time>2026-09-20T6:36:40Z</time><extensions><speed>-1.0</speed><course>-1.0</course><hAcc>0.0</hAcc><vAcc>0.0</vAcc></extensions></trkpt><trkpt lat="49.631983030000015" lon="10.98467822000002"><ele>273.21</ele><time>2026-09-20T6:36:42Z</time><extensions><speed>-1.0</speed><course>-1.0</course><hAcc>0.0</hAcc><vAcc>0.0</vAcc></extensions></trkpt><trkpt lat="49.631913030000014" lon="10.984713890000021"><ele>273.21</ele><time>2026-09-20T6:36:43Z</time><extensions><speed>-1.0</speed><course>-1.0</course><hAcc>0.0</hAcc><vAcc>0.0</vAcc></extensions></trkpt><trkpt lat="49.63183736000001" lon="10.984729560000021"><ele>273.21</ele><time>2026-09-20T6:36:45Z</time><extensions><speed>-1.0</speed><course>-1.0</course><hAcc>0.0</hAcc><vAcc>0.0</vAcc></extensions></trkpt><trkpt lat="49.631771690000015" lon="10.98474956000002"><ele>272.39</ele><time>2026-09-20T6:36:46Z</time><extensions><speed>-1.0</speed><course>-1.0</course><hAcc>0.0</hAcc><vAcc>0.0</vAcc></extensions></trkpt><trkpt lat="49.631718020000015" lon="10.98481123000002"><ele>272.39</ele><time>2026-09-20T6:36:48Z</time><extensions><speed>-1.0</speed><course>-1.0</course><hAcc>0.0</hAcc><vAcc>0.0</vAcc></extensions></trkpt><trkpt lat="49.631704020000015" lon="10.984905900000019"><ele>272.39</ele><time>2026-09-20T6:36:50Z</time><extensions><speed>-1.0</speed><course>-1.0</course><hAcc>0.0</hAcc><vAcc>0.0</vAcc></extensions></trkpt><trkpt lat="49.631732690000014" lon="10.985029900000018"><ele>272.39</ele><time>2026-09-20T6:36:52Z</time><extensions><speed>-1.0</speed><course>-1.0</course><hAcc>0.0</hAcc><vAcc>0.0</vAcc></extensions></trkpt><trkpt lat="49.63179069000002" lon="10.98518790000002"><ele>271.57</ele><time>2026-09-20T6:36:54Z</time><extensions><speed>-1.0</speed><course>-1.0</course><hAcc>0.0</hAcc><vAcc>0.0</vAcc></extensions></trkpt><trkpt lat="49.631853690000014" lon="10.985378900000018"><ele>271.57</ele><time>2026-09-20T6:36:56Z</time><extensions><speed>-1.0</speed><course>-1.0</course><hAcc>0.0</hAcc><vAcc>0.0</vAcc></extensions></trkpt><trkpt lat="49.631915020000015" lon="10.985581570000019"><ele>270.75</ele><time>2026-09-20T6:36:58Z</time><extensions><speed>-1.0</speed><course>-1.0</course><hAcc>0.0</hAcc><vAcc>0.0</vAcc></extensions></trkpt><trkpt lat="49.63196202000002" lon="10.985764240000018"><ele>270.75</ele><time>2026-09-20T6:36:59Z</time><extensions><speed>-1.0</speed><course>-1.0</course><hAcc>0.0</hAcc><vAcc>0.0</vAcc></extensions></trkpt><trkpt lat="49.632021690000016" lon="10.985957910000018"><ele>269.75</ele><time>2026-09-20T6:37:01Z</time><extensions><speed>-1.0</speed><course>-1.0</course><hAcc>0.0</hAcc><vAcc>0.0</vAcc></extensions></trkpt><trkpt lat="49.63207902000001" lon="10.986116240000017"><ele>269.75</ele><time>2026-09-20T6:37:02Z</time><extensions><speed>-1.0</speed><course>-1.0</course><hAcc>0.0</hAcc><vAcc>0.0</vAcc></extensions></trkpt><trkpt lat="49.63216102000001" lon="10.986263910000018"><ele>268.75</ele><time>2026-09-20T6:37:04Z</time><extensions><speed>-1.0</speed><course>-1.0</course><hAcc>0.0</hAcc><vAcc>0.0</vAcc></extensions></trkpt><trkpt lat="49.63225969000001" lon="10.986399240000019"><ele>268.75</ele><time>2026-09-20T6:37:06Z</time><extensions><speed>-1.0</speed><course>-1.0</course><hAcc>0.0</hAcc><vAcc>0.0</vAcc></extensions></trkpt><trkpt lat="49.63236736000001" lon="10.98652991000002"><ele>267.03000000000003</ele><time>2026-09-20T6:37:08Z</time><extensions><speed>-1.0</speed><course>-1.0</course><hAcc>0.0</hAcc><vAcc>0.0</vAcc></extensions></trkpt><trkpt lat="49.63248103000001" lon="10.986655240000019"><ele>267.03000000000003</ele><time>2026-09-20T6:37:10Z</time><extensions><speed>-1.0</speed><course>-1.0</course><hAcc>0.0</hAcc><vAcc>0.0</vAcc></extensions></trkpt><trkpt lat="49.632597700000005" lon="10.98677824000002"><ele>267.03000000000003</ele><time>2026-09-20T6:37:12Z</time><extensions><speed>-1.0</speed><course>-1.0</course><hAcc>0.0</hAcc><vAcc>0.0</vAcc></extensions></trkpt><trkpt lat="49.632695700000006" lon="10.98687857000002"><ele>267.03000000000003</ele><time>2026-09-20T6:37:13Z</time><extensions><speed>-1.0</speed><course>-1.0</course><hAcc>0.0</hAcc><vAcc>0.0</vAcc></extensions></trkpt><trkpt lat="49.63278203000001" lon="10.986965900000019"><ele>267.03000000000003</ele><time>2026-09-20T6:37:14Z</time><extensions><speed>-1.0</speed><course>-1.0</course><hAcc>0.0</hAcc><vAcc>0.0</vAcc></extensions></trkpt><trkpt lat="49.632878700000006" lon="10.98706290000002"><ele>267.03000000000003</ele><time>2026-09-20T6:37:16Z</time><extensions><speed>-1.0</speed><course>-1.0</course><hAcc>0.0</hAcc><vAcc>0.0</vAcc></extensions></trkpt><trkpt lat="49.63298270000001" lon="10.98716157000002"><ele>267.03000000000003</ele><time>2026-09-20T6:37:18Z</time><extensions><speed>-1.0</speed><course>-1.0</course><hAcc>0.0</hAcc><vAcc>0.0</vAcc></extensions></trkpt><trkpt lat="49.633090370000005" lon="10.987264900000019"><ele>267.03000000000003</ele><time>2026-09-20T6:37:20Z</time><extensions><speed>-1.0</speed><course>-1.0</course><hAcc>0.0</hAcc><vAcc>0.0</vAcc></extensions></trkpt><trkpt lat="49.63318204000001" lon="10.987349570000019"><ele>267.03000000000003</ele><time>2026-09-20T6:37:21Z</time><extensions><speed>-1.0</speed><course>-1.0</course><hAcc>0.0</hAcc><vAcc>0.0</vAcc></extensions></trkpt><trkpt lat="49.63328071000001" lon="10.987440900000019"><ele>267.03000000000003</ele><time>2026-09-20T6:37:23Z</time><extensions><speed>-1.0</speed><course>-1.0</course><hAcc>0.0</hAcc><vAcc>0.0</vAcc></extensions></trkpt><trkpt lat="49.633366040000006" lon="10.987517900000018"><ele>267.03000000000003</ele><time>2026-09-20T6:37:24Z</time><extensions><speed>-1.0</speed><course>-1.0</course><hAcc>0.0</hAcc><vAcc>0.0</vAcc></extensions></trkpt><trkpt lat="49.63344071" lon="10.987588570000018"><ele>267.03000000000003</ele><time>2026-09-20T6:37:25Z</time><extensions><speed>-1.0</speed><course>-1.0</course><hAcc>0.0</hAcc><vAcc>0.0</vAcc></extensions></trkpt><trkpt lat="49.63352871" lon="10.987670240000018"><ele>267.03000000000003</ele><time>2026-09-20T6:37:27Z</time><extensions><speed>-1.0</speed><course>-1.0</course><hAcc>0.0</hAcc><vAcc>0.0</vAcc></extensions></trkpt><trkpt lat="49.63360638" lon="10.987741240000018"><ele>267.03000000000003</ele><time>2026-09-20T6:37:28Z</time><extensions><speed>-1.0</speed><course>-1.0</course><hAcc>0.0</hAcc><vAcc>0.0</vAcc></extensions></trkpt><trkpt lat="49.63369438" lon="10.987826910000019"><ele>267.03000000000003</ele><time>2026-09-20T6:37:30Z</time><extensions><speed>-1.0</speed><course>-1.0</course><hAcc>0.0</hAcc><vAcc>0.0</vAcc></extensions></trkpt><trkpt lat="49.63379005" lon="10.987916580000018"><ele>267.03000000000003</ele><time>2026-09-20T6:37:32Z</time><extensions><speed>-1.0</speed><course>-1.0</course><hAcc>0.0</hAcc><vAcc>0.0</vAcc></extensions></trkpt><trkpt lat="49.63388972" lon="10.988009250000019"><ele>267.03000000000003</ele><time>2026-09-20T6:37:34Z</time><extensions><speed>-1.0</speed><course>-1.0</course><hAcc>0.0</hAcc><vAcc>0.0</vAcc></extensions></trkpt><trkpt lat="49.633992049999996" lon="10.98810458000002"><ele>267.03000000000003</ele><time>2026-09-20T6:37:36Z</time><extensions><speed>-1.0</speed><course>-1.0</course><hAcc>0.0</hAcc><vAcc>0.0</vAcc></extensions></trkpt><trkpt lat="49.63409538" lon="10.98820458000002"><ele>267.03000000000003</ele><time>2026-09-20T6:37:38Z</time><extensions><speed>-1.0</speed><course>-1.0</course><hAcc>0.0</hAcc><vAcc>0.0</vAcc></extensions></trkpt><trkpt lat="49.63419938" lon="10.988304580000019"><ele>267.03000000000003</ele><time>2026-09-20T6:37:40Z</time><extensions><speed>-1.0</speed><course>-1.0</course><hAcc>0.0</hAcc><vAcc>0.0</vAcc></extensions></trkpt><trkpt lat="49.63430305" lon="10.98840858000002"><ele>267.03000000000003</ele><time>2026-09-20T6:37:42Z</time><extensions><speed>-1.0</speed><course>-1.0</course><hAcc>0.0</hAcc><vAcc>0.0</vAcc></extensions></trkpt><trkpt lat="49.63438905" lon="10.988497910000019"><ele>267.03000000000003</ele><time>2026-09-20T6:37:43Z</time><extensions><speed>-1.0</speed><course>-1.0</course><hAcc>0.0</hAcc><vAcc>0.0</vAcc></extensions></trkpt><trkpt lat="49.63448272" lon="10.98859158000002"><ele>267.03000000000003</ele><time>2026-09-20T6:37:45Z</time><extensions><speed>-1.0</speed><course>-1.0</course><hAcc>0.0</hAcc><vAcc>0.0</vAcc></extensions></trkpt><trkpt lat="49.634560390000004" lon="10.98867158000002"><ele>267.03000000000003</ele><time>2026-09-20T6:37:46Z</time><extensions><speed>-1.0</speed><course>-1.0</course><hAcc>0.0</hAcc><vAcc>0.0</vAcc></extensions></trkpt><trkpt lat="49.634647720000004" lon="10.988759250000019"><ele>267.03000000000003</ele><time>2026-09-20T6:37:48Z</time><extensions><speed>-1.0</speed><course>-1.0</course><hAcc>0.0</hAcc><vAcc>0.0</vAcc></extensions></trkpt><trkpt lat="49.63472472" lon="10.988834580000018"><ele>267.03000000000003</ele><time>2026-09-20T6:37:49Z</time><extensions><speed>-1.0</speed><course>-1.0</course><hAcc>0.0</hAcc><vAcc>0.0</vAcc></extensions></trkpt><trkpt lat="49.634810720000004" lon="10.988920910000019"><ele>267.03000000000003</ele><time>2026-09-20T6:37:51Z</time><extensions><speed>-1.0</speed><course>-1.0</course><hAcc>0.0</hAcc><vAcc>0.0</vAcc></extensions></trkpt><trkpt lat="49.63488472" lon="10.988995240000019"><ele>267.03000000000003</ele><time>2026-09-20T6:37:52Z</time><extensions><speed>-1.0</speed><course>-1.0</course><hAcc>0.0</hAcc><vAcc>0.0</vAcc></extensions></trkpt><trkpt lat="49.63496672" lon="10.98907891000002"><ele>267.03000000000003</ele><time>2026-09-20T6:37:54Z</time><extensions><speed>-1.0</speed><course>-1.0</course><hAcc>0.0</hAcc><vAcc>0.0</vAcc></extensions></trkpt><trkpt lat="49.63505472" lon="10.989168580000019"><ele>267.03000000000003</ele><time>2026-09-20T6:37:56Z</time><extensions><speed>-1.0</speed><course>-1.0</course><hAcc>0.0</hAcc><vAcc>0.0</vAcc></extensions></trkpt><trkpt lat="49.63514739" lon="10.989260910000018"><ele>267.03000000000003</ele><time>2026-09-20T6:37:58Z</time><extensions><speed>-1.0</speed><course>-1.0</course><hAcc>0.0</hAcc><vAcc>0.0</vAcc></extensions></trkpt><trkpt lat="49.63524239" lon="10.989361910000019"><ele>267.03000000000003</ele><time>2026-09-20T6:38:00Z</time><extensions><speed>-1.0</speed><course>-1.0</course><hAcc>0.0</hAcc><vAcc>0.0</vAcc></extensions></trkpt><trkpt lat="49.63533939" lon="10.98946591000002"><ele>267.03000000000003</ele><time>2026-09-20T6:38:02Z</time><extensions><speed>-1.0</speed><course>-1.0</course><hAcc>0.0</hAcc><vAcc>0.0</vAcc></extensions></trkpt><trkpt lat="49.63543472" lon="10.98956858000002"><ele>267.03000000000003</ele><time>2026-09-20T6:38:04Z</time><extensions><speed>-1.0</speed><course>-1.0</course><hAcc>0.0</hAcc><vAcc>0.0</vAcc></extensions></trkpt><trkpt lat="49.63552905" lon="10.98966791000002"><ele>266.21</ele><time>2026-09-20T6:38:06Z</time><extensions><speed>-1.0</speed><course>-1.0</course><hAcc>0.0</hAcc><vAcc>0.0</vAcc></extensions></trkpt><trkpt lat="49.63562472" lon="10.989764580000019"><ele>266.21</ele><time>2026-09-20T6:38:08Z</time><extensions><speed>-1.0</speed><course>-1.0</course><hAcc>0.0</hAcc><vAcc>0.0</vAcc></extensions></trkpt><trkpt lat="49.63572439" lon="10.989868580000019"><ele>266.21</ele><time>2026-09-20T6:38:10Z</time><extensions><speed>-1.0</speed><course>-1.0</course><hAcc>0.0</hAcc><vAcc>0.0</vAcc></extensions></trkpt><trkpt lat="49.63582539" lon="10.98998291000002"><ele>266.21</ele><time>2026-09-20T6:38:12Z</time><extensions><speed>-1.0</speed><course>-1.0</course><hAcc>0.0</hAcc><vAcc>0.0</vAcc></extensions></trkpt><trkpt lat="49.635931060000004" lon="10.99010158000002"><ele>266.21</ele><time>2026-09-20T6:38:14Z</time><extensions><speed>-1.0</speed><course>-1.0</course><hAcc>0.0</hAcc><vAcc>0.0</vAcc></extensions></trkpt><trkpt lat="49.63603939000001" lon="10.990220910000021"><ele>266.21</ele><time>2026-09-20T6:38:16Z</time><extensions><speed>-1.0</speed><course>-1.0</course><hAcc>0.0</hAcc><vAcc>0.0</vAcc></extensions></trkpt><trkpt lat="49.63614772000001" lon="10.99034291000002"><ele>266.21</ele><time>2026-09-20T6:38:18Z</time><extensions><speed>-1.0</speed><course>-1.0</course><hAcc>0.0</hAcc><vAcc>0.0</vAcc></extensions></trkpt><trkpt lat="49.63625672000001" lon="10.99046624000002"><ele>266.21</ele><time>2026-09-20T6:38:20Z</time><extensions><speed>-1.0</speed><course>-1.0</course><hAcc>0.0</hAcc><vAcc>0.0</vAcc></extensions></trkpt><trkpt lat="49.636365390000016" lon="10.99058991000002"><ele>266.21</ele><time>2026-09-20T6:38:22Z</time><extensions><speed>-1.0</speed><course>-1.0</course><hAcc>0.0</hAcc><vAcc>0.0</vAcc></extensions></trkpt><trkpt lat="49.636472720000015" lon="10.990709910000021"><ele>266.21</ele><time>2026-09-20T6:38:24Z</time><extensions><speed>-1.0</speed><course>-1.0</course><hAcc>0.0</hAcc><vAcc>0.0</vAcc></extensions></trkpt><trkpt lat="49.63658172000002" lon="10.99083024000002"><ele>266.21</ele><time>2026-09-20T6:38:26Z</time><extensions><speed>-1.0</speed><course>-1.0</course><hAcc>0.0</hAcc><vAcc>0.0</vAcc></extensions></trkpt><trkpt lat="49.636689050000015" lon="10.99095457000002"><ele>266.21</ele><time>2026-09-20T6:38:28Z</time><extensions><speed>-1.0</speed><course>-1.0</course><hAcc>0.0</hAcc><vAcc>0.0</vAcc></extensions></trkpt><trkpt lat="49.63679238000002" lon="10.99107924000002"><ele>266.21</ele><time>2026-09-20T6:38:30Z</time><extensions><speed>-1.0</speed><course>-1.0</course><hAcc>0.0</hAcc><vAcc>0.0</vAcc></extensions></trkpt><trkpt lat="49.636900050000015" lon="10.99120191000002"><ele>266.21</ele><time>2026-09-20T6:38:32Z</time><extensions><speed>-1.0</speed><course>-1.0</course><hAcc>0.0</hAcc><vAcc>0.0</vAcc></extensions></trkpt><trkpt lat="49.637007720000014" lon="10.99132524000002"><ele>266.21</ele><time>2026-09-20T6:38:34Z</time><extensions><speed>-1.0</speed><course>-1.0</course><hAcc>0.0</hAcc><vAcc>0.0</vAcc></extensions></trkpt><trkpt lat="49.637114720000014" lon="10.99144657000002"><ele>266.21</ele><time>2026-09-20T6:38:36Z</time><extensions><speed>-1.0</speed><course>-1.0</course><hAcc>0.0</hAcc><vAcc>0.0</vAcc></extensions></trkpt><trkpt lat="49.637220720000016" lon="10.99156824000002"><ele>266.21</ele><time>2026-09-20T6:38:38Z</time><extensions><speed>-1.0</speed><course>-1.0</course><hAcc>0.0</hAcc><vAcc>0.0</vAcc></extensions></trkpt><trkpt lat="49.637308390000015" lon="10.991672240000021"><ele>266.21</ele><time>2026-09-20T6:38:39Z</time><extensions><speed>-1.0</speed><course>-1.0</course><hAcc>0.0</hAcc><vAcc>0.0</vAcc></extensions></trkpt><trkpt lat="49.637384720000014" lon="10.991763570000021"><ele>266.21</ele><time>2026-09-20T6:38:40Z</time><extensions><speed>-1.0</speed><course>-1.0</course><hAcc>0.0</hAcc><vAcc>0.0</vAcc></extensions></trkpt><trkpt lat="49.63747072000002" lon="10.991861900000021"><ele>266.21</ele><time>2026-09-20T6:38:42Z</time><extensions><speed>-1.0</speed><course>-1.0</course><hAcc>0.0</hAcc><vAcc>0.0</vAcc></extensions></trkpt><trkpt lat="49.637562050000014" lon="10.99196690000002"><ele>266.21</ele><time>2026-09-20T6:38:44Z</time><extensions><speed>-1.0</speed><course>-1.0</course><hAcc>0.0</hAcc><vAcc>0.0</vAcc></extensions></trkpt><trkpt lat="49.63765572000001" lon="10.992079230000021"><ele>266.21</ele><time>2026-09-20T6:38:46Z</time><extensions><speed>-1.0</speed><course>-1.0</course><hAcc>0.0</hAcc><vAcc>0.0</vAcc></extensions></trkpt><trkpt lat="49.63773505000001" lon="10.992174560000022"><ele>266.21</ele><time>2026-09-20T6:38:47Z</time><extensions><speed>-1.0</speed><course>-1.0</course><hAcc>0.0</hAcc><vAcc>0.0</vAcc></extensions></trkpt><trkpt lat="49.63781972000001" lon="10.992279230000022"><ele>266.21</ele><time>2026-09-20T6:38:49Z</time><extensions><speed>-1.0</speed><course>-1.0</course><hAcc>0.0</hAcc><vAcc>0.0</vAcc></extensions></trkpt><trkpt lat="49.63789205000001" lon="10.992370230000022"><ele>266.21</ele><time>2026-09-20T6:38:50Z</time><extensions><speed>-1.0</speed><course>-1.0</course><hAcc>0.0</hAcc><vAcc>0.0</vAcc></extensions></trkpt><trkpt lat="49.63795638000001" lon="10.992450900000021"><ele>266.21</ele><time>2026-09-20T6:38:51Z</time><extensions><speed>-1.0</speed><course>-1.0</course><hAcc>0.0</hAcc><vAcc>0.0</vAcc></extensions></trkpt><trkpt lat="49.63801571000001" lon="10.992525230000021"><ele>266.21</ele><time>2026-09-20T6:38:52Z</time><extensions><speed>-1.0</speed><course>-1.0</course><hAcc>0.0</hAcc><vAcc>0.0</vAcc></extensions></trkpt><trkpt lat="49.63808904000001" lon="10.99261290000002"><ele>266.21</ele><time>2026-09-20T6:38:54Z</time><extensions><speed>-1.0</speed><course>-1.0</course><hAcc>0.0</hAcc><vAcc>0.0</vAcc></extensions></trkpt><trkpt lat="49.63816771000001" lon="10.99271157000002"><ele>266.21</ele><time>2026-09-20T6:38:56Z</time><extensions><speed>-1.0</speed><course>-1.0</course><hAcc>0.0</hAcc><vAcc>0.0</vAcc></extensions></trkpt><trkpt lat="49.638251040000014" lon="10.99281690000002"><ele>266.21</ele><time>2026-09-20T6:38:58Z</time><extensions><speed>-1.0</speed><course>-1.0</course><hAcc>0.0</hAcc><vAcc>0.0</vAcc></extensions></trkpt><trkpt lat="49.638337710000016" lon="10.992924900000022"><ele>266.21</ele><time>2026-09-20T6:39:00Z</time><extensions><speed>-1.0</speed><course>-1.0</course><hAcc>0.0</hAcc><vAcc>0.0</vAcc></extensions></trkpt><trkpt lat="49.638425710000014" lon="10.993033230000021"><ele>266.21</ele><time>2026-09-20T6:39:02Z</time><extensions><speed>-1.0</speed><course>-1.0</course><hAcc>0.0</hAcc><vAcc>0.0</vAcc></extensions></trkpt><trkpt lat="49.63851438000001" lon="10.99313956000002"><ele>266.21</ele><time>2026-09-20T6:39:04Z</time><extensions><speed>-1.0</speed><course>-1.0</course><hAcc>0.0</hAcc><vAcc>0.0</vAcc></extensions></trkpt><trkpt lat="49.63860305000001" lon="10.99324956000002"><ele>266.21</ele><time>2026-09-20T6:39:06Z</time><extensions><speed>-1.0</speed><course>-1.0</course><hAcc>0.0</hAcc><vAcc>0.0</vAcc></extensions></trkpt><trkpt lat="49.63869238000001" lon="10.993361230000021"><ele>266.21</ele><time>2026-09-20T6:39:08Z</time><extensions><speed>-1.0</speed><course>-1.0</course><hAcc>0.0</hAcc><vAcc>0.0</vAcc></extensions></trkpt><trkpt lat="49.63876971000001" lon="10.993455230000022"><ele>266.21</ele><time>2026-09-20T6:39:09Z</time><extensions><speed>-1.0</speed><course>-1.0</course><hAcc>0.0</hAcc><vAcc>0.0</vAcc></extensions></trkpt><trkpt lat="49.63883504000001" lon="10.993536230000021"><ele>266.21</ele><time>2026-09-20T6:39:10Z</time><extensions><speed>-1.0</speed><course>-1.0</course><hAcc>0.0</hAcc><vAcc>0.0</vAcc></extensions></trkpt><trkpt lat="49.63890571000001" lon="10.993626900000022"><ele>266.21</ele><time>2026-09-20T6:39:12Z</time><extensions><speed>-1.0</speed><course>-1.0</course><hAcc>0.0</hAcc><vAcc>0.0</vAcc></extensions></trkpt><trkpt lat="49.63898104000001" lon="10.993722230000023"><ele>266.21</ele><time>2026-09-20T6:39:14Z</time><extensions><speed>-1.0</speed><course>-1.0</course><hAcc>0.0</hAcc><vAcc>0.0</vAcc></extensions></trkpt><trkpt lat="49.63904604000001" lon="10.993803230000022"><ele>266.21</ele><time>2026-09-20T6:39:15Z</time><extensions><speed>-1.0</speed><course>-1.0</course><hAcc>0.0</hAcc><vAcc>0.0</vAcc></extensions></trkpt><trkpt lat="49.63911771000001" lon="10.993894230000022"><ele>266.21</ele><time>2026-09-20T6:39:17Z</time><extensions><speed>-1.0</speed><course>-1.0</course><hAcc>0.0</hAcc><vAcc>0.0</vAcc></extensions></trkpt><trkpt lat="49.63917971000001" lon="10.993973900000022"><ele>266.21</ele><time>2026-09-20T6:39:18Z</time><extensions><speed>-1.0</speed><course>-1.0</course><hAcc>0.0</hAcc><vAcc>0.0</vAcc></extensions></trkpt><trkpt lat="49.63923471000001" lon="10.994044570000021"><ele>265.3</ele><time>2026-09-20T6:39:19Z</time><extensions><speed>-1.0</speed><course>-1.0</course><hAcc>0.0</hAcc><vAcc>0.0</vAcc></extensions></trkpt><trkpt lat="49.63929904000001" lon="10.99413190000002"><ele>265.3</ele><time>2026-09-20T6:39:21Z</time><extensions><speed>-1.0</speed><course>-1.0</course><hAcc>0.0</hAcc><vAcc>0.0</vAcc></extensions></trkpt><trkpt lat="49.63935604000001" lon="10.99421123000002"><ele>265.3</ele><time>2026-09-20T6:39:22Z</time><extensions><speed>-1.0</speed><course>-1.0</course><hAcc>0.0</hAcc><vAcc>0.0</vAcc></extensions></trkpt><trkpt lat="49.63942171000001" lon="10.994301900000021"><ele>264.12</ele><time>2026-09-20T6:39:24Z</time><extensions><speed>-1.0</speed><course>-1.0</course><hAcc>0.0</hAcc><vAcc>0.0</vAcc></extensions></trkpt><trkpt lat="49.63949438000001" lon="10.994393900000022"><ele>264.12</ele><time>2026-09-20T6:39:26Z</time><extensions><speed>-1.0</speed><course>-1.0</course><hAcc>0.0</hAcc><vAcc>0.0</vAcc></extensions></trkpt><trkpt lat="49.63957338000001" lon="10.994489900000021"><ele>264.12</ele><time>2026-09-20T6:39:28Z</time><extensions><speed>-1.0</speed><course>-1.0</course><hAcc>0.0</hAcc><vAcc>0.0</vAcc></extensions></trkpt><trkpt lat="49.63965071000001" lon="10.994597900000022"><ele>264.12</ele><time>2026-09-20T6:39:30Z</time><extensions><speed>-1.0</speed><course>-1.0</course><hAcc>0.0</hAcc><vAcc>0.0</vAcc></extensions></trkpt><trkpt lat="49.639717040000015" lon="10.994688570000022"><ele>264.12</ele><time>2026-09-20T6:39:31Z</time><extensions><speed>-1.0</speed><course>-1.0</course><hAcc>0.0</hAcc><vAcc>0.0</vAcc></extensions></trkpt><trkpt lat="49.63978904000002" lon="10.994785570000023"><ele>264.12</ele><time>2026-09-20T6:39:33Z</time><extensions><speed>-1.0</speed><course>-1.0</course><hAcc>0.0</hAcc><vAcc>0.0</vAcc></extensions></trkpt><trkpt lat="49.63985237000002" lon="10.994873240000022"><ele>264.93</ele><time>2026-09-20T6:39:34Z</time><extensions><speed>-1.0</speed><course>-1.0</course><hAcc>0.0</hAcc><vAcc>0.0</vAcc></extensions></trkpt><trkpt lat="49.639921370000025" lon="10.994971910000022"><ele>264.93</ele><time>2026-09-20T6:39:36Z</time><extensions><speed>-1.0</speed><course>-1.0</course><hAcc>0.0</hAcc><vAcc>0.0</vAcc></extensions></trkpt><trkpt lat="49.63999237000002" lon="10.995071580000022"><ele>264.93</ele><time>2026-09-20T6:39:38Z</time><extensions><speed>-1.0</speed><course>-1.0</course><hAcc>0.0</hAcc><vAcc>0.0</vAcc></extensions></trkpt><trkpt lat="49.64006670000002" lon="10.995174250000023"><ele>264.93</ele><time>2026-09-20T6:39:40Z</time><extensions><speed>-1.0</speed><course>-1.0</course><hAcc>0.0</hAcc><vAcc>0.0</vAcc></extensions></trkpt><trkpt lat="49.64012937000002" lon="10.995262250000023"><ele>264.93</ele><time>2026-09-20T6:39:41Z</time><extensions><speed>-1.0</speed><course>-1.0</course><hAcc>0.0</hAcc><vAcc>0.0</vAcc></extensions></trkpt><trkpt lat="49.64019637000002" lon="10.995355920000023"><ele>264.93</ele><time>2026-09-20T6:39:43Z</time><extensions><speed>-1.0</speed><course>-1.0</course><hAcc>0.0</hAcc><vAcc>0.0</vAcc></extensions></trkpt><trkpt lat="49.64025437000002" lon="10.995435920000023"><ele>264.93</ele><time>2026-09-20T6:39:44Z</time><extensions><speed>-1.0</speed><course>-1.0</course><hAcc>0.0</hAcc><vAcc>0.0</vAcc></extensions></trkpt><trkpt lat="49.64031704000002" lon="10.995529250000024"><ele>264.93</ele><time>2026-09-20T6:39:46Z</time><extensions><speed>-1.0</speed><course>-1.0</course><hAcc>0.0</hAcc><vAcc>0.0</vAcc></extensions></trkpt><trkpt lat="49.640372040000024" lon="10.995608920000024"><ele>264.93</ele><time>2026-09-20T6:39:47Z</time><extensions><speed>-1.0</speed><course>-1.0</course><hAcc>0.0</hAcc><vAcc>0.0</vAcc></extensions></trkpt><trkpt lat="49.640422370000024" lon="10.995679920000024"><ele>264.93</ele><time>2026-09-20T6:39:48Z</time><extensions><speed>-1.0</speed><course>-1.0</course><hAcc>0.0</hAcc><vAcc>0.0</vAcc></extensions></trkpt><trkpt lat="49.64048037000003" lon="10.995763590000024"><ele>264.93</ele><time>2026-09-20T6:39:50Z</time><extensions><speed>-1.0</speed><course>-1.0</course><hAcc>0.0</hAcc><vAcc>0.0</vAcc></extensions></trkpt><trkpt lat="49.64053104000003" lon="10.995836260000024"><ele>264.93</ele><time>2026-09-20T6:39:51Z</time><extensions><speed>-1.0</speed><course>-1.0</course><hAcc>0.0</hAcc><vAcc>0.0</vAcc></extensions></trkpt><trkpt lat="49.64057804000003" lon="10.995905260000024"><ele>264.93</ele><time>2026-09-20T6:39:52Z</time><extensions><speed>-1.0</speed><course>-1.0</course><hAcc>0.0</hAcc><vAcc>0.0</vAcc></extensions></trkpt><trkpt lat="49.64062304000003" lon="10.995970590000024"><ele>264.93</ele><time>2026-09-20T6:39:53Z</time><extensions><speed>-1.0</speed><course>-1.0</course><hAcc>0.0</hAcc><vAcc>0.0</vAcc></extensions></trkpt><trkpt lat="49.64066604000003" lon="10.996033920000023"><ele>264.93</ele><time>2026-09-20T6:39:54Z</time><extensions><speed>-1.0</speed><course>-1.0</course><hAcc>0.0</hAcc><vAcc>0.0</vAcc></extensions></trkpt><trkpt lat="49.64072171000003" lon="10.996108920000024"><ele>264.93</ele><time>2026-09-20T6:39:56Z</time><extensions><speed>-1.0</speed><course>-1.0</course><hAcc>0.0</hAcc><vAcc>0.0</vAcc></extensions></trkpt><trkpt lat="49.64078404000003" lon="10.996197920000023"><ele>264.93</ele><time>2026-09-20T6:39:58Z</time><extensions><speed>-1.0</speed><course>-1.0</course><hAcc>0.0</hAcc><vAcc>0.0</vAcc></extensions></trkpt><trkpt lat="49.64085437000003" lon="10.996294250000023"><ele>264.93</ele><time>2026-09-20T6:40:00Z</time><extensions><speed>-1.0</speed><course>-1.0</course><hAcc>0.0</hAcc><vAcc>0.0</vAcc></extensions></trkpt><trkpt lat="49.64093004000003" lon="10.996394580000024"><ele>264.93</ele><time>2026-09-20T6:40:02Z</time><extensions><speed>-1.0</speed><course>-1.0</course><hAcc>0.0</hAcc><vAcc>0.0</vAcc></extensions></trkpt><trkpt lat="49.64100871000003" lon="10.996501580000023"><ele>264.93</ele><time>2026-09-20T6:40:04Z</time><extensions><speed>-1.0</speed><course>-1.0</course><hAcc>0.0</hAcc><vAcc>0.0</vAcc></extensions></trkpt><trkpt lat="49.641091710000026" lon="10.996609910000023"><ele>264.93</ele><time>2026-09-20T6:40:06Z</time><extensions><speed>-1.0</speed><course>-1.0</course><hAcc>0.0</hAcc><vAcc>0.0</vAcc></extensions></trkpt><trkpt lat="49.641174380000024" lon="10.996722910000024"><ele>264.93</ele><time>2026-09-20T6:40:08Z</time><extensions><speed>-1.0</speed><course>-1.0</course><hAcc>0.0</hAcc><vAcc>0.0</vAcc></extensions></trkpt><trkpt lat="49.641258710000024" lon="10.996835580000024"><ele>264.93</ele><time>2026-09-20T6:40:10Z</time><extensions><speed>-1.0</speed><course>-1.0</course><hAcc>0.0</hAcc><vAcc>0.0</vAcc></extensions></trkpt><trkpt lat="49.64134404000002" lon="10.996949910000025"><ele>264.93</ele><time>2026-09-20T6:40:12Z</time><extensions><speed>-1.0</speed><course>-1.0</course><hAcc>0.0</hAcc><vAcc>0.0</vAcc></extensions></trkpt><trkpt lat="49.64142971000002" lon="10.997066240000025"><ele>264.93</ele><time>2026-09-20T6:40:14Z</time><extensions><speed>-1.0</speed><course>-1.0</course><hAcc>0.0</hAcc><vAcc>0.0</vAcc></extensions></trkpt><trkpt lat="49.641515040000016" lon="10.997184910000026"><ele>264.93</ele><time>2026-09-20T6:40:16Z</time><extensions><speed>-1.0</speed><course>-1.0</course><hAcc>0.0</hAcc><vAcc>0.0</vAcc></extensions></trkpt><trkpt lat="49.64160104000002" lon="10.997304240000027"><ele>264.93</ele><time>2026-09-20T6:40:18Z</time><extensions><speed>-1.0</speed><course>-1.0</course><hAcc>0.0</hAcc><vAcc>0.0</vAcc></extensions></trkpt><trkpt lat="49.64168871000002" lon="10.997423240000026"><ele>264.93</ele><time>2026-09-20T6:40:20Z</time><extensions><speed>-1.0</speed><course>-1.0</course><hAcc>0.0</hAcc><vAcc>0.0</vAcc></extensions></trkpt><trkpt lat="49.64177938000002" lon="10.997542570000027"><ele>264.93</ele><time>2026-09-20T6:40:22Z</time><extensions><speed>-1.0</speed><course>-1.0</course><hAcc>0.0</hAcc><vAcc>0.0</vAcc></extensions></trkpt><trkpt lat="49.64185505000002" lon="10.997642240000028"><ele>264.93</ele><time>2026-09-20T6:40:23Z</time><extensions><speed>-1.0</speed><course>-1.0</course><hAcc>0.0</hAcc><vAcc>0.0</vAcc></extensions></trkpt><trkpt lat="49.64193005000002" lon="10.997750240000029"><ele>264.93</ele><time>2026-09-20T6:40:25Z</time><extensions><speed>-1.0</speed><course>-1.0</course><hAcc>0.0</hAcc><vAcc>0.0</vAcc></extensions></trkpt><trkpt lat="49.64199405000002" lon="10.997843240000028"><ele>264.93</ele><time>2026-09-20T6:40:26Z</time><extensions><speed>-1.0</speed><course>-1.0</course><hAcc>0.0</hAcc><vAcc>0.0</vAcc></extensions></trkpt><trkpt lat="49.64206572000002" lon="10.997943240000028"><ele>264.93</ele><time>2026-09-20T6:40:28Z</time><extensions><speed>-1.0</speed><course>-1.0</course><hAcc>0.0</hAcc><vAcc>0.0</vAcc></extensions></trkpt><trkpt lat="49.64214139000002" lon="10.998047240000028"><ele>264.93</ele><time>2026-09-20T6:40:30Z</time><extensions><speed>-1.0</speed><course>-1.0</course><hAcc>0.0</hAcc><vAcc>0.0</vAcc></extensions></trkpt><trkpt lat="49.64221572000002" lon="10.99815191000003"><ele>264.93</ele><time>2026-09-20T6:40:32Z</time><extensions><speed>-1.0</speed><course>-1.0</course><hAcc>0.0</hAcc><vAcc>0.0</vAcc></extensions></trkpt><trkpt lat="49.64227672000002" lon="10.99823891000003"><ele>264.93</ele><time>2026-09-20T6:40:33Z</time><extensions><speed>-1.0</speed><course>-1.0</course><hAcc>0.0</hAcc><vAcc>0.0</vAcc></extensions></trkpt><trkpt lat="49.642342720000016" lon="10.99833024000003"><ele>264.93</ele><time>2026-09-20T6:40:35Z</time><extensions><speed>-1.0</speed><course>-1.0</course><hAcc>0.0</hAcc><vAcc>0.0</vAcc></extensions></trkpt><trkpt lat="49.64240005000001" lon="10.99841057000003"><ele>264.93</ele><time>2026-09-20T6:40:36Z</time><extensions><speed>-1.0</speed><course>-1.0</course><hAcc>0.0</hAcc><vAcc>0.0</vAcc></extensions></trkpt><trkpt lat="49.642466380000016" lon="10.99850457000003"><ele>264.93</ele><time>2026-09-20T6:40:38Z</time><extensions><speed>-1.0</speed><course>-1.0</course><hAcc>0.0</hAcc><vAcc>0.0</vAcc></extensions></trkpt><trkpt lat="49.64253771000001" lon="10.99860824000003"><ele>264.93</ele><time>2026-09-20T6:40:40Z</time><extensions><speed>-1.0</speed><course>-1.0</course><hAcc>0.0</hAcc><vAcc>0.0</vAcc></extensions></trkpt><trkpt lat="49.64261438000001" lon="10.99871791000003"><ele>264.93</ele><time>2026-09-20T6:40:42Z</time><extensions><speed>-1.0</speed><course>-1.0</course><hAcc>0.0</hAcc><vAcc>0.0</vAcc></extensions></trkpt><trkpt lat="49.642694710000015" lon="10.99883291000003"><ele>264.93</ele><time>2026-09-20T6:40:44Z</time><extensions><speed>-1.0</speed><course>-1.0</course><hAcc>0.0</hAcc><vAcc>0.0</vAcc></extensions></trkpt><trkpt lat="49.642776710000014" lon="10.998947910000028"><ele>264.93</ele><time>2026-09-20T6:40:46Z</time><extensions><speed>-1.0</speed><course>-1.0</course><hAcc>0.0</hAcc><vAcc>0.0</vAcc></extensions></trkpt><trkpt lat="49.642858040000014" lon="10.999065910000029"><ele>264.93</ele><time>2026-09-20T6:40:48Z</time><extensions><speed>-1.0</speed><course>-1.0</course><hAcc>0.0</hAcc><vAcc>0.0</vAcc></extensions></trkpt><trkpt lat="49.64294371000001" lon="10.999181240000029"><ele>264.93</ele><time>2026-09-20T6:40:50Z</time><extensions><speed>-1.0</speed><course>-1.0</course><hAcc>0.0</hAcc><vAcc>0.0</vAcc></extensions></trkpt><trkpt lat="49.64302604000001" lon="10.99929791000003"><ele>265.75</ele><time>2026-09-20T6:40:52Z</time><extensions><speed>-1.0</speed><course>-1.0</course><hAcc>0.0</hAcc><vAcc>0.0</vAcc></extensions></trkpt><trkpt lat="49.64310937000001" lon="10.99941591000003"><ele>265.75</ele><time>2026-09-20T6:40:54Z</time><extensions><speed>-1.0</speed><course>-1.0</course><hAcc>0.0</hAcc><vAcc>0.0</vAcc></extensions></trkpt><trkpt lat="49.643193040000014" lon="10.99953424000003"><ele>265.75</ele><time>2026-09-20T6:40:56Z</time><extensions><speed>-1.0</speed><course>-1.0</course><hAcc>0.0</hAcc><vAcc>0.0</vAcc></extensions></trkpt><trkpt lat="49.64327571000001" lon="10.99965357000003"><ele>265.75</ele><time>2026-09-20T6:40:58Z</time><extensions><speed>-1.0</speed><course>-1.0</course><hAcc>0.0</hAcc><vAcc>0.0</vAcc></extensions></trkpt><trkpt lat="49.64335871000001" lon="10.99977257000003"><ele>265.75</ele><time>2026-09-20T6:41:00Z</time><extensions><speed>-1.0</speed><course>-1.0</course><hAcc>0.0</hAcc><vAcc>0.0</vAcc></extensions></trkpt><trkpt lat="49.64344204000001" lon="10.99989057000003"><ele>265.75</ele><time>2026-09-20T6:41:02Z</time><extensions><speed>-1.0</speed><course>-1.0</course><hAcc>0.0</hAcc><vAcc>0.0</vAcc></extensions></trkpt><trkpt lat="49.64352437000001" lon="11.00000990000003"><ele>265.75</ele><time>2026-09-20T6:41:04Z</time><extensions><speed>-1.0</speed><course>-1.0</course><hAcc>0.0</hAcc><vAcc>0.0</vAcc></extensions></trkpt><trkpt lat="49.64360870000001" lon="11.00012490000003"><ele>265.75</ele><time>2026-09-20T6:41:06Z</time><extensions><speed>-1.0</speed><course>-1.0</course><hAcc>0.0</hAcc><vAcc>0.0</vAcc></extensions></trkpt><trkpt lat="49.64369270000001" lon="11.000238570000029"><ele>265.75</ele><time>2026-09-20T6:41:08Z</time><extensions><speed>-1.0</speed><course>-1.0</course><hAcc>0.0</hAcc><vAcc>0.0</vAcc></extensions></trkpt><trkpt lat="49.643775700000006" lon="11.000355900000029"><ele>265.75</ele><time>2026-09-20T6:41:10Z</time><extensions><speed>-1.0</speed><course>-1.0</course><hAcc>0.0</hAcc><vAcc>0.0</vAcc></extensions></trkpt><trkpt lat="49.64384470000001" lon="11.000453900000029"><ele>265.75</ele><time>2026-09-20T6:41:11Z</time><extensions><speed>-1.0</speed><course>-1.0</course><hAcc>0.0</hAcc><vAcc>0.0</vAcc></extensions></trkpt><trkpt lat="49.643905030000006" lon="11.000538570000028"><ele>265.75</ele><time>2026-09-20T6:41:12Z</time><extensions><speed>-1.0</speed><course>-1.0</course><hAcc>0.0</hAcc><vAcc>0.0</vAcc></extensions></trkpt><trkpt lat="49.643973030000005" lon="11.000632240000028"><ele>265.75</ele><time>2026-09-20T6:41:14Z</time><extensions><speed>-1.0</speed><course>-1.0</course><hAcc>0.0</hAcc><vAcc>0.0</vAcc></extensions></trkpt><trkpt lat="49.64404403" lon="11.000735910000028"><ele>265.75</ele><time>2026-09-20T6:41:16Z</time><extensions><speed>-1.0</speed><course>-1.0</course><hAcc>0.0</hAcc><vAcc>0.0</vAcc></extensions></trkpt><trkpt lat="49.644105030000006" lon="11.000826240000029"><ele>265.75</ele><time>2026-09-20T6:41:17Z</time><extensions><speed>-1.0</speed><course>-1.0</course><hAcc>0.0</hAcc><vAcc>0.0</vAcc></extensions></trkpt><trkpt lat="49.644175360000006" lon="11.00092391000003"><ele>265.75</ele><time>2026-09-20T6:41:19Z</time><extensions><speed>-1.0</speed><course>-1.0</course><hAcc>0.0</hAcc><vAcc>0.0</vAcc></extensions></trkpt><trkpt lat="49.64423569" lon="11.00100958000003"><ele>265.75</ele><time>2026-09-20T6:41:20Z</time><extensions><speed>-1.0</speed><course>-1.0</course><hAcc>0.0</hAcc><vAcc>0.0</vAcc></extensions></trkpt><trkpt lat="49.644302020000005" lon="11.00110825000003"><ele>265.75</ele><time>2026-09-20T6:41:22Z</time><extensions><speed>-1.0</speed><course>-1.0</course><hAcc>0.0</hAcc><vAcc>0.0</vAcc></extensions></trkpt><trkpt lat="49.64437335" lon="11.00121425000003"><ele>265.75</ele><time>2026-09-20T6:41:24Z</time><extensions><speed>-1.0</speed><course>-1.0</course><hAcc>0.0</hAcc><vAcc>0.0</vAcc></extensions></trkpt><trkpt lat="49.64444968" lon="11.00132258000003"><ele>265.75</ele><time>2026-09-20T6:41:26Z</time><extensions><speed>-1.0</speed><course>-1.0</course><hAcc>0.0</hAcc><vAcc>0.0</vAcc></extensions></trkpt><trkpt lat="49.64452835" lon="11.001434250000031"><ele>265.75</ele><time>2026-09-20T6:41:28Z</time><extensions><speed>-1.0</speed><course>-1.0</course><hAcc>0.0</hAcc><vAcc>0.0</vAcc></extensions></trkpt><trkpt lat="49.64459302" lon="11.001531250000031"><ele>265.75</ele><time>2026-09-20T6:41:29Z</time><extensions><speed>-1.0</speed><course>-1.0</course><hAcc>0.0</hAcc><vAcc>0.0</vAcc></extensions></trkpt><trkpt lat="49.64466769" lon="11.001631580000032"><ele>265.75</ele><time>2026-09-20T6:41:31Z</time><extensions><speed>-1.0</speed><course>-1.0</course><hAcc>0.0</hAcc><vAcc>0.0</vAcc></extensions></trkpt><trkpt lat="49.644730689999996" lon="11.001718910000031"><ele>265.75</ele><time>2026-09-20T6:41:32Z</time><extensions><speed>-1.0</speed><course>-1.0</course><hAcc>0.0</hAcc><vAcc>0.0</vAcc></extensions></trkpt><trkpt lat="49.64480069" lon="11.001812910000032"><ele>265.75</ele><time>2026-09-20T6:41:34Z</time><extensions><speed>-1.0</speed><course>-1.0</course><hAcc>0.0</hAcc><vAcc>0.0</vAcc></extensions></trkpt><trkpt lat="49.644874359999996" lon="11.001912910000032"><ele>265.75</ele><time>2026-09-20T6:41:36Z</time><extensions><speed>-1.0</speed><course>-1.0</course><hAcc>0.0</hAcc><vAcc>0.0</vAcc></extensions></trkpt><trkpt lat="49.644951029999994" lon="11.002017580000032"><ele>265.75</ele><time>2026-09-20T6:41:38Z</time><extensions><speed>-1.0</speed><course>-1.0</course><hAcc>0.0</hAcc><vAcc>0.0</vAcc></extensions></trkpt><trkpt lat="49.645030029999994" lon="11.002122910000033"><ele>264.84000000000003</ele><time>2026-09-20T6:41:40Z</time><extensions><speed>-1.0</speed><course>-1.0</course><hAcc>0.0</hAcc><vAcc>0.0</vAcc></extensions></trkpt><trkpt lat="49.64510669999999" lon="11.002230910000034"><ele>264.84000000000003</ele><time>2026-09-20T6:41:42Z</time><extensions><speed>-1.0</speed><course>-1.0</course><hAcc>0.0</hAcc><vAcc>0.0</vAcc></extensions></trkpt><trkpt lat="49.64518502999999" lon="11.002337580000033"><ele>264.84000000000003</ele><time>2026-09-20T6:41:44Z</time><extensions><speed>-1.0</speed><course>-1.0</course><hAcc>0.0</hAcc><vAcc>0.0</vAcc></extensions></trkpt><trkpt lat="49.64525369999999" lon="11.002424910000032"><ele>264.84000000000003</ele><time>2026-09-20T6:41:45Z</time><extensions><speed>-1.0</speed><course>-1.0</course><hAcc>0.0</hAcc><vAcc>0.0</vAcc></extensions></trkpt><trkpt lat="49.64532302999999" lon="11.002524240000032"><ele>264.84000000000003</ele><time>2026-09-20T6:41:47Z</time><extensions><speed>-1.0</speed><course>-1.0</course><hAcc>0.0</hAcc><vAcc>0.0</vAcc></extensions></trkpt><trkpt lat="49.64538302999999" lon="11.002608570000032"><ele>264.84000000000003</ele><time>2026-09-20T6:41:48Z</time><extensions><speed>-1.0</speed><course>-1.0</course><hAcc>0.0</hAcc><vAcc>0.0</vAcc></extensions></trkpt><trkpt lat="49.64545102999999" lon="11.002696570000031"><ele>264.84000000000003</ele><time>2026-09-20T6:41:50Z</time><extensions><speed>-1.0</speed><course>-1.0</course><hAcc>0.0</hAcc><vAcc>0.0</vAcc></extensions></trkpt><trkpt lat="49.64552069999999" lon="11.002796240000032"><ele>264.84000000000003</ele><time>2026-09-20T6:41:52Z</time><extensions><speed>-1.0</speed><course>-1.0</course><hAcc>0.0</hAcc><vAcc>0.0</vAcc></extensions></trkpt><trkpt lat="49.64559502999999" lon="11.002903570000033"><ele>264.84000000000003</ele><time>2026-09-20T6:41:54Z</time><extensions><speed>-1.0</speed><course>-1.0</course><hAcc>0.0</hAcc><vAcc>0.0</vAcc></extensions></trkpt><trkpt lat="49.64567269999999" lon="11.003014240000033"><ele>264.84000000000003</ele><time>2026-09-20T6:41:56Z</time><extensions><speed>-1.0</speed><course>-1.0</course><hAcc>0.0</hAcc><vAcc>0.0</vAcc></extensions></trkpt><trkpt lat="49.64575136999999" lon="11.003126570000033"><ele>264.84000000000003</ele><time>2026-09-20T6:41:58Z</time><extensions><speed>-1.0</speed><course>-1.0</course><hAcc>0.0</hAcc><vAcc>0.0</vAcc></extensions></trkpt><trkpt lat="49.64583103999999" lon="11.003240900000034"><ele>264.84000000000003</ele><time>2026-09-20T6:42:00Z</time><extensions><speed>-1.0</speed><course>-1.0</course><hAcc>0.0</hAcc><vAcc>0.0</vAcc></extensions></trkpt><trkpt lat="49.64591236999999" lon="11.003357230000034"><ele>265.66</ele><time>2026-09-20T6:42:02Z</time><extensions><speed>-1.0</speed><course>-1.0</course><hAcc>0.0</hAcc><vAcc>0.0</vAcc></extensions></trkpt><trkpt lat="49.64599469999999" lon="11.003472560000034"><ele>265.66</ele><time>2026-09-20T6:42:04Z</time><extensions><speed>-1.0</speed><course>-1.0</course><hAcc>0.0</hAcc><vAcc>0.0</vAcc></extensions></trkpt><trkpt lat="49.646066029999986" lon="11.003563890000034"><ele>265.66</ele><time>2026-09-20T6:42:05Z</time><extensions><speed>-1.0</speed><course>-1.0</course><hAcc>0.0</hAcc><vAcc>0.0</vAcc></extensions></trkpt><trkpt lat="49.64614102999999" lon="11.003662890000035"><ele>265.66</ele><time>2026-09-20T6:42:07Z</time><extensions><speed>-1.0</speed><course>-1.0</course><hAcc>0.0</hAcc><vAcc>0.0</vAcc></extensions></trkpt><trkpt lat="49.64620502999999" lon="11.003748220000034"><ele>265.66</ele><time>2026-09-20T6:42:08Z</time><extensions><speed>-1.0</speed><course>-1.0</course><hAcc>0.0</hAcc><vAcc>0.0</vAcc></extensions></trkpt><trkpt lat="49.64627469999999" lon="11.003842890000033"><ele>265.66</ele><time>2026-09-20T6:42:10Z</time><extensions><speed>-1.0</speed><course>-1.0</course><hAcc>0.0</hAcc><vAcc>0.0</vAcc></extensions></trkpt><trkpt lat="49.646347029999994" lon="11.003945220000034"><ele>265.66</ele><time>2026-09-20T6:42:12Z</time><extensions><speed>-1.0</speed><course>-1.0</course><hAcc>0.0</hAcc><vAcc>0.0</vAcc></extensions></trkpt><trkpt lat="49.646422359999995" lon="11.004051550000034"><ele>265.66</ele><time>2026-09-20T6:42:14Z</time><extensions><speed>-1.0</speed><course>-1.0</course><hAcc>0.0</hAcc><vAcc>0.0</vAcc></extensions></trkpt><trkpt lat="49.646501359999995" lon="11.004158880000034"><ele>265.66</ele><time>2026-09-20T6:42:16Z</time><extensions><speed>-1.0</speed><course>-1.0</course><hAcc>0.0</hAcc><vAcc>0.0</vAcc></extensions></trkpt><trkpt lat="49.64656769" lon="11.004250880000034"><ele>265.66</ele><time>2026-09-20T6:42:17Z</time><extensions><speed>-1.0</speed><course>-1.0</course><hAcc>0.0</hAcc><vAcc>0.0</vAcc></extensions></trkpt><trkpt lat="49.64662602" lon="11.004331210000034"><ele>265.66</ele><time>2026-09-20T6:42:18Z</time><extensions><speed>-1.0</speed><course>-1.0</course><hAcc>0.0</hAcc><vAcc>0.0</vAcc></extensions></trkpt><trkpt lat="49.64669335" lon="11.004420210000033"><ele>265.66</ele><time>2026-09-20T6:42:20Z</time><extensions><speed>-1.0</speed><course>-1.0</course><hAcc>0.0</hAcc><vAcc>0.0</vAcc></extensions></trkpt><trkpt lat="49.64676468" lon="11.004518210000032"><ele>265.66</ele><time>2026-09-20T6:42:22Z</time><extensions><speed>-1.0</speed><course>-1.0</course><hAcc>0.0</hAcc><vAcc>0.0</vAcc></extensions></trkpt><trkpt lat="49.646838009999996" lon="11.004619880000032"><ele>265.66</ele><time>2026-09-20T6:42:24Z</time><extensions><speed>-1.0</speed><course>-1.0</course><hAcc>0.0</hAcc><vAcc>0.0</vAcc></extensions></trkpt><trkpt lat="49.64690234" lon="11.004704210000032"><ele>265.66</ele><time>2026-09-20T6:42:25Z</time><extensions><speed>-1.0</speed><course>-1.0</course><hAcc>0.0</hAcc><vAcc>0.0</vAcc></extensions></trkpt><trkpt lat="49.64697001" lon="11.004802210000031"><ele>265.66</ele><time>2026-09-20T6:42:27Z</time><extensions><speed>-1.0</speed><course>-1.0</course><hAcc>0.0</hAcc><vAcc>0.0</vAcc></extensions></trkpt><trkpt lat="49.64702834" lon="11.004885880000032"><ele>265.66</ele><time>2026-09-20T6:42:28Z</time><extensions><speed>-1.0</speed><course>-1.0</course><hAcc>0.0</hAcc><vAcc>0.0</vAcc></extensions></trkpt><trkpt lat="49.64709334" lon="11.004979550000032"><ele>265.66</ele><time>2026-09-20T6:42:30Z</time><extensions><speed>-1.0</speed><course>-1.0</course><hAcc>0.0</hAcc><vAcc>0.0</vAcc></extensions></trkpt><trkpt lat="49.64716567" lon="11.005080880000031"><ele>265.66</ele><time>2026-09-20T6:42:32Z</time><extensions><speed>-1.0</speed><course>-1.0</course><hAcc>0.0</hAcc><vAcc>0.0</vAcc></extensions></trkpt><trkpt lat="49.64724134" lon="11.005185550000032"><ele>265.66</ele><time>2026-09-20T6:42:34Z</time><extensions><speed>-1.0</speed><course>-1.0</course><hAcc>0.0</hAcc><vAcc>0.0</vAcc></extensions></trkpt><trkpt lat="49.64732234" lon="11.005289220000032"><ele>265.66</ele><time>2026-09-20T6:42:36Z</time><extensions><speed>-1.0</speed><course>-1.0</course><hAcc>0.0</hAcc><vAcc>0.0</vAcc></extensions></trkpt><trkpt lat="49.64740367" lon="11.005394890000032"><ele>265.66</ele><time>2026-09-20T6:42:38Z</time><extensions><speed>-1.0</speed><course>-1.0</course><hAcc>0.0</hAcc><vAcc>0.0</vAcc></extensions></trkpt><trkpt lat="49.64748567" lon="11.005501890000032"><ele>265.66</ele><time>2026-09-20T6:42:40Z</time><extensions><speed>-1.0</speed><course>-1.0</course><hAcc>0.0</hAcc><vAcc>0.0</vAcc></extensions></trkpt><trkpt lat="49.647566340000004" lon="11.005610560000031"><ele>265.66</ele><time>2026-09-20T6:42:42Z</time><extensions><speed>-1.0</speed><course>-1.0</course><hAcc>0.0</hAcc><vAcc>0.0</vAcc></extensions></trkpt><trkpt lat="49.647645340000004" lon="11.005719890000032"><ele>265.66</ele><time>2026-09-20T6:42:44Z</time><extensions><speed>-1.0</speed><course>-1.0</course><hAcc>0.0</hAcc><vAcc>0.0</vAcc></extensions></trkpt><trkpt lat="49.64772434" lon="11.005832220000032"><ele>265.66</ele><time>2026-09-20T6:42:46Z</time><extensions><speed>-1.0</speed><course>-1.0</course><hAcc>0.0</hAcc><vAcc>0.0</vAcc></extensions></trkpt><trkpt lat="49.64780367" lon="11.005946550000033"><ele>265.66</ele><time>2026-09-20T6:42:48Z</time><extensions><speed>-1.0</speed><course>-1.0</course><hAcc>0.0</hAcc><vAcc>0.0</vAcc></extensions></trkpt><trkpt lat="49.64788467" lon="11.006058880000033"><ele>265.66</ele><time>2026-09-20T6:42:50Z</time><extensions><speed>-1.0</speed><course>-1.0</course><hAcc>0.0</hAcc><vAcc>0.0</vAcc></extensions></trkpt><trkpt lat="49.647965670000005" lon="11.006173210000034"><ele>265.66</ele><time>2026-09-20T6:42:52Z</time><extensions><speed>-1.0</speed><course>-1.0</course><hAcc>0.0</hAcc><vAcc>0.0</vAcc></extensions></trkpt><trkpt lat="49.64804834" lon="11.006285540000034"><ele>265.66</ele><time>2026-09-20T6:42:54Z</time><extensions><speed>-1.0</speed><course>-1.0</course><hAcc>0.0</hAcc><vAcc>0.0</vAcc></extensions></trkpt><trkpt lat="49.64813334" lon="11.006392870000035"><ele>265.66</ele><time>2026-09-20T6:42:56Z</time><extensions><speed>-1.0</speed><course>-1.0</course><hAcc>0.0</hAcc><vAcc>0.0</vAcc></extensions></trkpt><trkpt lat="49.64821767" lon="11.006502870000034"><ele>265.66</ele><time>2026-09-20T6:42:58Z</time><extensions><speed>-1.0</speed><course>-1.0</course><hAcc>0.0</hAcc><vAcc>0.0</vAcc></extensions></trkpt><trkpt lat="49.648302" lon="11.006614870000034"><ele>265.66</ele><time>2026-09-20T6:43:00Z</time><extensions><speed>-1.0</speed><course>-1.0</course><hAcc>0.0</hAcc><vAcc>0.0</vAcc></extensions></trkpt><trkpt lat="49.648374000000004" lon="11.006706200000034"><ele>265.66</ele><time>2026-09-20T6:43:01Z</time><extensions><speed>-1.0</speed><course>-1.0</course><hAcc>0.0</hAcc><vAcc>0.0</vAcc></extensions></trkpt><trkpt lat="49.64845033" lon="11.006805870000035"><ele>265.66</ele><time>2026-09-20T6:43:03Z</time><extensions><speed>-1.0</speed><course>-1.0</course><hAcc>0.0</hAcc><vAcc>0.0</vAcc></extensions></trkpt><trkpt lat="49.648516" lon="11.006890870000035"><ele>265.66</ele><time>2026-09-20T6:43:04Z</time><extensions><speed>-1.0</speed><course>-1.0</course><hAcc>0.0</hAcc><vAcc>0.0</vAcc></extensions></trkpt><trkpt lat="49.648589" lon="11.006983870000035"><ele>265.66</ele><time>2026-09-20T6:43:06Z</time><extensions><speed>-1.0</speed><course>-1.0</course><hAcc>0.0</hAcc><vAcc>0.0</vAcc></extensions></trkpt><trkpt lat="49.64866433" lon="11.007084870000035"><ele>265.66</ele><time>2026-09-20T6:43:08Z</time><extensions><speed>-1.0</speed><course>-1.0</course><hAcc>0.0</hAcc><vAcc>0.0</vAcc></extensions></trkpt><trkpt lat="49.648727660000006" lon="11.007172540000035"><ele>265.66</ele><time>2026-09-20T6:43:09Z</time><extensions><speed>-1.0</speed><course>-1.0</course><hAcc>0.0</hAcc><vAcc>0.0</vAcc></extensions></trkpt><trkpt lat="49.648798660000004" lon="11.007263870000035"><ele>265.66</ele><time>2026-09-20T6:43:11Z</time><extensions><speed>-1.0</speed><course>-1.0</course><hAcc>0.0</hAcc><vAcc>0.0</vAcc></extensions></trkpt><trkpt lat="49.64886099" lon="11.007341540000034"><ele>265.66</ele><time>2026-09-20T6:43:12Z</time><extensions><speed>-1.0</speed><course>-1.0</course><hAcc>0.0</hAcc><vAcc>0.0</vAcc></extensions></trkpt><trkpt lat="49.648930990000004" lon="11.007425870000034"><ele>265.66</ele><time>2026-09-20T6:43:14Z</time><extensions><speed>-1.0</speed><course>-1.0</course><hAcc>0.0</hAcc><vAcc>0.0</vAcc></extensions></trkpt><trkpt lat="49.649006990000004" lon="11.007517200000034"><ele>265.66</ele><time>2026-09-20T6:43:16Z</time><extensions><speed>-1.0</speed><course>-1.0</course><hAcc>0.0</hAcc><vAcc>0.0</vAcc></extensions></trkpt><trkpt lat="49.649088320000004" lon="11.007612870000035"><ele>265.66</ele><time>2026-09-20T6:43:18Z</time><extensions><speed>-1.0</speed><course>-1.0</course><hAcc>0.0</hAcc><vAcc>0.0</vAcc></extensions></trkpt><trkpt lat="49.64916899000001" lon="11.007711200000035"><ele>265.66</ele><time>2026-09-20T6:43:20Z</time><extensions><speed>-1.0</speed><course>-1.0</course><hAcc>0.0</hAcc><vAcc>0.0</vAcc></extensions></trkpt><trkpt lat="49.64925032000001" lon="11.007812530000034"><ele>265.66</ele><time>2026-09-20T6:43:22Z</time><extensions><speed>-1.0</speed><course>-1.0</course><hAcc>0.0</hAcc><vAcc>0.0</vAcc></extensions></trkpt><trkpt lat="49.64933499000001" lon="11.007910530000034"><ele>265.66</ele><time>2026-09-20T6:43:24Z</time><extensions><speed>-1.0</speed><course>-1.0</course><hAcc>0.0</hAcc><vAcc>0.0</vAcc></extensions></trkpt><trkpt lat="49.649419990000005" lon="11.008009860000033"><ele>265.66</ele><time>2026-09-20T6:43:26Z</time><extensions><speed>-1.0</speed><course>-1.0</course><hAcc>0.0</hAcc><vAcc>0.0</vAcc></extensions></trkpt><trkpt lat="49.64950666000001" lon="11.008106530000033"><ele>265.66</ele><time>2026-09-20T6:43:28Z</time><extensions><speed>-1.0</speed><course>-1.0</course><hAcc>0.0</hAcc><vAcc>0.0</vAcc></extensions></trkpt><trkpt lat="49.64959266000001" lon="11.008204860000033"><ele>265.66</ele><time>2026-09-20T6:43:30Z</time><extensions><speed>-1.0</speed><course>-1.0</course><hAcc>0.0</hAcc><vAcc>0.0</vAcc></extensions></trkpt><trkpt lat="49.64967866000001" lon="11.008302860000033"><ele>265.66</ele><time>2026-09-20T6:43:32Z</time><extensions><speed>-1.0</speed><course>-1.0</course><hAcc>0.0</hAcc><vAcc>0.0</vAcc></extensions></trkpt><trkpt lat="49.64976633000001" lon="11.008398530000033"><ele>265.66</ele><time>2026-09-20T6:43:34Z</time><extensions><speed>-1.0</speed><course>-1.0</course><hAcc>0.0</hAcc><vAcc>0.0</vAcc></extensions></trkpt><trkpt lat="49.649853000000014" lon="11.008493200000032"><ele>265.66</ele><time>2026-09-20T6:43:36Z</time><extensions><speed>-1.0</speed><course>-1.0</course><hAcc>0.0</hAcc><vAcc>0.0</vAcc></extensions></trkpt><trkpt lat="49.649940000000015" lon="11.008588530000033"><ele>265.66</ele><time>2026-09-20T6:43:38Z</time><extensions><speed>-1.0</speed><course>-1.0</course><hAcc>0.0</hAcc><vAcc>0.0</vAcc></extensions></trkpt><trkpt lat="49.65001267000002" lon="11.008668530000033"><ele>265.66</ele><time>2026-09-20T6:43:39Z</time><extensions><speed>-1.0</speed><course>-1.0</course><hAcc>0.0</hAcc><vAcc>0.0</vAcc></extensions></trkpt><trkpt lat="49.65007600000002" lon="11.008738200000034"><ele>265.66</ele><time>2026-09-20T6:43:40Z</time><extensions><speed>-1.0</speed><course>-1.0</course><hAcc>0.0</hAcc><vAcc>0.0</vAcc></extensions></trkpt><trkpt lat="49.65013267000002" lon="11.008799870000033"><ele>265.66</ele><time>2026-09-20T6:43:41Z</time><extensions><speed>-1.0</speed><course>-1.0</course><hAcc>0.0</hAcc><vAcc>0.0</vAcc></extensions></trkpt><trkpt lat="49.65019934000002" lon="11.008871870000032"><ele>265.66</ele><time>2026-09-20T6:43:43Z</time><extensions><speed>-1.0</speed><course>-1.0</course><hAcc>0.0</hAcc><vAcc>0.0</vAcc></extensions></trkpt><trkpt lat="49.65025834000002" lon="11.008934540000032"><ele>265.66</ele><time>2026-09-20T6:43:44Z</time><extensions><speed>-1.0</speed><course>-1.0</course><hAcc>0.0</hAcc><vAcc>0.0</vAcc></extensions></trkpt><trkpt lat="49.650327340000025" lon="11.009004870000032"><ele>265.66</ele><time>2026-09-20T6:43:46Z</time><extensions><speed>-1.0</speed><course>-1.0</course><hAcc>0.0</hAcc><vAcc>0.0</vAcc></extensions></trkpt><trkpt lat="49.650400670000025" lon="11.009085870000032"><ele>265.66</ele><time>2026-09-20T6:43:48Z</time><extensions><speed>-1.0</speed><course>-1.0</course><hAcc>0.0</hAcc><vAcc>0.0</vAcc></extensions></trkpt><trkpt lat="49.65048000000002" lon="11.009167870000033"><ele>265.66</ele><time>2026-09-20T6:43:50Z</time><extensions><speed>-1.0</speed><course>-1.0</course><hAcc>0.0</hAcc><vAcc>0.0</vAcc></extensions></trkpt><trkpt lat="49.65056267000002" lon="11.009251200000033"><ele>265.66</ele><time>2026-09-20T6:43:52Z</time><extensions><speed>-1.0</speed><course>-1.0</course><hAcc>0.0</hAcc><vAcc>0.0</vAcc></extensions></trkpt><trkpt lat="49.65063200000002" lon="11.009323530000033"><ele>265.66</ele><time>2026-09-20T6:43:53Z</time><extensions><speed>-1.0</speed><course>-1.0</course><hAcc>0.0</hAcc><vAcc>0.0</vAcc></extensions></trkpt><trkpt lat="49.650693670000024" lon="11.009384860000033"><ele>265.66</ele><time>2026-09-20T6:43:54Z</time><extensions><speed>-1.0</speed><course>-1.0</course><hAcc>0.0</hAcc><vAcc>0.0</vAcc></extensions></trkpt><trkpt lat="49.65076434000002" lon="11.009457860000033"><ele>265.66</ele><time>2026-09-20T6:43:56Z</time><extensions><speed>-1.0</speed><course>-1.0</course><hAcc>0.0</hAcc><vAcc>0.0</vAcc></extensions></trkpt><trkpt lat="49.65084334000002" lon="11.009535190000033"><ele>265.66</ele><time>2026-09-20T6:43:58Z</time><extensions><speed>-1.0</speed><course>-1.0</course><hAcc>0.0</hAcc><vAcc>0.0</vAcc></extensions></trkpt><trkpt lat="49.650927010000025" lon="11.009617190000034"><ele>265.66</ele><time>2026-09-20T6:44:00Z</time><extensions><speed>-1.0</speed><course>-1.0</course><hAcc>0.0</hAcc><vAcc>0.0</vAcc></extensions></trkpt><trkpt lat="49.65101501000002" lon="11.009701520000034"><ele>265.66</ele><time>2026-09-20T6:44:02Z</time><extensions><speed>-1.0</speed><course>-1.0</course><hAcc>0.0</hAcc><vAcc>0.0</vAcc></extensions></trkpt><trkpt lat="49.651104340000025" lon="11.009785190000034"><ele>265.66</ele><time>2026-09-20T6:44:04Z</time><extensions><speed>-1.0</speed><course>-1.0</course><hAcc>0.0</hAcc><vAcc>0.0</vAcc></extensions></trkpt><trkpt lat="49.651194340000025" lon="11.009869190000034"><ele>265.66</ele><time>2026-09-20T6:44:06Z</time><extensions><speed>-1.0</speed><course>-1.0</course><hAcc>0.0</hAcc><vAcc>0.0</vAcc></extensions></trkpt><trkpt lat="49.651289670000025" lon="11.009952190000034"><ele>265.66</ele><time>2026-09-20T6:44:08Z</time><extensions><speed>-1.0</speed><course>-1.0</course><hAcc>0.0</hAcc><vAcc>0.0</vAcc></extensions></trkpt><trkpt lat="49.65138167000003" lon="11.010034520000033"><ele>265.66</ele><time>2026-09-20T6:44:10Z</time><extensions><speed>-1.0</speed><course>-1.0</course><hAcc>0.0</hAcc><vAcc>0.0</vAcc></extensions></trkpt><trkpt lat="49.651472340000026" lon="11.010115520000033"><ele>265.66</ele><time>2026-09-20T6:44:12Z</time><extensions><speed>-1.0</speed><course>-1.0</course><hAcc>0.0</hAcc><vAcc>0.0</vAcc></extensions></trkpt><trkpt lat="49.65156367000002" lon="11.010193850000032"><ele>265.66</ele><time>2026-09-20T6:44:14Z</time><extensions><speed>-1.0</speed><course>-1.0</course><hAcc>0.0</hAcc><vAcc>0.0</vAcc></extensions></trkpt><trkpt lat="49.651655340000026" lon="11.010271850000033"><ele>265.66</ele><time>2026-09-20T6:44:16Z</time><extensions><speed>-1.0</speed><course>-1.0</course><hAcc>0.0</hAcc><vAcc>0.0</vAcc></extensions></trkpt><trkpt lat="49.651748340000026" lon="11.010350180000032"><ele>265.66</ele><time>2026-09-20T6:44:18Z</time><extensions><speed>-1.0</speed><course>-1.0</course><hAcc>0.0</hAcc><vAcc>0.0</vAcc></extensions></trkpt><trkpt lat="49.651842010000024" lon="11.010426510000032"><ele>265.66</ele><time>2026-09-20T6:44:20Z</time><extensions><speed>-1.0</speed><course>-1.0</course><hAcc>0.0</hAcc><vAcc>0.0</vAcc></extensions></trkpt><trkpt lat="49.65193634000003" lon="11.010500180000033"><ele>265.66</ele><time>2026-09-20T6:44:22Z</time><extensions><speed>-1.0</speed><course>-1.0</course><hAcc>0.0</hAcc><vAcc>0.0</vAcc></extensions></trkpt><trkpt lat="49.65201367000003" lon="11.010562180000033"><ele>265.66</ele><time>2026-09-20T6:44:23Z</time><extensions><speed>-1.0</speed><course>-1.0</course><hAcc>0.0</hAcc><vAcc>0.0</vAcc></extensions></trkpt><trkpt lat="49.65209467000003" lon="11.010629180000032"><ele>265.66</ele><time>2026-09-20T6:44:25Z</time><extensions><speed>-1.0</speed><course>-1.0</course><hAcc>0.0</hAcc><vAcc>0.0</vAcc></extensions></trkpt><trkpt lat="49.652163670000036" lon="11.010686510000033"><ele>265.66</ele><time>2026-09-20T6:44:26Z</time><extensions><speed>-1.0</speed><course>-1.0</course><hAcc>0.0</hAcc><vAcc>0.0</vAcc></extensions></trkpt><trkpt lat="49.65222534000004" lon="11.010735840000033"><ele>265.66</ele><time>2026-09-20T6:44:27Z</time><extensions><speed>-1.0</speed><course>-1.0</course><hAcc>0.0</hAcc><vAcc>0.0</vAcc></extensions></trkpt><trkpt lat="49.652296670000034" lon="11.010793170000033"><ele>265.66</ele><time>2026-09-20T6:44:29Z</time><extensions><speed>-1.0</speed><course>-1.0</course><hAcc>0.0</hAcc><vAcc>0.0</vAcc></extensions></trkpt><trkpt lat="49.65235934000003" lon="11.010843500000034"><ele>265.66</ele><time>2026-09-20T6:44:30Z</time><extensions><speed>-1.0</speed><course>-1.0</course><hAcc>0.0</hAcc><vAcc>0.0</vAcc></extensions></trkpt><trkpt lat="49.65243034000003" lon="11.010897830000033"><ele>265.66</ele><time>2026-09-20T6:44:32Z</time><extensions><speed>-1.0</speed><course>-1.0</course><hAcc>0.0</hAcc><vAcc>0.0</vAcc></extensions></trkpt><trkpt lat="49.65249201000003" lon="11.010946830000034"><ele>265.66</ele><time>2026-09-20T6:44:33Z</time><extensions><speed>-1.0</speed><course>-1.0</course><hAcc>0.0</hAcc><vAcc>0.0</vAcc></extensions></trkpt><trkpt lat="49.65256268000003" lon="11.010999500000034"><ele>265.66</ele><time>2026-09-20T6:44:35Z</time><extensions><speed>-1.0</speed><course>-1.0</course><hAcc>0.0</hAcc><vAcc>0.0</vAcc></extensions></trkpt><trkpt lat="49.652623350000034" lon="11.011046500000035"><ele>265.66</ele><time>2026-09-20T6:44:36Z</time><extensions><speed>-1.0</speed><course>-1.0</course><hAcc>0.0</hAcc><vAcc>0.0</vAcc></extensions></trkpt><trkpt lat="49.65269168000003" lon="11.011101170000035"><ele>265.66</ele><time>2026-09-20T6:44:38Z</time><extensions><speed>-1.0</speed><course>-1.0</course><hAcc>0.0</hAcc><vAcc>0.0</vAcc></extensions></trkpt><trkpt lat="49.65276601000003" lon="11.011159840000035"><ele>265.66</ele><time>2026-09-20T6:44:40Z</time><extensions><speed>-1.0</speed><course>-1.0</course><hAcc>0.0</hAcc><vAcc>0.0</vAcc></extensions></trkpt><trkpt lat="49.65283034000003" lon="11.011209840000035"><ele>265.66</ele><time>2026-09-20T6:44:41Z</time><extensions><speed>-1.0</speed><course>-1.0</course><hAcc>0.0</hAcc><vAcc>0.0</vAcc></extensions></trkpt><trkpt lat="49.65288834000003" lon="11.011253840000036"><ele>265.66</ele><time>2026-09-20T6:44:42Z</time><extensions><speed>-1.0</speed><course>-1.0</course><hAcc>0.0</hAcc><vAcc>0.0</vAcc></extensions></trkpt><trkpt lat="49.65295601000003" lon="11.011307510000035"><ele>265.66</ele><time>2026-09-20T6:44:44Z</time><extensions><speed>-1.0</speed><course>-1.0</course><hAcc>0.0</hAcc><vAcc>0.0</vAcc></extensions></trkpt><trkpt lat="49.65303201000003" lon="11.011363180000036"><ele>265.66</ele><time>2026-09-20T6:44:46Z</time><extensions><speed>-1.0</speed><course>-1.0</course><hAcc>0.0</hAcc><vAcc>0.0</vAcc></extensions></trkpt><trkpt lat="49.65311168000003" lon="11.011422180000036"><ele>265.66</ele><time>2026-09-20T6:44:48Z</time><extensions><speed>-1.0</speed><course>-1.0</course><hAcc>0.0</hAcc><vAcc>0.0</vAcc></extensions></trkpt><trkpt lat="49.65319468000003" lon="11.011482850000036"><ele>265.66</ele><time>2026-09-20T6:44:50Z</time><extensions><speed>-1.0</speed><course>-1.0</course><hAcc>0.0</hAcc><vAcc>0.0</vAcc></extensions></trkpt><trkpt lat="49.65327835000003" lon="11.011542520000036"><ele>265.66</ele><time>2026-09-20T6:44:52Z</time><extensions><speed>-1.0</speed><course>-1.0</course><hAcc>0.0</hAcc><vAcc>0.0</vAcc></extensions></trkpt><trkpt lat="49.65334868000003" lon="11.011591190000036"><ele>265.66</ele><time>2026-09-20T6:44:53Z</time><extensions><speed>-1.0</speed><course>-1.0</course><hAcc>0.0</hAcc><vAcc>0.0</vAcc></extensions></trkpt><trkpt lat="49.65341001000003" lon="11.011634860000036"><ele>265.66</ele><time>2026-09-20T6:44:54Z</time><extensions><speed>-1.0</speed><course>-1.0</course><hAcc>0.0</hAcc><vAcc>0.0</vAcc></extensions></trkpt><trkpt lat="49.65347968000003" lon="11.011683860000037"><ele>265.66</ele><time>2026-09-20T6:44:56Z</time><extensions><speed>-1.0</speed><course>-1.0</course><hAcc>0.0</hAcc><vAcc>0.0</vAcc></extensions></trkpt><trkpt lat="49.653554680000035" lon="11.011738190000036"><ele>265.66</ele><time>2026-09-20T6:44:58Z</time><extensions><speed>-1.0</speed><course>-1.0</course><hAcc>0.0</hAcc><vAcc>0.0</vAcc></extensions></trkpt><trkpt lat="49.65363468000003" lon="11.011793520000037"><ele>265.66</ele><time>2026-09-20T6:45:00Z</time><extensions><speed>-1.0</speed><course>-1.0</course><hAcc>0.0</hAcc><vAcc>0.0</vAcc></extensions></trkpt><trkpt lat="49.65371701000003" lon="11.011853190000037"><ele>265.66</ele><time>2026-09-20T6:45:02Z</time><extensions><speed>-1.0</speed><course>-1.0</course><hAcc>0.0</hAcc><vAcc>0.0</vAcc></extensions></trkpt><trkpt lat="49.65380234000003" lon="11.011911190000037"><ele>265.66</ele><time>2026-09-20T6:45:04Z</time><extensions><speed>-1.0</speed><course>-1.0</course><hAcc>0.0</hAcc><vAcc>0.0</vAcc></extensions></trkpt><trkpt lat="49.653890340000025" lon="11.011969190000036"><ele>265.66</ele><time>2026-09-20T6:45:06Z</time><extensions><speed>-1.0</speed><course>-1.0</course><hAcc>0.0</hAcc><vAcc>0.0</vAcc></extensions></trkpt><trkpt lat="49.65397967000003" lon="11.012029190000035"><ele>265.66</ele><time>2026-09-20T6:45:08Z</time><extensions><speed>-1.0</speed><course>-1.0</course><hAcc>0.0</hAcc><vAcc>0.0</vAcc></extensions></trkpt><trkpt lat="49.654070000000026" lon="11.012089520000035"><ele>265.66</ele><time>2026-09-20T6:45:10Z</time><extensions><speed>-1.0</speed><course>-1.0</course><hAcc>0.0</hAcc><vAcc>0.0</vAcc></extensions></trkpt><trkpt lat="49.65414533000003" lon="11.012141190000035"><ele>265.66</ele><time>2026-09-20T6:45:11Z</time><extensions><speed>-1.0</speed><course>-1.0</course><hAcc>0.0</hAcc><vAcc>0.0</vAcc></extensions></trkpt><trkpt lat="49.65422700000003" lon="11.012195860000036"><ele>265.66</ele><time>2026-09-20T6:45:13Z</time><extensions><speed>-1.0</speed><course>-1.0</course><hAcc>0.0</hAcc><vAcc>0.0</vAcc></extensions></trkpt><trkpt lat="49.65429733000003" lon="11.012242190000036"><ele>265.66</ele><time>2026-09-20T6:45:14Z</time><extensions><speed>-1.0</speed><course>-1.0</course><hAcc>0.0</hAcc><vAcc>0.0</vAcc></extensions></trkpt><trkpt lat="49.65436066000003" lon="11.012282520000035"><ele>265.66</ele><time>2026-09-20T6:45:15Z</time><extensions><speed>-1.0</speed><course>-1.0</course><hAcc>0.0</hAcc><vAcc>0.0</vAcc></extensions></trkpt><trkpt lat="49.65443433000003" lon="11.012326850000035"><ele>265.66</ele><time>2026-09-20T6:45:17Z</time><extensions><speed>-1.0</speed><course>-1.0</course><hAcc>0.0</hAcc><vAcc>0.0</vAcc></extensions></trkpt><trkpt lat="49.65450000000003" lon="11.012366180000035"><ele>265.66</ele><time>2026-09-20T6:45:18Z</time><extensions><speed>-1.0</speed><course>-1.0</course><hAcc>0.0</hAcc><vAcc>0.0</vAcc></extensions></trkpt><trkpt lat="49.654573670000026" lon="11.012411850000035"><ele>265.66</ele><time>2026-09-20T6:45:20Z</time><extensions><speed>-1.0</speed><course>-1.0</course><hAcc>0.0</hAcc><vAcc>0.0</vAcc></extensions></trkpt><trkpt lat="49.654639340000024" lon="11.012452850000034"><ele>265.66</ele><time>2026-09-20T6:45:21Z</time><extensions><speed>-1.0</speed><course>-1.0</course><hAcc>0.0</hAcc><vAcc>0.0</vAcc></extensions></trkpt><trkpt lat="49.65469967000002" lon="11.012487520000034"><ele>265.66</ele><time>2026-09-20T6:45:22Z</time><extensions><speed>-1.0</speed><course>-1.0</course><hAcc>0.0</hAcc><vAcc>0.0</vAcc></extensions></trkpt><trkpt lat="49.65476934000002" lon="11.012529190000034"><ele>265.66</ele><time>2026-09-20T6:45:24Z</time><extensions><speed>-1.0</speed><course>-1.0</course><hAcc>0.0</hAcc><vAcc>0.0</vAcc></extensions></trkpt><trkpt lat="49.654831010000024" lon="11.012565520000035"><ele>265.66</ele><time>2026-09-20T6:45:25Z</time><extensions><speed>-1.0</speed><course>-1.0</course><hAcc>0.0</hAcc><vAcc>0.0</vAcc></extensions></trkpt><trkpt lat="49.654900680000026" lon="11.012608850000035"><ele>265.66</ele><time>2026-09-20T6:45:27Z</time><extensions><speed>-1.0</speed><course>-1.0</course><hAcc>0.0</hAcc><vAcc>0.0</vAcc></extensions></trkpt><trkpt lat="49.654962680000025" lon="11.012648180000035"><ele>265.66</ele><time>2026-09-20T6:45:28Z</time><extensions><speed>-1.0</speed><course>-1.0</course><hAcc>0.0</hAcc><vAcc>0.0</vAcc></extensions></trkpt><trkpt lat="49.65503468000003" lon="11.012689510000035"><ele>265.66</ele><time>2026-09-20T6:45:30Z</time><extensions><speed>-1.0</speed><course>-1.0</course><hAcc>0.0</hAcc><vAcc>0.0</vAcc></extensions></trkpt><trkpt lat="49.65511301000003" lon="11.012735840000035"><ele>265.66</ele><time>2026-09-20T6:45:32Z</time><extensions><speed>-1.0</speed><course>-1.0</course><hAcc>0.0</hAcc><vAcc>0.0</vAcc></extensions></trkpt><trkpt lat="49.65519701000003" lon="11.012782510000035"><ele>265.66</ele><time>2026-09-20T6:45:34Z</time><extensions><speed>-1.0</speed><course>-1.0</course><hAcc>0.0</hAcc><vAcc>0.0</vAcc></extensions></trkpt><trkpt lat="49.65528368000003" lon="11.012830180000035"><ele>265.66</ele><time>2026-09-20T6:45:36Z</time><extensions><speed>-1.0</speed><course>-1.0</course><hAcc>0.0</hAcc><vAcc>0.0</vAcc></extensions></trkpt><trkpt lat="49.65537201000003" lon="11.012879510000035"><ele>265.66</ele><time>2026-09-20T6:45:38Z</time><extensions><speed>-1.0</speed><course>-1.0</course><hAcc>0.0</hAcc><vAcc>0.0</vAcc></extensions></trkpt><trkpt lat="49.65546201000003" lon="11.012925180000035"><ele>265.66</ele><time>2026-09-20T6:45:40Z</time><extensions><speed>-1.0</speed><course>-1.0</course><hAcc>0.0</hAcc><vAcc>0.0</vAcc></extensions></trkpt><trkpt lat="49.65555634000003" lon="11.012969510000035"><ele>265.66</ele><time>2026-09-20T6:45:42Z</time><extensions><speed>-1.0</speed><course>-1.0</course><hAcc>0.0</hAcc><vAcc>0.0</vAcc></extensions></trkpt><trkpt lat="49.655651340000034" lon="11.013018510000036"><ele>265.66</ele><time>2026-09-20T6:45:44Z</time><extensions><speed>-1.0</speed><course>-1.0</course><hAcc>0.0</hAcc><vAcc>0.0</vAcc></extensions></trkpt><trkpt lat="49.655749340000035" lon="11.013066840000036"><ele>265.66</ele><time>2026-09-20T6:45:46Z</time><extensions><speed>-1.0</speed><course>-1.0</course><hAcc>0.0</hAcc><vAcc>0.0</vAcc></extensions></trkpt><trkpt lat="49.655848340000034" lon="11.013115840000037"><ele>265.66</ele><time>2026-09-20T6:45:48Z</time><extensions><speed>-1.0</speed><course>-1.0</course><hAcc>0.0</hAcc><vAcc>0.0</vAcc></extensions></trkpt><trkpt lat="49.655948670000036" lon="11.013166170000037"><ele>265.66</ele><time>2026-09-20T6:45:50Z</time><extensions><speed>-1.0</speed><course>-1.0</course><hAcc>0.0</hAcc><vAcc>0.0</vAcc></extensions></trkpt><trkpt lat="49.656050000000036" lon="11.013218170000037"><ele>265.66</ele><time>2026-09-20T6:45:52Z</time><extensions><speed>-1.0</speed><course>-1.0</course><hAcc>0.0</hAcc><vAcc>0.0</vAcc></extensions></trkpt><trkpt lat="49.65615233000003" lon="11.013276170000037"><ele>265.66</ele><time>2026-09-20T6:45:54Z</time><extensions><speed>-1.0</speed><course>-1.0</course><hAcc>0.0</hAcc><vAcc>0.0</vAcc></extensions></trkpt><trkpt lat="49.65625433000003" lon="11.013336500000037"><ele>265.66</ele><time>2026-09-20T6:45:56Z</time><extensions><speed>-1.0</speed><course>-1.0</course><hAcc>0.0</hAcc><vAcc>0.0</vAcc></extensions></trkpt><trkpt lat="49.65635666000003" lon="11.013394830000037"><ele>265.66</ele><time>2026-09-20T6:45:58Z</time><extensions><speed>-1.0</speed><course>-1.0</course><hAcc>0.0</hAcc><vAcc>0.0</vAcc></extensions></trkpt><trkpt lat="49.65645999000003" lon="11.013449160000036"><ele>265.66</ele><time>2026-09-20T6:46:00Z</time><extensions><speed>-1.0</speed><course>-1.0</course><hAcc>0.0</hAcc><vAcc>0.0</vAcc></extensions></trkpt><trkpt lat="49.65656132000003" lon="11.013507490000036"><ele>265.66</ele><time>2026-09-20T6:46:02Z</time><extensions><speed>-1.0</speed><course>-1.0</course><hAcc>0.0</hAcc><vAcc>0.0</vAcc></extensions></trkpt><trkpt lat="49.65666299000003" lon="11.013564820000036"><ele>265.66</ele><time>2026-09-20T6:46:04Z</time><extensions><speed>-1.0</speed><course>-1.0</course><hAcc>0.0</hAcc><vAcc>0.0</vAcc></extensions></trkpt><trkpt lat="49.656765660000026" lon="11.013621490000036"><ele>265.66</ele><time>2026-09-20T6:46:06Z</time><extensions><speed>-1.0</speed><course>-1.0</course><hAcc>0.0</hAcc><vAcc>0.0</vAcc></extensions></trkpt><trkpt lat="49.65686799000002" lon="11.013679490000035"><ele>265.66</ele><time>2026-09-20T6:46:08Z</time><extensions><speed>-1.0</speed><course>-1.0</course><hAcc>0.0</hAcc><vAcc>0.0</vAcc></extensions></trkpt><trkpt lat="49.65697032000002" lon="11.013736490000035"><ele>265.66</ele><time>2026-09-20T6:46:10Z</time><extensions><speed>-1.0</speed><course>-1.0</course><hAcc>0.0</hAcc><vAcc>0.0</vAcc></extensions></trkpt><trkpt lat="49.65707199000002" lon="11.013791160000036"><ele>265.66</ele><time>2026-09-20T6:46:12Z</time><extensions><speed>-1.0</speed><course>-1.0</course><hAcc>0.0</hAcc><vAcc>0.0</vAcc></extensions></trkpt><trkpt lat="49.65717432000002" lon="11.013846160000035"><ele>265.66</ele><time>2026-09-20T6:46:14Z</time><extensions><speed>-1.0</speed><course>-1.0</course><hAcc>0.0</hAcc><vAcc>0.0</vAcc></extensions></trkpt><trkpt lat="49.657259650000015" lon="11.013890830000035"><ele>265.66</ele><time>2026-09-20T6:46:15Z</time><extensions><speed>-1.0</speed><course>-1.0</course><hAcc>0.0</hAcc><vAcc>0.0</vAcc></extensions></trkpt><trkpt lat="49.65733432000001" lon="11.013929500000035"><ele>265.66</ele><time>2026-09-20T6:46:16Z</time><extensions><speed>-1.0</speed><course>-1.0</course><hAcc>0.0</hAcc><vAcc>0.0</vAcc></extensions></trkpt><trkpt lat="49.65739899000001" lon="11.013965830000036"><ele>265.66</ele><time>2026-09-20T6:46:17Z</time><extensions><speed>-1.0</speed><course>-1.0</course><hAcc>0.0</hAcc><vAcc>0.0</vAcc></extensions></trkpt><trkpt lat="49.65745766000001" lon="11.014002500000036"><ele>265.66</ele><time>2026-09-20T6:46:18Z</time><extensions><speed>-1.0</speed><course>-1.0</course><hAcc>0.0</hAcc><vAcc>0.0</vAcc></extensions></trkpt><trkpt lat="49.65753099000001" lon="11.014044170000036"><ele>265.66</ele><time>2026-09-20T6:46:20Z</time><extensions><speed>-1.0</speed><course>-1.0</course><hAcc>0.0</hAcc><vAcc>0.0</vAcc></extensions></trkpt><trkpt lat="49.65761399000001" lon="11.014086170000036"><ele>265.66</ele><time>2026-09-20T6:46:22Z</time><extensions><speed>-1.0</speed><course>-1.0</course><hAcc>0.0</hAcc><vAcc>0.0</vAcc></extensions></trkpt><trkpt lat="49.65768466000001" lon="11.014127500000036"><ele>265.66</ele><time>2026-09-20T6:46:23Z</time><extensions><speed>-1.0</speed><course>-1.0</course><hAcc>0.0</hAcc><vAcc>0.0</vAcc></extensions></trkpt><trkpt lat="49.657764660000005" lon="11.014169500000037"><ele>265.66</ele><time>2026-09-20T6:46:25Z</time><extensions><speed>-1.0</speed><course>-1.0</course><hAcc>0.0</hAcc><vAcc>0.0</vAcc></extensions></trkpt><trkpt lat="49.65783633" lon="11.014208500000036"><ele>265.66</ele><time>2026-09-20T6:46:26Z</time><extensions><speed>-1.0</speed><course>-1.0</course><hAcc>0.0</hAcc><vAcc>0.0</vAcc></extensions></trkpt><trkpt lat="49.657917000000005" lon="11.014244830000036"><ele>265.66</ele><time>2026-09-20T6:46:28Z</time><extensions><speed>-1.0</speed><course>-1.0</course><hAcc>0.0</hAcc><vAcc>0.0</vAcc></extensions></trkpt><trkpt lat="49.658004000000005" lon="11.014286830000037"><ele>265.66</ele><time>2026-09-20T6:46:30Z</time><extensions><speed>-1.0</speed><course>-1.0</course><hAcc>0.0</hAcc><vAcc>0.0</vAcc></extensions></trkpt><trkpt lat="49.658094670000004" lon="11.014332500000037"><ele>265.66</ele><time>2026-09-20T6:46:32Z</time><extensions><speed>-1.0</speed><course>-1.0</course><hAcc>0.0</hAcc><vAcc>0.0</vAcc></extensions></trkpt><trkpt lat="49.65817234000001" lon="11.014371500000037"><ele>265.66</ele><time>2026-09-20T6:46:33Z</time><extensions><speed>-1.0</speed><course>-1.0</course><hAcc>0.0</hAcc><vAcc>0.0</vAcc></extensions></trkpt><trkpt lat="49.658257340000006" lon="11.014416170000036"><ele>265.66</ele><time>2026-09-20T6:46:35Z</time><extensions><speed>-1.0</speed><course>-1.0</course><hAcc>0.0</hAcc><vAcc>0.0</vAcc></extensions></trkpt><trkpt lat="49.658330670000005" lon="11.014454170000036"><ele>265.66</ele><time>2026-09-20T6:46:36Z</time><extensions><speed>-1.0</speed><course>-1.0</course><hAcc>0.0</hAcc><vAcc>0.0</vAcc></extensions></trkpt><trkpt lat="49.65841167000001" lon="11.014497500000036"><ele>265.66</ele><time>2026-09-20T6:46:38Z</time><extensions><speed>-1.0</speed><course>-1.0</course><hAcc>0.0</hAcc><vAcc>0.0</vAcc></extensions></trkpt><trkpt lat="49.65849767000001" lon="11.014548170000037"><ele>265.66</ele><time>2026-09-20T6:46:40Z</time><extensions><speed>-1.0</speed><course>-1.0</course><hAcc>0.0</hAcc><vAcc>0.0</vAcc></extensions></trkpt><trkpt lat="49.65858500000001" lon="11.014600170000037"><ele>266.48</ele><time>2026-09-20T6:46:42Z</time><extensions><speed>-1.0</speed><course>-1.0</course><hAcc>0.0</hAcc><vAcc>0.0</vAcc></extensions></trkpt><trkpt lat="49.65867400000001" lon="11.014651500000037"><ele>266.48</ele><time>2026-09-20T6:46:44Z</time><extensions><speed>-1.0</speed><course>-1.0</course><hAcc>0.0</hAcc><vAcc>0.0</vAcc></extensions></trkpt><trkpt lat="49.65874867000001" lon="11.014693830000036"><ele>266.48</ele><time>2026-09-20T6:46:45Z</time><extensions><speed>-1.0</speed><course>-1.0</course><hAcc>0.0</hAcc><vAcc>0.0</vAcc></extensions></trkpt><trkpt lat="49.65881567000001" lon="11.014726160000036"><ele>266.48</ele><time>2026-09-20T6:46:46Z</time><extensions><speed>-1.0</speed><course>-1.0</course><hAcc>0.0</hAcc><vAcc>0.0</vAcc></extensions></trkpt><trkpt lat="49.65889000000001" lon="11.014767830000036"><ele>266.48</ele><time>2026-09-20T6:46:48Z</time><extensions><speed>-1.0</speed><course>-1.0</course><hAcc>0.0</hAcc><vAcc>0.0</vAcc></extensions></trkpt><trkpt lat="49.658970000000004" lon="11.014812830000036"><ele>266.48</ele><time>2026-09-20T6:46:50Z</time><extensions><speed>-1.0</speed><course>-1.0</course><hAcc>0.0</hAcc><vAcc>0.0</vAcc></extensions></trkpt><trkpt lat="49.659054000000005" lon="11.014859830000036"><ele>266.48</ele><time>2026-09-20T6:46:52Z</time><extensions><speed>-1.0</speed><course>-1.0</course><hAcc>0.0</hAcc><vAcc>0.0</vAcc></extensions></trkpt><trkpt lat="49.65913967" lon="11.014908160000036"><ele>266.48</ele><time>2026-09-20T6:46:54Z</time><extensions><speed>-1.0</speed><course>-1.0</course><hAcc>0.0</hAcc><vAcc>0.0</vAcc></extensions></trkpt><trkpt lat="49.65922767" lon="11.014955160000037"><ele>266.48</ele><time>2026-09-20T6:46:56Z</time><extensions><speed>-1.0</speed><course>-1.0</course><hAcc>0.0</hAcc><vAcc>0.0</vAcc></extensions></trkpt><trkpt lat="49.65931534" lon="11.015005490000037"><ele>266.48</ele><time>2026-09-20T6:46:58Z</time><extensions><speed>-1.0</speed><course>-1.0</course><hAcc>0.0</hAcc><vAcc>0.0</vAcc></extensions></trkpt><trkpt lat="49.65940167" lon="11.015058160000038"><ele>266.48</ele><time>2026-09-20T6:47:00Z</time><extensions><speed>-1.0</speed><course>-1.0</course><hAcc>0.0</hAcc><vAcc>0.0</vAcc></extensions></trkpt><trkpt lat="49.65948834" lon="11.015108490000038"><ele>266.48</ele><time>2026-09-20T6:47:02Z</time><extensions><speed>-1.0</speed><course>-1.0</course><hAcc>0.0</hAcc><vAcc>0.0</vAcc></extensions></trkpt><trkpt lat="49.659575010000005" lon="11.015155490000039"><ele>266.48</ele><time>2026-09-20T6:47:04Z</time><extensions><speed>-1.0</speed><course>-1.0</course><hAcc>0.0</hAcc><vAcc>0.0</vAcc></extensions></trkpt><trkpt lat="49.659657010000004" lon="11.015201820000039"><ele>266.48</ele><time>2026-09-20T6:47:06Z</time><extensions><speed>-1.0</speed><course>-1.0</course><hAcc>0.0</hAcc><vAcc>0.0</vAcc></extensions></trkpt><trkpt lat="49.65973734000001" lon="11.01524382000004"><ele>266.48</ele><time>2026-09-20T6:47:08Z</time><extensions><speed>-1.0</speed><course>-1.0</course><hAcc>0.0</hAcc><vAcc>0.0</vAcc></extensions></trkpt><trkpt lat="49.659811340000005" lon="11.01528215000004"><ele>266.48</ele><time>2026-09-20T6:47:10Z</time><extensions><speed>-1.0</speed><course>-1.0</course><hAcc>0.0</hAcc><vAcc>0.0</vAcc></extensions></trkpt><trkpt lat="49.659879010000004" lon="11.01529415000004"><ele>266.48</ele><time>2026-09-20T6:47:12Z</time><extensions><speed>-1.0</speed><course>-1.0</course><hAcc>0.0</hAcc><vAcc>0.0</vAcc></extensions></trkpt><trkpt lat="49.65992468" lon="11.01527282000004"><ele>266.48</ele><time>2026-09-20T6:47:14Z</time><extensions><speed>-1.0</speed><course>-1.0</course><hAcc>0.0</hAcc><vAcc>0.0</vAcc></extensions></trkpt><trkpt lat="49.65995935" lon="11.01523649000004"><ele>266.48</ele><time>2026-09-20T6:47:16Z</time><extensions><speed>-1.0</speed><course>-1.0</course><hAcc>0.0</hAcc><vAcc>0.0</vAcc></extensions></trkpt><trkpt lat="49.65998602" lon="11.01520182000004"><ele>266.48</ele><time>2026-09-20T6:47:17Z</time><extensions><speed>-1.0</speed><course>-1.0</course><hAcc>0.0</hAcc><vAcc>0.0</vAcc></extensions></trkpt><trkpt lat="49.66000802" lon="11.01515615000004"><ele>266.48</ele><time>2026-09-20T6:47:19Z</time><extensions><speed>-1.0</speed><course>-1.0</course><hAcc>0.0</hAcc><vAcc>0.0</vAcc></extensions></trkpt><trkpt lat="49.66002602" lon="11.01511048000004"><ele>265.48</ele><time>2026-09-20T6:47:20Z</time><extensions><speed>-1.0</speed><course>-1.0</course><hAcc>0.0</hAcc><vAcc>0.0</vAcc></extensions></trkpt><trkpt lat="49.66004134999999" lon="11.01506315000004"><ele>265.48</ele><time>2026-09-20T6:47:21Z</time><extensions><speed>-1.0</speed><course>-1.0</course><hAcc>0.0</hAcc><vAcc>0.0</vAcc></extensions></trkpt><trkpt lat="49.660057679999994" lon="11.01501482000004"><ele>265.48</ele><time>2026-09-20T6:47:22Z</time><extensions><speed>-1.0</speed><course>-1.0</course><hAcc>0.0</hAcc><vAcc>0.0</vAcc></extensions></trkpt><trkpt lat="49.660077349999995" lon="11.01494349000004"><ele>265.48</ele><time>2026-09-20T6:47:24Z</time><extensions><speed>-1.0</speed><course>-1.0</course><hAcc>0.0</hAcc><vAcc>0.0</vAcc></extensions></trkpt><trkpt lat="49.66009767999999" lon="11.014857820000039"><ele>265.48</ele><time>2026-09-20T6:47:26Z</time><extensions><speed>-1.0</speed><course>-1.0</course><hAcc>0.0</hAcc><vAcc>0.0</vAcc></extensions></trkpt><trkpt lat="49.66012267999999" lon="11.01476182000004"><ele>265.48</ele><time>2026-09-20T6:47:28Z</time><extensions><speed>-1.0</speed><course>-1.0</course><hAcc>0.0</hAcc><vAcc>0.0</vAcc></extensions></trkpt><trkpt lat="49.66014800999999" lon="11.01465815000004"><ele>265.48</ele><time>2026-09-20T6:47:30Z</time><extensions><speed>-1.0</speed><course>-1.0</course><hAcc>0.0</hAcc><vAcc>0.0</vAcc></extensions></trkpt><trkpt lat="49.660172339999995" lon="11.01454715000004"><ele>265.48</ele><time>2026-09-20T6:47:32Z</time><extensions><speed>-1.0</speed><course>-1.0</course><hAcc>0.0</hAcc><vAcc>0.0</vAcc></extensions></trkpt><trkpt lat="49.660195009999995" lon="11.014434150000039"><ele>265.48</ele><time>2026-09-20T6:47:34Z</time><extensions><speed>-1.0</speed><course>-1.0</course><hAcc>0.0</hAcc><vAcc>0.0</vAcc></extensions></trkpt><trkpt lat="49.66021833999999" lon="11.014322150000039"><ele>265.48</ele><time>2026-09-20T6:47:36Z</time><extensions><speed>-1.0</speed><course>-1.0</course><hAcc>0.0</hAcc><vAcc>0.0</vAcc></extensions></trkpt><trkpt lat="49.66024200999999" lon="11.014208150000039"><ele>265.48</ele><time>2026-09-20T6:47:38Z</time><extensions><speed>-1.0</speed><course>-1.0</course><hAcc>0.0</hAcc><vAcc>0.0</vAcc></extensions></trkpt><trkpt lat="49.66026167999999" lon="11.014112480000039"><ele>265.48</ele><time>2026-09-20T6:47:39Z</time><extensions><speed>-1.0</speed><course>-1.0</course><hAcc>0.0</hAcc><vAcc>0.0</vAcc></extensions></trkpt><trkpt lat="49.66028234999999" lon="11.014019150000038"><ele>265.48</ele><time>2026-09-20T6:47:41Z</time><extensions><speed>-1.0</speed><course>-1.0</course><hAcc>0.0</hAcc><vAcc>0.0</vAcc></extensions></trkpt><trkpt lat="49.66030401999999" lon="11.013934150000038"><ele>265.48</ele><time>2026-09-20T6:47:42Z</time><extensions><speed>-1.0</speed><course>-1.0</course><hAcc>0.0</hAcc><vAcc>0.0</vAcc></extensions></trkpt><trkpt lat="49.66033201999999" lon="11.013846480000039"><ele>265.48</ele><time>2026-09-20T6:47:44Z</time><extensions><speed>-1.0</speed><course>-1.0</course><hAcc>0.0</hAcc><vAcc>0.0</vAcc></extensions></trkpt><trkpt lat="49.66036034999999" lon="11.01377948000004"><ele>265.48</ele><time>2026-09-20T6:47:45Z</time><extensions><speed>-1.0</speed><course>-1.0</course><hAcc>0.0</hAcc><vAcc>0.0</vAcc></extensions></trkpt><trkpt lat="49.660393019999994" lon="11.013733810000039"><ele>265.48</ele><time>2026-09-20T6:47:46Z</time><extensions><speed>-1.0</speed><course>-1.0</course><hAcc>0.0</hAcc><vAcc>0.0</vAcc></extensions></trkpt><trkpt lat="49.66043834999999" lon="11.013699140000039"><ele>265.48</ele><time>2026-09-20T6:47:48Z</time><extensions><speed>-1.0</speed><course>-1.0</course><hAcc>0.0</hAcc><vAcc>0.0</vAcc></extensions></trkpt><trkpt lat="49.66048101999999" lon="11.01366014000004"><ele>265.48</ele><time>2026-09-20T6:47:50Z</time><extensions><speed>-1.0</speed><course>-1.0</course><hAcc>0.0</hAcc><vAcc>0.0</vAcc></extensions></trkpt><trkpt lat="49.66050901999999" lon="11.013614810000039"><ele>265.48</ele><time>2026-09-20T6:47:52Z</time><extensions><speed>-1.0</speed><course>-1.0</course><hAcc>0.0</hAcc><vAcc>0.0</vAcc></extensions></trkpt><trkpt lat="49.66052368999999" lon="11.013589810000038"><ele>265.48</ele><time>2026-09-20T6:47:54Z</time><extensions><speed>-1.0</speed><course>-1.0</course><hAcc>0.0</hAcc><vAcc>0.0</vAcc></extensions></trkpt><trkpt lat="49.66053301999999" lon="11.013577480000038"><ele>265.48</ele><time>2026-09-20T6:47:56Z</time><extensions><speed>-1.0</speed><course>-1.0</course><hAcc>0.0</hAcc><vAcc>0.0</vAcc></extensions></trkpt><trkpt lat="49.66055434999999" lon="11.013548480000038"><ele>265.48</ele><time>2026-09-20T6:48:00Z</time><extensions><speed>-1.0</speed><course>-1.0</course><hAcc>0.0</hAcc><vAcc>0.0</vAcc></extensions></trkpt><trkpt lat="49.66055467999999" lon="11.013538150000038"><ele>265.48</ele><time>2026-09-20T6:48:22Z</time><extensions><speed>-1.0</speed><course>-1.0</course><hAcc>0.0</hAcc><vAcc>0.0</vAcc></extensions></trkpt><trkpt lat="49.66056100999999" lon="11.013546820000037"><ele>266.3</ele><time>2026-09-20T6:48:40Z</time><extensions><speed>-1.0</speed><course>-1.0</course><hAcc>0.0</hAcc><vAcc>0.0</vAcc></extensions></trkpt><trkpt lat="49.66057167999999" lon="11.013559150000038"><ele>266.3</ele><time>2026-09-20T6:48:46Z</time><extensions><speed>-1.0</speed><course>-1.0</course><hAcc>0.0</hAcc><vAcc>0.0</vAcc></extensions></trkpt><trkpt lat="49.66056634999999" lon="11.013552480000039"><ele>266.3</ele><time>2026-09-20T6:48:50Z</time><extensions><speed>-1.0</speed><course>-1.0</course><hAcc>0.0</hAcc><vAcc>0.0</vAcc></extensions></trkpt><trkpt lat="49.660565019999986" lon="11.013551150000039"><ele>266.3</ele><time>2026-09-20T6:48:52Z</time><extensions><speed>-1.0</speed><course>-1.0</course><hAcc>0.0</hAcc><vAcc>0.0</vAcc></extensions></trkpt><trkpt lat="49.660556349999986" lon="11.013535480000039"><ele>266.3</ele><time>2026-09-20T6:49:02Z</time><extensions><speed>-1.0</speed><course>-1.0</course><hAcc>0.0</hAcc><vAcc>0.0</vAcc></extensions></trkpt><trkpt lat="49.66055601999999" lon="11.013524810000039"><ele>266.3</ele><time>2026-09-20T6:49:10Z</time><extensions><speed>-1.0</speed><course>-1.0</course><hAcc>0.0</hAcc><vAcc>0.0</vAcc></extensions></trkpt><trkpt lat="49.66055068999999" lon="11.013520810000038"><ele>266.3</ele><time>2026-09-20T6:49:12Z</time><extensions><speed>-1.0</speed><course>-1.0</course><hAcc>0.0</hAcc><vAcc>0.0</vAcc></extensions></trkpt><trkpt lat="49.660537019999985" lon="11.013512810000039"><ele>266.3</ele><time>2026-09-20T6:49:14Z</time><extensions><speed>-1.0</speed><course>-1.0</course><hAcc>0.0</hAcc><vAcc>0.0</vAcc></extensions></trkpt><trkpt lat="49.660520689999984" lon="11.013498140000038"><ele>266.3</ele><time>2026-09-20T6:49:16Z</time><extensions><speed>-1.0</speed><course>-1.0</course><hAcc>0.0</hAcc><vAcc>0.0</vAcc></extensions></trkpt><trkpt lat="49.66050435999998" lon="11.013482470000039"><ele>266.3</ele><time>2026-09-20T6:49:17Z</time><extensions><speed>-1.0</speed><course>-1.0</course><hAcc>0.0</hAcc><vAcc>0.0</vAcc></extensions></trkpt><trkpt lat="49.660480689999986" lon="11.013464140000039"><ele>266.3</ele><time>2026-09-20T6:49:19Z</time><extensions><speed>-1.0</speed><course>-1.0</course><hAcc>0.0</hAcc><vAcc>0.0</vAcc></extensions></trkpt><trkpt lat="49.66045635999998" lon="11.01344914000004"><ele>266.3</ele><time>2026-09-20T6:49:20Z</time><extensions><speed>-1.0</speed><course>-1.0</course><hAcc>0.0</hAcc><vAcc>0.0</vAcc></extensions></trkpt><trkpt lat="49.66042368999998" lon="11.01343981000004"><ele>266.3</ele><time>2026-09-20T6:49:22Z</time><extensions><speed>-1.0</speed><course>-1.0</course><hAcc>0.0</hAcc><vAcc>0.0</vAcc></extensions></trkpt><trkpt lat="49.66038568999998" lon="11.01344148000004"><ele>266.3</ele><time>2026-09-20T6:49:24Z</time><extensions><speed>-1.0</speed><course>-1.0</course><hAcc>0.0</hAcc><vAcc>0.0</vAcc></extensions></trkpt><trkpt lat="49.66034501999998" lon="11.01346015000004"><ele>266.3</ele><time>2026-09-20T6:49:26Z</time><extensions><speed>-1.0</speed><course>-1.0</course><hAcc>0.0</hAcc><vAcc>0.0</vAcc></extensions></trkpt><trkpt lat="49.66030634999998" lon="11.01349948000004"><ele>266.3</ele><time>2026-09-20T6:49:28Z</time><extensions><speed>-1.0</speed><course>-1.0</course><hAcc>0.0</hAcc><vAcc>0.0</vAcc></extensions></trkpt><trkpt lat="49.66027701999998" lon="11.01355515000004"><ele>266.3</ele><time>2026-09-20T6:49:30Z</time><extensions><speed>-1.0</speed><course>-1.0</course><hAcc>0.0</hAcc><vAcc>0.0</vAcc></extensions></trkpt><trkpt lat="49.66024934999998" lon="11.01362282000004"><ele>266.3</ele><time>2026-09-20T6:49:32Z</time><extensions><speed>-1.0</speed><course>-1.0</course><hAcc>0.0</hAcc><vAcc>0.0</vAcc></extensions></trkpt><trkpt lat="49.66022467999998" lon="11.01369415000004"><ele>266.3</ele><time>2026-09-20T6:49:34Z</time><extensions><speed>-1.0</speed><course>-1.0</course><hAcc>0.0</hAcc><vAcc>0.0</vAcc></extensions></trkpt><trkpt lat="49.66020134999998" lon="11.01377048000004"><ele>268.03000000000003</ele><time>2026-09-20T6:49:36Z</time><extensions><speed>-1.0</speed><course>-1.0</course><hAcc>0.0</hAcc><vAcc>0.0</vAcc></extensions></trkpt><trkpt lat="49.66017867999998" lon="11.013849150000041"><ele>268.03000000000003</ele><time>2026-09-20T6:49:38Z</time><extensions><speed>-1.0</speed><course>-1.0</course><hAcc>0.0</hAcc><vAcc>0.0</vAcc></extensions></trkpt><trkpt lat="49.66015734999998" lon="11.013931480000041"><ele>268.03000000000003</ele><time>2026-09-20T6:49:40Z</time><extensions><speed>-1.0</speed><course>-1.0</course><hAcc>0.0</hAcc><vAcc>0.0</vAcc></extensions></trkpt><trkpt lat="49.66013667999998" lon="11.01401548000004"><ele>268.84000000000003</ele><time>2026-09-20T6:49:42Z</time><extensions><speed>-1.0</speed><course>-1.0</course><hAcc>0.0</hAcc><vAcc>0.0</vAcc></extensions></trkpt><trkpt lat="49.66011634999998" lon="11.01410015000004"><ele>268.84000000000003</ele><time>2026-09-20T6:49:44Z</time><extensions><speed>-1.0</speed><course>-1.0</course><hAcc>0.0</hAcc><vAcc>0.0</vAcc></extensions></trkpt><trkpt lat="49.66009434999998" lon="11.01418682000004"><ele>268.84000000000003</ele><time>2026-09-20T6:49:46Z</time><extensions><speed>-1.0</speed><course>-1.0</course><hAcc>0.0</hAcc><vAcc>0.0</vAcc></extensions></trkpt><trkpt lat="49.66007301999998" lon="11.01427415000004"><ele>269.75</ele><time>2026-09-20T6:49:48Z</time><extensions><speed>-1.0</speed><course>-1.0</course><hAcc>0.0</hAcc><vAcc>0.0</vAcc></extensions></trkpt><trkpt lat="49.66005201999998" lon="11.01436248000004"><ele>269.75</ele><time>2026-09-20T6:49:50Z</time><extensions><speed>-1.0</speed><course>-1.0</course><hAcc>0.0</hAcc><vAcc>0.0</vAcc></extensions></trkpt><trkpt lat="49.66003068999998" lon="11.01445215000004"><ele>269.75</ele><time>2026-09-20T6:49:52Z</time><extensions><speed>-1.0</speed><course>-1.0</course><hAcc>0.0</hAcc><vAcc>0.0</vAcc></extensions></trkpt><trkpt lat="49.660009019999976" lon="11.014541820000039"><ele>272.03000000000003</ele><time>2026-09-20T6:49:54Z</time><extensions><speed>-1.0</speed><course>-1.0</course><hAcc>0.0</hAcc><vAcc>0.0</vAcc></extensions></trkpt><trkpt lat="49.65999034999997" lon="11.01461682000004"><ele>272.03000000000003</ele><time>2026-09-20T6:49:55Z</time><extensions><speed>-1.0</speed><course>-1.0</course><hAcc>0.0</hAcc><vAcc>0.0</vAcc></extensions></trkpt><trkpt lat="49.659975349999975" lon="11.01468249000004"><ele>272.03000000000003</ele><time>2026-09-20T6:49:56Z</time><extensions><speed>-1.0</speed><course>-1.0</course><hAcc>0.0</hAcc><vAcc>0.0</vAcc></extensions></trkpt><trkpt lat="49.659959019999974" lon="11.01475616000004"><ele>272.03000000000003</ele><time>2026-09-20T6:49:58Z</time><extensions><speed>-1.0</speed><course>-1.0</course><hAcc>0.0</hAcc><vAcc>0.0</vAcc></extensions></trkpt><trkpt lat="49.65994034999997" lon="11.01484016000004"><ele>272.03000000000003</ele><time>2026-09-20T6:50:00Z</time><extensions><speed>-1.0</speed><course>-1.0</course><hAcc>0.0</hAcc><vAcc>0.0</vAcc></extensions></trkpt><trkpt lat="49.65992134999997" lon="11.01492316000004"><ele>272.03000000000003</ele><time>2026-09-20T6:50:02Z</time><extensions><speed>-1.0</speed><course>-1.0</course><hAcc>0.0</hAcc><vAcc>0.0</vAcc></extensions></trkpt><trkpt lat="49.65990401999997" lon="11.01499249000004"><ele>272.03000000000003</ele><time>2026-09-20T6:50:03Z</time><extensions><speed>-1.0</speed><course>-1.0</course><hAcc>0.0</hAcc><vAcc>0.0</vAcc></extensions></trkpt><trkpt lat="49.659888689999974" lon="11.01505416000004"><ele>272.03000000000003</ele><time>2026-09-20T6:50:04Z</time><extensions><speed>-1.0</speed><course>-1.0</course><hAcc>0.0</hAcc><vAcc>0.0</vAcc></extensions></trkpt><trkpt lat="49.65987201999997" lon="11.015127490000038"><ele>272.03000000000003</ele><time>2026-09-20T6:50:06Z</time><extensions><speed>-1.0</speed><course>-1.0</course><hAcc>0.0</hAcc><vAcc>0.0</vAcc></extensions></trkpt><trkpt lat="49.65985268999997" lon="11.01520949000004"><ele>272.03000000000003</ele><time>2026-09-20T6:50:08Z</time><extensions><speed>-1.0</speed><course>-1.0</course><hAcc>0.0</hAcc><vAcc>0.0</vAcc></extensions></trkpt><trkpt lat="49.659835359999974" lon="11.015282160000039"><ele>272.03000000000003</ele><time>2026-09-20T6:50:09Z</time><extensions><speed>-1.0</speed><course>-1.0</course><hAcc>0.0</hAcc><vAcc>0.0</vAcc></extensions></trkpt><trkpt lat="49.659820689999975" lon="11.015347490000039"><ele>273.3</ele><time>2026-09-20T6:50:10Z</time><extensions><speed>-1.0</speed><course>-1.0</course><hAcc>0.0</hAcc><vAcc>0.0</vAcc></extensions></trkpt><trkpt lat="49.65980301999998" lon="11.015427820000038"><ele>273.3</ele><time>2026-09-20T6:50:12Z</time><extensions><speed>-1.0</speed><course>-1.0</course><hAcc>0.0</hAcc><vAcc>0.0</vAcc></extensions></trkpt><trkpt lat="49.65978234999998" lon="11.015516150000039"><ele>273.3</ele><time>2026-09-20T6:50:14Z</time><extensions><speed>-1.0</speed><course>-1.0</course><hAcc>0.0</hAcc><vAcc>0.0</vAcc></extensions></trkpt><trkpt lat="49.65976001999998" lon="11.015615480000038"><ele>273.3</ele><time>2026-09-20T6:50:16Z</time><extensions><speed>-1.0</speed><course>-1.0</course><hAcc>0.0</hAcc><vAcc>0.0</vAcc></extensions></trkpt><trkpt lat="49.65973534999998" lon="11.015724150000038"><ele>273.3</ele><time>2026-09-20T6:50:18Z</time><extensions><speed>-1.0</speed><course>-1.0</course><hAcc>0.0</hAcc><vAcc>0.0</vAcc></extensions></trkpt><trkpt lat="49.659708019999975" lon="11.015840150000038"><ele>273.3</ele><time>2026-09-20T6:50:20Z</time><extensions><speed>-1.0</speed><course>-1.0</course><hAcc>0.0</hAcc><vAcc>0.0</vAcc></extensions></trkpt><trkpt lat="49.659679349999976" lon="11.015962820000038"><ele>273.3</ele><time>2026-09-20T6:50:22Z</time><extensions><speed>-1.0</speed><course>-1.0</course><hAcc>0.0</hAcc><vAcc>0.0</vAcc></extensions></trkpt><trkpt lat="49.65965034999998" lon="11.016091820000037"><ele>273.3</ele><time>2026-09-20T6:50:24Z</time><extensions><speed>-1.0</speed><course>-1.0</course><hAcc>0.0</hAcc><vAcc>0.0</vAcc></extensions></trkpt><trkpt lat="49.659617679999975" lon="11.016230490000037"><ele>273.3</ele><time>2026-09-20T6:50:26Z</time><extensions><speed>-1.0</speed><course>-1.0</course><hAcc>0.0</hAcc><vAcc>0.0</vAcc></extensions></trkpt><trkpt lat="49.65958334999998" lon="11.016379820000036"><ele>273.3</ele><time>2026-09-20T6:50:28Z</time><extensions><speed>-1.0</speed><course>-1.0</course><hAcc>0.0</hAcc><vAcc>0.0</vAcc></extensions></trkpt><trkpt lat="49.65954601999998" lon="11.016537490000037"><ele>273.3</ele><time>2026-09-20T6:50:30Z</time><extensions><speed>-1.0</speed><course>-1.0</course><hAcc>0.0</hAcc><vAcc>0.0</vAcc></extensions></trkpt><trkpt lat="49.65950901999998" lon="11.016704490000036"><ele>273.3</ele><time>2026-09-20T6:50:32Z</time><extensions><speed>-1.0</speed><course>-1.0</course><hAcc>0.0</hAcc><vAcc>0.0</vAcc></extensions></trkpt><trkpt lat="49.65946801999998" lon="11.016879490000036"><ele>273.3</ele><time>2026-09-20T6:50:34Z</time><extensions><speed>-1.0</speed><course>-1.0</course><hAcc>0.0</hAcc><vAcc>0.0</vAcc></extensions></trkpt><trkpt lat="49.659427019999974" lon="11.017062160000036"><ele>273.3</ele><time>2026-09-20T6:50:36Z</time><extensions><speed>-1.0</speed><course>-1.0</course><hAcc>0.0</hAcc><vAcc>0.0</vAcc></extensions></trkpt><trkpt lat="49.65938334999998" lon="11.017250830000036"><ele>273.3</ele><time>2026-09-20T6:50:38Z</time><extensions><speed>-1.0</speed><course>-1.0</course><hAcc>0.0</hAcc><vAcc>0.0</vAcc></extensions></trkpt><trkpt lat="49.659338679999976" lon="11.017445500000036"><ele>273.3</ele><time>2026-09-20T6:50:40Z</time><extensions><speed>-1.0</speed><course>-1.0</course><hAcc>0.0</hAcc><vAcc>0.0</vAcc></extensions></trkpt><trkpt lat="49.65929600999998" lon="11.017649500000037"><ele>273.3</ele><time>2026-09-20T6:50:42Z</time><extensions><speed>-1.0</speed><course>-1.0</course><hAcc>0.0</hAcc><vAcc>0.0</vAcc></extensions></trkpt><trkpt lat="49.659254679999975" lon="11.017863830000037"><ele>272.21</ele><time>2026-09-20T6:50:44Z</time><extensions><speed>-1.0</speed><course>-1.0</course><hAcc>0.0</hAcc><vAcc>0.0</vAcc></extensions></trkpt><trkpt lat="49.65921434999998" lon="11.018094160000038"><ele>272.21</ele><time>2026-09-20T6:50:46Z</time><extensions><speed>-1.0</speed><course>-1.0</course><hAcc>0.0</hAcc><vAcc>0.0</vAcc></extensions></trkpt><trkpt lat="49.65917967999998" lon="11.018348830000038"><ele>271.21</ele><time>2026-09-20T6:50:48Z</time><extensions><speed>-1.0</speed><course>-1.0</course><hAcc>0.0</hAcc><vAcc>0.0</vAcc></extensions></trkpt><trkpt lat="49.65915334999998" lon="11.018568830000039"><ele>271.21</ele><time>2026-09-20T6:50:49Z</time><extensions><speed>-1.0</speed><course>-1.0</course><hAcc>0.0</hAcc><vAcc>0.0</vAcc></extensions></trkpt><trkpt lat="49.65913134999998" lon="11.018814500000039"><ele>270.03000000000003</ele><time>2026-09-20T6:50:51Z</time><extensions><speed>-1.0</speed><course>-1.0</course><hAcc>0.0</hAcc><vAcc>0.0</vAcc></extensions></trkpt><trkpt lat="49.65911367999998" lon="11.019028500000038"><ele>270.03000000000003</ele><time>2026-09-20T6:50:52Z</time><extensions><speed>-1.0</speed><course>-1.0</course><hAcc>0.0</hAcc><vAcc>0.0</vAcc></extensions></trkpt><trkpt lat="49.659101679999985" lon="11.01922083000004"><ele>268.66</ele><time>2026-09-20T6:50:53Z</time><extensions><speed>-1.0</speed><course>-1.0</course><hAcc>0.0</hAcc><vAcc>0.0</vAcc></extensions></trkpt><trkpt lat="49.659102009999984" lon="11.01944216000004"><ele>268.66</ele><time>2026-09-20T6:50:55Z</time><extensions><speed>-1.0</speed><course>-1.0</course><hAcc>0.0</hAcc><vAcc>0.0</vAcc></extensions></trkpt><trkpt lat="49.659107679999984" lon="11.019635160000039"><ele>267.21</ele><time>2026-09-20T6:50:56Z</time><extensions><speed>-1.0</speed><course>-1.0</course><hAcc>0.0</hAcc><vAcc>0.0</vAcc></extensions></trkpt><trkpt lat="49.65911467999998" lon="11.019847160000038"><ele>266.39</ele><time>2026-09-20T6:50:58Z</time><extensions><speed>-1.0</speed><course>-1.0</course><hAcc>0.0</hAcc><vAcc>0.0</vAcc></extensions></trkpt><trkpt lat="49.65912300999998" lon="11.020064830000038"><ele>266.39</ele><time>2026-09-20T6:51:00Z</time><extensions><speed>-1.0</speed><course>-1.0</course><hAcc>0.0</hAcc><vAcc>0.0</vAcc></extensions></trkpt><trkpt lat="49.65913033999998" lon="11.020280830000038"><ele>262.12</ele><time>2026-09-20T6:51:02Z</time><extensions><speed>-1.0</speed><course>-1.0</course><hAcc>0.0</hAcc><vAcc>0.0</vAcc></extensions></trkpt><trkpt lat="49.65913866999998" lon="11.020492160000039"><ele>262.12</ele><time>2026-09-20T6:51:04Z</time><extensions><speed>-1.0</speed><course>-1.0</course><hAcc>0.0</hAcc><vAcc>0.0</vAcc></extensions></trkpt><trkpt lat="49.65914499999998" lon="11.020700830000038"><ele>262.12</ele><time>2026-09-20T6:51:06Z</time><extensions><speed>-1.0</speed><course>-1.0</course><hAcc>0.0</hAcc><vAcc>0.0</vAcc></extensions></trkpt><trkpt lat="49.65915132999998" lon="11.020907830000038"><ele>262.12</ele><time>2026-09-20T6:51:08Z</time><extensions><speed>-1.0</speed><course>-1.0</course><hAcc>0.0</hAcc><vAcc>0.0</vAcc></extensions></trkpt><trkpt lat="49.65915865999998" lon="11.021112160000039"><ele>262.12</ele><time>2026-09-20T6:51:10Z</time><extensions><speed>-1.0</speed><course>-1.0</course><hAcc>0.0</hAcc><vAcc>0.0</vAcc></extensions></trkpt><trkpt lat="49.65916532999998" lon="11.021312830000038"><ele>262.12</ele><time>2026-09-20T6:51:12Z</time><extensions><speed>-1.0</speed><course>-1.0</course><hAcc>0.0</hAcc><vAcc>0.0</vAcc></extensions></trkpt><trkpt lat="49.65917265999998" lon="11.02151016000004"><ele>262.12</ele><time>2026-09-20T6:51:14Z</time><extensions><speed>-1.0</speed><course>-1.0</course><hAcc>0.0</hAcc><vAcc>0.0</vAcc></extensions></trkpt><trkpt lat="49.65917965999998" lon="11.021705160000039"><ele>262.12</ele><time>2026-09-20T6:51:16Z</time><extensions><speed>-1.0</speed><course>-1.0</course><hAcc>0.0</hAcc><vAcc>0.0</vAcc></extensions></trkpt><trkpt lat="49.659185989999976" lon="11.021897160000039"><ele>262.12</ele><time>2026-09-20T6:51:18Z</time><extensions><speed>-1.0</speed><course>-1.0</course><hAcc>0.0</hAcc><vAcc>0.0</vAcc></extensions></trkpt><trkpt lat="49.659191659999976" lon="11.02208549000004"><ele>262.12</ele><time>2026-09-20T6:51:20Z</time><extensions><speed>-1.0</speed><course>-1.0</course><hAcc>0.0</hAcc><vAcc>0.0</vAcc></extensions></trkpt><trkpt lat="49.659197989999974" lon="11.02227182000004"><ele>262.12</ele><time>2026-09-20T6:51:22Z</time><extensions><speed>-1.0</speed><course>-1.0</course><hAcc>0.0</hAcc><vAcc>0.0</vAcc></extensions></trkpt><trkpt lat="49.65920531999998" lon="11.022452820000039"><ele>262.12</ele><time>2026-09-20T6:51:24Z</time><extensions><speed>-1.0</speed><course>-1.0</course><hAcc>0.0</hAcc><vAcc>0.0</vAcc></extensions></trkpt><trkpt lat="49.659211649999975" lon="11.022631820000038"><ele>262.12</ele><time>2026-09-20T6:51:26Z</time><extensions><speed>-1.0</speed><course>-1.0</course><hAcc>0.0</hAcc><vAcc>0.0</vAcc></extensions></trkpt><trkpt lat="49.659214319999975" lon="11.022807820000038"><ele>262.12</ele><time>2026-09-20T6:51:28Z</time><extensions><speed>-1.0</speed><course>-1.0</course><hAcc>0.0</hAcc><vAcc>0.0</vAcc></extensions></trkpt><trkpt lat="49.659202989999976" lon="11.022983490000039"><ele>262.12</ele><time>2026-09-20T6:51:30Z</time><extensions><speed>-1.0</speed><course>-1.0</course><hAcc>0.0</hAcc><vAcc>0.0</vAcc></extensions></trkpt><trkpt lat="49.659186659999975" lon="11.023159490000038"><ele>262.12</ele><time>2026-09-20T6:51:32Z</time><extensions><speed>-1.0</speed><course>-1.0</course><hAcc>0.0</hAcc><vAcc>0.0</vAcc></extensions></trkpt><trkpt lat="49.65916532999997" lon="11.023326820000038"><ele>262.12</ele><time>2026-09-20T6:51:34Z</time><extensions><speed>-1.0</speed><course>-1.0</course><hAcc>0.0</hAcc><vAcc>0.0</vAcc></extensions></trkpt><trkpt lat="49.65913465999997" lon="11.023480150000038"><ele>262.12</ele><time>2026-09-20T6:51:36Z</time><extensions><speed>-1.0</speed><course>-1.0</course><hAcc>0.0</hAcc><vAcc>0.0</vAcc></extensions></trkpt><trkpt lat="49.65910465999997" lon="11.023628150000038"><ele>262.12</ele><time>2026-09-20T6:51:38Z</time><extensions><speed>-1.0</speed><course>-1.0</course><hAcc>0.0</hAcc><vAcc>0.0</vAcc></extensions></trkpt><trkpt lat="49.659071989999966" lon="11.023774820000037"><ele>262.12</ele><time>2026-09-20T6:51:40Z</time><extensions><speed>-1.0</speed><course>-1.0</course><hAcc>0.0</hAcc><vAcc>0.0</vAcc></extensions></trkpt><trkpt lat="49.659029319999966" lon="11.023915150000038"><ele>262.12</ele><time>2026-09-20T6:51:42Z</time><extensions><speed>-1.0</speed><course>-1.0</course><hAcc>0.0</hAcc><vAcc>0.0</vAcc></extensions></trkpt><trkpt lat="49.658982319999964" lon="11.024050150000038"><ele>262.12</ele><time>2026-09-20T6:51:44Z</time><extensions><speed>-1.0</speed><course>-1.0</course><hAcc>0.0</hAcc><vAcc>0.0</vAcc></extensions></trkpt><trkpt lat="49.65893864999997" lon="11.024187480000037"><ele>262.12</ele><time>2026-09-20T6:51:46Z</time><extensions><speed>-1.0</speed><course>-1.0</course><hAcc>0.0</hAcc><vAcc>0.0</vAcc></extensions></trkpt><trkpt lat="49.658897319999966" lon="11.024321810000037"><ele>262.12</ele><time>2026-09-20T6:51:48Z</time><extensions><speed>-1.0</speed><course>-1.0</course><hAcc>0.0</hAcc><vAcc>0.0</vAcc></extensions></trkpt><trkpt lat="49.65886264999997" lon="11.024435480000037"><ele>262.12</ele><time>2026-09-20T6:51:49Z</time><extensions><speed>-1.0</speed><course>-1.0</course><hAcc>0.0</hAcc><vAcc>0.0</vAcc></extensions></trkpt><trkpt lat="49.65883197999997" lon="11.024557480000036"><ele>262.12</ele><time>2026-09-20T6:51:51Z</time><extensions><speed>-1.0</speed><course>-1.0</course><hAcc>0.0</hAcc><vAcc>0.0</vAcc></extensions></trkpt><trkpt lat="49.65880530999997" lon="11.024659480000036"><ele>264.3</ele><time>2026-09-20T6:51:52Z</time><extensions><speed>-1.0</speed><course>-1.0</course><hAcc>0.0</hAcc><vAcc>0.0</vAcc></extensions></trkpt><trkpt lat="49.65878097999997" lon="11.024750810000036"><ele>264.3</ele><time>2026-09-20T6:51:53Z</time><extensions><speed>-1.0</speed><course>-1.0</course><hAcc>0.0</hAcc><vAcc>0.0</vAcc></extensions></trkpt><trkpt lat="49.65875197999997" lon="11.024859810000036"><ele>264.3</ele><time>2026-09-20T6:51:55Z</time><extensions><speed>-1.0</speed><course>-1.0</course><hAcc>0.0</hAcc><vAcc>0.0</vAcc></extensions></trkpt><trkpt lat="49.658727979999966" lon="11.024957810000036"><ele>264.3</ele><time>2026-09-20T6:51:56Z</time><extensions><speed>-1.0</speed><course>-1.0</course><hAcc>0.0</hAcc><vAcc>0.0</vAcc></extensions></trkpt><trkpt lat="49.658719979999965" lon="11.025084810000036"><ele>264.3</ele><time>2026-09-20T6:51:58Z</time><extensions><speed>-1.0</speed><course>-1.0</course><hAcc>0.0</hAcc><vAcc>0.0</vAcc></extensions></trkpt><trkpt lat="49.658720309999964" lon="11.025196810000036"><ele>264.3</ele><time>2026-09-20T6:51:59Z</time><extensions><speed>-1.0</speed><course>-1.0</course><hAcc>0.0</hAcc><vAcc>0.0</vAcc></extensions></trkpt><trkpt lat="49.65872397999996" lon="11.025298140000036"><ele>264.3</ele><time>2026-09-20T6:52:00Z</time><extensions><speed>-1.0</speed><course>-1.0</course><hAcc>0.0</hAcc><vAcc>0.0</vAcc></extensions></trkpt><trkpt lat="49.658731309999965" lon="11.025432470000036"><ele>264.3</ele><time>2026-09-20T6:52:02Z</time><extensions><speed>-1.0</speed><course>-1.0</course><hAcc>0.0</hAcc><vAcc>0.0</vAcc></extensions></trkpt><trkpt lat="49.65874197999997" lon="11.025555140000035"><ele>264.3</ele><time>2026-09-20T6:52:03Z</time><extensions><speed>-1.0</speed><course>-1.0</course><hAcc>0.0</hAcc><vAcc>0.0</vAcc></extensions></trkpt><trkpt lat="49.658753309999966" lon="11.025668140000036"><ele>264.3</ele><time>2026-09-20T6:52:04Z</time><extensions><speed>-1.0</speed><course>-1.0</course><hAcc>0.0</hAcc><vAcc>0.0</vAcc></extensions></trkpt><trkpt lat="49.658767639999965" lon="11.025807470000036"><ele>264.3</ele><time>2026-09-20T6:52:06Z</time><extensions><speed>-1.0</speed><course>-1.0</course><hAcc>0.0</hAcc><vAcc>0.0</vAcc></extensions></trkpt><trkpt lat="49.65878363999997" lon="11.025962470000035"><ele>264.3</ele><time>2026-09-20T6:52:08Z</time><extensions><speed>-1.0</speed><course>-1.0</course><hAcc>0.0</hAcc><vAcc>0.0</vAcc></extensions></trkpt><trkpt lat="49.65879963999997" lon="11.026127140000035"><ele>260.57</ele><time>2026-09-20T6:52:10Z</time><extensions><speed>-1.0</speed><course>-1.0</course><hAcc>0.0</hAcc><vAcc>0.0</vAcc></extensions></trkpt><trkpt lat="49.65881430999997" lon="11.026296470000036"><ele>260.57</ele><time>2026-09-20T6:52:12Z</time><extensions><speed>-1.0</speed><course>-1.0</course><hAcc>0.0</hAcc><vAcc>0.0</vAcc></extensions></trkpt><trkpt lat="49.658826979999965" lon="11.026467800000036"><ele>260.57</ele><time>2026-09-20T6:52:14Z</time><extensions><speed>-1.0</speed><course>-1.0</course><hAcc>0.0</hAcc><vAcc>0.0</vAcc></extensions></trkpt><trkpt lat="49.658838649999964" lon="11.026639800000035"><ele>260.57</ele><time>2026-09-20T6:52:16Z</time><extensions><speed>-1.0</speed><course>-1.0</course><hAcc>0.0</hAcc><vAcc>0.0</vAcc></extensions></trkpt><trkpt lat="49.65884764999996" lon="11.026783130000036"><ele>260.57</ele><time>2026-09-20T6:52:17Z</time><extensions><speed>-1.0</speed><course>-1.0</course><hAcc>0.0</hAcc><vAcc>0.0</vAcc></extensions></trkpt><trkpt lat="49.65885397999996" lon="11.026933460000036"><ele>260.57</ele><time>2026-09-20T6:52:19Z</time><extensions><speed>-1.0</speed><course>-1.0</course><hAcc>0.0</hAcc><vAcc>0.0</vAcc></extensions></trkpt><trkpt lat="49.65885330999996" lon="11.027088130000037"><ele>260.57</ele><time>2026-09-20T6:52:21Z</time><extensions><speed>-1.0</speed><course>-1.0</course><hAcc>0.0</hAcc><vAcc>0.0</vAcc></extensions></trkpt><trkpt lat="49.65884497999996" lon="11.027245800000037"><ele>260.57</ele><time>2026-09-20T6:52:23Z</time><extensions><speed>-1.0</speed><course>-1.0</course><hAcc>0.0</hAcc><vAcc>0.0</vAcc></extensions></trkpt><trkpt lat="49.658824649999964" lon="11.027400800000036"><ele>260.57</ele><time>2026-09-20T6:52:25Z</time><extensions><speed>-1.0</speed><course>-1.0</course><hAcc>0.0</hAcc><vAcc>0.0</vAcc></extensions></trkpt><trkpt lat="49.65878597999996" lon="11.027546800000037"><ele>259.75</ele><time>2026-09-20T6:52:27Z</time><extensions><speed>-1.0</speed><course>-1.0</course><hAcc>0.0</hAcc><vAcc>0.0</vAcc></extensions></trkpt><trkpt lat="49.65874697999996" lon="11.027662800000037"><ele>259.75</ele><time>2026-09-20T6:52:28Z</time><extensions><speed>-1.0</speed><course>-1.0</course><hAcc>0.0</hAcc><vAcc>0.0</vAcc></extensions></trkpt><trkpt lat="49.65869664999996" lon="11.027781800000037"><ele>259.75</ele><time>2026-09-20T6:52:30Z</time><extensions><speed>-1.0</speed><course>-1.0</course><hAcc>0.0</hAcc><vAcc>0.0</vAcc></extensions></trkpt><trkpt lat="49.65865064999996" lon="11.027882470000037"><ele>259.75</ele><time>2026-09-20T6:52:31Z</time><extensions><speed>-1.0</speed><course>-1.0</course><hAcc>0.0</hAcc><vAcc>0.0</vAcc></extensions></trkpt><trkpt lat="49.65859497999996" lon="11.027984470000037"><ele>259.75</ele><time>2026-09-20T6:52:33Z</time><extensions><speed>-1.0</speed><course>-1.0</course><hAcc>0.0</hAcc><vAcc>0.0</vAcc></extensions></trkpt><trkpt lat="49.658537309999964" lon="11.028094800000037"><ele>259.75</ele><time>2026-09-20T6:52:35Z</time><extensions><speed>-1.0</speed><course>-1.0</course><hAcc>0.0</hAcc><vAcc>0.0</vAcc></extensions></trkpt><trkpt lat="49.65848530999997" lon="11.028189800000037"><ele>259.75</ele><time>2026-09-20T6:52:36Z</time><extensions><speed>-1.0</speed><course>-1.0</course><hAcc>0.0</hAcc><vAcc>0.0</vAcc></extensions></trkpt><trkpt lat="49.65843063999997" lon="11.028299470000038"><ele>259.75</ele><time>2026-09-20T6:52:38Z</time><extensions><speed>-1.0</speed><course>-1.0</course><hAcc>0.0</hAcc><vAcc>0.0</vAcc></extensions></trkpt><trkpt lat="49.65838530999997" lon="11.028422140000037"><ele>259.75</ele><time>2026-09-20T6:52:40Z</time><extensions><speed>-1.0</speed><course>-1.0</course><hAcc>0.0</hAcc><vAcc>0.0</vAcc></extensions></trkpt><trkpt lat="49.65833230999997" lon="11.028544470000037"><ele>259.75</ele><time>2026-09-20T6:52:42Z</time><extensions><speed>-1.0</speed><course>-1.0</course><hAcc>0.0</hAcc><vAcc>0.0</vAcc></extensions></trkpt><trkpt lat="49.658271979999974" lon="11.028661140000038"><ele>259.75</ele><time>2026-09-20T6:52:44Z</time><extensions><speed>-1.0</speed><course>-1.0</course><hAcc>0.0</hAcc><vAcc>0.0</vAcc></extensions></trkpt><trkpt lat="49.65821964999997" lon="11.028755470000037"><ele>259.75</ele><time>2026-09-20T6:52:45Z</time><extensions><speed>-1.0</speed><course>-1.0</course><hAcc>0.0</hAcc><vAcc>0.0</vAcc></extensions></trkpt><trkpt lat="49.65816064999997" lon="11.028858140000038"><ele>259.75</ele><time>2026-09-20T6:52:47Z</time><extensions><speed>-1.0</speed><course>-1.0</course><hAcc>0.0</hAcc><vAcc>0.0</vAcc></extensions></trkpt><trkpt lat="49.65810997999997" lon="11.028948140000038"><ele>259.75</ele><time>2026-09-20T6:52:48Z</time><extensions><speed>-1.0</speed><course>-1.0</course><hAcc>0.0</hAcc><vAcc>0.0</vAcc></extensions></trkpt><trkpt lat="49.65805397999997" lon="11.029045810000039"><ele>259.75</ele><time>2026-09-20T6:52:50Z</time><extensions><speed>-1.0</speed><course>-1.0</course><hAcc>0.0</hAcc><vAcc>0.0</vAcc></extensions></trkpt><trkpt lat="49.65799297999997" lon="11.029150810000038"><ele>259.75</ele><time>2026-09-20T6:52:52Z</time><extensions><speed>-1.0</speed><course>-1.0</course><hAcc>0.0</hAcc><vAcc>0.0</vAcc></extensions></trkpt><trkpt lat="49.65792797999997" lon="11.029254480000038"><ele>259.75</ele><time>2026-09-20T6:52:54Z</time><extensions><speed>-1.0</speed><course>-1.0</course><hAcc>0.0</hAcc><vAcc>0.0</vAcc></extensions></trkpt><trkpt lat="49.657869979999965" lon="11.029369480000037"><ele>259.75</ele><time>2026-09-20T6:52:56Z</time><extensions><speed>-1.0</speed><course>-1.0</course><hAcc>0.0</hAcc><vAcc>0.0</vAcc></extensions></trkpt><trkpt lat="49.657819649999965" lon="11.029491810000037"><ele>260.57</ele><time>2026-09-20T6:52:58Z</time><extensions><speed>-1.0</speed><course>-1.0</course><hAcc>0.0</hAcc><vAcc>0.0</vAcc></extensions></trkpt><trkpt lat="49.65776497999997" lon="11.029610140000036"><ele>260.57</ele><time>2026-09-20T6:53:00Z</time><extensions><speed>-1.0</speed><course>-1.0</course><hAcc>0.0</hAcc><vAcc>0.0</vAcc></extensions></trkpt><trkpt lat="49.657715309999965" lon="11.029728810000037"><ele>260.57</ele><time>2026-09-20T6:53:02Z</time><extensions><speed>-1.0</speed><course>-1.0</course><hAcc>0.0</hAcc><vAcc>0.0</vAcc></extensions></trkpt><trkpt lat="49.65770330999997" lon="11.029848480000037"><ele>260.57</ele><time>2026-09-20T6:53:04Z</time><extensions><speed>-1.0</speed><course>-1.0</course><hAcc>0.0</hAcc><vAcc>0.0</vAcc></extensions></trkpt><trkpt lat="49.65771863999996" lon="11.029960810000038"><ele>260.57</ele><time>2026-09-20T6:53:06Z</time><extensions><speed>-1.0</speed><course>-1.0</course><hAcc>0.0</hAcc><vAcc>0.0</vAcc></extensions></trkpt><trkpt lat="49.657746309999965" lon="11.030083480000037"><ele>260.57</ele><time>2026-09-20T6:53:08Z</time><extensions><speed>-1.0</speed><course>-1.0</course><hAcc>0.0</hAcc><vAcc>0.0</vAcc></extensions></trkpt><trkpt lat="49.65778930999996" lon="11.030207150000038"><ele>260.57</ele><time>2026-09-20T6:53:10Z</time><extensions><speed>-1.0</speed><course>-1.0</course><hAcc>0.0</hAcc><vAcc>0.0</vAcc></extensions></trkpt><trkpt lat="49.65784297999996" lon="11.030330480000037"><ele>260.57</ele><time>2026-09-20T6:53:12Z</time><extensions><speed>-1.0</speed><course>-1.0</course><hAcc>0.0</hAcc><vAcc>0.0</vAcc></extensions></trkpt><trkpt lat="49.65790464999996" lon="11.030451810000038"><ele>260.57</ele><time>2026-09-20T6:53:14Z</time><extensions><speed>-1.0</speed><course>-1.0</course><hAcc>0.0</hAcc><vAcc>0.0</vAcc></extensions></trkpt><trkpt lat="49.65796997999996" lon="11.030578480000038"><ele>260.57</ele><time>2026-09-20T6:53:16Z</time><extensions><speed>-1.0</speed><course>-1.0</course><hAcc>0.0</hAcc><vAcc>0.0</vAcc></extensions></trkpt><trkpt lat="49.658033649999965" lon="11.030713480000038"><ele>261.66</ele><time>2026-09-20T6:53:18Z</time><extensions><speed>-1.0</speed><course>-1.0</course><hAcc>0.0</hAcc><vAcc>0.0</vAcc></extensions></trkpt><trkpt lat="49.65809964999996" lon="11.030853480000038"><ele>261.66</ele><time>2026-09-20T6:53:20Z</time><extensions><speed>-1.0</speed><course>-1.0</course><hAcc>0.0</hAcc><vAcc>0.0</vAcc></extensions></trkpt><trkpt lat="49.658165979999964" lon="11.030998810000039"><ele>261.66</ele><time>2026-09-20T6:53:22Z</time><extensions><speed>-1.0</speed><course>-1.0</course><hAcc>0.0</hAcc><vAcc>0.0</vAcc></extensions></trkpt><trkpt lat="49.65823197999996" lon="11.031148140000038"><ele>261.66</ele><time>2026-09-20T6:53:24Z</time><extensions><speed>-1.0</speed><course>-1.0</course><hAcc>0.0</hAcc><vAcc>0.0</vAcc></extensions></trkpt><trkpt lat="49.658298309999964" lon="11.031299470000038"><ele>261.66</ele><time>2026-09-20T6:53:26Z</time><extensions><speed>-1.0</speed><course>-1.0</course><hAcc>0.0</hAcc><vAcc>0.0</vAcc></extensions></trkpt><trkpt lat="49.65836430999996" lon="11.031449470000037"><ele>261.66</ele><time>2026-09-20T6:53:28Z</time><extensions><speed>-1.0</speed><course>-1.0</course><hAcc>0.0</hAcc><vAcc>0.0</vAcc></extensions></trkpt><trkpt lat="49.65842797999996" lon="11.031598800000037"><ele>261.66</ele><time>2026-09-20T6:53:30Z</time><extensions><speed>-1.0</speed><course>-1.0</course><hAcc>0.0</hAcc><vAcc>0.0</vAcc></extensions></trkpt><trkpt lat="49.658492649999964" lon="11.031748470000037"><ele>261.66</ele><time>2026-09-20T6:53:32Z</time><extensions><speed>-1.0</speed><course>-1.0</course><hAcc>0.0</hAcc><vAcc>0.0</vAcc></extensions></trkpt><trkpt lat="49.65856897999996" lon="11.031879470000037"><ele>261.66</ele><time>2026-09-20T6:53:34Z</time><extensions><speed>-1.0</speed><course>-1.0</course><hAcc>0.0</hAcc><vAcc>0.0</vAcc></extensions></trkpt><trkpt lat="49.65864830999996" lon="11.031999470000038"><ele>261.66</ele><time>2026-09-20T6:53:36Z</time><extensions><speed>-1.0</speed><course>-1.0</course><hAcc>0.0</hAcc><vAcc>0.0</vAcc></extensions></trkpt><trkpt lat="49.65871563999996" lon="11.032095140000038"><ele>261.66</ele><time>2026-09-20T6:53:37Z</time><extensions><speed>-1.0</speed><course>-1.0</course><hAcc>0.0</hAcc><vAcc>0.0</vAcc></extensions></trkpt><trkpt lat="49.65877296999996" lon="11.032173470000037"><ele>261.66</ele><time>2026-09-20T6:53:38Z</time><extensions><speed>-1.0</speed><course>-1.0</course><hAcc>0.0</hAcc><vAcc>0.0</vAcc></extensions></trkpt><trkpt lat="49.65883129999996" lon="11.032256800000038"><ele>261.66</ele><time>2026-09-20T6:53:40Z</time><extensions><speed>-1.0</speed><course>-1.0</course><hAcc>0.0</hAcc><vAcc>0.0</vAcc></extensions></trkpt><trkpt lat="49.65889396999996" lon="11.032336130000038"><ele>261.66</ele><time>2026-09-20T6:53:42Z</time><extensions><speed>-1.0</speed><course>-1.0</course><hAcc>0.0</hAcc><vAcc>0.0</vAcc></extensions></trkpt><trkpt lat="49.658956969999956" lon="11.032407130000038"><ele>261.66</ele><time>2026-09-20T6:53:44Z</time><extensions><speed>-1.0</speed><course>-1.0</course><hAcc>0.0</hAcc><vAcc>0.0</vAcc></extensions></trkpt><trkpt lat="49.65901863999996" lon="11.032474800000038"><ele>261.66</ele><time>2026-09-20T6:53:46Z</time><extensions><speed>-1.0</speed><course>-1.0</course><hAcc>0.0</hAcc><vAcc>0.0</vAcc></extensions></trkpt><trkpt lat="49.65907896999995" lon="11.032542470000038"><ele>261.66</ele><time>2026-09-20T6:53:48Z</time><extensions><speed>-1.0</speed><course>-1.0</course><hAcc>0.0</hAcc><vAcc>0.0</vAcc></extensions></trkpt><trkpt lat="49.65913896999995" lon="11.032611140000038"><ele>261.66</ele><time>2026-09-20T6:53:50Z</time><extensions><speed>-1.0</speed><course>-1.0</course><hAcc>0.0</hAcc><vAcc>0.0</vAcc></extensions></trkpt><trkpt lat="49.65919529999995" lon="11.032682470000038"><ele>264.21</ele><time>2026-09-20T6:53:52Z</time><extensions><speed>-1.0</speed><course>-1.0</course><hAcc>0.0</hAcc><vAcc>0.0</vAcc></extensions></trkpt><trkpt lat="49.65923529999995" lon="11.032756800000039"><ele>264.21</ele><time>2026-09-20T6:53:54Z</time><extensions><speed>-1.0</speed><course>-1.0</course><hAcc>0.0</hAcc><vAcc>0.0</vAcc></extensions></trkpt><trkpt lat="49.65924296999995" lon="11.03284013000004"><ele>264.21</ele><time>2026-09-20T6:53:56Z</time><extensions><speed>-1.0</speed><course>-1.0</course><hAcc>0.0</hAcc><vAcc>0.0</vAcc></extensions></trkpt><trkpt lat="49.65923429999995" lon="11.03292846000004"><ele>264.21</ele><time>2026-09-20T6:53:58Z</time><extensions><speed>-1.0</speed><course>-1.0</course><hAcc>0.0</hAcc><vAcc>0.0</vAcc></extensions></trkpt><trkpt lat="49.65921562999995" lon="11.03301813000004"><ele>264.21</ele><time>2026-09-20T6:54:00Z</time><extensions><speed>-1.0</speed><course>-1.0</course><hAcc>0.0</hAcc><vAcc>0.0</vAcc></extensions></trkpt><trkpt lat="49.65919262999995" lon="11.033100460000039"><ele>264.21</ele><time>2026-09-20T6:54:02Z</time><extensions><speed>-1.0</speed><course>-1.0</course><hAcc>0.0</hAcc><vAcc>0.0</vAcc></extensions></trkpt><trkpt lat="49.65917095999995" lon="11.033193460000039"><ele>264.21</ele><time>2026-09-20T6:54:04Z</time><extensions><speed>-1.0</speed><course>-1.0</course><hAcc>0.0</hAcc><vAcc>0.0</vAcc></extensions></trkpt><trkpt lat="49.65916862999995" lon="11.033294790000038"><ele>264.21</ele><time>2026-09-20T6:54:06Z</time><extensions><speed>-1.0</speed><course>-1.0</course><hAcc>0.0</hAcc><vAcc>0.0</vAcc></extensions></trkpt><trkpt lat="49.659188959999945" lon="11.033384460000038"><ele>264.21</ele><time>2026-09-20T6:54:08Z</time><extensions><speed>-1.0</speed><course>-1.0</course><hAcc>0.0</hAcc><vAcc>0.0</vAcc></extensions></trkpt><trkpt lat="49.65921562999994" lon="11.033468460000037"><ele>264.21</ele><time>2026-09-20T6:54:10Z</time><extensions><speed>-1.0</speed><course>-1.0</course><hAcc>0.0</hAcc><vAcc>0.0</vAcc></extensions></trkpt><trkpt lat="49.65924662999994" lon="11.033544130000037"><ele>264.21</ele><time>2026-09-20T6:54:12Z</time><extensions><speed>-1.0</speed><course>-1.0</course><hAcc>0.0</hAcc><vAcc>0.0</vAcc></extensions></trkpt><trkpt lat="49.65924995999994" lon="11.033625130000036"><ele>264.21</ele><time>2026-09-20T6:54:14Z</time><extensions><speed>-1.0</speed><course>-1.0</course><hAcc>0.0</hAcc><vAcc>0.0</vAcc></extensions></trkpt><trkpt lat="49.65923662999994" lon="11.033721460000036"><ele>264.21</ele><time>2026-09-20T6:54:16Z</time><extensions><speed>-1.0</speed><course>-1.0</course><hAcc>0.0</hAcc><vAcc>0.0</vAcc></extensions></trkpt><trkpt lat="49.65921329999994" lon="11.033829130000036"><ele>264.21</ele><time>2026-09-20T6:54:18Z</time><extensions><speed>-1.0</speed><course>-1.0</course><hAcc>0.0</hAcc><vAcc>0.0</vAcc></extensions></trkpt><trkpt lat="49.65919096999994" lon="11.033924800000037"><ele>264.21</ele><time>2026-09-20T6:54:19Z</time><extensions><speed>-1.0</speed><course>-1.0</course><hAcc>0.0</hAcc><vAcc>0.0</vAcc></extensions></trkpt><trkpt lat="49.65915796999994" lon="11.034039800000036"><ele>264.21</ele><time>2026-09-20T6:54:21Z</time><extensions><speed>-1.0</speed><course>-1.0</course><hAcc>0.0</hAcc><vAcc>0.0</vAcc></extensions></trkpt><trkpt lat="49.65912763999994" lon="11.034141470000035"><ele>264.21</ele><time>2026-09-20T6:54:22Z</time><extensions><speed>-1.0</speed><course>-1.0</course><hAcc>0.0</hAcc><vAcc>0.0</vAcc></extensions></trkpt><trkpt lat="49.659088639999936" lon="11.034257140000035"><ele>264.21</ele><time>2026-09-20T6:54:24Z</time><extensions><speed>-1.0</speed><course>-1.0</course><hAcc>0.0</hAcc><vAcc>0.0</vAcc></extensions></trkpt><trkpt lat="49.65904263999994" lon="11.034381810000035"><ele>265.03000000000003</ele><time>2026-09-20T6:54:26Z</time><extensions><speed>-1.0</speed><course>-1.0</course><hAcc>0.0</hAcc><vAcc>0.0</vAcc></extensions></trkpt><trkpt lat="49.658998639999936" lon="11.034518810000035"><ele>265.03000000000003</ele><time>2026-09-20T6:54:28Z</time><extensions><speed>-1.0</speed><course>-1.0</course><hAcc>0.0</hAcc><vAcc>0.0</vAcc></extensions></trkpt><trkpt lat="49.65895896999994" lon="11.034633480000036"><ele>265.03000000000003</ele><time>2026-09-20T6:54:29Z</time><extensions><speed>-1.0</speed><course>-1.0</course><hAcc>0.0</hAcc><vAcc>0.0</vAcc></extensions></trkpt><trkpt lat="49.658925639999936" lon="11.034735150000035"><ele>265.03000000000003</ele><time>2026-09-20T6:54:30Z</time><extensions><speed>-1.0</speed><course>-1.0</course><hAcc>0.0</hAcc><vAcc>0.0</vAcc></extensions></trkpt><trkpt lat="49.65888796999994" lon="11.034851150000035"><ele>265.03000000000003</ele><time>2026-09-20T6:54:32Z</time><extensions><speed>-1.0</speed><course>-1.0</course><hAcc>0.0</hAcc><vAcc>0.0</vAcc></extensions></trkpt><trkpt lat="49.65884829999994" lon="11.034971150000036"><ele>265.03000000000003</ele><time>2026-09-20T6:54:34Z</time><extensions><speed>-1.0</speed><course>-1.0</course><hAcc>0.0</hAcc><vAcc>0.0</vAcc></extensions></trkpt><trkpt lat="49.65880229999994" lon="11.035089150000037"><ele>265.03000000000003</ele><time>2026-09-20T6:54:36Z</time><extensions><speed>-1.0</speed><course>-1.0</course><hAcc>0.0</hAcc><vAcc>0.0</vAcc></extensions></trkpt><trkpt lat="49.65875596999994" lon="11.035211480000036"><ele>265.03000000000003</ele><time>2026-09-20T6:54:38Z</time><extensions><speed>-1.0</speed><course>-1.0</course><hAcc>0.0</hAcc><vAcc>0.0</vAcc></extensions></trkpt><trkpt lat="49.658709299999934" lon="11.035338480000037"><ele>265.03000000000003</ele><time>2026-09-20T6:54:40Z</time><extensions><speed>-1.0</speed><course>-1.0</course><hAcc>0.0</hAcc><vAcc>0.0</vAcc></extensions></trkpt><trkpt lat="49.65866862999994" lon="11.035443150000038"><ele>265.03000000000003</ele><time>2026-09-20T6:54:41Z</time><extensions><speed>-1.0</speed><course>-1.0</course><hAcc>0.0</hAcc><vAcc>0.0</vAcc></extensions></trkpt><trkpt lat="49.658633299999934" lon="11.035533150000038"><ele>265.03000000000003</ele><time>2026-09-20T6:54:42Z</time><extensions><speed>-1.0</speed><course>-1.0</course><hAcc>0.0</hAcc><vAcc>0.0</vAcc></extensions></trkpt><trkpt lat="49.658598629999936" lon="11.035630150000038"><ele>265.03000000000003</ele><time>2026-09-20T6:54:44Z</time><extensions><speed>-1.0</speed><course>-1.0</course><hAcc>0.0</hAcc><vAcc>0.0</vAcc></extensions></trkpt><trkpt lat="49.65857195999994" lon="11.03571348000004"><ele>265.84000000000003</ele><time>2026-09-20T6:54:45Z</time><extensions><speed>-1.0</speed><course>-1.0</course><hAcc>0.0</hAcc><vAcc>0.0</vAcc></extensions></trkpt><trkpt lat="49.65854095999994" lon="11.035805150000039"><ele>265.84000000000003</ele><time>2026-09-20T6:54:47Z</time><extensions><speed>-1.0</speed><course>-1.0</course><hAcc>0.0</hAcc><vAcc>0.0</vAcc></extensions></trkpt><trkpt lat="49.65851462999994" lon="11.03588382000004"><ele>265.84000000000003</ele><time>2026-09-20T6:54:48Z</time><extensions><speed>-1.0</speed><course>-1.0</course><hAcc>0.0</hAcc><vAcc>0.0</vAcc></extensions></trkpt><trkpt lat="49.65848662999994" lon="11.03596849000004"><ele>265.84000000000003</ele><time>2026-09-20T6:54:50Z</time><extensions><speed>-1.0</speed><course>-1.0</course><hAcc>0.0</hAcc><vAcc>0.0</vAcc></extensions></trkpt><trkpt lat="49.65846262999994" lon="11.03604082000004"><ele>265.84000000000003</ele><time>2026-09-20T6:54:51Z</time><extensions><speed>-1.0</speed><course>-1.0</course><hAcc>0.0</hAcc><vAcc>0.0</vAcc></extensions></trkpt><trkpt lat="49.65843595999994" lon="11.036121150000039"><ele>265.84000000000003</ele><time>2026-09-20T6:54:53Z</time><extensions><speed>-1.0</speed><course>-1.0</course><hAcc>0.0</hAcc><vAcc>0.0</vAcc></extensions></trkpt><trkpt lat="49.65841295999994" lon="11.036190820000039"><ele>266.66</ele><time>2026-09-20T6:54:54Z</time><extensions><speed>-1.0</speed><course>-1.0</course><hAcc>0.0</hAcc><vAcc>0.0</vAcc></extensions></trkpt><trkpt lat="49.65839328999994" lon="11.036252150000038"><ele>266.66</ele><time>2026-09-20T6:54:55Z</time><extensions><speed>-1.0</speed><course>-1.0</course><hAcc>0.0</hAcc><vAcc>0.0</vAcc></extensions></trkpt><trkpt lat="49.65837495999994" lon="11.036308480000038"><ele>266.66</ele><time>2026-09-20T6:54:56Z</time><extensions><speed>-1.0</speed><course>-1.0</course><hAcc>0.0</hAcc><vAcc>0.0</vAcc></extensions></trkpt><trkpt lat="49.65835395999994" lon="11.036376150000038"><ele>266.66</ele><time>2026-09-20T6:54:58Z</time><extensions><speed>-1.0</speed><course>-1.0</course><hAcc>0.0</hAcc><vAcc>0.0</vAcc></extensions></trkpt><trkpt lat="49.658330629999945" lon="11.036450820000038"><ele>269.66</ele><time>2026-09-20T6:55:00Z</time><extensions><speed>-1.0</speed><course>-1.0</course><hAcc>0.0</hAcc><vAcc>0.0</vAcc></extensions></trkpt><trkpt lat="49.658304959999946" lon="11.036528820000038"><ele>269.66</ele><time>2026-09-20T6:55:02Z</time><extensions><speed>-1.0</speed><course>-1.0</course><hAcc>0.0</hAcc><vAcc>0.0</vAcc></extensions></trkpt><trkpt lat="49.65827828999995" lon="11.036612150000039"><ele>269.66</ele><time>2026-09-20T6:55:04Z</time><extensions><speed>-1.0</speed><course>-1.0</course><hAcc>0.0</hAcc><vAcc>0.0</vAcc></extensions></trkpt><trkpt lat="49.65824995999995" lon="11.036698820000039"><ele>269.66</ele><time>2026-09-20T6:55:06Z</time><extensions><speed>-1.0</speed><course>-1.0</course><hAcc>0.0</hAcc><vAcc>0.0</vAcc></extensions></trkpt><trkpt lat="49.65822062999995" lon="11.036788490000038"><ele>269.66</ele><time>2026-09-20T6:55:08Z</time><extensions><speed>-1.0</speed><course>-1.0</course><hAcc>0.0</hAcc><vAcc>0.0</vAcc></extensions></trkpt><trkpt lat="49.65819062999995" lon="11.03687882000004"><ele>269.66</ele><time>2026-09-20T6:55:10Z</time><extensions><speed>-1.0</speed><course>-1.0</course><hAcc>0.0</hAcc><vAcc>0.0</vAcc></extensions></trkpt><trkpt lat="49.65816129999995" lon="11.03696715000004"><ele>270.57</ele><time>2026-09-20T6:55:12Z</time><extensions><speed>-1.0</speed><course>-1.0</course><hAcc>0.0</hAcc><vAcc>0.0</vAcc></extensions></trkpt><trkpt lat="49.658132299999956" lon="11.037045480000039"><ele>270.57</ele><time>2026-09-20T6:55:14Z</time><extensions><speed>-1.0</speed><course>-1.0</course><hAcc>0.0</hAcc><vAcc>0.0</vAcc></extensions></trkpt><trkpt lat="49.65809962999995" lon="11.037107150000038"><ele>270.57</ele><time>2026-09-20T6:55:16Z</time><extensions><speed>-1.0</speed><course>-1.0</course><hAcc>0.0</hAcc><vAcc>0.0</vAcc></extensions></trkpt><trkpt lat="49.658068299999954" lon="11.037151150000039"><ele>272.03000000000003</ele><time>2026-09-20T6:55:18Z</time><extensions><speed>-1.0</speed><course>-1.0</course><hAcc>0.0</hAcc><vAcc>0.0</vAcc></extensions></trkpt><trkpt lat="49.65804196999996" lon="11.037180480000039"><ele>272.03000000000003</ele><time>2026-09-20T6:55:20Z</time><extensions><speed>-1.0</speed><course>-1.0</course><hAcc>0.0</hAcc><vAcc>0.0</vAcc></extensions></trkpt><trkpt lat="49.658025969999954" lon="11.03720015000004"><ele>272.03000000000003</ele><time>2026-09-20T6:55:22Z</time><extensions><speed>-1.0</speed><course>-1.0</course><hAcc>0.0</hAcc><vAcc>0.0</vAcc></extensions></trkpt><trkpt lat="49.65799063999995" lon="11.03724715000004"><ele>272.03000000000003</ele><time>2026-09-20T6:55:32Z</time><extensions><speed>-1.0</speed><course>-1.0</course><hAcc>0.0</hAcc><vAcc>0.0</vAcc></extensions></trkpt><trkpt lat="49.65798630999995" lon="11.03725048000004"><ele>272.03000000000003</ele><time>2026-09-20T6:55:33Z</time><extensions><speed>-1.0</speed><course>-1.0</course><hAcc>0.0</hAcc><vAcc>0.0</vAcc></extensions></trkpt><trkpt lat="49.65797830999995" lon="11.03726381000004"><ele>272.03000000000003</ele><time>2026-09-20T6:55:34Z</time><extensions><speed>-1.0</speed><course>-1.0</course><hAcc>0.0</hAcc><vAcc>0.0</vAcc></extensions></trkpt><trkpt lat="49.65797197999995" lon="11.037292140000039"><ele>272.03000000000003</ele><time>2026-09-20T6:55:35Z</time><extensions><speed>-1.0</speed><course>-1.0</course><hAcc>0.0</hAcc><vAcc>0.0</vAcc></extensions></trkpt><trkpt lat="49.65796630999995" lon="11.037329810000038"><ele>272.03000000000003</ele><time>2026-09-20T6:55:36Z</time><extensions><speed>-1.0</speed><course>-1.0</course><hAcc>0.0</hAcc><vAcc>0.0</vAcc></extensions></trkpt><trkpt lat="49.65795897999995" lon="11.037389810000038"><ele>272.03000000000003</ele><time>2026-09-20T6:55:38Z</time><extensions><speed>-1.0</speed><course>-1.0</course><hAcc>0.0</hAcc><vAcc>0.0</vAcc></extensions></trkpt><trkpt lat="49.657957309999944" lon="11.037462140000038"><ele>272.03000000000003</ele><time>2026-09-20T6:55:40Z</time><extensions><speed>-1.0</speed><course>-1.0</course><hAcc>0.0</hAcc><vAcc>0.0</vAcc></extensions></trkpt><trkpt lat="49.65794130999994" lon="11.037548470000038"><ele>272.03000000000003</ele><time>2026-09-20T6:55:42Z</time><extensions><speed>-1.0</speed><course>-1.0</course><hAcc>0.0</hAcc><vAcc>0.0</vAcc></extensions></trkpt><trkpt lat="49.65791297999994" lon="11.037640140000038"><ele>272.03000000000003</ele><time>2026-09-20T6:55:44Z</time><extensions><speed>-1.0</speed><course>-1.0</course><hAcc>0.0</hAcc><vAcc>0.0</vAcc></extensions></trkpt><trkpt lat="49.65787597999994" lon="11.037737470000037"><ele>272.03000000000003</ele><time>2026-09-20T6:55:46Z</time><extensions><speed>-1.0</speed><course>-1.0</course><hAcc>0.0</hAcc><vAcc>0.0</vAcc></extensions></trkpt><trkpt lat="49.65783497999994" lon="11.037840800000037"><ele>272.03000000000003</ele><time>2026-09-20T6:55:48Z</time><extensions><speed>-1.0</speed><course>-1.0</course><hAcc>0.0</hAcc><vAcc>0.0</vAcc></extensions></trkpt><trkpt lat="49.65778964999994" lon="11.037947130000036"><ele>272.03000000000003</ele><time>2026-09-20T6:55:50Z</time><extensions><speed>-1.0</speed><course>-1.0</course><hAcc>0.0</hAcc><vAcc>0.0</vAcc></extensions></trkpt><trkpt lat="49.65774164999994" lon="11.038054460000037"><ele>273.66</ele><time>2026-09-20T6:55:52Z</time><extensions><speed>-1.0</speed><course>-1.0</course><hAcc>0.0</hAcc><vAcc>0.0</vAcc></extensions></trkpt><trkpt lat="49.65769164999994" lon="11.038163130000036"><ele>273.66</ele><time>2026-09-20T6:55:54Z</time><extensions><speed>-1.0</speed><course>-1.0</course><hAcc>0.0</hAcc><vAcc>0.0</vAcc></extensions></trkpt><trkpt lat="49.65764164999994" lon="11.038275800000036"><ele>273.66</ele><time>2026-09-20T6:55:56Z</time><extensions><speed>-1.0</speed><course>-1.0</course><hAcc>0.0</hAcc><vAcc>0.0</vAcc></extensions></trkpt><trkpt lat="49.65759031999994" lon="11.038393800000037"><ele>273.66</ele><time>2026-09-20T6:55:58Z</time><extensions><speed>-1.0</speed><course>-1.0</course><hAcc>0.0</hAcc><vAcc>0.0</vAcc></extensions></trkpt><trkpt lat="49.65753564999994" lon="11.038517470000038"><ele>273.66</ele><time>2026-09-20T6:56:00Z</time><extensions><speed>-1.0</speed><course>-1.0</course><hAcc>0.0</hAcc><vAcc>0.0</vAcc></extensions></trkpt><trkpt lat="49.65747697999994" lon="11.038647470000038"><ele>273.66</ele><time>2026-09-20T6:56:02Z</time><extensions><speed>-1.0</speed><course>-1.0</course><hAcc>0.0</hAcc><vAcc>0.0</vAcc></extensions></trkpt><trkpt lat="49.65741764999994" lon="11.038786470000039"><ele>273.66</ele><time>2026-09-20T6:56:04Z</time><extensions><speed>-1.0</speed><course>-1.0</course><hAcc>0.0</hAcc><vAcc>0.0</vAcc></extensions></trkpt><trkpt lat="49.65735564999994" lon="11.038927800000039"><ele>273.66</ele><time>2026-09-20T6:56:06Z</time><extensions><speed>-1.0</speed><course>-1.0</course><hAcc>0.0</hAcc><vAcc>0.0</vAcc></extensions></trkpt><trkpt lat="49.657292649999945" lon="11.039072470000038"><ele>273.66</ele><time>2026-09-20T6:56:08Z</time><extensions><speed>-1.0</speed><course>-1.0</course><hAcc>0.0</hAcc><vAcc>0.0</vAcc></extensions></trkpt><trkpt lat="49.657228319999945" lon="11.039221800000037"><ele>273.66</ele><time>2026-09-20T6:56:10Z</time><extensions><speed>-1.0</speed><course>-1.0</course><hAcc>0.0</hAcc><vAcc>0.0</vAcc></extensions></trkpt><trkpt lat="49.65716164999994" lon="11.039375470000037"><ele>273.66</ele><time>2026-09-20T6:56:12Z</time><extensions><speed>-1.0</speed><course>-1.0</course><hAcc>0.0</hAcc><vAcc>0.0</vAcc></extensions></trkpt><trkpt lat="49.657104319999945" lon="11.039505140000037"><ele>273.66</ele><time>2026-09-20T6:56:13Z</time><extensions><speed>-1.0</speed><course>-1.0</course><hAcc>0.0</hAcc><vAcc>0.0</vAcc></extensions></trkpt><trkpt lat="49.65705431999994" lon="11.039619140000037"><ele>273.66</ele><time>2026-09-20T6:56:14Z</time><extensions><speed>-1.0</speed><course>-1.0</course><hAcc>0.0</hAcc><vAcc>0.0</vAcc></extensions></trkpt><trkpt lat="49.656997649999944" lon="11.039750810000037"><ele>273.66</ele><time>2026-09-20T6:56:16Z</time><extensions><speed>-1.0</speed><course>-1.0</course><hAcc>0.0</hAcc><vAcc>0.0</vAcc></extensions></trkpt><trkpt lat="49.65693464999995" lon="11.039896810000037"><ele>273.66</ele><time>2026-09-20T6:56:18Z</time><extensions><speed>-1.0</speed><course>-1.0</course><hAcc>0.0</hAcc><vAcc>0.0</vAcc></extensions></trkpt><trkpt lat="49.656868319999944" lon="11.040056140000038"><ele>272.84000000000003</ele><time>2026-09-20T6:56:20Z</time><extensions><speed>-1.0</speed><course>-1.0</course><hAcc>0.0</hAcc><vAcc>0.0</vAcc></extensions></trkpt><trkpt lat="49.65680131999994" lon="11.040221810000038"><ele>272.84000000000003</ele><time>2026-09-20T6:56:22Z</time><extensions><speed>-1.0</speed><course>-1.0</course><hAcc>0.0</hAcc><vAcc>0.0</vAcc></extensions></trkpt><trkpt lat="49.656738989999944" lon="11.040389480000037"><ele>272.84000000000003</ele><time>2026-09-20T6:56:24Z</time><extensions><speed>-1.0</speed><course>-1.0</course><hAcc>0.0</hAcc><vAcc>0.0</vAcc></extensions></trkpt><trkpt lat="49.65670065999994" lon="11.040558810000038"><ele>268.48</ele><time>2026-09-20T6:56:26Z</time><extensions><speed>-1.0</speed><course>-1.0</course><hAcc>0.0</hAcc><vAcc>0.0</vAcc></extensions></trkpt><trkpt lat="49.65667298999994" lon="11.040699140000038"><ele>268.48</ele><time>2026-09-20T6:56:27Z</time><extensions><speed>-1.0</speed><course>-1.0</course><hAcc>0.0</hAcc><vAcc>0.0</vAcc></extensions></trkpt><trkpt lat="49.65664765999994" lon="11.040818810000038"><ele>268.48</ele><time>2026-09-20T6:56:28Z</time><extensions><speed>-1.0</speed><course>-1.0</course><hAcc>0.0</hAcc><vAcc>0.0</vAcc></extensions></trkpt><trkpt lat="49.65661732999994" lon="11.040953810000039"><ele>268.48</ele><time>2026-09-20T6:56:30Z</time><extensions><speed>-1.0</speed><course>-1.0</course><hAcc>0.0</hAcc><vAcc>0.0</vAcc></extensions></trkpt><trkpt lat="49.65657599999994" lon="11.041095480000038"><ele>268.48</ele><time>2026-09-20T6:56:32Z</time><extensions><speed>-1.0</speed><course>-1.0</course><hAcc>0.0</hAcc><vAcc>0.0</vAcc></extensions></trkpt><trkpt lat="49.656520669999935" lon="11.041244480000039"><ele>268.48</ele><time>2026-09-20T6:56:34Z</time><extensions><speed>-1.0</speed><course>-1.0</course><hAcc>0.0</hAcc><vAcc>0.0</vAcc></extensions></trkpt><trkpt lat="49.65648033999994" lon="11.04141781000004"><ele>268.48</ele><time>2026-09-20T6:56:36Z</time><extensions><speed>-1.0</speed><course>-1.0</course><hAcc>0.0</hAcc><vAcc>0.0</vAcc></extensions></trkpt><trkpt lat="49.65644866999994" lon="11.04160448000004"><ele>268.48</ele><time>2026-09-20T6:56:38Z</time><extensions><speed>-1.0</speed><course>-1.0</course><hAcc>0.0</hAcc><vAcc>0.0</vAcc></extensions></trkpt><trkpt lat="49.65642966999994" lon="11.041799480000039"><ele>268.48</ele><time>2026-09-20T6:56:40Z</time><extensions><speed>-1.0</speed><course>-1.0</course><hAcc>0.0</hAcc><vAcc>0.0</vAcc></extensions></trkpt><trkpt lat="49.65642699999994" lon="11.041995810000039"><ele>267.48</ele><time>2026-09-20T6:56:42Z</time><extensions><speed>-1.0</speed><course>-1.0</course><hAcc>0.0</hAcc><vAcc>0.0</vAcc></extensions></trkpt><trkpt lat="49.656444669999935" lon="11.042184480000039"><ele>267.48</ele><time>2026-09-20T6:56:44Z</time><extensions><speed>-1.0</speed><course>-1.0</course><hAcc>0.0</hAcc><vAcc>0.0</vAcc></extensions></trkpt><trkpt lat="49.65648499999993" lon="11.042364810000038"><ele>267.48</ele><time>2026-09-20T6:56:46Z</time><extensions><speed>-1.0</speed><course>-1.0</course><hAcc>0.0</hAcc><vAcc>0.0</vAcc></extensions></trkpt><trkpt lat="49.65653899999993" lon="11.042534140000038"><ele>267.48</ele><time>2026-09-20T6:56:48Z</time><extensions><speed>-1.0</speed><course>-1.0</course><hAcc>0.0</hAcc><vAcc>0.0</vAcc></extensions></trkpt><trkpt lat="49.65659832999993" lon="11.042698470000039"><ele>267.48</ele><time>2026-09-20T6:56:50Z</time><extensions><speed>-1.0</speed><course>-1.0</course><hAcc>0.0</hAcc><vAcc>0.0</vAcc></extensions></trkpt><trkpt lat="49.65664632999993" lon="11.042867800000039"><ele>267.48</ele><time>2026-09-20T6:56:52Z</time><extensions><speed>-1.0</speed><course>-1.0</course><hAcc>0.0</hAcc><vAcc>0.0</vAcc></extensions></trkpt><trkpt lat="49.65667865999993" lon="11.043011470000039"><ele>267.48</ele><time>2026-09-20T6:56:53Z</time><extensions><speed>-1.0</speed><course>-1.0</course><hAcc>0.0</hAcc><vAcc>0.0</vAcc></extensions></trkpt><trkpt lat="49.65670098999993" lon="11.043140800000039"><ele>267.48</ele><time>2026-09-20T6:56:54Z</time><extensions><speed>-1.0</speed><course>-1.0</course><hAcc>0.0</hAcc><vAcc>0.0</vAcc></extensions></trkpt><trkpt lat="49.65671631999993" lon="11.043290130000038"><ele>267.48</ele><time>2026-09-20T6:56:56Z</time><extensions><speed>-1.0</speed><course>-1.0</course><hAcc>0.0</hAcc><vAcc>0.0</vAcc></extensions></trkpt><trkpt lat="49.65672431999993" lon="11.043453130000039"><ele>267.48</ele><time>2026-09-20T6:56:58Z</time><extensions><speed>-1.0</speed><course>-1.0</course><hAcc>0.0</hAcc><vAcc>0.0</vAcc></extensions></trkpt><trkpt lat="49.65673064999993" lon="11.04362313000004"><ele>267.48</ele><time>2026-09-20T6:57:00Z</time><extensions><speed>-1.0</speed><course>-1.0</course><hAcc>0.0</hAcc><vAcc>0.0</vAcc></extensions></trkpt><trkpt lat="49.65673631999993" lon="11.043797130000039"><ele>267.48</ele><time>2026-09-20T6:57:02Z</time><extensions><speed>-1.0</speed><course>-1.0</course><hAcc>0.0</hAcc><vAcc>0.0</vAcc></extensions></trkpt><trkpt lat="49.65673864999993" lon="11.043974460000038"><ele>267.48</ele><time>2026-09-20T6:57:04Z</time><extensions><speed>-1.0</speed><course>-1.0</course><hAcc>0.0</hAcc><vAcc>0.0</vAcc></extensions></trkpt><trkpt lat="49.65673764999993" lon="11.044152130000038"><ele>267.48</ele><time>2026-09-20T6:57:06Z</time><extensions><speed>-1.0</speed><course>-1.0</course><hAcc>0.0</hAcc><vAcc>0.0</vAcc></extensions></trkpt><trkpt lat="49.65673297999993" lon="11.044329800000037"><ele>267.48</ele><time>2026-09-20T6:57:08Z</time><extensions><speed>-1.0</speed><course>-1.0</course><hAcc>0.0</hAcc><vAcc>0.0</vAcc></extensions></trkpt><trkpt lat="49.65672597999993" lon="11.044508800000036"><ele>267.48</ele><time>2026-09-20T6:57:10Z</time><extensions><speed>-1.0</speed><course>-1.0</course><hAcc>0.0</hAcc><vAcc>0.0</vAcc></extensions></trkpt><trkpt lat="49.65671530999993" lon="11.044688130000036"><ele>267.48</ele><time>2026-09-20T6:57:12Z</time><extensions><speed>-1.0</speed><course>-1.0</course><hAcc>0.0</hAcc><vAcc>0.0</vAcc></extensions></trkpt><trkpt lat="49.65670330999993" lon="11.044840460000037"><ele>267.48</ele><time>2026-09-20T6:57:13Z</time><extensions><speed>-1.0</speed><course>-1.0</course><hAcc>0.0</hAcc><vAcc>0.0</vAcc></extensions></trkpt><trkpt lat="49.656685309999936" lon="11.044999790000038"><ele>267.48</ele><time>2026-09-20T6:57:15Z</time><extensions><speed>-1.0</speed><course>-1.0</course><hAcc>0.0</hAcc><vAcc>0.0</vAcc></extensions></trkpt><trkpt lat="49.65667030999994" lon="11.045137120000037"><ele>267.48</ele><time>2026-09-20T6:57:16Z</time><extensions><speed>-1.0</speed><course>-1.0</course><hAcc>0.0</hAcc><vAcc>0.0</vAcc></extensions></trkpt><trkpt lat="49.65664963999994" lon="11.045286790000038"><ele>267.48</ele><time>2026-09-20T6:57:18Z</time><extensions><speed>-1.0</speed><course>-1.0</course><hAcc>0.0</hAcc><vAcc>0.0</vAcc></extensions></trkpt><trkpt lat="49.65662596999994" lon="11.045443120000037"><ele>267.48</ele><time>2026-09-20T6:57:20Z</time><extensions><speed>-1.0</speed><course>-1.0</course><hAcc>0.0</hAcc><vAcc>0.0</vAcc></extensions></trkpt><trkpt lat="49.656597299999945" lon="11.045603790000037"><ele>267.48</ele><time>2026-09-20T6:57:22Z</time><extensions><speed>-1.0</speed><course>-1.0</course><hAcc>0.0</hAcc><vAcc>0.0</vAcc></extensions></trkpt><trkpt lat="49.65656462999994" lon="11.045766790000037"><ele>267.48</ele><time>2026-09-20T6:57:24Z</time><extensions><speed>-1.0</speed><course>-1.0</course><hAcc>0.0</hAcc><vAcc>0.0</vAcc></extensions></trkpt><trkpt lat="49.65653029999994" lon="11.045928790000037"><ele>267.48</ele><time>2026-09-20T6:57:26Z</time><extensions><speed>-1.0</speed><course>-1.0</course><hAcc>0.0</hAcc><vAcc>0.0</vAcc></extensions></trkpt><trkpt lat="49.65649496999994" lon="11.046090790000036"><ele>267.48</ele><time>2026-09-20T6:57:28Z</time><extensions><speed>-1.0</speed><course>-1.0</course><hAcc>0.0</hAcc><vAcc>0.0</vAcc></extensions></trkpt><trkpt lat="49.65645863999994" lon="11.046250460000037"><ele>267.48</ele><time>2026-09-20T6:57:30Z</time><extensions><speed>-1.0</speed><course>-1.0</course><hAcc>0.0</hAcc><vAcc>0.0</vAcc></extensions></trkpt><trkpt lat="49.65642163999994" lon="11.046408130000037"><ele>267.48</ele><time>2026-09-20T6:57:32Z</time><extensions><speed>-1.0</speed><course>-1.0</course><hAcc>0.0</hAcc><vAcc>0.0</vAcc></extensions></trkpt><trkpt lat="49.656386639999944" lon="11.046558460000037"><ele>268.3</ele><time>2026-09-20T6:57:34Z</time><extensions><speed>-1.0</speed><course>-1.0</course><hAcc>0.0</hAcc><vAcc>0.0</vAcc></extensions></trkpt><trkpt lat="49.65635096999994" lon="11.046701790000037"><ele>268.3</ele><time>2026-09-20T6:57:36Z</time><extensions><speed>-1.0</speed><course>-1.0</course><hAcc>0.0</hAcc><vAcc>0.0</vAcc></extensions></trkpt><trkpt lat="49.65630596999994" lon="11.046829120000037"><ele>268.3</ele><time>2026-09-20T6:57:38Z</time><extensions><speed>-1.0</speed><course>-1.0</course><hAcc>0.0</hAcc><vAcc>0.0</vAcc></extensions></trkpt><trkpt lat="49.65626296999994" lon="11.046928790000038"><ele>268.3</ele><time>2026-09-20T6:57:39Z</time><extensions><speed>-1.0</speed><course>-1.0</course><hAcc>0.0</hAcc><vAcc>0.0</vAcc></extensions></trkpt><trkpt lat="49.656225299999946" lon="11.047015790000039"><ele>268.3</ele><time>2026-09-20T6:57:40Z</time><extensions><speed>-1.0</speed><course>-1.0</course><hAcc>0.0</hAcc><vAcc>0.0</vAcc></extensions></trkpt><trkpt lat="49.65619562999994" lon="11.047122790000039"><ele>268.3</ele><time>2026-09-20T6:57:42Z</time><extensions><speed>-1.0</speed><course>-1.0</course><hAcc>0.0</hAcc><vAcc>0.0</vAcc></extensions></trkpt><trkpt lat="49.65617929999994" lon="11.047220120000038"><ele>268.3</ele><time>2026-09-20T6:57:43Z</time><extensions><speed>-1.0</speed><course>-1.0</course><hAcc>0.0</hAcc><vAcc>0.0</vAcc></extensions></trkpt><trkpt lat="49.65617162999994" lon="11.047310450000039"><ele>268.3</ele><time>2026-09-20T6:57:44Z</time><extensions><speed>-1.0</speed><course>-1.0</course><hAcc>0.0</hAcc><vAcc>0.0</vAcc></extensions></trkpt><trkpt lat="49.65615695999994" lon="11.047424450000038"><ele>268.3</ele><time>2026-09-20T6:57:46Z</time><extensions><speed>-1.0</speed><course>-1.0</course><hAcc>0.0</hAcc><vAcc>0.0</vAcc></extensions></trkpt><trkpt lat="49.65613528999994" lon="11.047552120000038"><ele>268.3</ele><time>2026-09-20T6:57:48Z</time><extensions><speed>-1.0</speed><course>-1.0</course><hAcc>0.0</hAcc><vAcc>0.0</vAcc></extensions></trkpt><trkpt lat="49.656110959999936" lon="11.047687120000038"><ele>268.3</ele><time>2026-09-20T6:57:50Z</time><extensions><speed>-1.0</speed><course>-1.0</course><hAcc>0.0</hAcc><vAcc>0.0</vAcc></extensions></trkpt><trkpt lat="49.656082959999935" lon="11.047831790000037"><ele>268.3</ele><time>2026-09-20T6:57:52Z</time><extensions><speed>-1.0</speed><course>-1.0</course><hAcc>0.0</hAcc><vAcc>0.0</vAcc></extensions></trkpt><trkpt lat="49.656060289999935" lon="11.047956460000037"><ele>268.3</ele><time>2026-09-20T6:57:53Z</time><extensions><speed>-1.0</speed><course>-1.0</course><hAcc>0.0</hAcc><vAcc>0.0</vAcc></extensions></trkpt><trkpt lat="49.65603695999994" lon="11.048093790000037"><ele>268.3</ele><time>2026-09-20T6:57:55Z</time><extensions><speed>-1.0</speed><course>-1.0</course><hAcc>0.0</hAcc><vAcc>0.0</vAcc></extensions></trkpt><trkpt lat="49.656018289999935" lon="11.048212460000038"><ele>268.3</ele><time>2026-09-20T6:57:56Z</time><extensions><speed>-1.0</speed><course>-1.0</course><hAcc>0.0</hAcc><vAcc>0.0</vAcc></extensions></trkpt><trkpt lat="49.656003619999936" lon="11.048320460000038"><ele>268.3</ele><time>2026-09-20T6:57:57Z</time><extensions><speed>-1.0</speed><course>-1.0</course><hAcc>0.0</hAcc><vAcc>0.0</vAcc></extensions></trkpt><trkpt lat="49.65598828999994" lon="11.048447130000039"><ele>268.3</ele><time>2026-09-20T6:57:59Z</time><extensions><speed>-1.0</speed><course>-1.0</course><hAcc>0.0</hAcc><vAcc>0.0</vAcc></extensions></trkpt><trkpt lat="49.65597595999994" lon="11.04855880000004"><ele>268.3</ele><time>2026-09-20T6:58:00Z</time><extensions><speed>-1.0</speed><course>-1.0</course><hAcc>0.0</hAcc><vAcc>0.0</vAcc></extensions></trkpt><trkpt lat="49.655963289999946" lon="11.04868713000004"><ele>269.12</ele><time>2026-09-20T6:58:02Z</time><extensions><speed>-1.0</speed><course>-1.0</course><hAcc>0.0</hAcc><vAcc>0.0</vAcc></extensions></trkpt><trkpt lat="49.655954619999946" lon="11.04880080000004"><ele>269.12</ele><time>2026-09-20T6:58:03Z</time><extensions><speed>-1.0</speed><course>-1.0</course><hAcc>0.0</hAcc><vAcc>0.0</vAcc></extensions></trkpt><trkpt lat="49.65594828999995" lon="11.04890413000004"><ele>269.12</ele><time>2026-09-20T6:58:04Z</time><extensions><speed>-1.0</speed><course>-1.0</course><hAcc>0.0</hAcc><vAcc>0.0</vAcc></extensions></trkpt><trkpt lat="49.65594295999995" lon="11.04902680000004"><ele>269.12</ele><time>2026-09-20T6:58:06Z</time><extensions><speed>-1.0</speed><course>-1.0</course><hAcc>0.0</hAcc><vAcc>0.0</vAcc></extensions></trkpt><trkpt lat="49.65593995999995" lon="11.04916447000004"><ele>269.12</ele><time>2026-09-20T6:58:08Z</time><extensions><speed>-1.0</speed><course>-1.0</course><hAcc>0.0</hAcc><vAcc>0.0</vAcc></extensions></trkpt><trkpt lat="49.655937959999946" lon="11.04931047000004"><ele>269.12</ele><time>2026-09-20T6:58:10Z</time><extensions><speed>-1.0</speed><course>-1.0</course><hAcc>0.0</hAcc><vAcc>0.0</vAcc></extensions></trkpt><trkpt lat="49.655940959999946" lon="11.04946247000004"><ele>269.12</ele><time>2026-09-20T6:58:12Z</time><extensions><speed>-1.0</speed><course>-1.0</course><hAcc>0.0</hAcc><vAcc>0.0</vAcc></extensions></trkpt><trkpt lat="49.65594895999995" lon="11.04961580000004"><ele>269.12</ele><time>2026-09-20T6:58:14Z</time><extensions><speed>-1.0</speed><course>-1.0</course><hAcc>0.0</hAcc><vAcc>0.0</vAcc></extensions></trkpt><trkpt lat="49.65595662999995" lon="11.04974680000004"><ele>269.12</ele><time>2026-09-20T6:58:15Z</time><extensions><speed>-1.0</speed><course>-1.0</course><hAcc>0.0</hAcc><vAcc>0.0</vAcc></extensions></trkpt><trkpt lat="49.655965959999946" lon="11.04986047000004"><ele>269.12</ele><time>2026-09-20T6:58:16Z</time><extensions><speed>-1.0</speed><course>-1.0</course><hAcc>0.0</hAcc><vAcc>0.0</vAcc></extensions></trkpt><trkpt lat="49.65597895999995" lon="11.04998914000004"><ele>269.12</ele><time>2026-09-20T6:58:18Z</time><extensions><speed>-1.0</speed><course>-1.0</course><hAcc>0.0</hAcc><vAcc>0.0</vAcc></extensions></trkpt><trkpt lat="49.65599662999995" lon="11.05012781000004"><ele>269.12</ele><time>2026-09-20T6:58:20Z</time><extensions><speed>-1.0</speed><course>-1.0</course><hAcc>0.0</hAcc><vAcc>0.0</vAcc></extensions></trkpt><trkpt lat="49.65601829999995" lon="11.05027181000004"><ele>269.93</ele><time>2026-09-20T6:58:22Z</time><extensions><speed>-1.0</speed><course>-1.0</course><hAcc>0.0</hAcc><vAcc>0.0</vAcc></extensions></trkpt><trkpt lat="49.65604396999995" lon="11.05041981000004"><ele>269.93</ele><time>2026-09-20T6:58:24Z</time><extensions><speed>-1.0</speed><course>-1.0</course><hAcc>0.0</hAcc><vAcc>0.0</vAcc></extensions></trkpt><trkpt lat="49.65607396999995" lon="11.05057014000004"><ele>269.93</ele><time>2026-09-20T6:58:26Z</time><extensions><speed>-1.0</speed><course>-1.0</course><hAcc>0.0</hAcc><vAcc>0.0</vAcc></extensions></trkpt><trkpt lat="49.656109639999954" lon="11.050722470000041"><ele>269.93</ele><time>2026-09-20T6:58:28Z</time><extensions><speed>-1.0</speed><course>-1.0</course><hAcc>0.0</hAcc><vAcc>0.0</vAcc></extensions></trkpt><trkpt lat="49.656148309999956" lon="11.050875140000041"><ele>269.93</ele><time>2026-09-20T6:58:30Z</time><extensions><speed>-1.0</speed><course>-1.0</course><hAcc>0.0</hAcc><vAcc>0.0</vAcc></extensions></trkpt><trkpt lat="49.656190639999956" lon="11.05102681000004"><ele>269.93</ele><time>2026-09-20T6:58:32Z</time><extensions><speed>-1.0</speed><course>-1.0</course><hAcc>0.0</hAcc><vAcc>0.0</vAcc></extensions></trkpt><trkpt lat="49.656235969999955" lon="11.05117614000004"><ele>269.93</ele><time>2026-09-20T6:58:34Z</time><extensions><speed>-1.0</speed><course>-1.0</course><hAcc>0.0</hAcc><vAcc>0.0</vAcc></extensions></trkpt><trkpt lat="49.65628429999995" lon="11.05132414000004"><ele>269.93</ele><time>2026-09-20T6:58:36Z</time><extensions><speed>-1.0</speed><course>-1.0</course><hAcc>0.0</hAcc><vAcc>0.0</vAcc></extensions></trkpt><trkpt lat="49.656336969999955" lon="11.051470470000039"><ele>269.93</ele><time>2026-09-20T6:58:38Z</time><extensions><speed>-1.0</speed><course>-1.0</course><hAcc>0.0</hAcc><vAcc>0.0</vAcc></extensions></trkpt><trkpt lat="49.656393639999955" lon="11.051614140000039"><ele>269.93</ele><time>2026-09-20T6:58:40Z</time><extensions><speed>-1.0</speed><course>-1.0</course><hAcc>0.0</hAcc><vAcc>0.0</vAcc></extensions></trkpt><trkpt lat="49.656453309999954" lon="11.051757140000039"><ele>271.03000000000003</ele><time>2026-09-20T6:58:42Z</time><extensions><speed>-1.0</speed><course>-1.0</course><hAcc>0.0</hAcc><vAcc>0.0</vAcc></extensions></trkpt><trkpt lat="49.65651563999995" lon="11.051899470000038"><ele>271.03000000000003</ele><time>2026-09-20T6:58:44Z</time><extensions><speed>-1.0</speed><course>-1.0</course><hAcc>0.0</hAcc><vAcc>0.0</vAcc></extensions></trkpt><trkpt lat="49.656579309999955" lon="11.052039800000038"><ele>271.03000000000003</ele><time>2026-09-20T6:58:46Z</time><extensions><speed>-1.0</speed><course>-1.0</course><hAcc>0.0</hAcc><vAcc>0.0</vAcc></extensions></trkpt><trkpt lat="49.656643639999956" lon="11.052180800000038"><ele>271.03000000000003</ele><time>2026-09-20T6:58:48Z</time><extensions><speed>-1.0</speed><course>-1.0</course><hAcc>0.0</hAcc><vAcc>0.0</vAcc></extensions></trkpt><trkpt lat="49.65670763999996" lon="11.052321470000038"><ele>271.03000000000003</ele><time>2026-09-20T6:58:50Z</time><extensions><speed>-1.0</speed><course>-1.0</course><hAcc>0.0</hAcc><vAcc>0.0</vAcc></extensions></trkpt><trkpt lat="49.65677096999996" lon="11.052462470000037"><ele>271.03000000000003</ele><time>2026-09-20T6:58:52Z</time><extensions><speed>-1.0</speed><course>-1.0</course><hAcc>0.0</hAcc><vAcc>0.0</vAcc></extensions></trkpt><trkpt lat="49.65683196999996" lon="11.052603470000037"><ele>271.03000000000003</ele><time>2026-09-20T6:58:54Z</time><extensions><speed>-1.0</speed><course>-1.0</course><hAcc>0.0</hAcc><vAcc>0.0</vAcc></extensions></trkpt><trkpt lat="49.65688896999996" lon="11.052745140000036"><ele>271.03000000000003</ele><time>2026-09-20T6:58:56Z</time><extensions><speed>-1.0</speed><course>-1.0</course><hAcc>0.0</hAcc><vAcc>0.0</vAcc></extensions></trkpt><trkpt lat="49.65694229999996" lon="11.052887140000037"><ele>271.03000000000003</ele><time>2026-09-20T6:58:58Z</time><extensions><speed>-1.0</speed><course>-1.0</course><hAcc>0.0</hAcc><vAcc>0.0</vAcc></extensions></trkpt><trkpt lat="49.65699396999996" lon="11.053029140000037"><ele>271.03000000000003</ele><time>2026-09-20T6:59:00Z</time><extensions><speed>-1.0</speed><course>-1.0</course><hAcc>0.0</hAcc><vAcc>0.0</vAcc></extensions></trkpt><trkpt lat="49.65704429999996" lon="11.053172470000037"><ele>271.03000000000003</ele><time>2026-09-20T6:59:02Z</time><extensions><speed>-1.0</speed><course>-1.0</course><hAcc>0.0</hAcc><vAcc>0.0</vAcc></extensions></trkpt><trkpt lat="49.65709396999996" lon="11.053318800000037"><ele>271.03000000000003</ele><time>2026-09-20T6:59:04Z</time><extensions><speed>-1.0</speed><course>-1.0</course><hAcc>0.0</hAcc><vAcc>0.0</vAcc></extensions></trkpt><trkpt lat="49.65714496999996" lon="11.053469470000037"><ele>271.03000000000003</ele><time>2026-09-20T6:59:06Z</time><extensions><speed>-1.0</speed><course>-1.0</course><hAcc>0.0</hAcc><vAcc>0.0</vAcc></extensions></trkpt><trkpt lat="49.657197299999964" lon="11.053625140000037"><ele>271.03000000000003</ele><time>2026-09-20T6:59:08Z</time><extensions><speed>-1.0</speed><course>-1.0</course><hAcc>0.0</hAcc><vAcc>0.0</vAcc></extensions></trkpt><trkpt lat="49.657248299999964" lon="11.053778810000036"><ele>271.03000000000003</ele><time>2026-09-20T6:59:10Z</time><extensions><speed>-1.0</speed><course>-1.0</course><hAcc>0.0</hAcc><vAcc>0.0</vAcc></extensions></trkpt><trkpt lat="49.65729496999997" lon="11.053927140000036"><ele>271.03000000000003</ele><time>2026-09-20T6:59:12Z</time><extensions><speed>-1.0</speed><course>-1.0</course><hAcc>0.0</hAcc><vAcc>0.0</vAcc></extensions></trkpt><trkpt lat="49.65734463999997" lon="11.054067470000037"><ele>271.03000000000003</ele><time>2026-09-20T6:59:14Z</time><extensions><speed>-1.0</speed><course>-1.0</course><hAcc>0.0</hAcc><vAcc>0.0</vAcc></extensions></trkpt><trkpt lat="49.65739696999997" lon="11.054207140000036"><ele>272.93</ele><time>2026-09-20T6:59:16Z</time><extensions><speed>-1.0</speed><course>-1.0</course><hAcc>0.0</hAcc><vAcc>0.0</vAcc></extensions></trkpt><trkpt lat="49.65745296999997" lon="11.054341470000036"><ele>272.93</ele><time>2026-09-20T6:59:18Z</time><extensions><speed>-1.0</speed><course>-1.0</course><hAcc>0.0</hAcc><vAcc>0.0</vAcc></extensions></trkpt><trkpt lat="49.657505639999975" lon="11.054475470000035"><ele>272.93</ele><time>2026-09-20T6:59:20Z</time><extensions><speed>-1.0</speed><course>-1.0</course><hAcc>0.0</hAcc><vAcc>0.0</vAcc></extensions></trkpt><trkpt lat="49.65755463999997" lon="11.054608140000035"><ele>272.93</ele><time>2026-09-20T6:59:22Z</time><extensions><speed>-1.0</speed><course>-1.0</course><hAcc>0.0</hAcc><vAcc>0.0</vAcc></extensions></trkpt><trkpt lat="49.65759530999997" lon="11.054717810000035"><ele>272.93</ele><time>2026-09-20T6:59:23Z</time><extensions><speed>-1.0</speed><course>-1.0</course><hAcc>0.0</hAcc><vAcc>0.0</vAcc></extensions></trkpt><trkpt lat="49.65762897999997" lon="11.054813140000036"><ele>272.93</ele><time>2026-09-20T6:59:24Z</time><extensions><speed>-1.0</speed><course>-1.0</course><hAcc>0.0</hAcc><vAcc>0.0</vAcc></extensions></trkpt><trkpt lat="49.65766564999997" lon="11.054917470000035"><ele>272.93</ele><time>2026-09-20T6:59:26Z</time><extensions><speed>-1.0</speed><course>-1.0</course><hAcc>0.0</hAcc><vAcc>0.0</vAcc></extensions></trkpt><trkpt lat="49.65770331999997" lon="11.055027800000035"><ele>272.93</ele><time>2026-09-20T6:59:28Z</time><extensions><speed>-1.0</speed><course>-1.0</course><hAcc>0.0</hAcc><vAcc>0.0</vAcc></extensions></trkpt><trkpt lat="49.65774198999997" lon="11.055141130000035"><ele>273.75</ele><time>2026-09-20T6:59:30Z</time><extensions><speed>-1.0</speed><course>-1.0</course><hAcc>0.0</hAcc><vAcc>0.0</vAcc></extensions></trkpt><trkpt lat="49.65777531999997" lon="11.055237460000034"><ele>273.75</ele><time>2026-09-20T6:59:31Z</time><extensions><speed>-1.0</speed><course>-1.0</course><hAcc>0.0</hAcc><vAcc>0.0</vAcc></extensions></trkpt><trkpt lat="49.65781164999997" lon="11.055343460000035"><ele>274.84000000000003</ele><time>2026-09-20T6:59:33Z</time><extensions><speed>-1.0</speed><course>-1.0</course><hAcc>0.0</hAcc><vAcc>0.0</vAcc></extensions></trkpt><trkpt lat="49.65784297999997" lon="11.055434130000036"><ele>274.84000000000003</ele><time>2026-09-20T6:59:34Z</time><extensions><speed>-1.0</speed><course>-1.0</course><hAcc>0.0</hAcc><vAcc>0.0</vAcc></extensions></trkpt><trkpt lat="49.65787830999997" lon="11.055535800000035"><ele>274.84000000000003</ele><time>2026-09-20T6:59:36Z</time><extensions><speed>-1.0</speed><course>-1.0</course><hAcc>0.0</hAcc><vAcc>0.0</vAcc></extensions></trkpt><trkpt lat="49.657916309999976" lon="11.055642470000034"><ele>274.84000000000003</ele><time>2026-09-20T6:59:38Z</time><extensions><speed>-1.0</speed><course>-1.0</course><hAcc>0.0</hAcc><vAcc>0.0</vAcc></extensions></trkpt><trkpt lat="49.657955979999976" lon="11.055753140000034"><ele>274.84000000000003</ele><time>2026-09-20T6:59:40Z</time><extensions><speed>-1.0</speed><course>-1.0</course><hAcc>0.0</hAcc><vAcc>0.0</vAcc></extensions></trkpt><trkpt lat="49.65799330999997" lon="11.055864810000035"><ele>274.84000000000003</ele><time>2026-09-20T6:59:42Z</time><extensions><speed>-1.0</speed><course>-1.0</course><hAcc>0.0</hAcc><vAcc>0.0</vAcc></extensions></trkpt><trkpt lat="49.65803063999997" lon="11.055975480000034"><ele>274.84000000000003</ele><time>2026-09-20T6:59:44Z</time><extensions><speed>-1.0</speed><course>-1.0</course><hAcc>0.0</hAcc><vAcc>0.0</vAcc></extensions></trkpt><trkpt lat="49.65806830999997" lon="11.056083150000035"><ele>274.84000000000003</ele><time>2026-09-20T6:59:46Z</time><extensions><speed>-1.0</speed><course>-1.0</course><hAcc>0.0</hAcc><vAcc>0.0</vAcc></extensions></trkpt><trkpt lat="49.65810830999997" lon="11.056191150000036"><ele>274.84000000000003</ele><time>2026-09-20T6:59:48Z</time><extensions><speed>-1.0</speed><course>-1.0</course><hAcc>0.0</hAcc><vAcc>0.0</vAcc></extensions></trkpt><trkpt lat="49.658148639999965" lon="11.056304150000036"><ele>274.84000000000003</ele><time>2026-09-20T6:59:50Z</time><extensions><speed>-1.0</speed><course>-1.0</course><hAcc>0.0</hAcc><vAcc>0.0</vAcc></extensions></trkpt><trkpt lat="49.65819196999996" lon="11.056422150000037"><ele>274.84000000000003</ele><time>2026-09-20T6:59:52Z</time><extensions><speed>-1.0</speed><course>-1.0</course><hAcc>0.0</hAcc><vAcc>0.0</vAcc></extensions></trkpt><trkpt lat="49.65823796999996" lon="11.056544150000036"><ele>274.84000000000003</ele><time>2026-09-20T6:59:54Z</time><extensions><speed>-1.0</speed><course>-1.0</course><hAcc>0.0</hAcc><vAcc>0.0</vAcc></extensions></trkpt><trkpt lat="49.65828929999996" lon="11.056668480000036"><ele>274.84000000000003</ele><time>2026-09-20T6:59:56Z</time><extensions><speed>-1.0</speed><course>-1.0</course><hAcc>0.0</hAcc><vAcc>0.0</vAcc></extensions></trkpt><trkpt lat="49.65834562999996" lon="11.056791810000036"><ele>274.84000000000003</ele><time>2026-09-20T6:59:58Z</time><extensions><speed>-1.0</speed><course>-1.0</course><hAcc>0.0</hAcc><vAcc>0.0</vAcc></extensions></trkpt><trkpt lat="49.65840429999996" lon="11.056915480000036"><ele>274.84000000000003</ele><time>2026-09-20T7:00:00Z</time><extensions><speed>-1.0</speed><course>-1.0</course><hAcc>0.0</hAcc><vAcc>0.0</vAcc></extensions></trkpt><trkpt lat="49.65846662999996" lon="11.057037150000037"><ele>274.84000000000003</ele><time>2026-09-20T7:00:02Z</time><extensions><speed>-1.0</speed><course>-1.0</course><hAcc>0.0</hAcc><vAcc>0.0</vAcc></extensions></trkpt><trkpt lat="49.658534959999955" lon="11.057153820000037"><ele>274.84000000000003</ele><time>2026-09-20T7:00:04Z</time><extensions><speed>-1.0</speed><course>-1.0</course><hAcc>0.0</hAcc><vAcc>0.0</vAcc></extensions></trkpt><trkpt lat="49.658607289999956" lon="11.057269490000037"><ele>274.84000000000003</ele><time>2026-09-20T7:00:06Z</time><extensions><speed>-1.0</speed><course>-1.0</course><hAcc>0.0</hAcc><vAcc>0.0</vAcc></extensions></trkpt><trkpt lat="49.65868261999996" lon="11.057388490000037"><ele>274.84000000000003</ele><time>2026-09-20T7:00:08Z</time><extensions><speed>-1.0</speed><course>-1.0</course><hAcc>0.0</hAcc><vAcc>0.0</vAcc></extensions></trkpt><trkpt lat="49.65875561999996" lon="11.057503490000036"><ele>274.84000000000003</ele><time>2026-09-20T7:00:10Z</time><extensions><speed>-1.0</speed><course>-1.0</course><hAcc>0.0</hAcc><vAcc>0.0</vAcc></extensions></trkpt><trkpt lat="49.65882861999996" lon="11.057617490000036"><ele>274.84000000000003</ele><time>2026-09-20T7:00:12Z</time><extensions><speed>-1.0</speed><course>-1.0</course><hAcc>0.0</hAcc><vAcc>0.0</vAcc></extensions></trkpt><trkpt lat="49.65890528999996" lon="11.057736160000037"><ele>274.84000000000003</ele><time>2026-09-20T7:00:14Z</time><extensions><speed>-1.0</speed><course>-1.0</course><hAcc>0.0</hAcc><vAcc>0.0</vAcc></extensions></trkpt><trkpt lat="49.65898095999996" lon="11.057853160000036"><ele>274.84000000000003</ele><time>2026-09-20T7:00:16Z</time><extensions><speed>-1.0</speed><course>-1.0</course><hAcc>0.0</hAcc><vAcc>0.0</vAcc></extensions></trkpt><trkpt lat="49.659057959999956" lon="11.057970830000036"><ele>274.84000000000003</ele><time>2026-09-20T7:00:18Z</time><extensions><speed>-1.0</speed><course>-1.0</course><hAcc>0.0</hAcc><vAcc>0.0</vAcc></extensions></trkpt><trkpt lat="49.65913595999996" lon="11.058089160000035"><ele>274.84000000000003</ele><time>2026-09-20T7:00:20Z</time><extensions><speed>-1.0</speed><course>-1.0</course><hAcc>0.0</hAcc><vAcc>0.0</vAcc></extensions></trkpt><trkpt lat="49.659215629999956" lon="11.058205490000036"><ele>274.84000000000003</ele><time>2026-09-20T7:00:22Z</time><extensions><speed>-1.0</speed><course>-1.0</course><hAcc>0.0</hAcc><vAcc>0.0</vAcc></extensions></trkpt><trkpt lat="49.659285959999956" lon="11.058302160000036"><ele>274.84000000000003</ele><time>2026-09-20T7:00:23Z</time><extensions><speed>-1.0</speed><course>-1.0</course><hAcc>0.0</hAcc><vAcc>0.0</vAcc></extensions></trkpt><trkpt lat="49.65935862999996" lon="11.058407490000036"><ele>274.84000000000003</ele><time>2026-09-20T7:00:25Z</time><extensions><speed>-1.0</speed><course>-1.0</course><hAcc>0.0</hAcc><vAcc>0.0</vAcc></extensions></trkpt><trkpt lat="49.659421629999954" lon="11.058495820000037"><ele>274.84000000000003</ele><time>2026-09-20T7:00:26Z</time><extensions><speed>-1.0</speed><course>-1.0</course><hAcc>0.0</hAcc><vAcc>0.0</vAcc></extensions></trkpt><trkpt lat="49.659492299999954" lon="11.058596820000037"><ele>274.84000000000003</ele><time>2026-09-20T7:00:28Z</time><extensions><speed>-1.0</speed><course>-1.0</course><hAcc>0.0</hAcc><vAcc>0.0</vAcc></extensions></trkpt><trkpt lat="49.65955462999995" lon="11.058686820000037"><ele>274.84000000000003</ele><time>2026-09-20T7:00:29Z</time><extensions><speed>-1.0</speed><course>-1.0</course><hAcc>0.0</hAcc><vAcc>0.0</vAcc></extensions></trkpt><trkpt lat="49.659624299999955" lon="11.058790150000037"><ele>274.03000000000003</ele><time>2026-09-20T7:00:31Z</time><extensions><speed>-1.0</speed><course>-1.0</course><hAcc>0.0</hAcc><vAcc>0.0</vAcc></extensions></trkpt><trkpt lat="49.65968696999995" lon="11.058881820000037"><ele>274.03000000000003</ele><time>2026-09-20T7:00:32Z</time><extensions><speed>-1.0</speed><course>-1.0</course><hAcc>0.0</hAcc><vAcc>0.0</vAcc></extensions></trkpt><trkpt lat="49.659745299999955" lon="11.058963820000038"><ele>274.03000000000003</ele><time>2026-09-20T7:00:33Z</time><extensions><speed>-1.0</speed><course>-1.0</course><hAcc>0.0</hAcc><vAcc>0.0</vAcc></extensions></trkpt><trkpt lat="49.65979962999995" lon="11.059041490000038"><ele>274.03000000000003</ele><time>2026-09-20T7:00:34Z</time><extensions><speed>-1.0</speed><course>-1.0</course><hAcc>0.0</hAcc><vAcc>0.0</vAcc></extensions></trkpt><trkpt lat="49.65986829999995" lon="11.059137160000038"><ele>274.03000000000003</ele><time>2026-09-20T7:00:36Z</time><extensions><speed>-1.0</speed><course>-1.0</course><hAcc>0.0</hAcc><vAcc>0.0</vAcc></extensions></trkpt><trkpt lat="49.65994662999995" lon="11.059238490000038"><ele>274.03000000000003</ele><time>2026-09-20T7:00:38Z</time><extensions><speed>-1.0</speed><course>-1.0</course><hAcc>0.0</hAcc><vAcc>0.0</vAcc></extensions></trkpt><trkpt lat="49.66002895999995" lon="11.059344160000038"><ele>274.03000000000003</ele><time>2026-09-20T7:00:40Z</time><extensions><speed>-1.0</speed><course>-1.0</course><hAcc>0.0</hAcc><vAcc>0.0</vAcc></extensions></trkpt><trkpt lat="49.66011928999995" lon="11.059454490000038"><ele>274.03000000000003</ele><time>2026-09-20T7:00:42Z</time><extensions><speed>-1.0</speed><course>-1.0</course><hAcc>0.0</hAcc><vAcc>0.0</vAcc></extensions></trkpt><trkpt lat="49.66021395999995" lon="11.059563490000038"><ele>274.03000000000003</ele><time>2026-09-20T7:00:44Z</time><extensions><speed>-1.0</speed><course>-1.0</course><hAcc>0.0</hAcc><vAcc>0.0</vAcc></extensions></trkpt><trkpt lat="49.66031462999995" lon="11.059673490000037"><ele>274.03000000000003</ele><time>2026-09-20T7:00:46Z</time><extensions><speed>-1.0</speed><course>-1.0</course><hAcc>0.0</hAcc><vAcc>0.0</vAcc></extensions></trkpt><trkpt lat="49.66041862999995" lon="11.059775490000037"><ele>274.03000000000003</ele><time>2026-09-20T7:00:48Z</time><extensions><speed>-1.0</speed><course>-1.0</course><hAcc>0.0</hAcc><vAcc>0.0</vAcc></extensions></trkpt><trkpt lat="49.660525299999954" lon="11.059872160000037"><ele>274.03000000000003</ele><time>2026-09-20T7:00:50Z</time><extensions><speed>-1.0</speed><course>-1.0</course><hAcc>0.0</hAcc><vAcc>0.0</vAcc></extensions></trkpt><trkpt lat="49.660614299999956" lon="11.059953160000036"><ele>274.03000000000003</ele><time>2026-09-20T7:00:51Z</time><extensions><speed>-1.0</speed><course>-1.0</course><hAcc>0.0</hAcc><vAcc>0.0</vAcc></extensions></trkpt><trkpt lat="49.66071196999996" lon="11.060038490000036"><ele>274.03000000000003</ele><time>2026-09-20T7:00:53Z</time><extensions><speed>-1.0</speed><course>-1.0</course><hAcc>0.0</hAcc><vAcc>0.0</vAcc></extensions></trkpt><trkpt lat="49.66079529999996" lon="11.060107490000036"><ele>274.03000000000003</ele><time>2026-09-20T7:00:54Z</time><extensions><speed>-1.0</speed><course>-1.0</course><hAcc>0.0</hAcc><vAcc>0.0</vAcc></extensions></trkpt><trkpt lat="49.660889629999964" lon="11.060179820000036"><ele>274.03000000000003</ele><time>2026-09-20T7:00:56Z</time><extensions><speed>-1.0</speed><course>-1.0</course><hAcc>0.0</hAcc><vAcc>0.0</vAcc></extensions></trkpt><trkpt lat="49.660991299999964" lon="11.060248150000035"><ele>273.21</ele><time>2026-09-20T7:00:58Z</time><extensions><speed>-1.0</speed><course>-1.0</course><hAcc>0.0</hAcc><vAcc>0.0</vAcc></extensions></trkpt><trkpt lat="49.661100629999964" lon="11.060318480000035"><ele>273.21</ele><time>2026-09-20T7:01:00Z</time><extensions><speed>-1.0</speed><course>-1.0</course><hAcc>0.0</hAcc><vAcc>0.0</vAcc></extensions></trkpt><trkpt lat="49.661209959999965" lon="11.060393810000035"><ele>273.21</ele><time>2026-09-20T7:01:02Z</time><extensions><speed>-1.0</speed><course>-1.0</course><hAcc>0.0</hAcc><vAcc>0.0</vAcc></extensions></trkpt><trkpt lat="49.661319959999965" lon="11.060470480000035"><ele>273.21</ele><time>2026-09-20T7:01:04Z</time><extensions><speed>-1.0</speed><course>-1.0</course><hAcc>0.0</hAcc><vAcc>0.0</vAcc></extensions></trkpt><trkpt lat="49.66142762999996" lon="11.060548480000035"><ele>273.21</ele><time>2026-09-20T7:01:06Z</time><extensions><speed>-1.0</speed><course>-1.0</course><hAcc>0.0</hAcc><vAcc>0.0</vAcc></extensions></trkpt><trkpt lat="49.66153195999996" lon="11.060624150000034"><ele>273.21</ele><time>2026-09-20T7:01:08Z</time><extensions><speed>-1.0</speed><course>-1.0</course><hAcc>0.0</hAcc><vAcc>0.0</vAcc></extensions></trkpt><trkpt lat="49.66163395999996" lon="11.060696820000034"><ele>273.21</ele><time>2026-09-20T7:01:10Z</time><extensions><speed>-1.0</speed><course>-1.0</course><hAcc>0.0</hAcc><vAcc>0.0</vAcc></extensions></trkpt><trkpt lat="49.66173495999996" lon="11.060768490000035"><ele>273.21</ele><time>2026-09-20T7:01:12Z</time><extensions><speed>-1.0</speed><course>-1.0</course><hAcc>0.0</hAcc><vAcc>0.0</vAcc></extensions></trkpt><trkpt lat="49.66183695999996" lon="11.060837490000035"><ele>273.21</ele><time>2026-09-20T7:01:14Z</time><extensions><speed>-1.0</speed><course>-1.0</course><hAcc>0.0</hAcc><vAcc>0.0</vAcc></extensions></trkpt><trkpt lat="49.66192295999996" lon="11.060897820000035"><ele>273.21</ele><time>2026-09-20T7:01:15Z</time><extensions><speed>-1.0</speed><course>-1.0</course><hAcc>0.0</hAcc><vAcc>0.0</vAcc></extensions></trkpt><trkpt lat="49.66199762999996" lon="11.060951150000035"><ele>273.21</ele><time>2026-09-20T7:01:16Z</time><extensions><speed>-1.0</speed><course>-1.0</course><hAcc>0.0</hAcc><vAcc>0.0</vAcc></extensions></trkpt><trkpt lat="49.66208129999996" lon="11.061019150000035"><ele>273.21</ele><time>2026-09-20T7:01:18Z</time><extensions><speed>-1.0</speed><course>-1.0</course><hAcc>0.0</hAcc><vAcc>0.0</vAcc></extensions></trkpt><trkpt lat="49.66215429999996" lon="11.061080480000035"><ele>273.21</ele><time>2026-09-20T7:01:19Z</time><extensions><speed>-1.0</speed><course>-1.0</course><hAcc>0.0</hAcc><vAcc>0.0</vAcc></extensions></trkpt><trkpt lat="49.662218299999964" lon="11.061136480000036"><ele>273.21</ele><time>2026-09-20T7:01:20Z</time><extensions><speed>-1.0</speed><course>-1.0</course><hAcc>0.0</hAcc><vAcc>0.0</vAcc></extensions></trkpt><trkpt lat="49.662293299999966" lon="11.061204480000036"><ele>273.21</ele><time>2026-09-20T7:01:22Z</time><extensions><speed>-1.0</speed><course>-1.0</course><hAcc>0.0</hAcc><vAcc>0.0</vAcc></extensions></trkpt><trkpt lat="49.66237396999997" lon="11.061278150000037"><ele>273.21</ele><time>2026-09-20T7:01:24Z</time><extensions><speed>-1.0</speed><course>-1.0</course><hAcc>0.0</hAcc><vAcc>0.0</vAcc></extensions></trkpt><trkpt lat="49.66245996999997" lon="11.061373820000037"><ele>273.21</ele><time>2026-09-20T7:01:26Z</time><extensions><speed>-1.0</speed><course>-1.0</course><hAcc>0.0</hAcc><vAcc>0.0</vAcc></extensions></trkpt><trkpt lat="49.662528969999975" lon="11.061451490000037"><ele>273.21</ele><time>2026-09-20T7:01:27Z</time><extensions><speed>-1.0</speed><course>-1.0</course><hAcc>0.0</hAcc><vAcc>0.0</vAcc></extensions></trkpt><trkpt lat="49.662591299999974" lon="11.061511160000038"><ele>273.21</ele><time>2026-09-20T7:01:28Z</time><extensions><speed>-1.0</speed><course>-1.0</course><hAcc>0.0</hAcc><vAcc>0.0</vAcc></extensions></trkpt><trkpt lat="49.66265929999997" lon="11.061584490000037"><ele>273.21</ele><time>2026-09-20T7:01:30Z</time><extensions><speed>-1.0</speed><course>-1.0</course><hAcc>0.0</hAcc><vAcc>0.0</vAcc></extensions></trkpt><trkpt lat="49.66273062999997" lon="11.061667490000037"><ele>273.21</ele><time>2026-09-20T7:01:32Z</time><extensions><speed>-1.0</speed><course>-1.0</course><hAcc>0.0</hAcc><vAcc>0.0</vAcc></extensions></trkpt><trkpt lat="49.66280295999997" lon="11.061755490000037"><ele>273.21</ele><time>2026-09-20T7:01:34Z</time><extensions><speed>-1.0</speed><course>-1.0</course><hAcc>0.0</hAcc><vAcc>0.0</vAcc></extensions></trkpt><trkpt lat="49.66288462999997" lon="11.061847160000037"><ele>273.21</ele><time>2026-09-20T7:01:36Z</time><extensions><speed>-1.0</speed><course>-1.0</course><hAcc>0.0</hAcc><vAcc>0.0</vAcc></extensions></trkpt><trkpt lat="49.662959959999974" lon="11.061945830000036"><ele>273.21</ele><time>2026-09-20T7:01:38Z</time><extensions><speed>-1.0</speed><course>-1.0</course><hAcc>0.0</hAcc><vAcc>0.0</vAcc></extensions></trkpt><trkpt lat="49.66303328999997" lon="11.062049500000036"><ele>273.21</ele><time>2026-09-20T7:01:40Z</time><extensions><speed>-1.0</speed><course>-1.0</course><hAcc>0.0</hAcc><vAcc>0.0</vAcc></extensions></trkpt><trkpt lat="49.663105289999976" lon="11.062156170000035"><ele>273.21</ele><time>2026-09-20T7:01:42Z</time><extensions><speed>-1.0</speed><course>-1.0</course><hAcc>0.0</hAcc><vAcc>0.0</vAcc></extensions></trkpt><trkpt lat="49.66318295999998" lon="11.062271170000034"><ele>273.21</ele><time>2026-09-20T7:01:44Z</time><extensions><speed>-1.0</speed><course>-1.0</course><hAcc>0.0</hAcc><vAcc>0.0</vAcc></extensions></trkpt><trkpt lat="49.66325562999998" lon="11.062386500000034"><ele>273.21</ele><time>2026-09-20T7:01:46Z</time><extensions><speed>-1.0</speed><course>-1.0</course><hAcc>0.0</hAcc><vAcc>0.0</vAcc></extensions></trkpt><trkpt lat="49.66332495999998" lon="11.062500830000035"><ele>273.21</ele><time>2026-09-20T7:01:48Z</time><extensions><speed>-1.0</speed><course>-1.0</course><hAcc>0.0</hAcc><vAcc>0.0</vAcc></extensions></trkpt><trkpt lat="49.663391629999985" lon="11.062616500000034"><ele>273.21</ele><time>2026-09-20T7:01:50Z</time><extensions><speed>-1.0</speed><course>-1.0</course><hAcc>0.0</hAcc><vAcc>0.0</vAcc></extensions></trkpt><trkpt lat="49.663456629999985" lon="11.062737170000034"><ele>273.21</ele><time>2026-09-20T7:01:52Z</time><extensions><speed>-1.0</speed><course>-1.0</course><hAcc>0.0</hAcc><vAcc>0.0</vAcc></extensions></trkpt><trkpt lat="49.66352029999999" lon="11.062862500000033"><ele>273.21</ele><time>2026-09-20T7:01:54Z</time><extensions><speed>-1.0</speed><course>-1.0</course><hAcc>0.0</hAcc><vAcc>0.0</vAcc></extensions></trkpt><trkpt lat="49.66358129999999" lon="11.062991500000033"><ele>273.21</ele><time>2026-09-20T7:01:56Z</time><extensions><speed>-1.0</speed><course>-1.0</course><hAcc>0.0</hAcc><vAcc>0.0</vAcc></extensions></trkpt><trkpt lat="49.66364396999999" lon="11.063106830000033"><ele>273.21</ele><time>2026-09-20T7:01:58Z</time><extensions><speed>-1.0</speed><course>-1.0</course><hAcc>0.0</hAcc><vAcc>0.0</vAcc></extensions></trkpt><trkpt lat="49.66370929999999" lon="11.063230160000032"><ele>273.21</ele><time>2026-09-20T7:02:00Z</time><extensions><speed>-1.0</speed><course>-1.0</course><hAcc>0.0</hAcc><vAcc>0.0</vAcc></extensions></trkpt><trkpt lat="49.66376962999998" lon="11.063359160000031"><ele>273.21</ele><time>2026-09-20T7:02:02Z</time><extensions><speed>-1.0</speed><course>-1.0</course><hAcc>0.0</hAcc><vAcc>0.0</vAcc></extensions></trkpt><trkpt lat="49.663825629999984" lon="11.063486160000032"><ele>273.21</ele><time>2026-09-20T7:02:04Z</time><extensions><speed>-1.0</speed><course>-1.0</course><hAcc>0.0</hAcc><vAcc>0.0</vAcc></extensions></trkpt><trkpt lat="49.663869959999985" lon="11.063594830000032"><ele>273.21</ele><time>2026-09-20T7:02:05Z</time><extensions><speed>-1.0</speed><course>-1.0</course><hAcc>0.0</hAcc><vAcc>0.0</vAcc></extensions></trkpt><trkpt lat="49.66390795999999" lon="11.063716500000032"><ele>274.03000000000003</ele><time>2026-09-20T7:02:07Z</time><extensions><speed>-1.0</speed><course>-1.0</course><hAcc>0.0</hAcc><vAcc>0.0</vAcc></extensions></trkpt><trkpt lat="49.66393628999999" lon="11.063823170000031"><ele>274.03000000000003</ele><time>2026-09-20T7:02:08Z</time><extensions><speed>-1.0</speed><course>-1.0</course><hAcc>0.0</hAcc><vAcc>0.0</vAcc></extensions></trkpt><trkpt lat="49.66396061999999" lon="11.063946170000031"><ele>274.03000000000003</ele><time>2026-09-20T7:02:10Z</time><extensions><speed>-1.0</speed><course>-1.0</course><hAcc>0.0</hAcc><vAcc>0.0</vAcc></extensions></trkpt><trkpt lat="49.66398628999999" lon="11.064073840000031"><ele>274.03000000000003</ele><time>2026-09-20T7:02:12Z</time><extensions><speed>-1.0</speed><course>-1.0</course><hAcc>0.0</hAcc><vAcc>0.0</vAcc></extensions></trkpt><trkpt lat="49.66400895999999" lon="11.06420651000003"><ele>274.03000000000003</ele><time>2026-09-20T7:02:14Z</time><extensions><speed>-1.0</speed><course>-1.0</course><hAcc>0.0</hAcc><vAcc>0.0</vAcc></extensions></trkpt><trkpt lat="49.66403062999999" lon="11.06434151000003"><ele>274.03000000000003</ele><time>2026-09-20T7:02:16Z</time><extensions><speed>-1.0</speed><course>-1.0</course><hAcc>0.0</hAcc><vAcc>0.0</vAcc></extensions></trkpt><trkpt lat="49.66404862999999" lon="11.06447884000003"><ele>274.03000000000003</ele><time>2026-09-20T7:02:18Z</time><extensions><speed>-1.0</speed><course>-1.0</course><hAcc>0.0</hAcc><vAcc>0.0</vAcc></extensions></trkpt><trkpt lat="49.66406362999999" lon="11.06461784000003"><ele>274.03000000000003</ele><time>2026-09-20T7:02:20Z</time><extensions><speed>-1.0</speed><course>-1.0</course><hAcc>0.0</hAcc><vAcc>0.0</vAcc></extensions></trkpt><trkpt lat="49.66408195999999" lon="11.064756840000031"><ele>274.03000000000003</ele><time>2026-09-20T7:02:22Z</time><extensions><speed>-1.0</speed><course>-1.0</course><hAcc>0.0</hAcc><vAcc>0.0</vAcc></extensions></trkpt><trkpt lat="49.66410328999999" lon="11.064895510000031"><ele>274.03000000000003</ele><time>2026-09-20T7:02:24Z</time><extensions><speed>-1.0</speed><course>-1.0</course><hAcc>0.0</hAcc><vAcc>0.0</vAcc></extensions></trkpt><trkpt lat="49.664119289999995" lon="11.065012180000032"><ele>274.03000000000003</ele><time>2026-09-20T7:02:25Z</time><extensions><speed>-1.0</speed><course>-1.0</course><hAcc>0.0</hAcc><vAcc>0.0</vAcc></extensions></trkpt><trkpt lat="49.664132959999996" lon="11.065138510000033"><ele>274.03000000000003</ele><time>2026-09-20T7:02:27Z</time><extensions><speed>-1.0</speed><course>-1.0</course><hAcc>0.0</hAcc><vAcc>0.0</vAcc></extensions></trkpt><trkpt lat="49.66414296" lon="11.065244510000033"><ele>274.03000000000003</ele><time>2026-09-20T7:02:28Z</time><extensions><speed>-1.0</speed><course>-1.0</course><hAcc>0.0</hAcc><vAcc>0.0</vAcc></extensions></trkpt><trkpt lat="49.66415529" lon="11.065356510000033"><ele>274.03000000000003</ele><time>2026-09-20T7:02:30Z</time><extensions><speed>-1.0</speed><course>-1.0</course><hAcc>0.0</hAcc><vAcc>0.0</vAcc></extensions></trkpt><trkpt lat="49.664149619999996" lon="11.065468840000033"><ele>274.03000000000003</ele><time>2026-09-20T7:02:32Z</time><extensions><speed>-1.0</speed><course>-1.0</course><hAcc>0.0</hAcc><vAcc>0.0</vAcc></extensions></trkpt><trkpt lat="49.664113619999995" lon="11.065554840000033"><ele>274.03000000000003</ele><time>2026-09-20T7:02:34Z</time><extensions><speed>-1.0</speed><course>-1.0</course><hAcc>0.0</hAcc><vAcc>0.0</vAcc></extensions></trkpt><trkpt lat="49.66405828999999" lon="11.065612170000033"><ele>274.84000000000003</ele><time>2026-09-20T7:02:36Z</time><extensions><speed>-1.0</speed><course>-1.0</course><hAcc>0.0</hAcc><vAcc>0.0</vAcc></extensions></trkpt><trkpt lat="49.663992619999995" lon="11.065673500000033"><ele>274.84000000000003</ele><time>2026-09-20T7:02:38Z</time><extensions><speed>-1.0</speed><course>-1.0</course><hAcc>0.0</hAcc><vAcc>0.0</vAcc></extensions></trkpt><trkpt lat="49.663930619999995" lon="11.065759500000032"><ele>274.84000000000003</ele><time>2026-09-20T7:02:40Z</time><extensions><speed>-1.0</speed><course>-1.0</course><hAcc>0.0</hAcc><vAcc>0.0</vAcc></extensions></trkpt><trkpt lat="49.663876949999995" lon="11.065861830000033"><ele>274.84000000000003</ele><time>2026-09-20T7:02:42Z</time><extensions><speed>-1.0</speed><course>-1.0</course><hAcc>0.0</hAcc><vAcc>0.0</vAcc></extensions></trkpt><trkpt lat="49.66382495" lon="11.065971500000034"><ele>274.84000000000003</ele><time>2026-09-20T7:02:44Z</time><extensions><speed>-1.0</speed><course>-1.0</course><hAcc>0.0</hAcc><vAcc>0.0</vAcc></extensions></trkpt><trkpt lat="49.66377462" lon="11.066089170000033"><ele>274.84000000000003</ele><time>2026-09-20T7:02:46Z</time><extensions><speed>-1.0</speed><course>-1.0</course><hAcc>0.0</hAcc><vAcc>0.0</vAcc></extensions></trkpt><trkpt lat="49.66372429" lon="11.066207840000034"><ele>274.84000000000003</ele><time>2026-09-20T7:02:48Z</time><extensions><speed>-1.0</speed><course>-1.0</course><hAcc>0.0</hAcc><vAcc>0.0</vAcc></extensions></trkpt><trkpt lat="49.66367396" lon="11.066326170000034"><ele>274.84000000000003</ele><time>2026-09-20T7:02:50Z</time><extensions><speed>-1.0</speed><course>-1.0</course><hAcc>0.0</hAcc><vAcc>0.0</vAcc></extensions></trkpt><trkpt lat="49.663629289999996" lon="11.066450840000034"><ele>274.84000000000003</ele><time>2026-09-20T7:02:52Z</time><extensions><speed>-1.0</speed><course>-1.0</course><hAcc>0.0</hAcc><vAcc>0.0</vAcc></extensions></trkpt><trkpt lat="49.66358596" lon="11.066576510000033"><ele>274.84000000000003</ele><time>2026-09-20T7:02:54Z</time><extensions><speed>-1.0</speed><course>-1.0</course><hAcc>0.0</hAcc><vAcc>0.0</vAcc></extensions></trkpt><trkpt lat="49.66354896" lon="11.066680180000033"><ele>274.84000000000003</ele><time>2026-09-20T7:02:55Z</time><extensions><speed>-1.0</speed><course>-1.0</course><hAcc>0.0</hAcc><vAcc>0.0</vAcc></extensions></trkpt><trkpt lat="49.66351696" lon="11.066770850000033"><ele>275.93</ele><time>2026-09-20T7:02:56Z</time><extensions><speed>-1.0</speed><course>-1.0</course><hAcc>0.0</hAcc><vAcc>0.0</vAcc></extensions></trkpt><trkpt lat="49.66348163" lon="11.066872520000032"><ele>275.93</ele><time>2026-09-20T7:02:58Z</time><extensions><speed>-1.0</speed><course>-1.0</course><hAcc>0.0</hAcc><vAcc>0.0</vAcc></extensions></trkpt><trkpt lat="49.6634453" lon="11.066985190000032"><ele>275.93</ele><time>2026-09-20T7:03:00Z</time><extensions><speed>-1.0</speed><course>-1.0</course><hAcc>0.0</hAcc><vAcc>0.0</vAcc></extensions></trkpt><trkpt lat="49.6634083" lon="11.067101190000033"><ele>275.93</ele><time>2026-09-20T7:03:02Z</time><extensions><speed>-1.0</speed><course>-1.0</course><hAcc>0.0</hAcc><vAcc>0.0</vAcc></extensions></trkpt><trkpt lat="49.66336997" lon="11.067218860000033"><ele>275.93</ele><time>2026-09-20T7:03:04Z</time><extensions><speed>-1.0</speed><course>-1.0</course><hAcc>0.0</hAcc><vAcc>0.0</vAcc></extensions></trkpt><trkpt lat="49.66333064" lon="11.067339860000033"><ele>275.93</ele><time>2026-09-20T7:03:06Z</time><extensions><speed>-1.0</speed><course>-1.0</course><hAcc>0.0</hAcc><vAcc>0.0</vAcc></extensions></trkpt><trkpt lat="49.66329097" lon="11.067463860000032"><ele>275.93</ele><time>2026-09-20T7:03:08Z</time><extensions><speed>-1.0</speed><course>-1.0</course><hAcc>0.0</hAcc><vAcc>0.0</vAcc></extensions></trkpt><trkpt lat="49.6632503" lon="11.067587860000032"><ele>275.93</ele><time>2026-09-20T7:03:10Z</time><extensions><speed>-1.0</speed><course>-1.0</course><hAcc>0.0</hAcc><vAcc>0.0</vAcc></extensions></trkpt><trkpt lat="49.663212970000004" lon="11.067704860000031"><ele>275.93</ele><time>2026-09-20T7:03:12Z</time><extensions><speed>-1.0</speed><course>-1.0</course><hAcc>0.0</hAcc><vAcc>0.0</vAcc></extensions></trkpt><trkpt lat="49.663172970000005" lon="11.067829190000031"><ele>277.03000000000003</ele><time>2026-09-20T7:03:14Z</time><extensions><speed>-1.0</speed><course>-1.0</course><hAcc>0.0</hAcc><vAcc>0.0</vAcc></extensions></trkpt><trkpt lat="49.66313164" lon="11.067953190000031"><ele>277.03000000000003</ele><time>2026-09-20T7:03:16Z</time><extensions><speed>-1.0</speed><course>-1.0</course><hAcc>0.0</hAcc><vAcc>0.0</vAcc></extensions></trkpt><trkpt lat="49.66308731" lon="11.068073190000032"><ele>277.03000000000003</ele><time>2026-09-20T7:03:18Z</time><extensions><speed>-1.0</speed><course>-1.0</course><hAcc>0.0</hAcc><vAcc>0.0</vAcc></extensions></trkpt><trkpt lat="49.66303364" lon="11.068177190000032"><ele>277.03000000000003</ele><time>2026-09-20T7:03:20Z</time><extensions><speed>-1.0</speed><course>-1.0</course><hAcc>0.0</hAcc><vAcc>0.0</vAcc></extensions></trkpt><trkpt lat="49.66296697" lon="11.068248860000033"><ele>277.03000000000003</ele><time>2026-09-20T7:03:22Z</time><extensions><speed>-1.0</speed><course>-1.0</course><hAcc>0.0</hAcc><vAcc>0.0</vAcc></extensions></trkpt><trkpt lat="49.66289097" lon="11.068292190000033"><ele>277.03000000000003</ele><time>2026-09-20T7:03:24Z</time><extensions><speed>-1.0</speed><course>-1.0</course><hAcc>0.0</hAcc><vAcc>0.0</vAcc></extensions></trkpt><trkpt lat="49.66281164" lon="11.068327190000034"><ele>277.03000000000003</ele><time>2026-09-20T7:03:26Z</time><extensions><speed>-1.0</speed><course>-1.0</course><hAcc>0.0</hAcc><vAcc>0.0</vAcc></extensions></trkpt><trkpt lat="49.66273064" lon="11.068372520000034"><ele>277.03000000000003</ele><time>2026-09-20T7:03:28Z</time><extensions><speed>-1.0</speed><course>-1.0</course><hAcc>0.0</hAcc><vAcc>0.0</vAcc></extensions></trkpt><trkpt lat="49.66265197" lon="11.068432190000035"><ele>277.03000000000003</ele><time>2026-09-20T7:03:30Z</time><extensions><speed>-1.0</speed><course>-1.0</course><hAcc>0.0</hAcc><vAcc>0.0</vAcc></extensions></trkpt><trkpt lat="49.66257864" lon="11.068509520000035"><ele>277.03000000000003</ele><time>2026-09-20T7:03:32Z</time><extensions><speed>-1.0</speed><course>-1.0</course><hAcc>0.0</hAcc><vAcc>0.0</vAcc></extensions></trkpt><trkpt lat="49.66251197" lon="11.068598190000035"><ele>277.03000000000003</ele><time>2026-09-20T7:03:34Z</time><extensions><speed>-1.0</speed><course>-1.0</course><hAcc>0.0</hAcc><vAcc>0.0</vAcc></extensions></trkpt><trkpt lat="49.66245197" lon="11.068698860000035"><ele>277.03000000000003</ele><time>2026-09-20T7:03:36Z</time><extensions><speed>-1.0</speed><course>-1.0</course><hAcc>0.0</hAcc><vAcc>0.0</vAcc></extensions></trkpt><trkpt lat="49.6624003" lon="11.068809190000035"><ele>277.03000000000003</ele><time>2026-09-20T7:03:38Z</time><extensions><speed>-1.0</speed><course>-1.0</course><hAcc>0.0</hAcc><vAcc>0.0</vAcc></extensions></trkpt><trkpt lat="49.66236197" lon="11.068933190000035"><ele>277.03000000000003</ele><time>2026-09-20T7:03:40Z</time><extensions><speed>-1.0</speed><course>-1.0</course><hAcc>0.0</hAcc><vAcc>0.0</vAcc></extensions></trkpt><trkpt lat="49.6623343" lon="11.069067190000034"><ele>277.84000000000003</ele><time>2026-09-20T7:03:42Z</time><extensions><speed>-1.0</speed><course>-1.0</course><hAcc>0.0</hAcc><vAcc>0.0</vAcc></extensions></trkpt><trkpt lat="49.66231497" lon="11.069208860000034"><ele>277.84000000000003</ele><time>2026-09-20T7:03:44Z</time><extensions><speed>-1.0</speed><course>-1.0</course><hAcc>0.0</hAcc><vAcc>0.0</vAcc></extensions></trkpt><trkpt lat="49.6623023" lon="11.069351860000033"><ele>277.84000000000003</ele><time>2026-09-20T7:03:46Z</time><extensions><speed>-1.0</speed><course>-1.0</course><hAcc>0.0</hAcc><vAcc>0.0</vAcc></extensions></trkpt><trkpt lat="49.66229263" lon="11.069495530000033"><ele>278.84000000000003</ele><time>2026-09-20T7:03:48Z</time><extensions><speed>-1.0</speed><course>-1.0</course><hAcc>0.0</hAcc><vAcc>0.0</vAcc></extensions></trkpt><trkpt lat="49.66228763" lon="11.069636530000032"><ele>278.84000000000003</ele><time>2026-09-20T7:03:50Z</time><extensions><speed>-1.0</speed><course>-1.0</course><hAcc>0.0</hAcc><vAcc>0.0</vAcc></extensions></trkpt><trkpt lat="49.662289630000004" lon="11.069776200000032"><ele>278.84000000000003</ele><time>2026-09-20T7:03:52Z</time><extensions><speed>-1.0</speed><course>-1.0</course><hAcc>0.0</hAcc><vAcc>0.0</vAcc></extensions></trkpt><trkpt lat="49.6622933" lon="11.069892530000033"><ele>278.84000000000003</ele><time>2026-09-20T7:03:53Z</time><extensions><speed>-1.0</speed><course>-1.0</course><hAcc>0.0</hAcc><vAcc>0.0</vAcc></extensions></trkpt><trkpt lat="49.6622973" lon="11.069993860000032"><ele>278.84000000000003</ele><time>2026-09-20T7:03:54Z</time><extensions><speed>-1.0</speed><course>-1.0</course><hAcc>0.0</hAcc><vAcc>0.0</vAcc></extensions></trkpt><trkpt lat="49.66229963" lon="11.070102190000032"><ele>278.84000000000003</ele><time>2026-09-20T7:03:56Z</time><extensions><speed>-1.0</speed><course>-1.0</course><hAcc>0.0</hAcc><vAcc>0.0</vAcc></extensions></trkpt><trkpt lat="49.6623003" lon="11.070220190000033"><ele>278.84000000000003</ele><time>2026-09-20T7:03:58Z</time><extensions><speed>-1.0</speed><course>-1.0</course><hAcc>0.0</hAcc><vAcc>0.0</vAcc></extensions></trkpt><trkpt lat="49.6623053" lon="11.070341860000033"><ele>278.84000000000003</ele><time>2026-09-20T7:04:00Z</time><extensions><speed>-1.0</speed><course>-1.0</course><hAcc>0.0</hAcc><vAcc>0.0</vAcc></extensions></trkpt><trkpt lat="49.66230997" lon="11.070463190000034"><ele>278.84000000000003</ele><time>2026-09-20T7:04:02Z</time><extensions><speed>-1.0</speed><course>-1.0</course><hAcc>0.0</hAcc><vAcc>0.0</vAcc></extensions></trkpt><trkpt lat="49.66231564" lon="11.070583190000034"><ele>278.84000000000003</ele><time>2026-09-20T7:04:04Z</time><extensions><speed>-1.0</speed><course>-1.0</course><hAcc>0.0</hAcc><vAcc>0.0</vAcc></extensions></trkpt><trkpt lat="49.66232497" lon="11.070703190000035"><ele>278.84000000000003</ele><time>2026-09-20T7:04:06Z</time><extensions><speed>-1.0</speed><course>-1.0</course><hAcc>0.0</hAcc><vAcc>0.0</vAcc></extensions></trkpt><trkpt lat="49.66233264" lon="11.070824190000035"><ele>278.84000000000003</ele><time>2026-09-20T7:04:08Z</time><extensions><speed>-1.0</speed><course>-1.0</course><hAcc>0.0</hAcc><vAcc>0.0</vAcc></extensions></trkpt><trkpt lat="49.66233831" lon="11.070946520000035"><ele>278.84000000000003</ele><time>2026-09-20T7:04:10Z</time><extensions><speed>-1.0</speed><course>-1.0</course><hAcc>0.0</hAcc><vAcc>0.0</vAcc></extensions></trkpt><trkpt lat="49.66233631" lon="11.071062850000036"><ele>279.66</ele><time>2026-09-20T7:04:12Z</time><extensions><speed>-1.0</speed><course>-1.0</course><hAcc>0.0</hAcc><vAcc>0.0</vAcc></extensions></trkpt><trkpt lat="49.66230864" lon="11.071151520000036"><ele>279.66</ele><time>2026-09-20T7:04:14Z</time><extensions><speed>-1.0</speed><course>-1.0</course><hAcc>0.0</hAcc><vAcc>0.0</vAcc></extensions></trkpt><trkpt lat="49.66225964" lon="11.071201520000036"><ele>279.66</ele><time>2026-09-20T7:04:16Z</time><extensions><speed>-1.0</speed><course>-1.0</course><hAcc>0.0</hAcc><vAcc>0.0</vAcc></extensions></trkpt><trkpt lat="49.66219297" lon="11.071229850000035"><ele>279.66</ele><time>2026-09-20T7:04:18Z</time><extensions><speed>-1.0</speed><course>-1.0</course><hAcc>0.0</hAcc><vAcc>0.0</vAcc></extensions></trkpt><trkpt lat="49.6621313" lon="11.071248850000035"><ele>279.66</ele><time>2026-09-20T7:04:19Z</time><extensions><speed>-1.0</speed><course>-1.0</course><hAcc>0.0</hAcc><vAcc>0.0</vAcc></extensions></trkpt><trkpt lat="49.66207697" lon="11.071258850000035"><ele>279.66</ele><time>2026-09-20T7:04:20Z</time><extensions><speed>-1.0</speed><course>-1.0</course><hAcc>0.0</hAcc><vAcc>0.0</vAcc></extensions></trkpt><trkpt lat="49.6620123" lon="11.071264180000036"><ele>281.21</ele><time>2026-09-20T7:04:22Z</time><extensions><speed>-1.0</speed><course>-1.0</course><hAcc>0.0</hAcc><vAcc>0.0</vAcc></extensions></trkpt><trkpt lat="49.6619383" lon="11.071268180000036"><ele>281.21</ele><time>2026-09-20T7:04:24Z</time><extensions><speed>-1.0</speed><course>-1.0</course><hAcc>0.0</hAcc><vAcc>0.0</vAcc></extensions></trkpt><trkpt lat="49.66185663" lon="11.071266850000036"><ele>281.21</ele><time>2026-09-20T7:04:26Z</time><extensions><speed>-1.0</speed><course>-1.0</course><hAcc>0.0</hAcc><vAcc>0.0</vAcc></extensions></trkpt><trkpt lat="49.6617673" lon="11.071277850000037"><ele>281.21</ele><time>2026-09-20T7:04:28Z</time><extensions><speed>-1.0</speed><course>-1.0</course><hAcc>0.0</hAcc><vAcc>0.0</vAcc></extensions></trkpt><trkpt lat="49.66167963" lon="11.071294520000038"><ele>281.21</ele><time>2026-09-20T7:04:30Z</time><extensions><speed>-1.0</speed><course>-1.0</course><hAcc>0.0</hAcc><vAcc>0.0</vAcc></extensions></trkpt><trkpt lat="49.6615963" lon="11.071321190000038"><ele>281.21</ele><time>2026-09-20T7:04:32Z</time><extensions><speed>-1.0</speed><course>-1.0</course><hAcc>0.0</hAcc><vAcc>0.0</vAcc></extensions></trkpt><trkpt lat="49.6615153" lon="11.071351860000037"><ele>281.21</ele><time>2026-09-20T7:04:34Z</time><extensions><speed>-1.0</speed><course>-1.0</course><hAcc>0.0</hAcc><vAcc>0.0</vAcc></extensions></trkpt><trkpt lat="49.6614333" lon="11.071382190000037"><ele>281.21</ele><time>2026-09-20T7:04:36Z</time><extensions><speed>-1.0</speed><course>-1.0</course><hAcc>0.0</hAcc><vAcc>0.0</vAcc></extensions></trkpt><trkpt lat="49.66135063" lon="11.071417190000037"><ele>281.21</ele><time>2026-09-20T7:04:38Z</time><extensions><speed>-1.0</speed><course>-1.0</course><hAcc>0.0</hAcc><vAcc>0.0</vAcc></extensions></trkpt><trkpt lat="49.6612703" lon="11.071451860000037"><ele>282.03000000000003</ele><time>2026-09-20T7:04:40Z</time><extensions><speed>-1.0</speed><course>-1.0</course><hAcc>0.0</hAcc><vAcc>0.0</vAcc></extensions></trkpt><trkpt lat="49.6611973" lon="11.071483860000036"><ele>282.03000000000003</ele><time>2026-09-20T7:04:42Z</time><extensions><speed>-1.0</speed><course>-1.0</course><hAcc>0.0</hAcc><vAcc>0.0</vAcc></extensions></trkpt><trkpt lat="49.66112963" lon="11.071516190000036"><ele>282.03000000000003</ele><time>2026-09-20T7:04:44Z</time><extensions><speed>-1.0</speed><course>-1.0</course><hAcc>0.0</hAcc><vAcc>0.0</vAcc></extensions></trkpt><trkpt lat="49.661062959999995" lon="11.071542860000037"><ele>282.03000000000003</ele><time>2026-09-20T7:04:46Z</time><extensions><speed>-1.0</speed><course>-1.0</course><hAcc>0.0</hAcc><vAcc>0.0</vAcc></extensions></trkpt><trkpt lat="49.661014959999996" lon="11.071552190000036"><ele>282.03000000000003</ele><time>2026-09-20T7:04:48Z</time><extensions><speed>-1.0</speed><course>-1.0</course><hAcc>0.0</hAcc><vAcc>0.0</vAcc></extensions></trkpt><trkpt lat="49.66098629" lon="11.071559520000037"><ele>282.03000000000003</ele><time>2026-09-20T7:04:50Z</time><extensions><speed>-1.0</speed><course>-1.0</course><hAcc>0.0</hAcc><vAcc>0.0</vAcc></extensions></trkpt><trkpt lat="49.660964959999994" lon="11.071564850000037"><ele>282.03000000000003</ele><time>2026-09-20T7:04:51Z</time><extensions><speed>-1.0</speed><course>-1.0</course><hAcc>0.0</hAcc><vAcc>0.0</vAcc></extensions></trkpt><trkpt lat="49.66094828999999" lon="11.071567850000037"><ele>282.03000000000003</ele><time>2026-09-20T7:04:53Z</time><extensions><speed>-1.0</speed><course>-1.0</course><hAcc>0.0</hAcc><vAcc>0.0</vAcc></extensions></trkpt><trkpt lat="49.66093728999999" lon="11.071568520000037"><ele>282.03000000000003</ele><time>2026-09-20T7:04:54Z</time><extensions><speed>-1.0</speed><course>-1.0</course><hAcc>0.0</hAcc><vAcc>0.0</vAcc></extensions></trkpt><trkpt lat="49.66092628999999" lon="11.071568850000038"><ele>282.03000000000003</ele><time>2026-09-20T7:04:56Z</time><extensions><speed>-1.0</speed><course>-1.0</course><hAcc>0.0</hAcc><vAcc>0.0</vAcc></extensions></trkpt><trkpt lat="49.660919289999995" lon="11.071565520000037"><ele>282.03000000000003</ele><time>2026-09-20T7:04:58Z</time><extensions><speed>-1.0</speed><course>-1.0</course><hAcc>0.0</hAcc><vAcc>0.0</vAcc></extensions></trkpt><trkpt lat="49.660913959999995" lon="11.071562520000038"><ele>282.03000000000003</ele><time>2026-09-20T7:04:59Z</time><extensions><speed>-1.0</speed><course>-1.0</course><hAcc>0.0</hAcc><vAcc>0.0</vAcc></extensions></trkpt><trkpt lat="49.66090763" lon="11.071563850000038"><ele>282.03000000000003</ele><time>2026-09-20T7:05:01Z</time><extensions><speed>-1.0</speed><course>-1.0</course><hAcc>0.0</hAcc><vAcc>0.0</vAcc></extensions></trkpt><trkpt lat="49.660903299999994" lon="11.071563180000037"><ele>282.03000000000003</ele><time>2026-09-20T7:05:02Z</time><extensions><speed>-1.0</speed><course>-1.0</course><hAcc>0.0</hAcc><vAcc>0.0</vAcc></extensions></trkpt><trkpt lat="49.66089029999999" lon="11.071558510000038"><ele>282.03000000000003</ele><time>2026-09-20T7:05:07Z</time><extensions><speed>-1.0</speed><course>-1.0</course><hAcc>0.0</hAcc><vAcc>0.0</vAcc></extensions></trkpt><trkpt lat="49.660877969999994" lon="11.071558510000038"><ele>282.03000000000003</ele><time>2026-09-20T7:05:10Z</time><extensions><speed>-1.0</speed><course>-1.0</course><hAcc>0.0</hAcc><vAcc>0.0</vAcc></extensions></trkpt><trkpt lat="49.660874969999995" lon="11.071556510000038"><ele>282.03000000000003</ele><time>2026-09-20T7:05:12Z</time><extensions><speed>-1.0</speed><course>-1.0</course><hAcc>0.0</hAcc><vAcc>0.0</vAcc></extensions></trkpt><trkpt lat="49.66086729999999" lon="11.071553180000038"><ele>282.03000000000003</ele><time>2026-09-20T7:05:14Z</time><extensions><speed>-1.0</speed><course>-1.0</course><hAcc>0.0</hAcc><vAcc>0.0</vAcc></extensions></trkpt><trkpt lat="49.660857629999995" lon="11.071550510000037"><ele>282.03000000000003</ele><time>2026-09-20T7:05:16Z</time><extensions><speed>-1.0</speed><course>-1.0</course><hAcc>0.0</hAcc><vAcc>0.0</vAcc></extensions></trkpt><trkpt lat="49.66085063" lon="11.071550510000037"><ele>282.03000000000003</ele><time>2026-09-20T7:05:18Z</time><extensions><speed>-1.0</speed><course>-1.0</course><hAcc>0.0</hAcc><vAcc>0.0</vAcc></extensions></trkpt><trkpt lat="49.6608393" lon="11.071558180000038"><ele>282.03000000000003</ele><time>2026-09-20T7:05:22Z</time><extensions><speed>-1.0</speed><course>-1.0</course><hAcc>0.0</hAcc><vAcc>0.0</vAcc></extensions></trkpt><trkpt lat="49.6608413" lon="11.071554850000037"><ele>282.03000000000003</ele><time>2026-09-20T7:05:24Z</time><extensions><speed>-1.0</speed><course>-1.0</course><hAcc>0.0</hAcc><vAcc>0.0</vAcc></extensions></trkpt><trkpt lat="49.660842970000004" lon="11.071541180000038"><ele>282.03000000000003</ele><time>2026-09-20T7:05:26Z</time><extensions><speed>-1.0</speed><course>-1.0</course><hAcc>0.0</hAcc><vAcc>0.0</vAcc></extensions></trkpt><trkpt lat="49.660842970000004" lon="11.071519180000038"><ele>282.03000000000003</ele><time>2026-09-20T7:05:28Z</time><extensions><speed>-1.0</speed><course>-1.0</course><hAcc>0.0</hAcc><vAcc>0.0</vAcc></extensions></trkpt><trkpt lat="49.660842640000006" lon="11.071491850000038"><ele>282.03000000000003</ele><time>2026-09-20T7:05:30Z</time><extensions><speed>-1.0</speed><course>-1.0</course><hAcc>0.0</hAcc><vAcc>0.0</vAcc></extensions></trkpt><trkpt lat="49.660845310000006" lon="11.071461850000038"><ele>282.03000000000003</ele><time>2026-09-20T7:05:32Z</time><extensions><speed>-1.0</speed><course>-1.0</course><hAcc>0.0</hAcc><vAcc>0.0</vAcc></extensions></trkpt><trkpt lat="49.66084964000001" lon="11.071429180000038"><ele>282.03000000000003</ele><time>2026-09-20T7:05:34Z</time><extensions><speed>-1.0</speed><course>-1.0</course><hAcc>0.0</hAcc><vAcc>0.0</vAcc></extensions></trkpt><trkpt lat="49.660853640000006" lon="11.071402180000039"><ele>282.03000000000003</ele><time>2026-09-20T7:05:35Z</time><extensions><speed>-1.0</speed><course>-1.0</course><hAcc>0.0</hAcc><vAcc>0.0</vAcc></extensions></trkpt><trkpt lat="49.66085831000001" lon="11.071378180000039"><ele>282.03000000000003</ele><time>2026-09-20T7:05:37Z</time><extensions><speed>-1.0</speed><course>-1.0</course><hAcc>0.0</hAcc><vAcc>0.0</vAcc></extensions></trkpt><trkpt lat="49.66086064000001" lon="11.07135818000004"><ele>282.03000000000003</ele><time>2026-09-20T7:05:38Z</time><extensions><speed>-1.0</speed><course>-1.0</course><hAcc>0.0</hAcc><vAcc>0.0</vAcc></extensions></trkpt><trkpt lat="49.66086597000001" lon="11.07134285000004"><ele>282.03000000000003</ele><time>2026-09-20T7:05:40Z</time><extensions><speed>-1.0</speed><course>-1.0</course><hAcc>0.0</hAcc><vAcc>0.0</vAcc></extensions></trkpt><trkpt lat="49.66087430000001" lon="11.07133352000004"><ele>282.03000000000003</ele><time>2026-09-20T7:05:42Z</time><extensions><speed>-1.0</speed><course>-1.0</course><hAcc>0.0</hAcc><vAcc>0.0</vAcc></extensions></trkpt><trkpt lat="49.66088230000001" lon="11.071329190000041"><ele>282.03000000000003</ele><time>2026-09-20T7:05:44Z</time><extensions><speed>-1.0</speed><course>-1.0</course><hAcc>0.0</hAcc><vAcc>0.0</vAcc></extensions></trkpt><trkpt lat="49.66088797000001" lon="11.071327520000041"><ele>282.03000000000003</ele><time>2026-09-20T7:05:45Z</time><extensions><speed>-1.0</speed><course>-1.0</course><hAcc>0.0</hAcc><vAcc>0.0</vAcc></extensions></trkpt><trkpt lat="49.66089430000001" lon="11.07133185000004"><ele>282.03000000000003</ele><time>2026-09-20T7:05:47Z</time><extensions><speed>-1.0</speed><course>-1.0</course><hAcc>0.0</hAcc><vAcc>0.0</vAcc></extensions></trkpt><trkpt lat="49.66089730000001" lon="11.071337180000041"><ele>282.03000000000003</ele><time>2026-09-20T7:05:49Z</time><extensions><speed>-1.0</speed><course>-1.0</course><hAcc>0.0</hAcc><vAcc>0.0</vAcc></extensions></trkpt><trkpt lat="49.66089930000001" lon="11.071338510000041"><ele>282.03000000000003</ele><time>2026-09-20T7:05:50Z</time><extensions><speed>-1.0</speed><course>-1.0</course><hAcc>0.0</hAcc><vAcc>0.0</vAcc></extensions></trkpt><trkpt lat="49.66091130000001" lon="11.071364840000042"><ele>282.03000000000003</ele><time>2026-09-20T7:06:02Z</time><extensions><speed>-1.0</speed><course>-1.0</course><hAcc>0.0</hAcc><vAcc>0.0</vAcc></extensions></trkpt><trkpt lat="49.66093197000001" lon="11.071374840000042"><ele>282.03000000000003</ele><time>2026-09-20T7:06:06Z</time><extensions><speed>-1.0</speed><course>-1.0</course><hAcc>0.0</hAcc><vAcc>0.0</vAcc></extensions></trkpt><trkpt lat="49.66091964000001" lon="11.071372840000041"><ele>282.03000000000003</ele><time>2026-09-20T7:06:14Z</time><extensions><speed>-1.0</speed><course>-1.0</course><hAcc>0.0</hAcc><vAcc>0.0</vAcc></extensions></trkpt><trkpt lat="49.66091897000001" lon="11.071369170000041"><ele>282.03000000000003</ele><time>2026-09-20T7:06:16Z</time><extensions><speed>-1.0</speed><course>-1.0</course><hAcc>0.0</hAcc><vAcc>0.0</vAcc></extensions></trkpt><trkpt lat="49.66091697000001" lon="11.071362500000042"><ele>282.03000000000003</ele><time>2026-09-20T7:06:18Z</time><extensions><speed>-1.0</speed><course>-1.0</course><hAcc>0.0</hAcc><vAcc>0.0</vAcc></extensions></trkpt><trkpt lat="49.66091497000001" lon="11.071355170000041"><ele>282.03000000000003</ele><time>2026-09-20T7:06:20Z</time><extensions><speed>-1.0</speed><course>-1.0</course><hAcc>0.0</hAcc><vAcc>0.0</vAcc></extensions></trkpt><trkpt lat="49.660913300000004" lon="11.07134784000004"><ele>282.03000000000003</ele><time>2026-09-20T7:06:22Z</time><extensions><speed>-1.0</speed><course>-1.0</course><hAcc>0.0</hAcc><vAcc>0.0</vAcc></extensions></trkpt><trkpt lat="49.660909630000006" lon="11.07132251000004"><ele>282.03000000000003</ele><time>2026-09-20T7:06:26Z</time><extensions><speed>-1.0</speed><course>-1.0</course><hAcc>0.0</hAcc><vAcc>0.0</vAcc></extensions></trkpt><trkpt lat="49.660909630000006" lon="11.071321510000041"><ele>282.03000000000003</ele><time>2026-09-20T7:06:27Z</time><extensions><speed>-1.0</speed><course>-1.0</course><hAcc>0.0</hAcc><vAcc>0.0</vAcc></extensions></trkpt><trkpt lat="49.66090896000001" lon="11.071322840000041"><ele>282.03000000000003</ele><time>2026-09-20T7:06:28Z</time><extensions><speed>-1.0</speed><course>-1.0</course><hAcc>0.0</hAcc><vAcc>0.0</vAcc></extensions></trkpt><trkpt lat="49.660907630000004" lon="11.071328170000042"><ele>282.03000000000003</ele><time>2026-09-20T7:06:30Z</time><extensions><speed>-1.0</speed><course>-1.0</course><hAcc>0.0</hAcc><vAcc>0.0</vAcc></extensions></trkpt><trkpt lat="49.66091463" lon="11.071328500000043"><ele>282.03000000000003</ele><time>2026-09-20T7:06:32Z</time><extensions><speed>-1.0</speed><course>-1.0</course><hAcc>0.0</hAcc><vAcc>0.0</vAcc></extensions></trkpt><trkpt lat="49.66091796" lon="11.071320170000043"><ele>282.03000000000003</ele><time>2026-09-20T7:06:34Z</time><extensions><speed>-1.0</speed><course>-1.0</course><hAcc>0.0</hAcc><vAcc>0.0</vAcc></extensions></trkpt><trkpt lat="49.66092463" lon="11.071302500000042"><ele>282.03000000000003</ele><time>2026-09-20T7:06:36Z</time><extensions><speed>-1.0</speed><course>-1.0</course><hAcc>0.0</hAcc><vAcc>0.0</vAcc></extensions></trkpt><trkpt lat="49.66093796" lon="11.071299830000042"><ele>282.03000000000003</ele><time>2026-09-20T7:06:38Z</time><extensions><speed>-1.0</speed><course>-1.0</course><hAcc>0.0</hAcc><vAcc>0.0</vAcc></extensions></trkpt><trkpt lat="49.66094596" lon="11.071300830000041"><ele>282.03000000000003</ele><time>2026-09-20T7:06:40Z</time><extensions><speed>-1.0</speed><course>-1.0</course><hAcc>0.0</hAcc><vAcc>0.0</vAcc></extensions></trkpt><trkpt lat="49.66099296" lon="11.07128816000004"><ele>282.03000000000003</ele><time>2026-09-20T7:06:44Z</time><extensions><speed>-1.0</speed><course>-1.0</course><hAcc>0.0</hAcc><vAcc>0.0</vAcc></extensions></trkpt><trkpt lat="49.66099163" lon="11.07128916000004"><ele>282.03000000000003</ele><time>2026-09-20T7:06:46Z</time><extensions><speed>-1.0</speed><course>-1.0</course><hAcc>0.0</hAcc><vAcc>0.0</vAcc></extensions></trkpt><trkpt lat="49.66098296" lon="11.07128716000004"><ele>282.03000000000003</ele><time>2026-09-20T7:06:48Z</time><extensions><speed>-1.0</speed><course>-1.0</course><hAcc>0.0</hAcc><vAcc>0.0</vAcc></extensions></trkpt><trkpt lat="49.66097663" lon="11.07128716000004"><ele>282.03000000000003</ele><time>2026-09-20T7:06:49Z</time><extensions><speed>-1.0</speed><course>-1.0</course><hAcc>0.0</hAcc><vAcc>0.0</vAcc></extensions></trkpt><trkpt lat="49.6609843" lon="11.071260830000039"><ele>282.03000000000003</ele><time>2026-09-20T7:06:51Z</time><extensions><speed>-1.0</speed><course>-1.0</course><hAcc>0.0</hAcc><vAcc>0.0</vAcc></extensions></trkpt><trkpt lat="49.660991970000005" lon="11.071242830000038"><ele>282.03000000000003</ele><time>2026-09-20T7:06:52Z</time><extensions><speed>-1.0</speed><course>-1.0</course><hAcc>0.0</hAcc><vAcc>0.0</vAcc></extensions></trkpt><trkpt lat="49.661000640000005" lon="11.07126783000004"><ele>282.03000000000003</ele><time>2026-09-20T7:06:58Z</time><extensions><speed>-1.0</speed><course>-1.0</course><hAcc>0.0</hAcc><vAcc>0.0</vAcc></extensions></trkpt><trkpt lat="49.660997640000005" lon="11.07127116000004"><ele>282.03000000000003</ele><time>2026-09-20T7:07:00Z</time><extensions><speed>-1.0</speed><course>-1.0</course><hAcc>0.0</hAcc><vAcc>0.0</vAcc></extensions></trkpt><trkpt lat="49.66098231000001" lon="11.071273490000038"><ele>282.03000000000003</ele><time>2026-09-20T7:07:03Z</time><extensions><speed>-1.0</speed><course>-1.0</course><hAcc>0.0</hAcc><vAcc>0.0</vAcc></extensions></trkpt><trkpt lat="49.66098598000001" lon="11.071277820000038"><ele>282.03000000000003</ele><time>2026-09-20T7:07:04Z</time><extensions><speed>-1.0</speed><course>-1.0</course><hAcc>0.0</hAcc><vAcc>0.0</vAcc></extensions></trkpt><trkpt lat="49.66098498000001" lon="11.071286820000038"><ele>282.03000000000003</ele><time>2026-09-20T7:07:06Z</time><extensions><speed>-1.0</speed><course>-1.0</course><hAcc>0.0</hAcc><vAcc>0.0</vAcc></extensions></trkpt><trkpt lat="49.66097998000001" lon="11.07129282000004"><ele>282.03000000000003</ele><time>2026-09-20T7:07:08Z</time><extensions><speed>-1.0</speed><course>-1.0</course><hAcc>0.0</hAcc><vAcc>0.0</vAcc></extensions></trkpt><trkpt lat="49.66097298000001" lon="11.071316490000038"><ele>282.03000000000003</ele><time>2026-09-20T7:07:12Z</time><extensions><speed>-1.0</speed><course>-1.0</course><hAcc>0.0</hAcc><vAcc>0.0</vAcc></extensions></trkpt><trkpt lat="49.66097131000001" lon="11.071316490000038"><ele>282.03000000000003</ele><time>2026-09-20T7:07:14Z</time><extensions><speed>-1.0</speed><course>-1.0</course><hAcc>0.0</hAcc><vAcc>0.0</vAcc></extensions></trkpt><trkpt lat="49.660963640000006" lon="11.071307820000039"><ele>282.03000000000003</ele><time>2026-09-20T7:07:20Z</time><extensions><speed>-1.0</speed><course>-1.0</course><hAcc>0.0</hAcc><vAcc>0.0</vAcc></extensions></trkpt><trkpt lat="49.66094564000001" lon="11.071331490000038"><ele>282.03000000000003</ele><time>2026-09-20T7:07:24Z</time><extensions><speed>-1.0</speed><course>-1.0</course><hAcc>0.0</hAcc><vAcc>0.0</vAcc></extensions></trkpt><trkpt lat="49.66094564000001" lon="11.071322820000038"><ele>282.03000000000003</ele><time>2026-09-20T7:07:26Z</time><extensions><speed>-1.0</speed><course>-1.0</course><hAcc>0.0</hAcc><vAcc>0.0</vAcc></extensions></trkpt><trkpt lat="49.660946640000006" lon="11.071320820000038"><ele>282.03000000000003</ele><time>2026-09-20T7:07:28Z</time><extensions><speed>-1.0</speed><course>-1.0</course><hAcc>0.0</hAcc><vAcc>0.0</vAcc></extensions></trkpt><trkpt lat="49.660947310000005" lon="11.071328150000038"><ele>282.03000000000003</ele><time>2026-09-20T7:07:30Z</time><extensions><speed>-1.0</speed><course>-1.0</course><hAcc>0.0</hAcc><vAcc>0.0</vAcc></extensions></trkpt><trkpt lat="49.66095064" lon="11.071335150000039"><ele>282.03000000000003</ele><time>2026-09-20T7:07:32Z</time><extensions><speed>-1.0</speed><course>-1.0</course><hAcc>0.0</hAcc><vAcc>0.0</vAcc></extensions></trkpt><trkpt lat="49.660952640000005" lon="11.071342820000039"><ele>282.03000000000003</ele><time>2026-09-20T7:07:34Z</time><extensions><speed>-1.0</speed><course>-1.0</course><hAcc>0.0</hAcc><vAcc>0.0</vAcc></extensions></trkpt><trkpt lat="49.660966310000006" lon="11.07133815000004"><ele>282.03000000000003</ele><time>2026-09-20T7:07:36Z</time><extensions><speed>-1.0</speed><course>-1.0</course><hAcc>0.0</hAcc><vAcc>0.0</vAcc></extensions></trkpt><trkpt lat="49.66097664000001" lon="11.07134182000004"><ele>282.03000000000003</ele><time>2026-09-20T7:07:37Z</time><extensions><speed>-1.0</speed><course>-1.0</course><hAcc>0.0</hAcc><vAcc>0.0</vAcc></extensions></trkpt><trkpt lat="49.66097997000001" lon="11.07135249000004"><ele>282.03000000000003</ele><time>2026-09-20T7:07:38Z</time><extensions><speed>-1.0</speed><course>-1.0</course><hAcc>0.0</hAcc><vAcc>0.0</vAcc></extensions></trkpt><trkpt lat="49.66098764000001" lon="11.07135116000004"><ele>282.03000000000003</ele><time>2026-09-20T7:07:40Z</time><extensions><speed>-1.0</speed><course>-1.0</course><hAcc>0.0</hAcc><vAcc>0.0</vAcc></extensions></trkpt><trkpt lat="49.66100731000001" lon="11.07133516000004"><ele>282.03000000000003</ele><time>2026-09-20T7:07:44Z</time><extensions><speed>-1.0</speed><course>-1.0</course><hAcc>0.0</hAcc><vAcc>0.0</vAcc></extensions></trkpt><trkpt lat="49.660974980000006" lon="11.07134916000004"><ele>282.03000000000003</ele><time>2026-09-20T7:07:48Z</time><extensions><speed>-1.0</speed><course>-1.0</course><hAcc>0.0</hAcc><vAcc>0.0</vAcc></extensions></trkpt><trkpt lat="49.66092031000001" lon="11.07138083000004"><ele>282.03000000000003</ele><time>2026-09-20T7:07:59Z</time><extensions><speed>-1.0</speed><course>-1.0</course><hAcc>0.0</hAcc><vAcc>0.0</vAcc></extensions></trkpt><trkpt lat="49.66092298000001" lon="11.07138016000004"><ele>282.03000000000003</ele><time>2026-09-20T7:08:05Z</time><extensions><speed>-1.0</speed><course>-1.0</course><hAcc>0.0</hAcc><vAcc>0.0</vAcc></extensions></trkpt><trkpt lat="49.66094798000001" lon="11.07137816000004"><ele>282.03000000000003</ele><time>2026-09-20T7:09:09Z</time><extensions><speed>-1.0</speed><course>-1.0</course><hAcc>0.0</hAcc><vAcc>0.0</vAcc></extensions></trkpt><trkpt lat="49.66095398000001" lon="11.07136616000004"><ele>282.03000000000003</ele><time>2026-09-20T7:09:12Z</time><extensions><speed>-1.0</speed><course>-1.0</course><hAcc>0.0</hAcc><vAcc>0.0</vAcc></extensions></trkpt><trkpt lat="49.66095431000001" lon="11.07136149000004"><ele>282.03000000000003</ele><time>2026-09-20T7:09:13Z</time><extensions><speed>-1.0</speed><course>-1.0</course><hAcc>0.0</hAcc><vAcc>0.0</vAcc></extensions></trkpt>
        </trkseg>
    </trk>
</gpx>