<?xml version="1.0" encoding="UTF-8"?>
<gpx version="1.1" creator="Health Auto Export - https://healthyapps.dev" xmlns="http://www.topografix.com/GPX/1/1" xmlns:xsi="http://www.w3.org/2001/XMLSchema-instance" xsi:schemaLocation="http://www.topografix.com/GPX/1/1 http://www.topografix.com/GPX/1/1/gpx.xsd">
    <metadata>
        <time>2026-09-20T8:57:18Z</time>
    </metadata>
    <trk>
        <name>Route 2026-09-20T8:57:18Z</name>
        <trkseg>
            <trkpt lat="49.661715" lon="11.07145733"><ele>-20000.0</ele><time>2026-09-20T8:57:18Z</time><extensions><speed>-1.0</speed><course>-1.0</course><hAcc>0.0</hAcc><vAcc>0.0</vAcc></extensions></trkpt><trkpt lat="49.66172967" lon="11.071453329999999"><ele>-20000.0</ele><time>2026-09-20T8:57:19Z</time><extensions><speed>-1.0</speed><course>-1.0</course><hAcc>0.0</hAcc><vAcc>0.0</vAcc></extensions></trkpt><trkpt lat="49.661791" lon="11.071436659999998"><ele>-20000.0</ele><time>2026-09-20T8:57:21Z</time><extensions><speed>-1.0</speed><course>-1.0</course><hAcc>0.0</hAcc><vAcc>0.0</vAcc></extensions></trkpt><trkpt lat="49.66186167" lon="11.071423989999998"><ele>-20000.0</ele><time>2026-09-20T8:57:22Z</time><extensions><speed>-1.0</speed><course>-1.0</course><hAcc>0.0</hAcc><vAcc>0.0</vAcc></extensions></trkpt><trkpt lat="49.66194434" lon="11.071418319999998"><ele>-20000.0</ele><time>2026-09-20T8:57:24Z</time><extensions><speed>-1.0</speed><course>-1.0</course><hAcc>0.0</hAcc><vAcc>0.0</vAcc></extensions></trkpt><trkpt lat="49.66201367" lon="11.071413989999998"><ele>-20000.0</ele><time>2026-09-20T8:57:25Z</time><extensions><speed>-1.0</speed><course>-1.0</course><hAcc>0.0</hAcc><vAcc>0.0</vAcc></extensions></trkpt><trkpt lat="49.662072" lon="11.071411659999999"><ele>-20000.0</ele><time>2026-09-20T8:57:26Z</time><extensions><speed>-1.0</speed><course>-1.0</course><hAcc>0.0</hAcc><vAcc>0.0</vAcc></extensions></trkpt><trkpt lat="49.662141000000005" lon="11.071409659999999"><ele>-20000.0</ele><time>2026-09-20T8:57:28Z</time><extensions><speed>-1.0</speed><course>-1.0</course><hAcc>0.0</hAcc><vAcc>0.0</vAcc></extensions></trkpt><trkpt lat="49.66220167000001" lon="11.071405989999999"><ele>286.23</ele><time>2026-09-20T8:57:29Z</time><extensions><speed>-1.0</speed><course>-1.0</course><hAcc>0.0</hAcc><vAcc>0.0</vAcc></extensions></trkpt><trkpt lat="49.66225100000001" lon="11.071401989999998"><ele>286.23</ele><time>2026-09-20T8:57:30Z</time><extensions><speed>-1.0</speed><course>-1.0</course><hAcc>0.0</hAcc><vAcc>0.0</vAcc></extensions></trkpt><trkpt lat="49.66230767000001" lon="11.071384989999999"><ele>286.23</ele><time>2026-09-20T8:57:32Z</time><extensions><speed>-1.0</speed><course>-1.0</course><hAcc>0.0</hAcc><vAcc>0.0</vAcc></extensions></trkpt><trkpt lat="49.66235534000001" lon="11.071353659999998"><ele>286.23</ele><time>2026-09-20T8:57:33Z</time><extensions><speed>-1.0</speed><course>-1.0</course><hAcc>0.0</hAcc><vAcc>0.0</vAcc></extensions></trkpt><trkpt lat="49.662394010000014" lon="11.071309989999998"><ele>286.23</ele><time>2026-09-20T8:57:34Z</time><extensions><speed>-1.0</speed><course>-1.0</course><hAcc>0.0</hAcc><vAcc>0.0</vAcc></extensions></trkpt><trkpt lat="49.66241501000001" lon="11.071225989999999"><ele>286.23</ele><time>2026-09-20T8:57:36Z</time><extensions><speed>-1.0</speed><course>-1.0</course><hAcc>0.0</hAcc><vAcc>0.0</vAcc></extensions></trkpt><trkpt lat="49.66240968000001" lon="11.071085989999998"><ele>286.23</ele><time>2026-09-20T8:57:38Z</time><extensions><speed>-1.0</speed><course>-1.0</course><hAcc>0.0</hAcc><vAcc>0.0</vAcc></extensions></trkpt><trkpt lat="49.66240401000001" lon="11.070959659999998"><ele>286.23</ele><time>2026-09-20T8:57:39Z</time><extensions><speed>-1.0</speed><course>-1.0</course><hAcc>0.0</hAcc><vAcc>0.0</vAcc></extensions></trkpt><trkpt lat="49.66239401000001" lon="11.070812659999998"><ele>286.23</ele><time>2026-09-20T8:57:41Z</time><extensions><speed>-1.0</speed><course>-1.0</course><hAcc>0.0</hAcc><vAcc>0.0</vAcc></extensions></trkpt><trkpt lat="49.662386010000006" lon="11.070684329999997"><ele>286.23</ele><time>2026-09-20T8:57:42Z</time><extensions><speed>-1.0</speed><course>-1.0</course><hAcc>0.0</hAcc><vAcc>0.0</vAcc></extensions></trkpt><trkpt lat="49.662378010000005" lon="11.070568999999997"><ele>286.23</ele><time>2026-09-20T8:57:43Z</time><extensions><speed>-1.0</speed><course>-1.0</course><hAcc>0.0</hAcc><vAcc>0.0</vAcc></extensions></trkpt><trkpt lat="49.66237168000001" lon="11.070459999999997"><ele>286.23</ele><time>2026-09-20T8:57:44Z</time><extensions><speed>-1.0</speed><course>-1.0</course><hAcc>0.0</hAcc><vAcc>0.0</vAcc></extensions></trkpt><trkpt lat="49.66236268000001" lon="11.070320669999997"><ele>286.23</ele><time>2026-09-20T8:57:46Z</time><extensions><speed>-1.0</speed><course>-1.0</course><hAcc>0.0</hAcc><vAcc>0.0</vAcc></extensions></trkpt><trkpt lat="49.66234768000001" lon="11.070160999999997"><ele>286.23</ele><time>2026-09-20T8:57:48Z</time><extensions><speed>-1.0</speed><course>-1.0</course><hAcc>0.0</hAcc><vAcc>0.0</vAcc></extensions></trkpt><trkpt lat="49.66233668000001" lon="11.070022669999997"><ele>286.23</ele><time>2026-09-20T8:57:49Z</time><extensions><speed>-1.0</speed><course>-1.0</course><hAcc>0.0</hAcc><vAcc>0.0</vAcc></extensions></trkpt><trkpt lat="49.66233135000001" lon="11.069866339999997"><ele>286.23</ele><time>2026-09-20T8:57:51Z</time><extensions><speed>-1.0</speed><course>-1.0</course><hAcc>0.0</hAcc><vAcc>0.0</vAcc></extensions></trkpt><trkpt lat="49.66232568000001" lon="11.069728009999997"><ele>286.23</ele><time>2026-09-20T8:57:52Z</time><extensions><speed>-1.0</speed><course>-1.0</course><hAcc>0.0</hAcc><vAcc>0.0</vAcc></extensions></trkpt><trkpt lat="49.66232335000001" lon="11.069574009999997"><ele>286.23</ele><time>2026-09-20T8:57:54Z</time><extensions><speed>-1.0</speed><course>-1.0</course><hAcc>0.0</hAcc><vAcc>0.0</vAcc></extensions></trkpt><trkpt lat="49.66232368000001" lon="11.069439339999997"><ele>286.23</ele><time>2026-09-20T8:57:55Z</time><extensions><speed>-1.0</speed><course>-1.0</course><hAcc>0.0</hAcc><vAcc>0.0</vAcc></extensions></trkpt><trkpt lat="49.66233135000001" lon="11.069288339999996"><ele>286.23</ele><time>2026-09-20T8:57:57Z</time><extensions><speed>-1.0</speed><course>-1.0</course><hAcc>0.0</hAcc><vAcc>0.0</vAcc></extensions></trkpt><trkpt lat="49.66234268000001" lon="11.069157009999996"><ele>286.23</ele><time>2026-09-20T8:57:58Z</time><extensions><speed>-1.0</speed><course>-1.0</course><hAcc>0.0</hAcc><vAcc>0.0</vAcc></extensions></trkpt><trkpt lat="49.66237368000001" lon="11.069017679999996"><ele>286.23</ele><time>2026-09-20T8:58:00Z</time><extensions><speed>-1.0</speed><course>-1.0</course><hAcc>0.0</hAcc><vAcc>0.0</vAcc></extensions></trkpt><trkpt lat="49.66240701000001" lon="11.068902679999997"><ele>286.23</ele><time>2026-09-20T8:58:01Z</time><extensions><speed>-1.0</speed><course>-1.0</course><hAcc>0.0</hAcc><vAcc>0.0</vAcc></extensions></trkpt><trkpt lat="49.66245801000001" lon="11.068786679999997"><ele>285.33</ele><time>2026-09-20T8:58:03Z</time><extensions><speed>-1.0</speed><course>-1.0</course><hAcc>0.0</hAcc><vAcc>0.0</vAcc></extensions></trkpt><trkpt lat="49.66250768000001" lon="11.068693679999997"><ele>285.33</ele><time>2026-09-20T8:58:04Z</time><extensions><speed>-1.0</speed><course>-1.0</course><hAcc>0.0</hAcc><vAcc>0.0</vAcc></extensions></trkpt><trkpt lat="49.662557350000014" lon="11.068617679999997"><ele>285.33</ele><time>2026-09-20T8:58:05Z</time><extensions><speed>-1.0</speed><course>-1.0</course><hAcc>0.0</hAcc><vAcc>0.0</vAcc></extensions></trkpt><trkpt lat="49.662624350000016" lon="11.068558679999997"><ele>285.33</ele><time>2026-09-20T8:58:07Z</time><extensions><speed>-1.0</speed><course>-1.0</course><hAcc>0.0</hAcc><vAcc>0.0</vAcc></extensions></trkpt><trkpt lat="49.662689020000016" lon="11.068527349999997"><ele>285.33</ele><time>2026-09-20T8:58:08Z</time><extensions><speed>-1.0</speed><course>-1.0</course><hAcc>0.0</hAcc><vAcc>0.0</vAcc></extensions></trkpt><trkpt lat="49.662768350000015" lon="11.068506019999997"><ele>285.33</ele><time>2026-09-20T8:58:10Z</time><extensions><speed>-1.0</speed><course>-1.0</course><hAcc>0.0</hAcc><vAcc>0.0</vAcc></extensions></trkpt><trkpt lat="49.66285468000002" lon="11.068454349999998"><ele>284.42</ele><time>2026-09-20T8:58:12Z</time><extensions><speed>-1.0</speed><course>-1.0</course><hAcc>0.0</hAcc><vAcc>0.0</vAcc></extensions></trkpt><trkpt lat="49.662939350000016" lon="11.068368349999998"><ele>284.42</ele><time>2026-09-20T8:58:14Z</time><extensions><speed>-1.0</speed><course>-1.0</course><hAcc>0.0</hAcc><vAcc>0.0</vAcc></extensions></trkpt><trkpt lat="49.66301802000002" lon="11.068253019999998"><ele>284.42</ele><time>2026-09-20T8:58:16Z</time><extensions><speed>-1.0</speed><course>-1.0</course><hAcc>0.0</hAcc><vAcc>0.0</vAcc></extensions></trkpt><trkpt lat="49.663089020000015" lon="11.068119349999998"><ele>284.42</ele><time>2026-09-20T8:58:18Z</time><extensions><speed>-1.0</speed><course>-1.0</course><hAcc>0.0</hAcc><vAcc>0.0</vAcc></extensions></trkpt><trkpt lat="49.663153690000016" lon="11.067977349999998"><ele>284.42</ele><time>2026-09-20T8:58:20Z</time><extensions><speed>-1.0</speed><course>-1.0</course><hAcc>0.0</hAcc><vAcc>0.0</vAcc></extensions></trkpt><trkpt lat="49.663207360000015" lon="11.067828679999998"><ele>284.42</ele><time>2026-09-20T8:58:22Z</time><extensions><speed>-1.0</speed><course>-1.0</course><hAcc>0.0</hAcc><vAcc>0.0</vAcc></extensions></trkpt><trkpt lat="49.66326536000002" lon="11.067678349999998"><ele>284.42</ele><time>2026-09-20T8:58:24Z</time><extensions><speed>-1.0</speed><course>-1.0</course><hAcc>0.0</hAcc><vAcc>0.0</vAcc></extensions></trkpt><trkpt lat="49.663314360000015" lon="11.067550349999998"><ele>283.51</ele><time>2026-09-20T8:58:25Z</time><extensions><speed>-1.0</speed><course>-1.0</course><hAcc>0.0</hAcc><vAcc>0.0</vAcc></extensions></trkpt><trkpt lat="49.66335536000002" lon="11.067435679999997"><ele>283.51</ele><time>2026-09-20T8:58:26Z</time><extensions><speed>-1.0</speed><course>-1.0</course><hAcc>0.0</hAcc><vAcc>0.0</vAcc></extensions></trkpt><trkpt lat="49.66339103000002" lon="11.067330349999997"><ele>283.51</ele><time>2026-09-20T8:58:27Z</time><extensions><speed>-1.0</speed><course>-1.0</course><hAcc>0.0</hAcc><vAcc>0.0</vAcc></extensions></trkpt><trkpt lat="49.66343336000002" lon="11.067206679999996"><ele>283.51</ele><time>2026-09-20T8:58:29Z</time><extensions><speed>-1.0</speed><course>-1.0</course><hAcc>0.0</hAcc><vAcc>0.0</vAcc></extensions></trkpt><trkpt lat="49.66347069000002" lon="11.067097349999996"><ele>283.51</ele><time>2026-09-20T8:58:30Z</time><extensions><speed>-1.0</speed><course>-1.0</course><hAcc>0.0</hAcc><vAcc>0.0</vAcc></extensions></trkpt><trkpt lat="49.66350436000002" lon="11.066995349999996"><ele>282.51</ele><time>2026-09-20T8:58:31Z</time><extensions><speed>-1.0</speed><course>-1.0</course><hAcc>0.0</hAcc><vAcc>0.0</vAcc></extensions></trkpt><trkpt lat="49.66354269000002" lon="11.066873349999996"><ele>282.51</ele><time>2026-09-20T8:58:33Z</time><extensions><speed>-1.0</speed><course>-1.0</course><hAcc>0.0</hAcc><vAcc>0.0</vAcc></extensions></trkpt><trkpt lat="49.66357636000002" lon="11.066766679999997"><ele>282.51</ele><time>2026-09-20T8:58:34Z</time><extensions><speed>-1.0</speed><course>-1.0</course><hAcc>0.0</hAcc><vAcc>0.0</vAcc></extensions></trkpt><trkpt lat="49.663617360000025" lon="11.066640679999997"><ele>282.51</ele><time>2026-09-20T8:58:36Z</time><extensions><speed>-1.0</speed><course>-1.0</course><hAcc>0.0</hAcc><vAcc>0.0</vAcc></extensions></trkpt><trkpt lat="49.66365469000002" lon="11.066530349999997"><ele>282.51</ele><time>2026-09-20T8:58:37Z</time><extensions><speed>-1.0</speed><course>-1.0</course><hAcc>0.0</hAcc><vAcc>0.0</vAcc></extensions></trkpt><trkpt lat="49.66369836000002" lon="11.066403019999997"><ele>282.51</ele><time>2026-09-20T8:58:39Z</time><extensions><speed>-1.0</speed><course>-1.0</course><hAcc>0.0</hAcc><vAcc>0.0</vAcc></extensions></trkpt><trkpt lat="49.66374103000002" lon="11.066265689999998"><ele>282.51</ele><time>2026-09-20T8:58:41Z</time><extensions><speed>-1.0</speed><course>-1.0</course><hAcc>0.0</hAcc><vAcc>0.0</vAcc></extensions></trkpt><trkpt lat="49.66377970000002" lon="11.066151019999998"><ele>282.51</ele><time>2026-09-20T8:58:42Z</time><extensions><speed>-1.0</speed><course>-1.0</course><hAcc>0.0</hAcc><vAcc>0.0</vAcc></extensions></trkpt><trkpt lat="49.66381903000002" lon="11.066058019999998"><ele>282.51</ele><time>2026-09-20T8:58:43Z</time><extensions><speed>-1.0</speed><course>-1.0</course><hAcc>0.0</hAcc><vAcc>0.0</vAcc></extensions></trkpt><trkpt lat="49.66387936000002" lon="11.065979689999999"><ele>282.51</ele><time>2026-09-20T8:58:45Z</time><extensions><speed>-1.0</speed><course>-1.0</course><hAcc>0.0</hAcc><vAcc>0.0</vAcc></extensions></trkpt><trkpt lat="49.663937030000014" lon="11.065924359999999"><ele>282.51</ele><time>2026-09-20T8:58:46Z</time><extensions><speed>-1.0</speed><course>-1.0</course><hAcc>0.0</hAcc><vAcc>0.0</vAcc></extensions></trkpt><trkpt lat="49.664006360000016" lon="11.065873029999999"><ele>281.6</ele><time>2026-09-20T8:58:48Z</time><extensions><speed>-1.0</speed><course>-1.0</course><hAcc>0.0</hAcc><vAcc>0.0</vAcc></extensions></trkpt><trkpt lat="49.664065360000016" lon="11.065821699999999"><ele>281.6</ele><time>2026-09-20T8:58:49Z</time><extensions><speed>-1.0</speed><course>-1.0</course><hAcc>0.0</hAcc><vAcc>0.0</vAcc></extensions></trkpt><trkpt lat="49.66410736000002" lon="11.065722699999998"><ele>281.6</ele><time>2026-09-20T8:58:51Z</time><extensions><speed>-1.0</speed><course>-1.0</course><hAcc>0.0</hAcc><vAcc>0.0</vAcc></extensions></trkpt><trkpt lat="49.66413236000002" lon="11.065599029999998"><ele>281.6</ele><time>2026-09-20T8:58:53Z</time><extensions><speed>-1.0</speed><course>-1.0</course><hAcc>0.0</hAcc><vAcc>0.0</vAcc></extensions></trkpt><trkpt lat="49.664141360000016" lon="11.065453029999997"><ele>281.6</ele><time>2026-09-20T8:58:55Z</time><extensions><speed>-1.0</speed><course>-1.0</course><hAcc>0.0</hAcc><vAcc>0.0</vAcc></extensions></trkpt><trkpt lat="49.66413769000002" lon="11.065291359999996"><ele>281.6</ele><time>2026-09-20T8:58:57Z</time><extensions><speed>-1.0</speed><course>-1.0</course><hAcc>0.0</hAcc><vAcc>0.0</vAcc></extensions></trkpt><trkpt lat="49.66412536000002" lon="11.065120359999996"><ele>281.6</ele><time>2026-09-20T8:58:59Z</time><extensions><speed>-1.0</speed><course>-1.0</course><hAcc>0.0</hAcc><vAcc>0.0</vAcc></extensions></trkpt><trkpt lat="49.66411436000002" lon="11.064974029999997"><ele>281.6</ele><time>2026-09-20T8:59:00Z</time><extensions><speed>-1.0</speed><course>-1.0</course><hAcc>0.0</hAcc><vAcc>0.0</vAcc></extensions></trkpt><trkpt lat="49.66410069000002" lon="11.064812699999997"><ele>281.6</ele><time>2026-09-20T8:59:02Z</time><extensions><speed>-1.0</speed><course>-1.0</course><hAcc>0.0</hAcc><vAcc>0.0</vAcc></extensions></trkpt><trkpt lat="49.66408302000002" lon="11.064642029999998"><ele>281.6</ele><time>2026-09-20T8:59:04Z</time><extensions><speed>-1.0</speed><course>-1.0</course><hAcc>0.0</hAcc><vAcc>0.0</vAcc></extensions></trkpt><trkpt lat="49.66406002000002" lon="11.064466699999999"><ele>281.6</ele><time>2026-09-20T8:59:06Z</time><extensions><speed>-1.0</speed><course>-1.0</course><hAcc>0.0</hAcc><vAcc>0.0</vAcc></extensions></trkpt><trkpt lat="49.66404002000002" lon="11.0643187"><ele>281.6</ele><time>2026-09-20T8:59:07Z</time><extensions><speed>-1.0</speed><course>-1.0</course><hAcc>0.0</hAcc><vAcc>0.0</vAcc></extensions></trkpt><trkpt lat="49.66401769000002" lon="11.06416003"><ele>281.6</ele><time>2026-09-20T8:59:09Z</time><extensions><speed>-1.0</speed><course>-1.0</course><hAcc>0.0</hAcc><vAcc>0.0</vAcc></extensions></trkpt><trkpt lat="49.66399536000002" lon="11.0640257"><ele>281.6</ele><time>2026-09-20T8:59:10Z</time><extensions><speed>-1.0</speed><course>-1.0</course><hAcc>0.0</hAcc><vAcc>0.0</vAcc></extensions></trkpt><trkpt lat="49.663961030000024" lon="11.06388237"><ele>281.6</ele><time>2026-09-20T8:59:12Z</time><extensions><speed>-1.0</speed><course>-1.0</course><hAcc>0.0</hAcc><vAcc>0.0</vAcc></extensions></trkpt><trkpt lat="49.663915360000026" lon="11.06373337"><ele>281.6</ele><time>2026-09-20T8:59:14Z</time><extensions><speed>-1.0</speed><course>-1.0</course><hAcc>0.0</hAcc><vAcc>0.0</vAcc></extensions></trkpt><trkpt lat="49.66385836000003" lon="11.063586039999999"><ele>281.6</ele><time>2026-09-20T8:59:16Z</time><extensions><speed>-1.0</speed><course>-1.0</course><hAcc>0.0</hAcc><vAcc>0.0</vAcc></extensions></trkpt><trkpt lat="49.66379569000003" lon="11.06343604"><ele>281.6</ele><time>2026-09-20T8:59:18Z</time><extensions><speed>-1.0</speed><course>-1.0</course><hAcc>0.0</hAcc><vAcc>0.0</vAcc></extensions></trkpt><trkpt lat="49.66373002000003" lon="11.06328671"><ele>281.6</ele><time>2026-09-20T8:59:20Z</time><extensions><speed>-1.0</speed><course>-1.0</course><hAcc>0.0</hAcc><vAcc>0.0</vAcc></extensions></trkpt><trkpt lat="49.663664020000034" lon="11.06313471"><ele>281.6</ele><time>2026-09-20T8:59:22Z</time><extensions><speed>-1.0</speed><course>-1.0</course><hAcc>0.0</hAcc><vAcc>0.0</vAcc></extensions></trkpt><trkpt lat="49.66360669000004" lon="11.06300971"><ele>281.6</ele><time>2026-09-20T8:59:23Z</time><extensions><speed>-1.0</speed><course>-1.0</course><hAcc>0.0</hAcc><vAcc>0.0</vAcc></extensions></trkpt><trkpt lat="49.663542690000035" lon="11.06287871"><ele>281.6</ele><time>2026-09-20T8:59:25Z</time><extensions><speed>-1.0</speed><course>-1.0</course><hAcc>0.0</hAcc><vAcc>0.0</vAcc></extensions></trkpt><trkpt lat="49.663487020000034" lon="11.06276671"><ele>280.78000000000003</ele><time>2026-09-20T8:59:26Z</time><extensions><speed>-1.0</speed><course>-1.0</course><hAcc>0.0</hAcc><vAcc>0.0</vAcc></extensions></trkpt><trkpt lat="49.66342069000003" lon="11.06264604"><ele>280.78000000000003</ele><time>2026-09-20T8:59:28Z</time><extensions><speed>-1.0</speed><course>-1.0</course><hAcc>0.0</hAcc><vAcc>0.0</vAcc></extensions></trkpt><trkpt lat="49.66336169000003" lon="11.06254271"><ele>280.78000000000003</ele><time>2026-09-20T8:59:29Z</time><extensions><speed>-1.0</speed><course>-1.0</course><hAcc>0.0</hAcc><vAcc>0.0</vAcc></extensions></trkpt><trkpt lat="49.66329136000003" lon="11.062427040000001"><ele>280.78000000000003</ele><time>2026-09-20T8:59:31Z</time><extensions><speed>-1.0</speed><course>-1.0</course><hAcc>0.0</hAcc><vAcc>0.0</vAcc></extensions></trkpt><trkpt lat="49.66321436000003" lon="11.062303710000002"><ele>280.78000000000003</ele><time>2026-09-20T8:59:33Z</time><extensions><speed>-1.0</speed><course>-1.0</course><hAcc>0.0</hAcc><vAcc>0.0</vAcc></extensions></trkpt><trkpt lat="49.66313136000004" lon="11.062177380000001"><ele>280.78000000000003</ele><time>2026-09-20T8:59:35Z</time><extensions><speed>-1.0</speed><course>-1.0</course><hAcc>0.0</hAcc><vAcc>0.0</vAcc></extensions></trkpt><trkpt lat="49.66304269000004" lon="11.06205038"><ele>280.78000000000003</ele><time>2026-09-20T8:59:37Z</time><extensions><speed>-1.0</speed><course>-1.0</course><hAcc>0.0</hAcc><vAcc>0.0</vAcc></extensions></trkpt><trkpt lat="49.66294969000004" lon="11.06192405"><ele>280.78000000000003</ele><time>2026-09-20T8:59:39Z</time><extensions><speed>-1.0</speed><course>-1.0</course><hAcc>0.0</hAcc><vAcc>0.0</vAcc></extensions></trkpt><trkpt lat="49.66287069000004" lon="11.06181938"><ele>280.78000000000003</ele><time>2026-09-20T8:59:40Z</time><extensions><speed>-1.0</speed><course>-1.0</course><hAcc>0.0</hAcc><vAcc>0.0</vAcc></extensions></trkpt><trkpt lat="49.66278669000004" lon="11.06171305"><ele>280.78000000000003</ele><time>2026-09-20T8:59:42Z</time><extensions><speed>-1.0</speed><course>-1.0</course><hAcc>0.0</hAcc><vAcc>0.0</vAcc></extensions></trkpt><trkpt lat="49.66271469000004" lon="11.06162505"><ele>280.78000000000003</ele><time>2026-09-20T8:59:43Z</time><extensions><speed>-1.0</speed><course>-1.0</course><hAcc>0.0</hAcc><vAcc>0.0</vAcc></extensions></trkpt><trkpt lat="49.66263269000004" lon="11.06153472"><ele>280.78000000000003</ele><time>2026-09-20T8:59:45Z</time><extensions><speed>-1.0</speed><course>-1.0</course><hAcc>0.0</hAcc><vAcc>0.0</vAcc></extensions></trkpt><trkpt lat="49.66256102000004" lon="11.061459719999998"><ele>280.78000000000003</ele><time>2026-09-20T8:59:46Z</time><extensions><speed>-1.0</speed><course>-1.0</course><hAcc>0.0</hAcc><vAcc>0.0</vAcc></extensions></trkpt><trkpt lat="49.66248069000004" lon="11.061377049999999"><ele>280.78000000000003</ele><time>2026-09-20T8:59:48Z</time><extensions><speed>-1.0</speed><course>-1.0</course><hAcc>0.0</hAcc><vAcc>0.0</vAcc></extensions></trkpt><trkpt lat="49.66241036000004" lon="11.06130505"><ele>280.78000000000003</ele><time>2026-09-20T8:59:49Z</time><extensions><speed>-1.0</speed><course>-1.0</course><hAcc>0.0</hAcc><vAcc>0.0</vAcc></extensions></trkpt><trkpt lat="49.66233136000004" lon="11.06122738"><ele>280.78000000000003</ele><time>2026-09-20T8:59:51Z</time><extensions><speed>-1.0</speed><course>-1.0</course><hAcc>0.0</hAcc><vAcc>0.0</vAcc></extensions></trkpt><trkpt lat="49.66226169000004" lon="11.06116205"><ele>280.78000000000003</ele><time>2026-09-20T8:59:52Z</time><extensions><speed>-1.0</speed><course>-1.0</course><hAcc>0.0</hAcc><vAcc>0.0</vAcc></extensions></trkpt><trkpt lat="49.66218402000003" lon="11.06109438"><ele>280.78000000000003</ele><time>2026-09-20T8:59:54Z</time><extensions><speed>-1.0</speed><course>-1.0</course><hAcc>0.0</hAcc><vAcc>0.0</vAcc></extensions></trkpt><trkpt lat="49.66210069000003" lon="11.06102705"><ele>280.78000000000003</ele><time>2026-09-20T8:59:56Z</time><extensions><speed>-1.0</speed><course>-1.0</course><hAcc>0.0</hAcc><vAcc>0.0</vAcc></extensions></trkpt><trkpt lat="49.662029360000034" lon="11.06097038"><ele>279.96</ele><time>2026-09-20T8:59:57Z</time><extensions><speed>-1.0</speed><course>-1.0</course><hAcc>0.0</hAcc><vAcc>0.0</vAcc></extensions></trkpt><trkpt lat="49.66196569000003" lon="11.060920710000001"><ele>279.96</ele><time>2026-09-20T8:59:58Z</time><extensions><speed>-1.0</speed><course>-1.0</course><hAcc>0.0</hAcc><vAcc>0.0</vAcc></extensions></trkpt><trkpt lat="49.661908020000034" lon="11.06087738"><ele>279.96</ele><time>2026-09-20T8:59:59Z</time><extensions><speed>-1.0</speed><course>-1.0</course><hAcc>0.0</hAcc><vAcc>0.0</vAcc></extensions></trkpt><trkpt lat="49.66183835000003" lon="11.06082505"><ele>279.96</ele><time>2026-09-20T9:00:01Z</time><extensions><speed>-1.0</speed><course>-1.0</course><hAcc>0.0</hAcc><vAcc>0.0</vAcc></extensions></trkpt><trkpt lat="49.66177668000003" lon="11.06077905"><ele>279.96</ele><time>2026-09-20T9:00:02Z</time><extensions><speed>-1.0</speed><course>-1.0</course><hAcc>0.0</hAcc><vAcc>0.0</vAcc></extensions></trkpt><trkpt lat="49.66170401000003" lon="11.060725380000001"><ele>279.96</ele><time>2026-09-20T9:00:04Z</time><extensions><speed>-1.0</speed><course>-1.0</course><hAcc>0.0</hAcc><vAcc>0.0</vAcc></extensions></trkpt><trkpt lat="49.66163934000003" lon="11.06067838"><ele>279.96</ele><time>2026-09-20T9:00:05Z</time><extensions><speed>-1.0</speed><course>-1.0</course><hAcc>0.0</hAcc><vAcc>0.0</vAcc></extensions></trkpt><trkpt lat="49.66157967000003" lon="11.060635710000001"><ele>279.96</ele><time>2026-09-20T9:00:06Z</time><extensions><speed>-1.0</speed><course>-1.0</course><hAcc>0.0</hAcc><vAcc>0.0</vAcc></extensions></trkpt><trkpt lat="49.66150867000003" lon="11.060584040000002"><ele>279.96</ele><time>2026-09-20T9:00:08Z</time><extensions><speed>-1.0</speed><course>-1.0</course><hAcc>0.0</hAcc><vAcc>0.0</vAcc></extensions></trkpt><trkpt lat="49.66144467000003" lon="11.060538370000002"><ele>279.96</ele><time>2026-09-20T9:00:09Z</time><extensions><speed>-1.0</speed><course>-1.0</course><hAcc>0.0</hAcc><vAcc>0.0</vAcc></extensions></trkpt><trkpt lat="49.66137100000003" lon="11.060485040000001"><ele>279.96</ele><time>2026-09-20T9:00:11Z</time><extensions><speed>-1.0</speed><course>-1.0</course><hAcc>0.0</hAcc><vAcc>0.0</vAcc></extensions></trkpt><trkpt lat="49.66128900000003" lon="11.06042904"><ele>279.96</ele><time>2026-09-20T9:00:13Z</time><extensions><speed>-1.0</speed><course>-1.0</course><hAcc>0.0</hAcc><vAcc>0.0</vAcc></extensions></trkpt><trkpt lat="49.66121900000003" lon="11.060381710000001"><ele>279.96</ele><time>2026-09-20T9:00:14Z</time><extensions><speed>-1.0</speed><course>-1.0</course><hAcc>0.0</hAcc><vAcc>0.0</vAcc></extensions></trkpt><trkpt lat="49.66113933000003" lon="11.060328710000002"><ele>279.96</ele><time>2026-09-20T9:00:16Z</time><extensions><speed>-1.0</speed><course>-1.0</course><hAcc>0.0</hAcc><vAcc>0.0</vAcc></extensions></trkpt><trkpt lat="49.66105466000003" lon="11.060270040000002"><ele>279.96</ele><time>2026-09-20T9:00:18Z</time><extensions><speed>-1.0</speed><course>-1.0</course><hAcc>0.0</hAcc><vAcc>0.0</vAcc></extensions></trkpt><trkpt lat="49.66098266000003" lon="11.060217710000002"><ele>279.96</ele><time>2026-09-20T9:00:19Z</time><extensions><speed>-1.0</speed><course>-1.0</course><hAcc>0.0</hAcc><vAcc>0.0</vAcc></extensions></trkpt><trkpt lat="49.66091899000003" lon="11.060168710000001"><ele>279.96</ele><time>2026-09-20T9:00:20Z</time><extensions><speed>-1.0</speed><course>-1.0</course><hAcc>0.0</hAcc><vAcc>0.0</vAcc></extensions></trkpt><trkpt lat="49.66084432000003" lon="11.060113040000001"><ele>279.96</ele><time>2026-09-20T9:00:22Z</time><extensions><speed>-1.0</speed><course>-1.0</course><hAcc>0.0</hAcc><vAcc>0.0</vAcc></extensions></trkpt><trkpt lat="49.66077899000003" lon="11.06006071"><ele>279.96</ele><time>2026-09-20T9:00:23Z</time><extensions><speed>-1.0</speed><course>-1.0</course><hAcc>0.0</hAcc><vAcc>0.0</vAcc></extensions></trkpt><trkpt lat="49.66070332000003" lon="11.05999738"><ele>279.96</ele><time>2026-09-20T9:00:25Z</time><extensions><speed>-1.0</speed><course>-1.0</course><hAcc>0.0</hAcc><vAcc>0.0</vAcc></extensions></trkpt><trkpt lat="49.66062165000003" lon="11.05992571"><ele>279.96</ele><time>2026-09-20T9:00:27Z</time><extensions><speed>-1.0</speed><course>-1.0</course><hAcc>0.0</hAcc><vAcc>0.0</vAcc></extensions></trkpt><trkpt lat="49.660535980000034" lon="11.05984838"><ele>279.96</ele><time>2026-09-20T9:00:29Z</time><extensions><speed>-1.0</speed><course>-1.0</course><hAcc>0.0</hAcc><vAcc>0.0</vAcc></extensions></trkpt><trkpt lat="49.66046331000003" lon="11.05978238"><ele>279.96</ele><time>2026-09-20T9:00:30Z</time><extensions><speed>-1.0</speed><course>-1.0</course><hAcc>0.0</hAcc><vAcc>0.0</vAcc></extensions></trkpt><trkpt lat="49.660386310000035" lon="11.05970638"><ele>279.96</ele><time>2026-09-20T9:00:32Z</time><extensions><speed>-1.0</speed><course>-1.0</course><hAcc>0.0</hAcc><vAcc>0.0</vAcc></extensions></trkpt><trkpt lat="49.660305310000034" lon="11.05962538"><ele>279.96</ele><time>2026-09-20T9:00:34Z</time><extensions><speed>-1.0</speed><course>-1.0</course><hAcc>0.0</hAcc><vAcc>0.0</vAcc></extensions></trkpt><trkpt lat="49.660237640000034" lon="11.05955405"><ele>279.96</ele><time>2026-09-20T9:00:35Z</time><extensions><speed>-1.0</speed><course>-1.0</course><hAcc>0.0</hAcc><vAcc>0.0</vAcc></extensions></trkpt><trkpt lat="49.66016464000003" lon="11.05947438"><ele>279.96</ele><time>2026-09-20T9:00:37Z</time><extensions><speed>-1.0</speed><course>-1.0</course><hAcc>0.0</hAcc><vAcc>0.0</vAcc></extensions></trkpt><trkpt lat="49.660087970000035" lon="11.059388049999999"><ele>279.96</ele><time>2026-09-20T9:00:39Z</time><extensions><speed>-1.0</speed><course>-1.0</course><hAcc>0.0</hAcc><vAcc>0.0</vAcc></extensions></trkpt><trkpt lat="49.660023640000034" lon="11.059311379999999"><ele>279.96</ele><time>2026-09-20T9:00:40Z</time><extensions><speed>-1.0</speed><course>-1.0</course><hAcc>0.0</hAcc><vAcc>0.0</vAcc></extensions></trkpt><trkpt lat="49.65996831000003" lon="11.05924071"><ele>279.96</ele><time>2026-09-20T9:00:41Z</time><extensions><speed>-1.0</speed><course>-1.0</course><hAcc>0.0</hAcc><vAcc>0.0</vAcc></extensions></trkpt><trkpt lat="49.65990431000003" lon="11.059159379999999"><ele>279.96</ele><time>2026-09-20T9:00:43Z</time><extensions><speed>-1.0</speed><course>-1.0</course><hAcc>0.0</hAcc><vAcc>0.0</vAcc></extensions></trkpt><trkpt lat="49.65984864000003" lon="11.059086379999998"><ele>279.96</ele><time>2026-09-20T9:00:44Z</time><extensions><speed>-1.0</speed><course>-1.0</course><hAcc>0.0</hAcc><vAcc>0.0</vAcc></extensions></trkpt><trkpt lat="49.65978564000003" lon="11.059000379999999"><ele>279.96</ele><time>2026-09-20T9:00:46Z</time><extensions><speed>-1.0</speed><course>-1.0</course><hAcc>0.0</hAcc><vAcc>0.0</vAcc></extensions></trkpt><trkpt lat="49.659730970000034" lon="11.058923709999998"><ele>280.78000000000003</ele><time>2026-09-20T9:00:47Z</time><extensions><speed>-1.0</speed><course>-1.0</course><hAcc>0.0</hAcc><vAcc>0.0</vAcc></extensions></trkpt><trkpt lat="49.659668970000034" lon="11.058835039999998"><ele>280.78000000000003</ele><time>2026-09-20T9:00:49Z</time><extensions><speed>-1.0</speed><course>-1.0</course><hAcc>0.0</hAcc><vAcc>0.0</vAcc></extensions></trkpt><trkpt lat="49.659601300000034" lon="11.058738369999999"><ele>280.78000000000003</ele><time>2026-09-20T9:00:51Z</time><extensions><speed>-1.0</speed><course>-1.0</course><hAcc>0.0</hAcc><vAcc>0.0</vAcc></extensions></trkpt><trkpt lat="49.659530300000036" lon="11.058637039999999"><ele>280.78000000000003</ele><time>2026-09-20T9:00:53Z</time><extensions><speed>-1.0</speed><course>-1.0</course><hAcc>0.0</hAcc><vAcc>0.0</vAcc></extensions></trkpt><trkpt lat="49.659457630000034" lon="11.05853271"><ele>280.78000000000003</ele><time>2026-09-20T9:00:55Z</time><extensions><speed>-1.0</speed><course>-1.0</course><hAcc>0.0</hAcc><vAcc>0.0</vAcc></extensions></trkpt><trkpt lat="49.659394960000036" lon="11.05844604"><ele>280.78000000000003</ele><time>2026-09-20T9:00:56Z</time><extensions><speed>-1.0</speed><course>-1.0</course><hAcc>0.0</hAcc><vAcc>0.0</vAcc></extensions></trkpt><trkpt lat="49.659327630000035" lon="11.05835237"><ele>280.78000000000003</ele><time>2026-09-20T9:00:58Z</time><extensions><speed>-1.0</speed><course>-1.0</course><hAcc>0.0</hAcc><vAcc>0.0</vAcc></extensions></trkpt><trkpt lat="49.659257630000035" lon="11.05825237"><ele>280.78000000000003</ele><time>2026-09-20T9:01:00Z</time><extensions><speed>-1.0</speed><course>-1.0</course><hAcc>0.0</hAcc><vAcc>0.0</vAcc></extensions></trkpt><trkpt lat="49.659198300000035" lon="11.0581677"><ele>280.78000000000003</ele><time>2026-09-20T9:01:01Z</time><extensions><speed>-1.0</speed><course>-1.0</course><hAcc>0.0</hAcc><vAcc>0.0</vAcc></extensions></trkpt><trkpt lat="49.659133300000036" lon="11.05807437"><ele>280.78000000000003</ele><time>2026-09-20T9:01:03Z</time><extensions><speed>-1.0</speed><course>-1.0</course><hAcc>0.0</hAcc><vAcc>0.0</vAcc></extensions></trkpt><trkpt lat="49.659063300000035" lon="11.05797437"><ele>281.6</ele><time>2026-09-20T9:01:05Z</time><extensions><speed>-1.0</speed><course>-1.0</course><hAcc>0.0</hAcc><vAcc>0.0</vAcc></extensions></trkpt><trkpt lat="49.659003630000036" lon="11.057889040000001"><ele>281.6</ele><time>2026-09-20T9:01:06Z</time><extensions><speed>-1.0</speed><course>-1.0</course><hAcc>0.0</hAcc><vAcc>0.0</vAcc></extensions></trkpt><trkpt lat="49.65895196000004" lon="11.05781404"><ele>281.6</ele><time>2026-09-20T9:01:07Z</time><extensions><speed>-1.0</speed><course>-1.0</course><hAcc>0.0</hAcc><vAcc>0.0</vAcc></extensions></trkpt><trkpt lat="49.65890396000004" lon="11.057747710000001"><ele>281.6</ele><time>2026-09-20T9:01:08Z</time><extensions><speed>-1.0</speed><course>-1.0</course><hAcc>0.0</hAcc><vAcc>0.0</vAcc></extensions></trkpt><trkpt lat="49.65884863000004" lon="11.057665380000001"><ele>281.6</ele><time>2026-09-20T9:01:10Z</time><extensions><speed>-1.0</speed><course>-1.0</course><hAcc>0.0</hAcc><vAcc>0.0</vAcc></extensions></trkpt><trkpt lat="49.65879996000004" lon="11.057590050000002"><ele>281.6</ele><time>2026-09-20T9:01:11Z</time><extensions><speed>-1.0</speed><course>-1.0</course><hAcc>0.0</hAcc><vAcc>0.0</vAcc></extensions></trkpt><trkpt lat="49.65874263000004" lon="11.057500380000002"><ele>281.6</ele><time>2026-09-20T9:01:13Z</time><extensions><speed>-1.0</speed><course>-1.0</course><hAcc>0.0</hAcc><vAcc>0.0</vAcc></extensions></trkpt><trkpt lat="49.65869196000004" lon="11.057423050000002"><ele>281.6</ele><time>2026-09-20T9:01:14Z</time><extensions><speed>-1.0</speed><course>-1.0</course><hAcc>0.0</hAcc><vAcc>0.0</vAcc></extensions></trkpt><trkpt lat="49.65863396000004" lon="11.057332380000002"><ele>281.6</ele><time>2026-09-20T9:01:16Z</time><extensions><speed>-1.0</speed><course>-1.0</course><hAcc>0.0</hAcc><vAcc>0.0</vAcc></extensions></trkpt><trkpt lat="49.65857229000004" lon="11.057231050000002"><ele>281.6</ele><time>2026-09-20T9:01:18Z</time><extensions><speed>-1.0</speed><course>-1.0</course><hAcc>0.0</hAcc><vAcc>0.0</vAcc></extensions></trkpt><trkpt lat="49.65851029000004" lon="11.057120050000002"><ele>281.6</ele><time>2026-09-20T9:01:20Z</time><extensions><speed>-1.0</speed><course>-1.0</course><hAcc>0.0</hAcc><vAcc>0.0</vAcc></extensions></trkpt><trkpt lat="49.65844796000004" lon="11.057000380000002"><ele>282.78000000000003</ele><time>2026-09-20T9:01:22Z</time><extensions><speed>-1.0</speed><course>-1.0</course><hAcc>0.0</hAcc><vAcc>0.0</vAcc></extensions></trkpt><trkpt lat="49.65839529000004" lon="11.056897050000002"><ele>282.78000000000003</ele><time>2026-09-20T9:01:23Z</time><extensions><speed>-1.0</speed><course>-1.0</course><hAcc>0.0</hAcc><vAcc>0.0</vAcc></extensions></trkpt><trkpt lat="49.65834129000004" lon="11.056779720000002"><ele>282.78000000000003</ele><time>2026-09-20T9:01:25Z</time><extensions><speed>-1.0</speed><course>-1.0</course><hAcc>0.0</hAcc><vAcc>0.0</vAcc></extensions></trkpt><trkpt lat="49.65828929000004" lon="11.056651050000001"><ele>282.78000000000003</ele><time>2026-09-20T9:01:27Z</time><extensions><speed>-1.0</speed><course>-1.0</course><hAcc>0.0</hAcc><vAcc>0.0</vAcc></extensions></trkpt><trkpt lat="49.65823696000004" lon="11.056514380000001"><ele>282.78000000000003</ele><time>2026-09-20T9:01:29Z</time><extensions><speed>-1.0</speed><course>-1.0</course><hAcc>0.0</hAcc><vAcc>0.0</vAcc></extensions></trkpt><trkpt lat="49.65818463000004" lon="11.056373380000002"><ele>282.78000000000003</ele><time>2026-09-20T9:01:31Z</time><extensions><speed>-1.0</speed><course>-1.0</course><hAcc>0.0</hAcc><vAcc>0.0</vAcc></extensions></trkpt><trkpt lat="49.65814096000004" lon="11.056254050000001"><ele>282.78000000000003</ele><time>2026-09-20T9:01:32Z</time><extensions><speed>-1.0</speed><course>-1.0</course><hAcc>0.0</hAcc><vAcc>0.0</vAcc></extensions></trkpt><trkpt lat="49.65809296000004" lon="11.056123050000002"><ele>282.78000000000003</ele><time>2026-09-20T9:01:34Z</time><extensions><speed>-1.0</speed><course>-1.0</course><hAcc>0.0</hAcc><vAcc>0.0</vAcc></extensions></trkpt><trkpt lat="49.65804329000004" lon="11.055983720000002"><ele>282.78000000000003</ele><time>2026-09-20T9:01:36Z</time><extensions><speed>-1.0</speed><course>-1.0</course><hAcc>0.0</hAcc><vAcc>0.0</vAcc></extensions></trkpt><trkpt lat="49.65799129000004" lon="11.055838050000002"><ele>282.78000000000003</ele><time>2026-09-20T9:01:38Z</time><extensions><speed>-1.0</speed><course>-1.0</course><hAcc>0.0</hAcc><vAcc>0.0</vAcc></extensions></trkpt><trkpt lat="49.657947960000044" lon="11.055714380000001"><ele>282.78000000000003</ele><time>2026-09-20T9:01:39Z</time><extensions><speed>-1.0</speed><course>-1.0</course><hAcc>0.0</hAcc><vAcc>0.0</vAcc></extensions></trkpt><trkpt lat="49.657902290000045" lon="11.055579380000001"><ele>282.78000000000003</ele><time>2026-09-20T9:01:41Z</time><extensions><speed>-1.0</speed><course>-1.0</course><hAcc>0.0</hAcc><vAcc>0.0</vAcc></extensions></trkpt><trkpt lat="49.65786162000005" lon="11.05546305"><ele>282.78000000000003</ele><time>2026-09-20T9:01:42Z</time><extensions><speed>-1.0</speed><course>-1.0</course><hAcc>0.0</hAcc><vAcc>0.0</vAcc></extensions></trkpt><trkpt lat="49.65781429000005" lon="11.05533205"><ele>282.78000000000003</ele><time>2026-09-20T9:01:44Z</time><extensions><speed>-1.0</speed><course>-1.0</course><hAcc>0.0</hAcc><vAcc>0.0</vAcc></extensions></trkpt><trkpt lat="49.65776362000005" lon="11.055189720000001"><ele>283.6</ele><time>2026-09-20T9:01:46Z</time><extensions><speed>-1.0</speed><course>-1.0</course><hAcc>0.0</hAcc><vAcc>0.0</vAcc></extensions></trkpt><trkpt lat="49.657711290000044" lon="11.055039390000001"><ele>283.6</ele><time>2026-09-20T9:01:48Z</time><extensions><speed>-1.0</speed><course>-1.0</course><hAcc>0.0</hAcc><vAcc>0.0</vAcc></extensions></trkpt><trkpt lat="49.657657960000044" lon="11.054882390000001"><ele>283.6</ele><time>2026-09-20T9:01:50Z</time><extensions><speed>-1.0</speed><course>-1.0</course><hAcc>0.0</hAcc><vAcc>0.0</vAcc></extensions></trkpt><trkpt lat="49.657609630000046" lon="11.054752060000002"><ele>283.6</ele><time>2026-09-20T9:01:51Z</time><extensions><speed>-1.0</speed><course>-1.0</course><hAcc>0.0</hAcc><vAcc>0.0</vAcc></extensions></trkpt><trkpt lat="49.65756396000005" lon="11.054640390000001"><ele>283.6</ele><time>2026-09-20T9:01:52Z</time><extensions><speed>-1.0</speed><course>-1.0</course><hAcc>0.0</hAcc><vAcc>0.0</vAcc></extensions></trkpt><trkpt lat="49.65751229000005" lon="11.054510720000001"><ele>283.6</ele><time>2026-09-20T9:01:54Z</time><extensions><speed>-1.0</speed><course>-1.0</course><hAcc>0.0</hAcc><vAcc>0.0</vAcc></extensions></trkpt><trkpt lat="49.65746862000005" lon="11.054395390000002"><ele>282.42</ele><time>2026-09-20T9:01:55Z</time><extensions><speed>-1.0</speed><course>-1.0</course><hAcc>0.0</hAcc><vAcc>0.0</vAcc></extensions></trkpt><trkpt lat="49.65742995000005" lon="11.054290060000001"><ele>282.42</ele><time>2026-09-20T9:01:56Z</time><extensions><speed>-1.0</speed><course>-1.0</course><hAcc>0.0</hAcc><vAcc>0.0</vAcc></extensions></trkpt><trkpt lat="49.65738462000005" lon="11.054164730000002"><ele>282.42</ele><time>2026-09-20T9:01:58Z</time><extensions><speed>-1.0</speed><course>-1.0</course><hAcc>0.0</hAcc><vAcc>0.0</vAcc></extensions></trkpt><trkpt lat="49.65733629000005" lon="11.054026060000002"><ele>282.42</ele><time>2026-09-20T9:02:00Z</time><extensions><speed>-1.0</speed><course>-1.0</course><hAcc>0.0</hAcc><vAcc>0.0</vAcc></extensions></trkpt><trkpt lat="49.657287290000056" lon="11.053879390000002"><ele>282.42</ele><time>2026-09-20T9:02:02Z</time><extensions><speed>-1.0</speed><course>-1.0</course><hAcc>0.0</hAcc><vAcc>0.0</vAcc></extensions></trkpt><trkpt lat="49.65723562000006" lon="11.053725720000003"><ele>282.42</ele><time>2026-09-20T9:02:04Z</time><extensions><speed>-1.0</speed><course>-1.0</course><hAcc>0.0</hAcc><vAcc>0.0</vAcc></extensions></trkpt><trkpt lat="49.65719295000006" lon="11.053594390000002"><ele>282.42</ele><time>2026-09-20T9:02:05Z</time><extensions><speed>-1.0</speed><course>-1.0</course><hAcc>0.0</hAcc><vAcc>0.0</vAcc></extensions></trkpt><trkpt lat="49.65714562000006" lon="11.053452060000003"><ele>282.42</ele><time>2026-09-20T9:02:07Z</time><extensions><speed>-1.0</speed><course>-1.0</course><hAcc>0.0</hAcc><vAcc>0.0</vAcc></extensions></trkpt><trkpt lat="49.65710495000006" lon="11.053328730000004"><ele>282.42</ele><time>2026-09-20T9:02:08Z</time><extensions><speed>-1.0</speed><course>-1.0</course><hAcc>0.0</hAcc><vAcc>0.0</vAcc></extensions></trkpt><trkpt lat="49.65705828000006" lon="11.053193060000003"><ele>281.51</ele><time>2026-09-20T9:02:10Z</time><extensions><speed>-1.0</speed><course>-1.0</course><hAcc>0.0</hAcc><vAcc>0.0</vAcc></extensions></trkpt><trkpt lat="49.65700728000006" lon="11.053048730000004"><ele>281.51</ele><time>2026-09-20T9:02:12Z</time><extensions><speed>-1.0</speed><course>-1.0</course><hAcc>0.0</hAcc><vAcc>0.0</vAcc></extensions></trkpt><trkpt lat="49.65695161000006" lon="11.052900730000005"><ele>281.51</ele><time>2026-09-20T9:02:14Z</time><extensions><speed>-1.0</speed><course>-1.0</course><hAcc>0.0</hAcc><vAcc>0.0</vAcc></extensions></trkpt><trkpt lat="49.656890610000055" lon="11.052752060000005"><ele>281.51</ele><time>2026-09-20T9:02:16Z</time><extensions><speed>-1.0</speed><course>-1.0</course><hAcc>0.0</hAcc><vAcc>0.0</vAcc></extensions></trkpt><trkpt lat="49.65682661000005" lon="11.052601730000005"><ele>281.51</ele><time>2026-09-20T9:02:18Z</time><extensions><speed>-1.0</speed><course>-1.0</course><hAcc>0.0</hAcc><vAcc>0.0</vAcc></extensions></trkpt><trkpt lat="49.65677294000005" lon="11.052475060000004"><ele>280.69</ele><time>2026-09-20T9:02:19Z</time><extensions><speed>-1.0</speed><course>-1.0</course><hAcc>0.0</hAcc><vAcc>0.0</vAcc></extensions></trkpt><trkpt lat="49.65671394000005" lon="11.052340730000004"><ele>280.69</ele><time>2026-09-20T9:02:21Z</time><extensions><speed>-1.0</speed><course>-1.0</course><hAcc>0.0</hAcc><vAcc>0.0</vAcc></extensions></trkpt><trkpt lat="49.65665027000005" lon="11.052201730000004"><ele>280.69</ele><time>2026-09-20T9:02:23Z</time><extensions><speed>-1.0</speed><course>-1.0</course><hAcc>0.0</hAcc><vAcc>0.0</vAcc></extensions></trkpt><trkpt lat="49.65658627000005" lon="11.052059730000003"><ele>280.69</ele><time>2026-09-20T9:02:25Z</time><extensions><speed>-1.0</speed><course>-1.0</course><hAcc>0.0</hAcc><vAcc>0.0</vAcc></extensions></trkpt><trkpt lat="49.65653194000005" lon="11.051940400000003"><ele>280.69</ele><time>2026-09-20T9:02:26Z</time><extensions><speed>-1.0</speed><course>-1.0</course><hAcc>0.0</hAcc><vAcc>0.0</vAcc></extensions></trkpt><trkpt lat="49.65648527000005" lon="11.051835730000002"><ele>280.69</ele><time>2026-09-20T9:02:27Z</time><extensions><speed>-1.0</speed><course>-1.0</course><hAcc>0.0</hAcc><vAcc>0.0</vAcc></extensions></trkpt><trkpt lat="49.656443940000045" lon="11.051740400000002"><ele>280.69</ele><time>2026-09-20T9:02:28Z</time><extensions><speed>-1.0</speed><course>-1.0</course><hAcc>0.0</hAcc><vAcc>0.0</vAcc></extensions></trkpt><trkpt lat="49.65640661000005" lon="11.051651070000002"><ele>279.42</ele><time>2026-09-20T9:02:29Z</time><extensions><speed>-1.0</speed><course>-1.0</course><hAcc>0.0</hAcc><vAcc>0.0</vAcc></extensions></trkpt><trkpt lat="49.65636161000005" lon="11.051541070000003"><ele>279.42</ele><time>2026-09-20T9:02:31Z</time><extensions><speed>-1.0</speed><course>-1.0</course><hAcc>0.0</hAcc><vAcc>0.0</vAcc></extensions></trkpt><trkpt lat="49.656322940000045" lon="11.051440400000002"><ele>279.42</ele><time>2026-09-20T9:02:32Z</time><extensions><speed>-1.0</speed><course>-1.0</course><hAcc>0.0</hAcc><vAcc>0.0</vAcc></extensions></trkpt><trkpt lat="49.65628827000005" lon="11.051347070000002"><ele>279.42</ele><time>2026-09-20T9:02:33Z</time><extensions><speed>-1.0</speed><course>-1.0</course><hAcc>0.0</hAcc><vAcc>0.0</vAcc></extensions></trkpt><trkpt lat="49.65624894000005" lon="11.051232740000001"><ele>279.42</ele><time>2026-09-20T9:02:35Z</time><extensions><speed>-1.0</speed><course>-1.0</course><hAcc>0.0</hAcc><vAcc>0.0</vAcc></extensions></trkpt><trkpt lat="49.656207610000045" lon="11.051104070000001"><ele>279.42</ele><time>2026-09-20T9:02:37Z</time><extensions><speed>-1.0</speed><course>-1.0</course><hAcc>0.0</hAcc><vAcc>0.0</vAcc></extensions></trkpt><trkpt lat="49.65616361000004" lon="11.05096507"><ele>279.42</ele><time>2026-09-20T9:02:39Z</time><extensions><speed>-1.0</speed><course>-1.0</course><hAcc>0.0</hAcc><vAcc>0.0</vAcc></extensions></trkpt><trkpt lat="49.65612561000004" lon="11.05081307"><ele>279.42</ele><time>2026-09-20T9:02:41Z</time><extensions><speed>-1.0</speed><course>-1.0</course><hAcc>0.0</hAcc><vAcc>0.0</vAcc></extensions></trkpt><trkpt lat="49.65609061000004" lon="11.05065274"><ele>279.42</ele><time>2026-09-20T9:02:43Z</time><extensions><speed>-1.0</speed><course>-1.0</course><hAcc>0.0</hAcc><vAcc>0.0</vAcc></extensions></trkpt><trkpt lat="49.65605694000004" lon="11.050485740000001"><ele>279.42</ele><time>2026-09-20T9:02:45Z</time><extensions><speed>-1.0</speed><course>-1.0</course><hAcc>0.0</hAcc><vAcc>0.0</vAcc></extensions></trkpt><trkpt lat="49.65602961000004" lon="11.050344070000001"><ele>278.6</ele><time>2026-09-20T9:02:46Z</time><extensions><speed>-1.0</speed><course>-1.0</course><hAcc>0.0</hAcc><vAcc>0.0</vAcc></extensions></trkpt><trkpt lat="49.65600861000004" lon="11.050218070000001"><ele>278.6</ele><time>2026-09-20T9:02:47Z</time><extensions><speed>-1.0</speed><course>-1.0</course><hAcc>0.0</hAcc><vAcc>0.0</vAcc></extensions></trkpt><trkpt lat="49.655987940000045" lon="11.050071400000002"><ele>278.6</ele><time>2026-09-20T9:02:49Z</time><extensions><speed>-1.0</speed><course>-1.0</course><hAcc>0.0</hAcc><vAcc>0.0</vAcc></extensions></trkpt><trkpt lat="49.65597294000005" lon="11.049942400000003"><ele>278.6</ele><time>2026-09-20T9:02:50Z</time><extensions><speed>-1.0</speed><course>-1.0</course><hAcc>0.0</hAcc><vAcc>0.0</vAcc></extensions></trkpt><trkpt lat="49.655959610000046" lon="11.049795730000003"><ele>278.6</ele><time>2026-09-20T9:02:52Z</time><extensions><speed>-1.0</speed><course>-1.0</course><hAcc>0.0</hAcc><vAcc>0.0</vAcc></extensions></trkpt><trkpt lat="49.655948940000044" lon="11.049637060000004"><ele>278.6</ele><time>2026-09-20T9:02:54Z</time><extensions><speed>-1.0</speed><course>-1.0</course><hAcc>0.0</hAcc><vAcc>0.0</vAcc></extensions></trkpt><trkpt lat="49.65594194000005" lon="11.049470730000003"><ele>278.6</ele><time>2026-09-20T9:02:56Z</time><extensions><speed>-1.0</speed><course>-1.0</course><hAcc>0.0</hAcc><vAcc>0.0</vAcc></extensions></trkpt><trkpt lat="49.65593794000005" lon="11.049329400000003"><ele>278.6</ele><time>2026-09-20T9:02:57Z</time><extensions><speed>-1.0</speed><course>-1.0</course><hAcc>0.0</hAcc><vAcc>0.0</vAcc></extensions></trkpt><trkpt lat="49.65593761000005" lon="11.049205730000002"><ele>278.6</ele><time>2026-09-20T9:02:58Z</time><extensions><speed>-1.0</speed><course>-1.0</course><hAcc>0.0</hAcc><vAcc>0.0</vAcc></extensions></trkpt><trkpt lat="49.655938940000055" lon="11.049094060000002"><ele>278.6</ele><time>2026-09-20T9:02:59Z</time><extensions><speed>-1.0</speed><course>-1.0</course><hAcc>0.0</hAcc><vAcc>0.0</vAcc></extensions></trkpt><trkpt lat="49.65594327000006" lon="11.048961730000002"><ele>278.6</ele><time>2026-09-20T9:03:01Z</time><extensions><speed>-1.0</speed><course>-1.0</course><hAcc>0.0</hAcc><vAcc>0.0</vAcc></extensions></trkpt><trkpt lat="49.655952940000056" lon="11.048817060000003"><ele>278.6</ele><time>2026-09-20T9:03:03Z</time><extensions><speed>-1.0</speed><course>-1.0</course><hAcc>0.0</hAcc><vAcc>0.0</vAcc></extensions></trkpt><trkpt lat="49.655961610000055" lon="11.048691730000003"><ele>278.6</ele><time>2026-09-20T9:03:04Z</time><extensions><speed>-1.0</speed><course>-1.0</course><hAcc>0.0</hAcc><vAcc>0.0</vAcc></extensions></trkpt><trkpt lat="49.65597661000005" lon="11.048552730000003"><ele>278.6</ele><time>2026-09-20T9:03:06Z</time><extensions><speed>-1.0</speed><course>-1.0</course><hAcc>0.0</hAcc><vAcc>0.0</vAcc></extensions></trkpt><trkpt lat="49.65599128000005" lon="11.048430400000003"><ele>278.6</ele><time>2026-09-20T9:03:07Z</time><extensions><speed>-1.0</speed><course>-1.0</course><hAcc>0.0</hAcc><vAcc>0.0</vAcc></extensions></trkpt><trkpt lat="49.65601061000005" lon="11.048292730000002"><ele>278.6</ele><time>2026-09-20T9:03:09Z</time><extensions><speed>-1.0</speed><course>-1.0</course><hAcc>0.0</hAcc><vAcc>0.0</vAcc></extensions></trkpt><trkpt lat="49.65603061000005" lon="11.048174060000001"><ele>278.6</ele><time>2026-09-20T9:03:10Z</time><extensions><speed>-1.0</speed><course>-1.0</course><hAcc>0.0</hAcc><vAcc>0.0</vAcc></extensions></trkpt><trkpt lat="49.65605394000005" lon="11.04804273"><ele>278.6</ele><time>2026-09-20T9:03:12Z</time><extensions><speed>-1.0</speed><course>-1.0</course><hAcc>0.0</hAcc><vAcc>0.0</vAcc></extensions></trkpt><trkpt lat="49.65607427000005" lon="11.047929400000001"><ele>278.6</ele><time>2026-09-20T9:03:13Z</time><extensions><speed>-1.0</speed><course>-1.0</course><hAcc>0.0</hAcc><vAcc>0.0</vAcc></extensions></trkpt><trkpt lat="49.656097940000045" lon="11.047803400000001"><ele>277.78000000000003</ele><time>2026-09-20T9:03:15Z</time><extensions><speed>-1.0</speed><course>-1.0</course><hAcc>0.0</hAcc><vAcc>0.0</vAcc></extensions></trkpt><trkpt lat="49.656117940000044" lon="11.047670730000002"><ele>277.78000000000003</ele><time>2026-09-20T9:03:17Z</time><extensions><speed>-1.0</speed><course>-1.0</course><hAcc>0.0</hAcc><vAcc>0.0</vAcc></extensions></trkpt><trkpt lat="49.656128940000045" lon="11.047562730000001"><ele>277.78000000000003</ele><time>2026-09-20T9:03:18Z</time><extensions><speed>-1.0</speed><course>-1.0</course><hAcc>0.0</hAcc><vAcc>0.0</vAcc></extensions></trkpt><trkpt lat="49.65613027000005" lon="11.047468060000002"><ele>277.78000000000003</ele><time>2026-09-20T9:03:20Z</time><extensions><speed>-1.0</speed><course>-1.0</course><hAcc>0.0</hAcc><vAcc>0.0</vAcc></extensions></trkpt><trkpt lat="49.65613160000005" lon="11.047395730000002"><ele>277.78000000000003</ele><time>2026-09-20T9:03:22Z</time><extensions><speed>-1.0</speed><course>-1.0</course><hAcc>0.0</hAcc><vAcc>0.0</vAcc></extensions></trkpt><trkpt lat="49.65613993000005" lon="11.047314400000001"><ele>277.78000000000003</ele><time>2026-09-20T9:03:24Z</time><extensions><speed>-1.0</speed><course>-1.0</course><hAcc>0.0</hAcc><vAcc>0.0</vAcc></extensions></trkpt><trkpt lat="49.65615760000005" lon="11.04724007"><ele>276.87</ele><time>2026-09-20T9:03:25Z</time><extensions><speed>-1.0</speed><course>-1.0</course><hAcc>0.0</hAcc><vAcc>0.0</vAcc></extensions></trkpt><trkpt lat="49.65620127000005" lon="11.0471564"><ele>276.87</ele><time>2026-09-20T9:03:27Z</time><extensions><speed>-1.0</speed><course>-1.0</course><hAcc>0.0</hAcc><vAcc>0.0</vAcc></extensions></trkpt><trkpt lat="49.656241270000045" lon="11.04707173"><ele>276.87</ele><time>2026-09-20T9:03:28Z</time><extensions><speed>-1.0</speed><course>-1.0</course><hAcc>0.0</hAcc><vAcc>0.0</vAcc></extensions></trkpt><trkpt lat="49.65628227000005" lon="11.0469494"><ele>276.87</ele><time>2026-09-20T9:03:30Z</time><extensions><speed>-1.0</speed><course>-1.0</course><hAcc>0.0</hAcc><vAcc>0.0</vAcc></extensions></trkpt><trkpt lat="49.656325600000045" lon="11.04680173"><ele>276.87</ele><time>2026-09-20T9:03:32Z</time><extensions><speed>-1.0</speed><course>-1.0</course><hAcc>0.0</hAcc><vAcc>0.0</vAcc></extensions></trkpt><trkpt lat="49.65637193000005" lon="11.04663906"><ele>276.87</ele><time>2026-09-20T9:03:34Z</time><extensions><speed>-1.0</speed><course>-1.0</course><hAcc>0.0</hAcc><vAcc>0.0</vAcc></extensions></trkpt><trkpt lat="49.65641726000005" lon="11.04646639"><ele>276.87</ele><time>2026-09-20T9:03:36Z</time><extensions><speed>-1.0</speed><course>-1.0</course><hAcc>0.0</hAcc><vAcc>0.0</vAcc></extensions></trkpt><trkpt lat="49.656454590000045" lon="11.04632106"><ele>276.87</ele><time>2026-09-20T9:03:37Z</time><extensions><speed>-1.0</speed><course>-1.0</course><hAcc>0.0</hAcc><vAcc>0.0</vAcc></extensions></trkpt><trkpt lat="49.65649259000005" lon="11.04616539"><ele>276.87</ele><time>2026-09-20T9:03:39Z</time><extensions><speed>-1.0</speed><course>-1.0</course><hAcc>0.0</hAcc><vAcc>0.0</vAcc></extensions></trkpt><trkpt lat="49.656524590000046" lon="11.046032720000001"><ele>276.87</ele><time>2026-09-20T9:03:40Z</time><extensions><speed>-1.0</speed><course>-1.0</course><hAcc>0.0</hAcc><vAcc>0.0</vAcc></extensions></trkpt><trkpt lat="49.656559260000044" lon="11.045887720000001"><ele>276.87</ele><time>2026-09-20T9:03:42Z</time><extensions><speed>-1.0</speed><course>-1.0</course><hAcc>0.0</hAcc><vAcc>0.0</vAcc></extensions></trkpt><trkpt lat="49.656592260000046" lon="11.045734050000002"><ele>276.87</ele><time>2026-09-20T9:03:44Z</time><extensions><speed>-1.0</speed><course>-1.0</course><hAcc>0.0</hAcc><vAcc>0.0</vAcc></extensions></trkpt><trkpt lat="49.65661959000005" lon="11.045601720000002"><ele>276.87</ele><time>2026-09-20T9:03:45Z</time><extensions><speed>-1.0</speed><course>-1.0</course><hAcc>0.0</hAcc><vAcc>0.0</vAcc></extensions></trkpt><trkpt lat="49.656646260000045" lon="11.045456390000002"><ele>276.87</ele><time>2026-09-20T9:03:47Z</time><extensions><speed>-1.0</speed><course>-1.0</course><hAcc>0.0</hAcc><vAcc>0.0</vAcc></extensions></trkpt><trkpt lat="49.65666693000004" lon="11.045329390000001"><ele>276.87</ele><time>2026-09-20T9:03:48Z</time><extensions><speed>-1.0</speed><course>-1.0</course><hAcc>0.0</hAcc><vAcc>0.0</vAcc></extensions></trkpt><trkpt lat="49.65668726000004" lon="11.045186390000001"><ele>276.87</ele><time>2026-09-20T9:03:50Z</time><extensions><speed>-1.0</speed><course>-1.0</course><hAcc>0.0</hAcc><vAcc>0.0</vAcc></extensions></trkpt><trkpt lat="49.65670326000004" lon="11.045062060000001"><ele>276.05</ele><time>2026-09-20T9:03:51Z</time><extensions><speed>-1.0</speed><course>-1.0</course><hAcc>0.0</hAcc><vAcc>0.0</vAcc></extensions></trkpt><trkpt lat="49.65671759000004" lon="11.04492306"><ele>276.05</ele><time>2026-09-20T9:03:53Z</time><extensions><speed>-1.0</speed><course>-1.0</course><hAcc>0.0</hAcc><vAcc>0.0</vAcc></extensions></trkpt><trkpt lat="49.65672859000004" lon="11.04477473"><ele>276.05</ele><time>2026-09-20T9:03:55Z</time><extensions><speed>-1.0</speed><course>-1.0</course><hAcc>0.0</hAcc><vAcc>0.0</vAcc></extensions></trkpt><trkpt lat="49.65673759000004" lon="11.04464673"><ele>276.05</ele><time>2026-09-20T9:03:56Z</time><extensions><speed>-1.0</speed><course>-1.0</course><hAcc>0.0</hAcc><vAcc>0.0</vAcc></extensions></trkpt><trkpt lat="49.656744920000044" lon="11.04450506"><ele>276.05</ele><time>2026-09-20T9:03:58Z</time><extensions><speed>-1.0</speed><course>-1.0</course><hAcc>0.0</hAcc><vAcc>0.0</vAcc></extensions></trkpt><trkpt lat="49.65674925000005" lon="11.04435473"><ele>276.05</ele><time>2026-09-20T9:04:00Z</time><extensions><speed>-1.0</speed><course>-1.0</course><hAcc>0.0</hAcc><vAcc>0.0</vAcc></extensions></trkpt><trkpt lat="49.65675425000005" lon="11.04419773"><ele>276.05</ele><time>2026-09-20T9:04:02Z</time><extensions><speed>-1.0</speed><course>-1.0</course><hAcc>0.0</hAcc><vAcc>0.0</vAcc></extensions></trkpt><trkpt lat="49.65675892000005" lon="11.044065060000001"><ele>276.05</ele><time>2026-09-20T9:04:03Z</time><extensions><speed>-1.0</speed><course>-1.0</course><hAcc>0.0</hAcc><vAcc>0.0</vAcc></extensions></trkpt><trkpt lat="49.656760250000055" lon="11.043918390000002"><ele>276.05</ele><time>2026-09-20T9:04:05Z</time><extensions><speed>-1.0</speed><course>-1.0</course><hAcc>0.0</hAcc><vAcc>0.0</vAcc></extensions></trkpt><trkpt lat="49.65675925000006" lon="11.043761720000001"><ele>276.05</ele><time>2026-09-20T9:04:07Z</time><extensions><speed>-1.0</speed><course>-1.0</course><hAcc>0.0</hAcc><vAcc>0.0</vAcc></extensions></trkpt><trkpt lat="49.656757250000055" lon="11.043599720000001"><ele>276.05</ele><time>2026-09-20T9:04:09Z</time><extensions><speed>-1.0</speed><course>-1.0</course><hAcc>0.0</hAcc><vAcc>0.0</vAcc></extensions></trkpt><trkpt lat="49.65675525000005" lon="11.04346205"><ele>276.05</ele><time>2026-09-20T9:04:10Z</time><extensions><speed>-1.0</speed><course>-1.0</course><hAcc>0.0</hAcc><vAcc>0.0</vAcc></extensions></trkpt><trkpt lat="49.65674692000005" lon="11.043312720000001"><ele>275.05</ele><time>2026-09-20T9:04:12Z</time><extensions><speed>-1.0</speed><course>-1.0</course><hAcc>0.0</hAcc><vAcc>0.0</vAcc></extensions></trkpt><trkpt lat="49.656731920000055" lon="11.04318639"><ele>275.05</ele><time>2026-09-20T9:04:13Z</time><extensions><speed>-1.0</speed><course>-1.0</course><hAcc>0.0</hAcc><vAcc>0.0</vAcc></extensions></trkpt><trkpt lat="49.65671125000006" lon="11.043078060000001"><ele>275.05</ele><time>2026-09-20T9:04:14Z</time><extensions><speed>-1.0</speed><course>-1.0</course><hAcc>0.0</hAcc><vAcc>0.0</vAcc></extensions></trkpt><trkpt lat="49.65667425000006" lon="11.04296373"><ele>275.05</ele><time>2026-09-20T9:04:16Z</time><extensions><speed>-1.0</speed><course>-1.0</course><hAcc>0.0</hAcc><vAcc>0.0</vAcc></extensions></trkpt><trkpt lat="49.65663725000006" lon="11.04286606"><ele>275.05</ele><time>2026-09-20T9:04:17Z</time><extensions><speed>-1.0</speed><course>-1.0</course><hAcc>0.0</hAcc><vAcc>0.0</vAcc></extensions></trkpt><trkpt lat="49.65659025000006" lon="11.04275339"><ele>275.05</ele><time>2026-09-20T9:04:19Z</time><extensions><speed>-1.0</speed><course>-1.0</course><hAcc>0.0</hAcc><vAcc>0.0</vAcc></extensions></trkpt><trkpt lat="49.65654292000006" lon="11.04262672"><ele>275.05</ele><time>2026-09-20T9:04:21Z</time><extensions><speed>-1.0</speed><course>-1.0</course><hAcc>0.0</hAcc><vAcc>0.0</vAcc></extensions></trkpt><trkpt lat="49.65650625000006" lon="11.04251539"><ele>275.05</ele><time>2026-09-20T9:04:22Z</time><extensions><speed>-1.0</speed><course>-1.0</course><hAcc>0.0</hAcc><vAcc>0.0</vAcc></extensions></trkpt><trkpt lat="49.656475920000055" lon="11.04238406"><ele>275.05</ele><time>2026-09-20T9:04:24Z</time><extensions><speed>-1.0</speed><course>-1.0</course><hAcc>0.0</hAcc><vAcc>0.0</vAcc></extensions></trkpt><trkpt lat="49.65645125000005" lon="11.04224106"><ele>275.05</ele><time>2026-09-20T9:04:26Z</time><extensions><speed>-1.0</speed><course>-1.0</course><hAcc>0.0</hAcc><vAcc>0.0</vAcc></extensions></trkpt><trkpt lat="49.65643592000006" lon="11.04211939"><ele>275.05</ele><time>2026-09-20T9:04:27Z</time><extensions><speed>-1.0</speed><course>-1.0</course><hAcc>0.0</hAcc><vAcc>0.0</vAcc></extensions></trkpt><trkpt lat="49.656427920000056" lon="11.04198672"><ele>275.05</ele><time>2026-09-20T9:04:29Z</time><extensions><speed>-1.0</speed><course>-1.0</course><hAcc>0.0</hAcc><vAcc>0.0</vAcc></extensions></trkpt><trkpt lat="49.656425590000055" lon="11.04187139"><ele>275.05</ele><time>2026-09-20T9:04:30Z</time><extensions><speed>-1.0</speed><course>-1.0</course><hAcc>0.0</hAcc><vAcc>0.0</vAcc></extensions></trkpt><trkpt lat="49.65642892000005" lon="11.04176906"><ele>275.05</ele><time>2026-09-20T9:04:31Z</time><extensions><speed>-1.0</speed><course>-1.0</course><hAcc>0.0</hAcc><vAcc>0.0</vAcc></extensions></trkpt><trkpt lat="49.656442590000054" lon="11.04165306"><ele>275.05</ele><time>2026-09-20T9:04:33Z</time><extensions><speed>-1.0</speed><course>-1.0</course><hAcc>0.0</hAcc><vAcc>0.0</vAcc></extensions></trkpt><trkpt lat="49.656476260000055" lon="11.04153906"><ele>275.05</ele><time>2026-09-20T9:04:35Z</time><extensions><speed>-1.0</speed><course>-1.0</course><hAcc>0.0</hAcc><vAcc>0.0</vAcc></extensions></trkpt><trkpt lat="49.65650859000006" lon="11.04144373"><ele>275.05</ele><time>2026-09-20T9:04:36Z</time><extensions><speed>-1.0</speed><course>-1.0</course><hAcc>0.0</hAcc><vAcc>0.0</vAcc></extensions></trkpt><trkpt lat="49.65653626000006" lon="11.04135706"><ele>275.05</ele><time>2026-09-20T9:04:37Z</time><extensions><speed>-1.0</speed><course>-1.0</course><hAcc>0.0</hAcc><vAcc>0.0</vAcc></extensions></trkpt><trkpt lat="49.65656093000006" lon="11.041247729999998"><ele>275.05</ele><time>2026-09-20T9:04:39Z</time><extensions><speed>-1.0</speed><course>-1.0</course><hAcc>0.0</hAcc><vAcc>0.0</vAcc></extensions></trkpt><trkpt lat="49.65658026000006" lon="11.041146729999998"><ele>275.05</ele><time>2026-09-20T9:04:40Z</time><extensions><speed>-1.0</speed><course>-1.0</course><hAcc>0.0</hAcc><vAcc>0.0</vAcc></extensions></trkpt><trkpt lat="49.65659493000006" lon="11.041024059999998"><ele>275.05</ele><time>2026-09-20T9:04:42Z</time><extensions><speed>-1.0</speed><course>-1.0</course><hAcc>0.0</hAcc><vAcc>0.0</vAcc></extensions></trkpt><trkpt lat="49.65660460000006" lon="11.040915059999998"><ele>275.05</ele><time>2026-09-20T9:04:43Z</time><extensions><speed>-1.0</speed><course>-1.0</course><hAcc>0.0</hAcc><vAcc>0.0</vAcc></extensions></trkpt><trkpt lat="49.65662427000006" lon="11.040792729999998"><ele>275.05</ele><time>2026-09-20T9:04:45Z</time><extensions><speed>-1.0</speed><course>-1.0</course><hAcc>0.0</hAcc><vAcc>0.0</vAcc></extensions></trkpt><trkpt lat="49.65665894000006" lon="11.040668399999998"><ele>275.05</ele><time>2026-09-20T9:04:47Z</time><extensions><speed>-1.0</speed><course>-1.0</course><hAcc>0.0</hAcc><vAcc>0.0</vAcc></extensions></trkpt><trkpt lat="49.65669761000006" lon="11.040538729999998"><ele>275.05</ele><time>2026-09-20T9:04:49Z</time><extensions><speed>-1.0</speed><course>-1.0</course><hAcc>0.0</hAcc><vAcc>0.0</vAcc></extensions></trkpt><trkpt lat="49.65673228000006" lon="11.040430729999997"><ele>275.05</ele><time>2026-09-20T9:04:50Z</time><extensions><speed>-1.0</speed><course>-1.0</course><hAcc>0.0</hAcc><vAcc>0.0</vAcc></extensions></trkpt><trkpt lat="49.656772610000054" lon="11.040317399999998"><ele>275.05</ele><time>2026-09-20T9:04:52Z</time><extensions><speed>-1.0</speed><course>-1.0</course><hAcc>0.0</hAcc><vAcc>0.0</vAcc></extensions></trkpt><trkpt lat="49.65681594000005" lon="11.040202399999998"><ele>275.05</ele><time>2026-09-20T9:04:54Z</time><extensions><speed>-1.0</speed><course>-1.0</course><hAcc>0.0</hAcc><vAcc>0.0</vAcc></extensions></trkpt><trkpt lat="49.65686094000005" lon="11.040087069999998"><ele>275.05</ele><time>2026-09-20T9:04:56Z</time><extensions><speed>-1.0</speed><course>-1.0</course><hAcc>0.0</hAcc><vAcc>0.0</vAcc></extensions></trkpt><trkpt lat="49.65690394000005" lon="11.039975069999999"><ele>275.05</ele><time>2026-09-20T9:04:58Z</time><extensions><speed>-1.0</speed><course>-1.0</course><hAcc>0.0</hAcc><vAcc>0.0</vAcc></extensions></trkpt><trkpt lat="49.65693961000005" lon="11.039884399999998"><ele>275.96</ele><time>2026-09-20T9:04:59Z</time><extensions><speed>-1.0</speed><course>-1.0</course><hAcc>0.0</hAcc><vAcc>0.0</vAcc></extensions></trkpt><trkpt lat="49.65697894000005" lon="11.039792069999999"><ele>275.96</ele><time>2026-09-20T9:05:01Z</time><extensions><speed>-1.0</speed><course>-1.0</course><hAcc>0.0</hAcc><vAcc>0.0</vAcc></extensions></trkpt><trkpt lat="49.65702361000005" lon="11.03969607"><ele>278.05</ele><time>2026-09-20T9:05:03Z</time><extensions><speed>-1.0</speed><course>-1.0</course><hAcc>0.0</hAcc><vAcc>0.0</vAcc></extensions></trkpt><trkpt lat="49.657062610000054" lon="11.0396144"><ele>278.05</ele><time>2026-09-20T9:05:04Z</time><extensions><speed>-1.0</speed><course>-1.0</course><hAcc>0.0</hAcc><vAcc>0.0</vAcc></extensions></trkpt><trkpt lat="49.65709661000005" lon="11.03954173"><ele>278.05</ele><time>2026-09-20T9:05:05Z</time><extensions><speed>-1.0</speed><course>-1.0</course><hAcc>0.0</hAcc><vAcc>0.0</vAcc></extensions></trkpt><trkpt lat="49.65713461000006" lon="11.0394574"><ele>278.05</ele><time>2026-09-20T9:05:07Z</time><extensions><speed>-1.0</speed><course>-1.0</course><hAcc>0.0</hAcc><vAcc>0.0</vAcc></extensions></trkpt><trkpt lat="49.657177610000055" lon="11.03936107"><ele>278.05</ele><time>2026-09-20T9:05:09Z</time><extensions><speed>-1.0</speed><course>-1.0</course><hAcc>0.0</hAcc><vAcc>0.0</vAcc></extensions></trkpt><trkpt lat="49.65722428000006" lon="11.0392564"><ele>278.05</ele><time>2026-09-20T9:05:11Z</time><extensions><speed>-1.0</speed><course>-1.0</course><hAcc>0.0</hAcc><vAcc>0.0</vAcc></extensions></trkpt><trkpt lat="49.65726395000006" lon="11.03916673"><ele>278.05</ele><time>2026-09-20T9:05:12Z</time><extensions><speed>-1.0</speed><course>-1.0</course><hAcc>0.0</hAcc><vAcc>0.0</vAcc></extensions></trkpt><trkpt lat="49.65729962000006" lon="11.03908673"><ele>278.87</ele><time>2026-09-20T9:05:13Z</time><extensions><speed>-1.0</speed><course>-1.0</course><hAcc>0.0</hAcc><vAcc>0.0</vAcc></extensions></trkpt><trkpt lat="49.65734029000006" lon="11.038994059999998"><ele>278.87</ele><time>2026-09-20T9:05:15Z</time><extensions><speed>-1.0</speed><course>-1.0</course><hAcc>0.0</hAcc><vAcc>0.0</vAcc></extensions></trkpt><trkpt lat="49.65737596000006" lon="11.03891339"><ele>278.87</ele><time>2026-09-20T9:05:16Z</time><extensions><speed>-1.0</speed><course>-1.0</course><hAcc>0.0</hAcc><vAcc>0.0</vAcc></extensions></trkpt><trkpt lat="49.65740863000006" lon="11.03884006"><ele>279.69</ele><time>2026-09-20T9:05:17Z</time><extensions><speed>-1.0</speed><course>-1.0</course><hAcc>0.0</hAcc><vAcc>0.0</vAcc></extensions></trkpt><trkpt lat="49.65744896000006" lon="11.03875173"><ele>279.69</ele><time>2026-09-20T9:05:19Z</time><extensions><speed>-1.0</speed><course>-1.0</course><hAcc>0.0</hAcc><vAcc>0.0</vAcc></extensions></trkpt><trkpt lat="49.65749329000006" lon="11.0386544"><ele>279.69</ele><time>2026-09-20T9:05:21Z</time><extensions><speed>-1.0</speed><course>-1.0</course><hAcc>0.0</hAcc><vAcc>0.0</vAcc></extensions></trkpt><trkpt lat="49.65753296000006" lon="11.03856973"><ele>279.69</ele><time>2026-09-20T9:05:22Z</time><extensions><speed>-1.0</speed><course>-1.0</course><hAcc>0.0</hAcc><vAcc>0.0</vAcc></extensions></trkpt><trkpt lat="49.657568630000064" lon="11.0384924"><ele>280.69</ele><time>2026-09-20T9:05:23Z</time><extensions><speed>-1.0</speed><course>-1.0</course><hAcc>0.0</hAcc><vAcc>0.0</vAcc></extensions></trkpt><trkpt lat="49.657601630000066" lon="11.038419730000001"><ele>280.69</ele><time>2026-09-20T9:05:24Z</time><extensions><speed>-1.0</speed><course>-1.0</course><hAcc>0.0</hAcc><vAcc>0.0</vAcc></extensions></trkpt><trkpt lat="49.65764330000007" lon="11.038330730000002"><ele>280.69</ele><time>2026-09-20T9:05:26Z</time><extensions><speed>-1.0</speed><course>-1.0</course><hAcc>0.0</hAcc><vAcc>0.0</vAcc></extensions></trkpt><trkpt lat="49.65768030000007" lon="11.038251060000002"><ele>280.69</ele><time>2026-09-20T9:05:27Z</time><extensions><speed>-1.0</speed><course>-1.0</course><hAcc>0.0</hAcc><vAcc>0.0</vAcc></extensions></trkpt><trkpt lat="49.657714630000065" lon="11.038176730000002"><ele>280.69</ele><time>2026-09-20T9:05:28Z</time><extensions><speed>-1.0</speed><course>-1.0</course><hAcc>0.0</hAcc><vAcc>0.0</vAcc></extensions></trkpt><trkpt lat="49.65775530000006" lon="11.038085400000002"><ele>281.51</ele><time>2026-09-20T9:05:30Z</time><extensions><speed>-1.0</speed><course>-1.0</course><hAcc>0.0</hAcc><vAcc>0.0</vAcc></extensions></trkpt><trkpt lat="49.65780097000006" lon="11.037985070000001"><ele>281.51</ele><time>2026-09-20T9:05:32Z</time><extensions><speed>-1.0</speed><course>-1.0</course><hAcc>0.0</hAcc><vAcc>0.0</vAcc></extensions></trkpt><trkpt lat="49.65784097000006" lon="11.037897400000002"><ele>281.51</ele><time>2026-09-20T9:05:33Z</time><extensions><speed>-1.0</speed><course>-1.0</course><hAcc>0.0</hAcc><vAcc>0.0</vAcc></extensions></trkpt><trkpt lat="49.65787864000006" lon="11.037803400000001"><ele>281.51</ele><time>2026-09-20T9:05:35Z</time><extensions><speed>-1.0</speed><course>-1.0</course><hAcc>0.0</hAcc><vAcc>0.0</vAcc></extensions></trkpt><trkpt lat="49.657907640000055" lon="11.037710400000002"><ele>280.42</ele><time>2026-09-20T9:05:37Z</time><extensions><speed>-1.0</speed><course>-1.0</course><hAcc>0.0</hAcc><vAcc>0.0</vAcc></extensions></trkpt><trkpt lat="49.657924640000054" lon="11.037639730000002"><ele>280.42</ele><time>2026-09-20T9:05:39Z</time><extensions><speed>-1.0</speed><course>-1.0</course><hAcc>0.0</hAcc><vAcc>0.0</vAcc></extensions></trkpt><trkpt lat="49.657935640000055" lon="11.037591400000002"><ele>280.42</ele><time>2026-09-20T9:05:40Z</time><extensions><speed>-1.0</speed><course>-1.0</course><hAcc>0.0</hAcc><vAcc>0.0</vAcc></extensions></trkpt><trkpt lat="49.65794331000006" lon="11.037560400000002"><ele>280.42</ele><time>2026-09-20T9:05:41Z</time><extensions><speed>-1.0</speed><course>-1.0</course><hAcc>0.0</hAcc><vAcc>0.0</vAcc></extensions></trkpt><trkpt lat="49.65794831000006" lon="11.037490730000002"><ele>280.42</ele><time>2026-09-20T9:06:40Z</time><extensions><speed>-1.0</speed><course>-1.0</course><hAcc>0.0</hAcc><vAcc>0.0</vAcc></extensions></trkpt><trkpt lat="49.65794131000006" lon="11.037491730000001"><ele>280.42</ele><time>2026-09-20T9:06:48Z</time><extensions><speed>-1.0</speed><course>-1.0</course><hAcc>0.0</hAcc><vAcc>0.0</vAcc></extensions></trkpt><trkpt lat="49.657943310000064" lon="11.037473400000001"><ele>280.42</ele><time>2026-09-20T9:06:51Z</time><extensions><speed>-1.0</speed><course>-1.0</course><hAcc>0.0</hAcc><vAcc>0.0</vAcc></extensions></trkpt><trkpt lat="49.657953980000066" lon="11.037449070000001"><ele>280.42</ele><time>2026-09-20T9:06:53Z</time><extensions><speed>-1.0</speed><course>-1.0</course><hAcc>0.0</hAcc><vAcc>0.0</vAcc></extensions></trkpt><trkpt lat="49.657985650000064" lon="11.037397400000001"><ele>280.42</ele><time>2026-09-20T9:06:55Z</time><extensions><speed>-1.0</speed><course>-1.0</course><hAcc>0.0</hAcc><vAcc>0.0</vAcc></extensions></trkpt><trkpt lat="49.65802365000007" lon="11.037334730000001"><ele>280.42</ele><time>2026-09-20T9:06:56Z</time><extensions><speed>-1.0</speed><course>-1.0</course><hAcc>0.0</hAcc><vAcc>0.0</vAcc></extensions></trkpt><trkpt lat="49.658067320000065" lon="11.037234400000001"><ele>280.42</ele><time>2026-09-20T9:06:58Z</time><extensions><speed>-1.0</speed><course>-1.0</course><hAcc>0.0</hAcc><vAcc>0.0</vAcc></extensions></trkpt><trkpt lat="49.658120320000066" lon="11.03709607"><ele>280.42</ele><time>2026-09-20T9:07:00Z</time><extensions><speed>-1.0</speed><course>-1.0</course><hAcc>0.0</hAcc><vAcc>0.0</vAcc></extensions></trkpt><trkpt lat="49.65816932000006" lon="11.036963400000001"><ele>280.42</ele><time>2026-09-20T9:07:01Z</time><extensions><speed>-1.0</speed><course>-1.0</course><hAcc>0.0</hAcc><vAcc>0.0</vAcc></extensions></trkpt><trkpt lat="49.658246650000066" lon="11.036815400000002"><ele>280.42</ele><time>2026-09-20T9:07:03Z</time><extensions><speed>-1.0</speed><course>-1.0</course><hAcc>0.0</hAcc><vAcc>0.0</vAcc></extensions></trkpt><trkpt lat="49.65832965000006" lon="11.036638400000001"><ele>280.42</ele><time>2026-09-20T9:07:05Z</time><extensions><speed>-1.0</speed><course>-1.0</course><hAcc>0.0</hAcc><vAcc>0.0</vAcc></extensions></trkpt><trkpt lat="49.65840932000006" lon="11.036429400000001"><ele>280.42</ele><time>2026-09-20T9:07:07Z</time><extensions><speed>-1.0</speed><course>-1.0</course><hAcc>0.0</hAcc><vAcc>0.0</vAcc></extensions></trkpt><trkpt lat="49.658498320000064" lon="11.036192070000002"><ele>280.42</ele><time>2026-09-20T9:07:09Z</time><extensions><speed>-1.0</speed><course>-1.0</course><hAcc>0.0</hAcc><vAcc>0.0</vAcc></extensions></trkpt><trkpt lat="49.65858899000006" lon="11.035940070000002"><ele>280.42</ele><time>2026-09-20T9:07:11Z</time><extensions><speed>-1.0</speed><course>-1.0</course><hAcc>0.0</hAcc><vAcc>0.0</vAcc></extensions></trkpt><trkpt lat="49.658666320000066" lon="11.035728740000001"><ele>279.33</ele><time>2026-09-20T9:07:12Z</time><extensions><speed>-1.0</speed><course>-1.0</course><hAcc>0.0</hAcc><vAcc>0.0</vAcc></extensions></trkpt><trkpt lat="49.658745990000064" lon="11.035506410000002"><ele>279.33</ele><time>2026-09-20T9:07:14Z</time><extensions><speed>-1.0</speed><course>-1.0</course><hAcc>0.0</hAcc><vAcc>0.0</vAcc></extensions></trkpt><trkpt lat="49.65882532000006" lon="11.035281740000002"><ele>278.14</ele><time>2026-09-20T9:07:16Z</time><extensions><speed>-1.0</speed><course>-1.0</course><hAcc>0.0</hAcc><vAcc>0.0</vAcc></extensions></trkpt><trkpt lat="49.65889132000006" lon="11.035094410000003"><ele>278.14</ele><time>2026-09-20T9:07:17Z</time><extensions><speed>-1.0</speed><course>-1.0</course><hAcc>0.0</hAcc><vAcc>0.0</vAcc></extensions></trkpt><trkpt lat="49.65895965000006" lon="11.034899740000002"><ele>273.51</ele><time>2026-09-20T9:07:19Z</time><extensions><speed>-1.0</speed><course>-1.0</course><hAcc>0.0</hAcc><vAcc>0.0</vAcc></extensions></trkpt><trkpt lat="49.65902632000006" lon="11.034704410000002"><ele>273.51</ele><time>2026-09-20T9:07:21Z</time><extensions><speed>-1.0</speed><course>-1.0</course><hAcc>0.0</hAcc><vAcc>0.0</vAcc></extensions></trkpt><trkpt lat="49.65908165000006" lon="11.034544410000002"><ele>273.51</ele><time>2026-09-20T9:07:22Z</time><extensions><speed>-1.0</speed><course>-1.0</course><hAcc>0.0</hAcc><vAcc>0.0</vAcc></extensions></trkpt><trkpt lat="49.65912932000006" lon="11.034409740000003"><ele>273.51</ele><time>2026-09-20T9:07:23Z</time><extensions><speed>-1.0</speed><course>-1.0</course><hAcc>0.0</hAcc><vAcc>0.0</vAcc></extensions></trkpt><trkpt lat="49.659181650000065" lon="11.034277740000002"><ele>273.51</ele><time>2026-09-20T9:07:25Z</time><extensions><speed>-1.0</speed><course>-1.0</course><hAcc>0.0</hAcc><vAcc>0.0</vAcc></extensions></trkpt><trkpt lat="49.65922532000006" lon="11.034151410000002"><ele>273.51</ele><time>2026-09-20T9:07:27Z</time><extensions><speed>-1.0</speed><course>-1.0</course><hAcc>0.0</hAcc><vAcc>0.0</vAcc></extensions></trkpt><trkpt lat="49.65925432000006" lon="11.034054740000002"><ele>273.51</ele><time>2026-09-20T9:07:28Z</time><extensions><speed>-1.0</speed><course>-1.0</course><hAcc>0.0</hAcc><vAcc>0.0</vAcc></extensions></trkpt><trkpt lat="49.65927432000006" lon="11.033997410000001"><ele>273.51</ele><time>2026-09-20T9:07:30Z</time><extensions><speed>-1.0</speed><course>-1.0</course><hAcc>0.0</hAcc><vAcc>0.0</vAcc></extensions></trkpt><trkpt lat="49.65932932000006" lon="11.033878410000002"><ele>273.51</ele><time>2026-09-20T9:07:49Z</time><extensions><speed>-1.0</speed><course>-1.0</course><hAcc>0.0</hAcc><vAcc>0.0</vAcc></extensions></trkpt><trkpt lat="49.65932899000006" lon="11.033876080000002"><ele>273.51</ele><time>2026-09-20T9:07:50Z</time><extensions><speed>-1.0</speed><course>-1.0</course><hAcc>0.0</hAcc><vAcc>0.0</vAcc></extensions></trkpt><trkpt lat="49.65932366000006" lon="11.033868750000002"><ele>272.6</ele><time>2026-09-20T9:08:02Z</time><extensions><speed>-1.0</speed><course>-1.0</course><hAcc>0.0</hAcc><vAcc>0.0</vAcc></extensions></trkpt><trkpt lat="49.65933799000006" lon="11.033831420000002"><ele>272.6</ele><time>2026-09-20T9:08:06Z</time><extensions><speed>-1.0</speed><course>-1.0</course><hAcc>0.0</hAcc><vAcc>0.0</vAcc></extensions></trkpt><trkpt lat="49.65934366000006" lon="11.033820420000001"><ele>272.6</ele><time>2026-09-20T9:08:07Z</time><extensions><speed>-1.0</speed><course>-1.0</course><hAcc>0.0</hAcc><vAcc>0.0</vAcc></extensions></trkpt><trkpt lat="49.65935733000006" lon="11.033766420000001"><ele>272.6</ele><time>2026-09-20T9:08:09Z</time><extensions><speed>-1.0</speed><course>-1.0</course><hAcc>0.0</hAcc><vAcc>0.0</vAcc></extensions></trkpt><trkpt lat="49.659347660000066" lon="11.03367642"><ele>272.6</ele><time>2026-09-20T9:08:11Z</time><extensions><speed>-1.0</speed><course>-1.0</course><hAcc>0.0</hAcc><vAcc>0.0</vAcc></extensions></trkpt><trkpt lat="49.659317330000064" lon="11.033608090000001"><ele>272.6</ele><time>2026-09-20T9:08:12Z</time><extensions><speed>-1.0</speed><course>-1.0</course><hAcc>0.0</hAcc><vAcc>0.0</vAcc></extensions></trkpt><trkpt lat="49.65927366000007" lon="11.033520760000002"><ele>272.6</ele><time>2026-09-20T9:08:14Z</time><extensions><speed>-1.0</speed><course>-1.0</course><hAcc>0.0</hAcc><vAcc>0.0</vAcc></extensions></trkpt><trkpt lat="49.659262990000066" lon="11.033398430000002"><ele>272.6</ele><time>2026-09-20T9:08:16Z</time><extensions><speed>-1.0</speed><course>-1.0</course><hAcc>0.0</hAcc><vAcc>0.0</vAcc></extensions></trkpt><trkpt lat="49.65927632000007" lon="11.033261760000002"><ele>272.6</ele><time>2026-09-20T9:08:18Z</time><extensions><speed>-1.0</speed><course>-1.0</course><hAcc>0.0</hAcc><vAcc>0.0</vAcc></extensions></trkpt><trkpt lat="49.65929765000007" lon="11.033116760000002"><ele>272.6</ele><time>2026-09-20T9:08:20Z</time><extensions><speed>-1.0</speed><course>-1.0</course><hAcc>0.0</hAcc><vAcc>0.0</vAcc></extensions></trkpt><trkpt lat="49.65929832000007" lon="11.032972430000003"><ele>272.6</ele><time>2026-09-20T9:08:22Z</time><extensions><speed>-1.0</speed><course>-1.0</course><hAcc>0.0</hAcc><vAcc>0.0</vAcc></extensions></trkpt><trkpt lat="49.659282650000065" lon="11.032861760000003"><ele>272.6</ele><time>2026-09-20T9:08:23Z</time><extensions><speed>-1.0</speed><course>-1.0</course><hAcc>0.0</hAcc><vAcc>0.0</vAcc></extensions></trkpt><trkpt lat="49.65924198000007" lon="11.032768430000003"><ele>272.6</ele><time>2026-09-20T9:08:25Z</time><extensions><speed>-1.0</speed><course>-1.0</course><hAcc>0.0</hAcc><vAcc>0.0</vAcc></extensions></trkpt><trkpt lat="49.659195310000065" lon="11.032695430000002"><ele>272.6</ele><time>2026-09-20T9:08:26Z</time><extensions><speed>-1.0</speed><course>-1.0</course><hAcc>0.0</hAcc><vAcc>0.0</vAcc></extensions></trkpt><trkpt lat="49.659127640000065" lon="11.032606430000003"><ele>272.6</ele><time>2026-09-20T9:08:28Z</time><extensions><speed>-1.0</speed><course>-1.0</course><hAcc>0.0</hAcc><vAcc>0.0</vAcc></extensions></trkpt><trkpt lat="49.65906364000006" lon="11.032519760000003"><ele>272.6</ele><time>2026-09-20T9:08:29Z</time><extensions><speed>-1.0</speed><course>-1.0</course><hAcc>0.0</hAcc><vAcc>0.0</vAcc></extensions></trkpt><trkpt lat="49.65899731000006" lon="11.032431090000003"><ele>272.6</ele><time>2026-09-20T9:08:30Z</time><extensions><speed>-1.0</speed><course>-1.0</course><hAcc>0.0</hAcc><vAcc>0.0</vAcc></extensions></trkpt><trkpt lat="49.65891898000006" lon="11.032293420000002"><ele>271.78000000000003</ele><time>2026-09-20T9:08:32Z</time><extensions><speed>-1.0</speed><course>-1.0</course><hAcc>0.0</hAcc><vAcc>0.0</vAcc></extensions></trkpt><trkpt lat="49.65882465000006" lon="11.032175420000002"><ele>271.78000000000003</ele><time>2026-09-20T9:08:34Z</time><extensions><speed>-1.0</speed><course>-1.0</course><hAcc>0.0</hAcc><vAcc>0.0</vAcc></extensions></trkpt><trkpt lat="49.65874865000006" lon="11.032065420000002"><ele>271.78000000000003</ele><time>2026-09-20T9:08:35Z</time><extensions><speed>-1.0</speed><course>-1.0</course><hAcc>0.0</hAcc><vAcc>0.0</vAcc></extensions></trkpt><trkpt lat="49.658686980000056" lon="11.031961420000002"><ele>270.87</ele><time>2026-09-20T9:08:36Z</time><extensions><speed>-1.0</speed><course>-1.0</course><hAcc>0.0</hAcc><vAcc>0.0</vAcc></extensions></trkpt><trkpt lat="49.65862031000005" lon="11.031836750000002"><ele>270.87</ele><time>2026-09-20T9:08:38Z</time><extensions><speed>-1.0</speed><course>-1.0</course><hAcc>0.0</hAcc><vAcc>0.0</vAcc></extensions></trkpt><trkpt lat="49.658548980000056" lon="11.031696420000001"><ele>270.05</ele><time>2026-09-20T9:08:40Z</time><extensions><speed>-1.0</speed><course>-1.0</course><hAcc>0.0</hAcc><vAcc>0.0</vAcc></extensions></trkpt><trkpt lat="49.65847465000006" lon="11.03154675"><ele>270.05</ele><time>2026-09-20T9:08:42Z</time><extensions><speed>-1.0</speed><course>-1.0</course><hAcc>0.0</hAcc><vAcc>0.0</vAcc></extensions></trkpt><trkpt lat="49.65841265000006" lon="11.03141742"><ele>268.6</ele><time>2026-09-20T9:08:43Z</time><extensions><speed>-1.0</speed><course>-1.0</course><hAcc>0.0</hAcc><vAcc>0.0</vAcc></extensions></trkpt><trkpt lat="49.658357650000056" lon="11.03130275"><ele>268.6</ele><time>2026-09-20T9:08:44Z</time><extensions><speed>-1.0</speed><course>-1.0</course><hAcc>0.0</hAcc><vAcc>0.0</vAcc></extensions></trkpt><trkpt lat="49.658293320000055" lon="11.03116975"><ele>268.6</ele><time>2026-09-20T9:08:46Z</time><extensions><speed>-1.0</speed><course>-1.0</course><hAcc>0.0</hAcc><vAcc>0.0</vAcc></extensions></trkpt><trkpt lat="49.658233990000056" lon="11.03105342"><ele>268.6</ele><time>2026-09-20T9:08:47Z</time><extensions><speed>-1.0</speed><course>-1.0</course><hAcc>0.0</hAcc><vAcc>0.0</vAcc></extensions></trkpt><trkpt lat="49.65815966000006" lon="11.03091209"><ele>268.6</ele><time>2026-09-20T9:08:49Z</time><extensions><speed>-1.0</speed><course>-1.0</course><hAcc>0.0</hAcc><vAcc>0.0</vAcc></extensions></trkpt><trkpt lat="49.65807533000006" lon="11.030762419999999"><ele>268.6</ele><time>2026-09-20T9:08:51Z</time><extensions><speed>-1.0</speed><course>-1.0</course><hAcc>0.0</hAcc><vAcc>0.0</vAcc></extensions></trkpt><trkpt lat="49.65798666000006" lon="11.030613749999999"><ele>268.6</ele><time>2026-09-20T9:08:53Z</time><extensions><speed>-1.0</speed><course>-1.0</course><hAcc>0.0</hAcc><vAcc>0.0</vAcc></extensions></trkpt><trkpt lat="49.65791133000006" lon="11.030490749999998"><ele>268.6</ele><time>2026-09-20T9:08:54Z</time><extensions><speed>-1.0</speed><course>-1.0</course><hAcc>0.0</hAcc><vAcc>0.0</vAcc></extensions></trkpt><trkpt lat="49.657831330000064" lon="11.030363419999999"><ele>268.6</ele><time>2026-09-20T9:08:56Z</time><extensions><speed>-1.0</speed><course>-1.0</course><hAcc>0.0</hAcc><vAcc>0.0</vAcc></extensions></trkpt><trkpt lat="49.65775033000006" lon="11.030236749999998"><ele>268.6</ele><time>2026-09-20T9:08:58Z</time><extensions><speed>-1.0</speed><course>-1.0</course><hAcc>0.0</hAcc><vAcc>0.0</vAcc></extensions></trkpt><trkpt lat="49.65767966000006" lon="11.030119749999999"><ele>268.6</ele><time>2026-09-20T9:09:00Z</time><extensions><speed>-1.0</speed><course>-1.0</course><hAcc>0.0</hAcc><vAcc>0.0</vAcc></extensions></trkpt><trkpt lat="49.65763766000006" lon="11.03001108"><ele>268.6</ele><time>2026-09-20T9:09:02Z</time><extensions><speed>-1.0</speed><course>-1.0</course><hAcc>0.0</hAcc><vAcc>0.0</vAcc></extensions></trkpt><trkpt lat="49.65764133000006" lon="11.029906409999999"><ele>268.6</ele><time>2026-09-20T9:09:04Z</time><extensions><speed>-1.0</speed><course>-1.0</course><hAcc>0.0</hAcc><vAcc>0.0</vAcc></extensions></trkpt><trkpt lat="49.65766733000006" lon="11.029798079999999"><ele>268.6</ele><time>2026-09-20T9:09:06Z</time><extensions><speed>-1.0</speed><course>-1.0</course><hAcc>0.0</hAcc><vAcc>0.0</vAcc></extensions></trkpt><trkpt lat="49.65771300000006" lon="11.029685749999999"><ele>268.6</ele><time>2026-09-20T9:09:08Z</time><extensions><speed>-1.0</speed><course>-1.0</course><hAcc>0.0</hAcc><vAcc>0.0</vAcc></extensions></trkpt><trkpt lat="49.65775700000006" lon="11.029588749999998"><ele>268.6</ele><time>2026-09-20T9:09:09Z</time><extensions><speed>-1.0</speed><course>-1.0</course><hAcc>0.0</hAcc><vAcc>0.0</vAcc></extensions></trkpt><trkpt lat="49.65780000000006" lon="11.02950342"><ele>268.6</ele><time>2026-09-20T9:09:10Z</time><extensions><speed>-1.0</speed><course>-1.0</course><hAcc>0.0</hAcc><vAcc>0.0</vAcc></extensions></trkpt><trkpt lat="49.657854670000056" lon="11.02940342"><ele>268.6</ele><time>2026-09-20T9:09:12Z</time><extensions><speed>-1.0</speed><course>-1.0</course><hAcc>0.0</hAcc><vAcc>0.0</vAcc></extensions></trkpt><trkpt lat="49.657905340000056" lon="11.02931742"><ele>268.6</ele><time>2026-09-20T9:09:13Z</time><extensions><speed>-1.0</speed><course>-1.0</course><hAcc>0.0</hAcc><vAcc>0.0</vAcc></extensions></trkpt><trkpt lat="49.65796634000006" lon="11.02921442"><ele>268.6</ele><time>2026-09-20T9:09:15Z</time><extensions><speed>-1.0</speed><course>-1.0</course><hAcc>0.0</hAcc><vAcc>0.0</vAcc></extensions></trkpt><trkpt lat="49.65803434000006" lon="11.029103090000001"><ele>268.6</ele><time>2026-09-20T9:09:17Z</time><extensions><speed>-1.0</speed><course>-1.0</course><hAcc>0.0</hAcc><vAcc>0.0</vAcc></extensions></trkpt><trkpt lat="49.658092010000054" lon="11.029007090000002"><ele>268.6</ele><time>2026-09-20T9:09:18Z</time><extensions><speed>-1.0</speed><course>-1.0</course><hAcc>0.0</hAcc><vAcc>0.0</vAcc></extensions></trkpt><trkpt lat="49.65814401000005" lon="11.028919420000003"><ele>268.6</ele><time>2026-09-20T9:09:19Z</time><extensions><speed>-1.0</speed><course>-1.0</course><hAcc>0.0</hAcc><vAcc>0.0</vAcc></extensions></trkpt><trkpt lat="49.65819834000005" lon="11.028810420000003"><ele>268.6</ele><time>2026-09-20T9:09:21Z</time><extensions><speed>-1.0</speed><course>-1.0</course><hAcc>0.0</hAcc><vAcc>0.0</vAcc></extensions></trkpt><trkpt lat="49.658242010000045" lon="11.028709750000003"><ele>267.78000000000003</ele><time>2026-09-20T9:09:22Z</time><extensions><speed>-1.0</speed><course>-1.0</course><hAcc>0.0</hAcc><vAcc>0.0</vAcc></extensions></trkpt><trkpt lat="49.65829168000005" lon="11.028593420000002"><ele>267.78000000000003</ele><time>2026-09-20T9:09:24Z</time><extensions><speed>-1.0</speed><course>-1.0</course><hAcc>0.0</hAcc><vAcc>0.0</vAcc></extensions></trkpt><trkpt lat="49.658337350000046" lon="11.028492750000002"><ele>267.78000000000003</ele><time>2026-09-20T9:09:25Z</time><extensions><speed>-1.0</speed><course>-1.0</course><hAcc>0.0</hAcc><vAcc>0.0</vAcc></extensions></trkpt><trkpt lat="49.658394350000044" lon="11.028382080000002"><ele>267.78000000000003</ele><time>2026-09-20T9:09:27Z</time><extensions><speed>-1.0</speed><course>-1.0</course><hAcc>0.0</hAcc><vAcc>0.0</vAcc></extensions></trkpt><trkpt lat="49.65846035000004" lon="11.028270750000003"><ele>267.78000000000003</ele><time>2026-09-20T9:09:29Z</time><extensions><speed>-1.0</speed><course>-1.0</course><hAcc>0.0</hAcc><vAcc>0.0</vAcc></extensions></trkpt><trkpt lat="49.65852868000004" lon="11.028152420000003"><ele>267.78000000000003</ele><time>2026-09-20T9:09:31Z</time><extensions><speed>-1.0</speed><course>-1.0</course><hAcc>0.0</hAcc><vAcc>0.0</vAcc></extensions></trkpt><trkpt lat="49.65859968000004" lon="11.028028090000003"><ele>267.78000000000003</ele><time>2026-09-20T9:09:33Z</time><extensions><speed>-1.0</speed><course>-1.0</course><hAcc>0.0</hAcc><vAcc>0.0</vAcc></extensions></trkpt><trkpt lat="49.658659350000036" lon="11.027921090000003"><ele>267.78000000000003</ele><time>2026-09-20T9:09:34Z</time><extensions><speed>-1.0</speed><course>-1.0</course><hAcc>0.0</hAcc><vAcc>0.0</vAcc></extensions></trkpt><trkpt lat="49.65871668000003" lon="11.027799420000003"><ele>267.78000000000003</ele><time>2026-09-20T9:09:36Z</time><extensions><speed>-1.0</speed><course>-1.0</course><hAcc>0.0</hAcc><vAcc>0.0</vAcc></extensions></trkpt><trkpt lat="49.65875735000003" lon="11.027688420000002"><ele>267.78000000000003</ele><time>2026-09-20T9:09:37Z</time><extensions><speed>-1.0</speed><course>-1.0</course><hAcc>0.0</hAcc><vAcc>0.0</vAcc></extensions></trkpt><trkpt lat="49.65879168000003" lon="11.027558090000003"><ele>267.78000000000003</ele><time>2026-09-20T9:09:39Z</time><extensions><speed>-1.0</speed><course>-1.0</course><hAcc>0.0</hAcc><vAcc>0.0</vAcc></extensions></trkpt><trkpt lat="49.65882068000003" lon="11.027413420000004"><ele>267.78000000000003</ele><time>2026-09-20T9:09:41Z</time><extensions><speed>-1.0</speed><course>-1.0</course><hAcc>0.0</hAcc><vAcc>0.0</vAcc></extensions></trkpt><trkpt lat="49.65883935000003" lon="11.027257420000003"><ele>267.78000000000003</ele><time>2026-09-20T9:09:43Z</time><extensions><speed>-1.0</speed><course>-1.0</course><hAcc>0.0</hAcc><vAcc>0.0</vAcc></extensions></trkpt><trkpt lat="49.658846350000026" lon="11.027093090000003"><ele>267.78000000000003</ele><time>2026-09-20T9:09:45Z</time><extensions><speed>-1.0</speed><course>-1.0</course><hAcc>0.0</hAcc><vAcc>0.0</vAcc></extensions></trkpt><trkpt lat="49.65884602000003" lon="11.026925420000003"><ele>267.78000000000003</ele><time>2026-09-20T9:09:47Z</time><extensions><speed>-1.0</speed><course>-1.0</course><hAcc>0.0</hAcc><vAcc>0.0</vAcc></extensions></trkpt><trkpt lat="49.658843350000026" lon="11.026785090000002"><ele>267.78000000000003</ele><time>2026-09-20T9:09:48Z</time><extensions><speed>-1.0</speed><course>-1.0</course><hAcc>0.0</hAcc><vAcc>0.0</vAcc></extensions></trkpt><trkpt lat="49.65883702000003" lon="11.026636090000002"><ele>267.78000000000003</ele><time>2026-09-20T9:09:50Z</time><extensions><speed>-1.0</speed><course>-1.0</course><hAcc>0.0</hAcc><vAcc>0.0</vAcc></extensions></trkpt><trkpt lat="49.658829690000026" lon="11.026510090000002"><ele>267.78000000000003</ele><time>2026-09-20T9:09:51Z</time><extensions><speed>-1.0</speed><course>-1.0</course><hAcc>0.0</hAcc><vAcc>0.0</vAcc></extensions></trkpt><trkpt lat="49.658821020000026" lon="11.026372420000001"><ele>267.78000000000003</ele><time>2026-09-20T9:09:53Z</time><extensions><speed>-1.0</speed><course>-1.0</course><hAcc>0.0</hAcc><vAcc>0.0</vAcc></extensions></trkpt><trkpt lat="49.658812690000026" lon="11.026253420000002"><ele>267.78000000000003</ele><time>2026-09-20T9:09:54Z</time><extensions><speed>-1.0</speed><course>-1.0</course><hAcc>0.0</hAcc><vAcc>0.0</vAcc></extensions></trkpt><trkpt lat="49.65880136000003" lon="11.026119090000002"><ele>267.78000000000003</ele><time>2026-09-20T9:09:56Z</time><extensions><speed>-1.0</speed><course>-1.0</course><hAcc>0.0</hAcc><vAcc>0.0</vAcc></extensions></trkpt><trkpt lat="49.65879136000002" lon="11.026001760000002"><ele>267.78000000000003</ele><time>2026-09-20T9:09:57Z</time><extensions><speed>-1.0</speed><course>-1.0</course><hAcc>0.0</hAcc><vAcc>0.0</vAcc></extensions></trkpt><trkpt lat="49.658776360000026" lon="11.025869430000002"><ele>267.78000000000003</ele><time>2026-09-20T9:09:59Z</time><extensions><speed>-1.0</speed><course>-1.0</course><hAcc>0.0</hAcc><vAcc>0.0</vAcc></extensions></trkpt><trkpt lat="49.65876336000002" lon="11.025754430000003"><ele>267.78000000000003</ele><time>2026-09-20T9:10:00Z</time><extensions><speed>-1.0</speed><course>-1.0</course><hAcc>0.0</hAcc><vAcc>0.0</vAcc></extensions></trkpt><trkpt lat="49.658749030000024" lon="11.025624430000002"><ele>267.78000000000003</ele><time>2026-09-20T9:10:02Z</time><extensions><speed>-1.0</speed><course>-1.0</course><hAcc>0.0</hAcc><vAcc>0.0</vAcc></extensions></trkpt><trkpt lat="49.658731700000025" lon="11.025484100000002"><ele>267.78000000000003</ele><time>2026-09-20T9:10:04Z</time><extensions><speed>-1.0</speed><course>-1.0</course><hAcc>0.0</hAcc><vAcc>0.0</vAcc></extensions></trkpt><trkpt lat="49.658720030000026" lon="11.025364430000002"><ele>267.78000000000003</ele><time>2026-09-20T9:10:05Z</time><extensions><speed>-1.0</speed><course>-1.0</course><hAcc>0.0</hAcc><vAcc>0.0</vAcc></extensions></trkpt><trkpt lat="49.65871136000003" lon="11.025261430000002"><ele>268.6</ele><time>2026-09-20T9:10:06Z</time><extensions><speed>-1.0</speed><course>-1.0</course><hAcc>0.0</hAcc><vAcc>0.0</vAcc></extensions></trkpt><trkpt lat="49.65871569000003" lon="11.025149430000003"><ele>268.6</ele><time>2026-09-20T9:10:08Z</time><extensions><speed>-1.0</speed><course>-1.0</course><hAcc>0.0</hAcc><vAcc>0.0</vAcc></extensions></trkpt><trkpt lat="49.658731020000026" lon="11.025029100000003"><ele>268.6</ele><time>2026-09-20T9:10:10Z</time><extensions><speed>-1.0</speed><course>-1.0</course><hAcc>0.0</hAcc><vAcc>0.0</vAcc></extensions></trkpt><trkpt lat="49.658746020000024" lon="11.024924770000004"><ele>268.6</ele><time>2026-09-20T9:10:11Z</time><extensions><speed>-1.0</speed><course>-1.0</course><hAcc>0.0</hAcc><vAcc>0.0</vAcc></extensions></trkpt><trkpt lat="49.658768690000024" lon="11.024807100000004"><ele>269.51</ele><time>2026-09-20T9:10:13Z</time><extensions><speed>-1.0</speed><course>-1.0</course><hAcc>0.0</hAcc><vAcc>0.0</vAcc></extensions></trkpt><trkpt lat="49.658790360000026" lon="11.024704770000003"><ele>269.51</ele><time>2026-09-20T9:10:14Z</time><extensions><speed>-1.0</speed><course>-1.0</course><hAcc>0.0</hAcc><vAcc>0.0</vAcc></extensions></trkpt><trkpt lat="49.65881703000002" lon="11.024586770000003"><ele>269.51</ele><time>2026-09-20T9:10:16Z</time><extensions><speed>-1.0</speed><course>-1.0</course><hAcc>0.0</hAcc><vAcc>0.0</vAcc></extensions></trkpt><trkpt lat="49.658841360000025" lon="11.024482100000002"><ele>269.51</ele><time>2026-09-20T9:10:17Z</time><extensions><speed>-1.0</speed><course>-1.0</course><hAcc>0.0</hAcc><vAcc>0.0</vAcc></extensions></trkpt><trkpt lat="49.65886603000003" lon="11.024385770000002"><ele>270.42</ele><time>2026-09-20T9:10:18Z</time><extensions><speed>-1.0</speed><course>-1.0</course><hAcc>0.0</hAcc><vAcc>0.0</vAcc></extensions></trkpt><trkpt lat="49.658909030000025" lon="11.024276770000002"><ele>270.42</ele><time>2026-09-20T9:10:20Z</time><extensions><speed>-1.0</speed><course>-1.0</course><hAcc>0.0</hAcc><vAcc>0.0</vAcc></extensions></trkpt><trkpt lat="49.658956700000026" lon="11.024144100000003"><ele>270.42</ele><time>2026-09-20T9:10:22Z</time><extensions><speed>-1.0</speed><course>-1.0</course><hAcc>0.0</hAcc><vAcc>0.0</vAcc></extensions></trkpt><trkpt lat="49.658996370000025" lon="11.024024430000003"><ele>270.42</ele><time>2026-09-20T9:10:23Z</time><extensions><speed>-1.0</speed><course>-1.0</course><hAcc>0.0</hAcc><vAcc>0.0</vAcc></extensions></trkpt><trkpt lat="49.65904237000002" lon="11.023883100000003"><ele>270.42</ele><time>2026-09-20T9:10:25Z</time><extensions><speed>-1.0</speed><course>-1.0</course><hAcc>0.0</hAcc><vAcc>0.0</vAcc></extensions></trkpt><trkpt lat="49.659084040000025" lon="11.023722770000003"><ele>270.42</ele><time>2026-09-20T9:10:27Z</time><extensions><speed>-1.0</speed><course>-1.0</course><hAcc>0.0</hAcc><vAcc>0.0</vAcc></extensions></trkpt><trkpt lat="49.65911971000003" lon="11.023552100000003"><ele>270.42</ele><time>2026-09-20T9:10:29Z</time><extensions><speed>-1.0</speed><course>-1.0</course><hAcc>0.0</hAcc><vAcc>0.0</vAcc></extensions></trkpt><trkpt lat="49.65915804000003" lon="11.023378430000003"><ele>270.42</ele><time>2026-09-20T9:10:31Z</time><extensions><speed>-1.0</speed><course>-1.0</course><hAcc>0.0</hAcc><vAcc>0.0</vAcc></extensions></trkpt><trkpt lat="49.65918337000003" lon="11.023227760000003"><ele>270.42</ele><time>2026-09-20T9:10:32Z</time><extensions><speed>-1.0</speed><course>-1.0</course><hAcc>0.0</hAcc><vAcc>0.0</vAcc></extensions></trkpt><trkpt lat="49.659198700000026" lon="11.023094760000003"><ele>270.42</ele><time>2026-09-20T9:10:33Z</time><extensions><speed>-1.0</speed><course>-1.0</course><hAcc>0.0</hAcc><vAcc>0.0</vAcc></extensions></trkpt><trkpt lat="49.65920603000003" lon="11.022938430000004"><ele>269.6</ele><time>2026-09-20T9:10:35Z</time><extensions><speed>-1.0</speed><course>-1.0</course><hAcc>0.0</hAcc><vAcc>0.0</vAcc></extensions></trkpt><trkpt lat="49.65920903000003" lon="11.022800760000003"><ele>269.6</ele><time>2026-09-20T9:10:36Z</time><extensions><speed>-1.0</speed><course>-1.0</course><hAcc>0.0</hAcc><vAcc>0.0</vAcc></extensions></trkpt><trkpt lat="49.65920970000003" lon="11.022641090000002"><ele>269.6</ele><time>2026-09-20T9:10:38Z</time><extensions><speed>-1.0</speed><course>-1.0</course><hAcc>0.0</hAcc><vAcc>0.0</vAcc></extensions></trkpt><trkpt lat="49.65920670000003" lon="11.022467090000003"><ele>269.6</ele><time>2026-09-20T9:10:40Z</time><extensions><speed>-1.0</speed><course>-1.0</course><hAcc>0.0</hAcc><vAcc>0.0</vAcc></extensions></trkpt><trkpt lat="49.65920270000003" lon="11.022284090000003"><ele>268.69</ele><time>2026-09-20T9:10:42Z</time><extensions><speed>-1.0</speed><course>-1.0</course><hAcc>0.0</hAcc><vAcc>0.0</vAcc></extensions></trkpt><trkpt lat="49.65919803000003" lon="11.022094760000003"><ele>268.69</ele><time>2026-09-20T9:10:44Z</time><extensions><speed>-1.0</speed><course>-1.0</course><hAcc>0.0</hAcc><vAcc>0.0</vAcc></extensions></trkpt><trkpt lat="49.659193360000025" lon="11.021934430000004"><ele>268.69</ele><time>2026-09-20T9:10:45Z</time><extensions><speed>-1.0</speed><course>-1.0</course><hAcc>0.0</hAcc><vAcc>0.0</vAcc></extensions></trkpt><trkpt lat="49.659187360000026" lon="11.021762430000004"><ele>268.69</ele><time>2026-09-20T9:10:47Z</time><extensions><speed>-1.0</speed><course>-1.0</course><hAcc>0.0</hAcc><vAcc>0.0</vAcc></extensions></trkpt><trkpt lat="49.659182360000024" lon="11.021614760000004"><ele>268.69</ele><time>2026-09-20T9:10:48Z</time><extensions><speed>-1.0</speed><course>-1.0</course><hAcc>0.0</hAcc><vAcc>0.0</vAcc></extensions></trkpt><trkpt lat="49.659176690000024" lon="11.021482760000003"><ele>268.69</ele><time>2026-09-20T9:10:49Z</time><extensions><speed>-1.0</speed><course>-1.0</course><hAcc>0.0</hAcc><vAcc>0.0</vAcc></extensions></trkpt><trkpt lat="49.65916902000002" lon="11.021330430000003"><ele>268.69</ele><time>2026-09-20T9:10:51Z</time><extensions><speed>-1.0</speed><course>-1.0</course><hAcc>0.0</hAcc><vAcc>0.0</vAcc></extensions></trkpt><trkpt lat="49.65916169000002" lon="11.021165760000002"><ele>268.69</ele><time>2026-09-20T9:10:53Z</time><extensions><speed>-1.0</speed><course>-1.0</course><hAcc>0.0</hAcc><vAcc>0.0</vAcc></extensions></trkpt><trkpt lat="49.65915436000002" lon="11.020992430000002"><ele>268.69</ele><time>2026-09-20T9:10:55Z</time><extensions><speed>-1.0</speed><course>-1.0</course><hAcc>0.0</hAcc><vAcc>0.0</vAcc></extensions></trkpt><trkpt lat="49.65914836000002" lon="11.020846100000002"><ele>268.69</ele><time>2026-09-20T9:10:56Z</time><extensions><speed>-1.0</speed><course>-1.0</course><hAcc>0.0</hAcc><vAcc>0.0</vAcc></extensions></trkpt><trkpt lat="49.659144030000014" lon="11.020717430000001"><ele>268.69</ele><time>2026-09-20T9:10:57Z</time><extensions><speed>-1.0</speed><course>-1.0</course><hAcc>0.0</hAcc><vAcc>0.0</vAcc></extensions></trkpt><trkpt lat="49.659138030000015" lon="11.020600100000001"><ele>268.69</ele><time>2026-09-20T9:10:58Z</time><extensions><speed>-1.0</speed><course>-1.0</course><hAcc>0.0</hAcc><vAcc>0.0</vAcc></extensions></trkpt><trkpt lat="49.659132700000015" lon="11.020491770000001"><ele>268.69</ele><time>2026-09-20T9:10:59Z</time><extensions><speed>-1.0</speed><course>-1.0</course><hAcc>0.0</hAcc><vAcc>0.0</vAcc></extensions></trkpt><trkpt lat="49.659127370000014" lon="11.02038944"><ele>268.69</ele><time>2026-09-20T9:11:00Z</time><extensions><speed>-1.0</speed><course>-1.0</course><hAcc>0.0</hAcc><vAcc>0.0</vAcc></extensions></trkpt><trkpt lat="49.659121700000014" lon="11.02026344"><ele>268.69</ele><time>2026-09-20T9:11:02Z</time><extensions><speed>-1.0</speed><course>-1.0</course><hAcc>0.0</hAcc><vAcc>0.0</vAcc></extensions></trkpt><trkpt lat="49.659116030000014" lon="11.02012644"><ele>268.69</ele><time>2026-09-20T9:11:04Z</time><extensions><speed>-1.0</speed><course>-1.0</course><hAcc>0.0</hAcc><vAcc>0.0</vAcc></extensions></trkpt><trkpt lat="49.65910836000001" lon="11.01998811"><ele>268.69</ele><time>2026-09-20T9:11:06Z</time><extensions><speed>-1.0</speed><course>-1.0</course><hAcc>0.0</hAcc><vAcc>0.0</vAcc></extensions></trkpt><trkpt lat="49.65909536000001" lon="11.01985378"><ele>268.69</ele><time>2026-09-20T9:11:08Z</time><extensions><speed>-1.0</speed><course>-1.0</course><hAcc>0.0</hAcc><vAcc>0.0</vAcc></extensions></trkpt><trkpt lat="49.65908636000001" lon="11.01974311"><ele>268.69</ele><time>2026-09-20T9:11:09Z</time><extensions><speed>-1.0</speed><course>-1.0</course><hAcc>0.0</hAcc><vAcc>0.0</vAcc></extensions></trkpt><trkpt lat="49.65908336000001" lon="11.01962544"><ele>268.69</ele><time>2026-09-20T9:11:11Z</time><extensions><speed>-1.0</speed><course>-1.0</course><hAcc>0.0</hAcc><vAcc>0.0</vAcc></extensions></trkpt><trkpt lat="49.65908136000001" lon="11.01952477"><ele>268.69</ele><time>2026-09-20T9:11:12Z</time><extensions><speed>-1.0</speed><course>-1.0</course><hAcc>0.0</hAcc><vAcc>0.0</vAcc></extensions></trkpt><trkpt lat="49.659082360000006" lon="11.0194151"><ele>268.69</ele><time>2026-09-20T9:11:14Z</time><extensions><speed>-1.0</speed><course>-1.0</course><hAcc>0.0</hAcc><vAcc>0.0</vAcc></extensions></trkpt><trkpt lat="49.659086030000005" lon="11.01930077"><ele>268.69</ele><time>2026-09-20T9:11:16Z</time><extensions><speed>-1.0</speed><course>-1.0</course><hAcc>0.0</hAcc><vAcc>0.0</vAcc></extensions></trkpt><trkpt lat="49.659091360000005" lon="11.019186099999999"><ele>268.69</ele><time>2026-09-20T9:11:18Z</time><extensions><speed>-1.0</speed><course>-1.0</course><hAcc>0.0</hAcc><vAcc>0.0</vAcc></extensions></trkpt><trkpt lat="49.659096690000005" lon="11.019090429999999"><ele>268.69</ele><time>2026-09-20T9:11:19Z</time><extensions><speed>-1.0</speed><course>-1.0</course><hAcc>0.0</hAcc><vAcc>0.0</vAcc></extensions></trkpt><trkpt lat="49.65910302" lon="11.018991429999998"><ele>268.69</ele><time>2026-09-20T9:11:21Z</time><extensions><speed>-1.0</speed><course>-1.0</course><hAcc>0.0</hAcc><vAcc>0.0</vAcc></extensions></trkpt><trkpt lat="49.65911002" lon="11.018890759999998"><ele>268.69</ele><time>2026-09-20T9:11:23Z</time><extensions><speed>-1.0</speed><course>-1.0</course><hAcc>0.0</hAcc><vAcc>0.0</vAcc></extensions></trkpt><trkpt lat="49.65911669" lon="11.018805759999998"><ele>268.69</ele><time>2026-09-20T9:11:24Z</time><extensions><speed>-1.0</speed><course>-1.0</course><hAcc>0.0</hAcc><vAcc>0.0</vAcc></extensions></trkpt><trkpt lat="49.65912269" lon="11.018731759999998"><ele>269.6</ele><time>2026-09-20T9:11:25Z</time><extensions><speed>-1.0</speed><course>-1.0</course><hAcc>0.0</hAcc><vAcc>0.0</vAcc></extensions></trkpt><trkpt lat="49.659131359999996" lon="11.018647089999998"><ele>269.6</ele><time>2026-09-20T9:11:27Z</time><extensions><speed>-1.0</speed><course>-1.0</course><hAcc>0.0</hAcc><vAcc>0.0</vAcc></extensions></trkpt><trkpt lat="49.659143029999996" lon="11.018556759999997"><ele>269.6</ele><time>2026-09-20T9:11:29Z</time><extensions><speed>-1.0</speed><course>-1.0</course><hAcc>0.0</hAcc><vAcc>0.0</vAcc></extensions></trkpt><trkpt lat="49.6591567" lon="11.018463429999997"><ele>270.42</ele><time>2026-09-20T9:11:31Z</time><extensions><speed>-1.0</speed><course>-1.0</course><hAcc>0.0</hAcc><vAcc>0.0</vAcc></extensions></trkpt><trkpt lat="49.6591677" lon="11.018385759999997"><ele>270.42</ele><time>2026-09-20T9:11:32Z</time><extensions><speed>-1.0</speed><course>-1.0</course><hAcc>0.0</hAcc><vAcc>0.0</vAcc></extensions></trkpt><trkpt lat="49.65917803" lon="11.018318429999997"><ele>272.51</ele><time>2026-09-20T9:11:33Z</time><extensions><speed>-1.0</speed><course>-1.0</course><hAcc>0.0</hAcc><vAcc>0.0</vAcc></extensions></trkpt><trkpt lat="49.65919003" lon="11.018245429999997"><ele>272.51</ele><time>2026-09-20T9:11:35Z</time><extensions><speed>-1.0</speed><course>-1.0</course><hAcc>0.0</hAcc><vAcc>0.0</vAcc></extensions></trkpt><trkpt lat="49.65920436" lon="11.018169099999996"><ele>272.51</ele><time>2026-09-20T9:11:37Z</time><extensions><speed>-1.0</speed><course>-1.0</course><hAcc>0.0</hAcc><vAcc>0.0</vAcc></extensions></trkpt><trkpt lat="49.659216689999994" lon="11.018090769999997"><ele>272.51</ele><time>2026-09-20T9:11:39Z</time><extensions><speed>-1.0</speed><course>-1.0</course><hAcc>0.0</hAcc><vAcc>0.0</vAcc></extensions></trkpt><trkpt lat="49.65922801999999" lon="11.018025769999998"><ele>272.51</ele><time>2026-09-20T9:11:40Z</time><extensions><speed>-1.0</speed><course>-1.0</course><hAcc>0.0</hAcc><vAcc>0.0</vAcc></extensions></trkpt><trkpt lat="49.65924201999999" lon="11.017955099999998"><ele>272.51</ele><time>2026-09-20T9:11:42Z</time><extensions><speed>-1.0</speed><course>-1.0</course><hAcc>0.0</hAcc><vAcc>0.0</vAcc></extensions></trkpt><trkpt lat="49.65925368999999" lon="11.017894429999998"><ele>272.51</ele><time>2026-09-20T9:11:43Z</time><extensions><speed>-1.0</speed><course>-1.0</course><hAcc>0.0</hAcc><vAcc>0.0</vAcc></extensions></trkpt><trkpt lat="49.65926868999999" lon="11.017827759999998"><ele>273.51</ele><time>2026-09-20T9:11:45Z</time><extensions><speed>-1.0</speed><course>-1.0</course><hAcc>0.0</hAcc><vAcc>0.0</vAcc></extensions></trkpt><trkpt lat="49.659284359999994" lon="11.017753759999998"><ele>273.51</ele><time>2026-09-20T9:11:47Z</time><extensions><speed>-1.0</speed><course>-1.0</course><hAcc>0.0</hAcc><vAcc>0.0</vAcc></extensions></trkpt><trkpt lat="49.659301029999995" lon="11.017677429999997"><ele>273.51</ele><time>2026-09-20T9:11:49Z</time><extensions><speed>-1.0</speed><course>-1.0</course><hAcc>0.0</hAcc><vAcc>0.0</vAcc></extensions></trkpt><trkpt lat="49.659315029999995" lon="11.017611429999997"><ele>275.6</ele><time>2026-09-20T9:11:50Z</time><extensions><speed>-1.0</speed><course>-1.0</course><hAcc>0.0</hAcc><vAcc>0.0</vAcc></extensions></trkpt><trkpt lat="49.65932803" lon="11.017555099999997"><ele>275.6</ele><time>2026-09-20T9:11:51Z</time><extensions><speed>-1.0</speed><course>-1.0</course><hAcc>0.0</hAcc><vAcc>0.0</vAcc></extensions></trkpt><trkpt lat="49.659342699999996" lon="11.017490429999997"><ele>275.6</ele><time>2026-09-20T9:11:53Z</time><extensions><speed>-1.0</speed><course>-1.0</course><hAcc>0.0</hAcc><vAcc>0.0</vAcc></extensions></trkpt><trkpt lat="49.6593557" lon="11.017432759999997"><ele>275.6</ele><time>2026-09-20T9:11:54Z</time><extensions><speed>-1.0</speed><course>-1.0</course><hAcc>0.0</hAcc><vAcc>0.0</vAcc></extensions></trkpt><trkpt lat="49.65936703" lon="11.017379759999997"><ele>275.6</ele><time>2026-09-20T9:11:55Z</time><extensions><speed>-1.0</speed><course>-1.0</course><hAcc>0.0</hAcc><vAcc>0.0</vAcc></extensions></trkpt><trkpt lat="49.65938103" lon="11.017315759999997"><ele>275.6</ele><time>2026-09-20T9:11:57Z</time><extensions><speed>-1.0</speed><course>-1.0</course><hAcc>0.0</hAcc><vAcc>0.0</vAcc></extensions></trkpt><trkpt lat="49.659393699999995" lon="11.017259429999998"><ele>275.6</ele><time>2026-09-20T9:11:58Z</time><extensions><speed>-1.0</speed><course>-1.0</course><hAcc>0.0</hAcc><vAcc>0.0</vAcc></extensions></trkpt><trkpt lat="49.659408029999994" lon="11.017194099999998"><ele>275.6</ele><time>2026-09-20T9:12:00Z</time><extensions><speed>-1.0</speed><course>-1.0</course><hAcc>0.0</hAcc><vAcc>0.0</vAcc></extensions></trkpt><trkpt lat="49.659424359999996" lon="11.017122429999997"><ele>276.42</ele><time>2026-09-20T9:12:02Z</time><extensions><speed>-1.0</speed><course>-1.0</course><hAcc>0.0</hAcc><vAcc>0.0</vAcc></extensions></trkpt><trkpt lat="49.659441029999996" lon="11.017045429999998"><ele>276.42</ele><time>2026-09-20T9:12:04Z</time><extensions><speed>-1.0</speed><course>-1.0</course><hAcc>0.0</hAcc><vAcc>0.0</vAcc></extensions></trkpt><trkpt lat="49.659456029999994" lon="11.016977429999997"><ele>276.42</ele><time>2026-09-20T9:12:05Z</time><extensions><speed>-1.0</speed><course>-1.0</course><hAcc>0.0</hAcc><vAcc>0.0</vAcc></extensions></trkpt><trkpt lat="49.659469359999996" lon="11.016917099999997"><ele>276.42</ele><time>2026-09-20T9:12:06Z</time><extensions><speed>-1.0</speed><course>-1.0</course><hAcc>0.0</hAcc><vAcc>0.0</vAcc></extensions></trkpt><trkpt lat="49.65948503" lon="11.016846099999997"><ele>278.05</ele><time>2026-09-20T9:12:08Z</time><extensions><speed>-1.0</speed><course>-1.0</course><hAcc>0.0</hAcc><vAcc>0.0</vAcc></extensions></trkpt><trkpt lat="49.65950236" lon="11.016766769999997"><ele>278.05</ele><time>2026-09-20T9:12:10Z</time><extensions><speed>-1.0</speed><course>-1.0</course><hAcc>0.0</hAcc><vAcc>0.0</vAcc></extensions></trkpt><trkpt lat="49.65952103" lon="11.016682769999997"><ele>278.05</ele><time>2026-09-20T9:12:12Z</time><extensions><speed>-1.0</speed><course>-1.0</course><hAcc>0.0</hAcc><vAcc>0.0</vAcc></extensions></trkpt><trkpt lat="49.65953736" lon="11.016610099999998"><ele>278.05</ele><time>2026-09-20T9:12:13Z</time><extensions><speed>-1.0</speed><course>-1.0</course><hAcc>0.0</hAcc><vAcc>0.0</vAcc></extensions></trkpt><trkpt lat="49.659555690000005" lon="11.016530099999997"><ele>278.05</ele><time>2026-09-20T9:12:15Z</time><extensions><speed>-1.0</speed><course>-1.0</course><hAcc>0.0</hAcc><vAcc>0.0</vAcc></extensions></trkpt><trkpt lat="49.65957069" lon="11.016459429999998"><ele>278.05</ele><time>2026-09-20T9:12:16Z</time><extensions><speed>-1.0</speed><course>-1.0</course><hAcc>0.0</hAcc><vAcc>0.0</vAcc></extensions></trkpt><trkpt lat="49.65958836" lon="11.016382099999998"><ele>278.05</ele><time>2026-09-20T9:12:18Z</time><extensions><speed>-1.0</speed><course>-1.0</course><hAcc>0.0</hAcc><vAcc>0.0</vAcc></extensions></trkpt><trkpt lat="49.659607030000004" lon="11.016298099999998"><ele>278.05</ele><time>2026-09-20T9:12:20Z</time><extensions><speed>-1.0</speed><course>-1.0</course><hAcc>0.0</hAcc><vAcc>0.0</vAcc></extensions></trkpt><trkpt lat="49.659623360000005" lon="11.016224099999999"><ele>278.87</ele><time>2026-09-20T9:12:21Z</time><extensions><speed>-1.0</speed><course>-1.0</course><hAcc>0.0</hAcc><vAcc>0.0</vAcc></extensions></trkpt><trkpt lat="49.659637690000004" lon="11.016158769999999"><ele>278.87</ele><time>2026-09-20T9:12:22Z</time><extensions><speed>-1.0</speed><course>-1.0</course><hAcc>0.0</hAcc><vAcc>0.0</vAcc></extensions></trkpt><trkpt lat="49.65965536" lon="11.016077439999998"><ele>278.87</ele><time>2026-09-20T9:12:24Z</time><extensions><speed>-1.0</speed><course>-1.0</course><hAcc>0.0</hAcc><vAcc>0.0</vAcc></extensions></trkpt><trkpt lat="49.659671360000004" lon="11.016003109999998"><ele>278.87</ele><time>2026-09-20T9:12:25Z</time><extensions><speed>-1.0</speed><course>-1.0</course><hAcc>0.0</hAcc><vAcc>0.0</vAcc></extensions></trkpt><trkpt lat="49.65968636" lon="11.015934109999998"><ele>279.69</ele><time>2026-09-20T9:12:26Z</time><extensions><speed>-1.0</speed><course>-1.0</course><hAcc>0.0</hAcc><vAcc>0.0</vAcc></extensions></trkpt><trkpt lat="49.65970036" lon="11.015868779999998"><ele>279.69</ele><time>2026-09-20T9:12:27Z</time><extensions><speed>-1.0</speed><course>-1.0</course><hAcc>0.0</hAcc><vAcc>0.0</vAcc></extensions></trkpt><trkpt lat="49.65971803" lon="11.015786779999997"><ele>279.69</ele><time>2026-09-20T9:12:29Z</time><extensions><speed>-1.0</speed><course>-1.0</course><hAcc>0.0</hAcc><vAcc>0.0</vAcc></extensions></trkpt><trkpt lat="49.65973403" lon="11.015713449999998"><ele>279.69</ele><time>2026-09-20T9:12:30Z</time><extensions><speed>-1.0</speed><course>-1.0</course><hAcc>0.0</hAcc><vAcc>0.0</vAcc></extensions></trkpt><trkpt lat="49.65975336" lon="11.015626449999997"><ele>279.69</ele><time>2026-09-20T9:12:32Z</time><extensions><speed>-1.0</speed><course>-1.0</course><hAcc>0.0</hAcc><vAcc>0.0</vAcc></extensions></trkpt><trkpt lat="49.65977036" lon="11.015548779999998"><ele>279.69</ele><time>2026-09-20T9:12:33Z</time><extensions><speed>-1.0</speed><course>-1.0</course><hAcc>0.0</hAcc><vAcc>0.0</vAcc></extensions></trkpt><trkpt lat="49.659791690000006" lon="11.015455779999998"><ele>279.69</ele><time>2026-09-20T9:12:35Z</time><extensions><speed>-1.0</speed><course>-1.0</course><hAcc>0.0</hAcc><vAcc>0.0</vAcc></extensions></trkpt><trkpt lat="49.65981636000001" lon="11.015350109999998"><ele>280.51</ele><time>2026-09-20T9:12:37Z</time><extensions><speed>-1.0</speed><course>-1.0</course><hAcc>0.0</hAcc><vAcc>0.0</vAcc></extensions></trkpt><trkpt lat="49.659845360000006" lon="11.015235109999999"><ele>280.51</ele><time>2026-09-20T9:12:39Z</time><extensions><speed>-1.0</speed><course>-1.0</course><hAcc>0.0</hAcc><vAcc>0.0</vAcc></extensions></trkpt><trkpt lat="49.65987603000001" lon="11.015111439999998"><ele>280.51</ele><time>2026-09-20T9:12:41Z</time><extensions><speed>-1.0</speed><course>-1.0</course><hAcc>0.0</hAcc><vAcc>0.0</vAcc></extensions></trkpt><trkpt lat="49.65990570000001" lon="11.014981439999998"><ele>280.51</ele><time>2026-09-20T9:12:43Z</time><extensions><speed>-1.0</speed><course>-1.0</course><hAcc>0.0</hAcc><vAcc>0.0</vAcc></extensions></trkpt><trkpt lat="49.65993137000001" lon="11.014871769999997"><ele>280.51</ele><time>2026-09-20T9:12:44Z</time><extensions><speed>-1.0</speed><course>-1.0</course><hAcc>0.0</hAcc><vAcc>0.0</vAcc></extensions></trkpt><trkpt lat="49.65995404000001" lon="11.014775439999998"><ele>280.51</ele><time>2026-09-20T9:12:45Z</time><extensions><speed>-1.0</speed><course>-1.0</course><hAcc>0.0</hAcc><vAcc>0.0</vAcc></extensions></trkpt><trkpt lat="49.65998037000001" lon="11.014664769999998"><ele>280.51</ele><time>2026-09-20T9:12:47Z</time><extensions><speed>-1.0</speed><course>-1.0</course><hAcc>0.0</hAcc><vAcc>0.0</vAcc></extensions></trkpt><trkpt lat="49.660009040000006" lon="11.014541439999999"><ele>280.51</ele><time>2026-09-20T9:12:49Z</time><extensions><speed>-1.0</speed><course>-1.0</course><hAcc>0.0</hAcc><vAcc>0.0</vAcc></extensions></trkpt><trkpt lat="49.660040370000004" lon="11.014406109999998"><ele>280.51</ele><time>2026-09-20T9:12:51Z</time><extensions><speed>-1.0</speed><course>-1.0</course><hAcc>0.0</hAcc><vAcc>0.0</vAcc></extensions></trkpt><trkpt lat="49.660074370000004" lon="11.014259109999998"><ele>280.51</ele><time>2026-09-20T9:12:53Z</time><extensions><speed>-1.0</speed><course>-1.0</course><hAcc>0.0</hAcc><vAcc>0.0</vAcc></extensions></trkpt><trkpt lat="49.66010404000001" lon="11.014132439999997"><ele>279.6</ele><time>2026-09-20T9:12:54Z</time><extensions><speed>-1.0</speed><course>-1.0</course><hAcc>0.0</hAcc><vAcc>0.0</vAcc></extensions></trkpt><trkpt lat="49.66013771000001" lon="11.013988109999998"><ele>279.6</ele><time>2026-09-20T9:12:56Z</time><extensions><speed>-1.0</speed><course>-1.0</course><hAcc>0.0</hAcc><vAcc>0.0</vAcc></extensions></trkpt><trkpt lat="49.66016604000001" lon="11.013862439999999"><ele>279.6</ele><time>2026-09-20T9:12:57Z</time><extensions><speed>-1.0</speed><course>-1.0</course><hAcc>0.0</hAcc><vAcc>0.0</vAcc></extensions></trkpt><trkpt lat="49.66019104000001" lon="11.013752769999998"><ele>277.14</ele><time>2026-09-20T9:12:58Z</time><extensions><speed>-1.0</speed><course>-1.0</course><hAcc>0.0</hAcc><vAcc>0.0</vAcc></extensions></trkpt><trkpt lat="49.660231040000006" lon="11.013651099999999"><ele>277.14</ele><time>2026-09-20T9:13:00Z</time><extensions><speed>-1.0</speed><course>-1.0</course><hAcc>0.0</hAcc><vAcc>0.0</vAcc></extensions></trkpt><trkpt lat="49.660274040000004" lon="11.013578769999999"><ele>277.14</ele><time>2026-09-20T9:13:01Z</time><extensions><speed>-1.0</speed><course>-1.0</course><hAcc>0.0</hAcc><vAcc>0.0</vAcc></extensions></trkpt><trkpt lat="49.660333040000005" lon="11.01354977"><ele>277.14</ele><time>2026-09-20T9:13:03Z</time><extensions><speed>-1.0</speed><course>-1.0</course><hAcc>0.0</hAcc><vAcc>0.0</vAcc></extensions></trkpt><trkpt lat="49.66037904" lon="11.013553439999999"><ele>277.14</ele><time>2026-09-20T9:13:05Z</time><extensions><speed>-1.0</speed><course>-1.0</course><hAcc>0.0</hAcc><vAcc>0.0</vAcc></extensions></trkpt><trkpt lat="49.66038537" lon="11.01360377"><ele>277.14</ele><time>2026-09-20T9:13:07Z</time><extensions><speed>-1.0</speed><course>-1.0</course><hAcc>0.0</hAcc><vAcc>0.0</vAcc></extensions></trkpt><trkpt lat="49.6603717" lon="11.01365177"><ele>276.23</ele><time>2026-09-20T9:13:08Z</time><extensions><speed>-1.0</speed><course>-1.0</course><hAcc>0.0</hAcc><vAcc>0.0</vAcc></extensions></trkpt><trkpt lat="49.6603437" lon="11.013737769999999"><ele>276.23</ele><time>2026-09-20T9:13:10Z</time><extensions><speed>-1.0</speed><course>-1.0</course><hAcc>0.0</hAcc><vAcc>0.0</vAcc></extensions></trkpt><trkpt lat="49.660319369999996" lon="11.013829439999999"><ele>275.33</ele><time>2026-09-20T9:13:11Z</time><extensions><speed>-1.0</speed><course>-1.0</course><hAcc>0.0</hAcc><vAcc>0.0</vAcc></extensions></trkpt><trkpt lat="49.66028669999999" lon="11.01395644"><ele>275.33</ele><time>2026-09-20T9:13:13Z</time><extensions><speed>-1.0</speed><course>-1.0</course><hAcc>0.0</hAcc><vAcc>0.0</vAcc></extensions></trkpt><trkpt lat="49.660252029999995" lon="11.014112769999999"><ele>274.42</ele><time>2026-09-20T9:13:15Z</time><extensions><speed>-1.0</speed><course>-1.0</course><hAcc>0.0</hAcc><vAcc>0.0</vAcc></extensions></trkpt><trkpt lat="49.660220699999996" lon="11.0142511"><ele>274.42</ele><time>2026-09-20T9:13:16Z</time><extensions><speed>-1.0</speed><course>-1.0</course><hAcc>0.0</hAcc><vAcc>0.0</vAcc></extensions></trkpt><trkpt lat="49.660185369999994" lon="11.014404769999999"><ele>274.42</ele><time>2026-09-20T9:13:18Z</time><extensions><speed>-1.0</speed><course>-1.0</course><hAcc>0.0</hAcc><vAcc>0.0</vAcc></extensions></trkpt><trkpt lat="49.66014869999999" lon="11.01456977"><ele>274.42</ele><time>2026-09-20T9:13:20Z</time><extensions><speed>-1.0</speed><course>-1.0</course><hAcc>0.0</hAcc><vAcc>0.0</vAcc></extensions></trkpt><trkpt lat="49.66010736999999" lon="11.0147361"><ele>273.51</ele><time>2026-09-20T9:13:22Z</time><extensions><speed>-1.0</speed><course>-1.0</course><hAcc>0.0</hAcc><vAcc>0.0</vAcc></extensions></trkpt><trkpt lat="49.66007069999999" lon="11.014902430000001"><ele>273.51</ele><time>2026-09-20T9:13:24Z</time><extensions><speed>-1.0</speed><course>-1.0</course><hAcc>0.0</hAcc><vAcc>0.0</vAcc></extensions></trkpt><trkpt lat="49.66003202999999" lon="11.015042760000002"><ele>273.51</ele><time>2026-09-20T9:13:26Z</time><extensions><speed>-1.0</speed><course>-1.0</course><hAcc>0.0</hAcc><vAcc>0.0</vAcc></extensions></trkpt><trkpt lat="49.65998102999999" lon="11.015139430000001"><ele>273.51</ele><time>2026-09-20T9:13:28Z</time><extensions><speed>-1.0</speed><course>-1.0</course><hAcc>0.0</hAcc><vAcc>0.0</vAcc></extensions></trkpt><trkpt lat="49.65992269999999" lon="11.015182760000002"><ele>273.51</ele><time>2026-09-20T9:13:30Z</time><extensions><speed>-1.0</speed><course>-1.0</course><hAcc>0.0</hAcc><vAcc>0.0</vAcc></extensions></trkpt><trkpt lat="49.65984702999999" lon="11.015188760000003"><ele>273.51</ele><time>2026-09-20T9:13:32Z</time><extensions><speed>-1.0</speed><course>-1.0</course><hAcc>0.0</hAcc><vAcc>0.0</vAcc></extensions></trkpt><trkpt lat="49.659777359999985" lon="11.015187430000003"><ele>273.51</ele><time>2026-09-20T9:13:33Z</time><extensions><speed>-1.0</speed><course>-1.0</course><hAcc>0.0</hAcc><vAcc>0.0</vAcc></extensions></trkpt><trkpt lat="49.659696029999985" lon="11.015161430000003"><ele>273.51</ele><time>2026-09-20T9:13:35Z</time><extensions><speed>-1.0</speed><course>-1.0</course><hAcc>0.0</hAcc><vAcc>0.0</vAcc></extensions></trkpt><trkpt lat="49.65962335999998" lon="11.015135760000003"><ele>273.51</ele><time>2026-09-20T9:13:36Z</time><extensions><speed>-1.0</speed><course>-1.0</course><hAcc>0.0</hAcc><vAcc>0.0</vAcc></extensions></trkpt><trkpt lat="49.65954335999999" lon="11.015098760000003"><ele>273.51</ele><time>2026-09-20T9:13:38Z</time><extensions><speed>-1.0</speed><course>-1.0</course><hAcc>0.0</hAcc><vAcc>0.0</vAcc></extensions></trkpt><trkpt lat="49.65947135999998" lon="11.015067090000002"><ele>273.51</ele><time>2026-09-20T9:13:39Z</time><extensions><speed>-1.0</speed><course>-1.0</course><hAcc>0.0</hAcc><vAcc>0.0</vAcc></extensions></trkpt><trkpt lat="49.65938968999998" lon="11.015029420000003"><ele>273.51</ele><time>2026-09-20T9:13:41Z</time><extensions><speed>-1.0</speed><course>-1.0</course><hAcc>0.0</hAcc><vAcc>0.0</vAcc></extensions></trkpt><trkpt lat="49.65931735999998" lon="11.014994750000003"><ele>273.51</ele><time>2026-09-20T9:13:42Z</time><extensions><speed>-1.0</speed><course>-1.0</course><hAcc>0.0</hAcc><vAcc>0.0</vAcc></extensions></trkpt><trkpt lat="49.65923668999998" lon="11.014949420000002"><ele>273.51</ele><time>2026-09-20T9:13:44Z</time><extensions><speed>-1.0</speed><course>-1.0</course><hAcc>0.0</hAcc><vAcc>0.0</vAcc></extensions></trkpt><trkpt lat="49.65916668999998" lon="11.014908420000003"><ele>273.51</ele><time>2026-09-20T9:13:45Z</time><extensions><speed>-1.0</speed><course>-1.0</course><hAcc>0.0</hAcc><vAcc>0.0</vAcc></extensions></trkpt><trkpt lat="49.65908735999998" lon="11.014865420000003"><ele>273.51</ele><time>2026-09-20T9:13:47Z</time><extensions><speed>-1.0</speed><course>-1.0</course><hAcc>0.0</hAcc><vAcc>0.0</vAcc></extensions></trkpt><trkpt lat="49.65901768999998" lon="11.014826750000003"><ele>273.51</ele><time>2026-09-20T9:13:48Z</time><extensions><speed>-1.0</speed><course>-1.0</course><hAcc>0.0</hAcc><vAcc>0.0</vAcc></extensions></trkpt><trkpt lat="49.658937019999975" lon="11.014782420000003"><ele>273.51</ele><time>2026-09-20T9:13:50Z</time><extensions><speed>-1.0</speed><course>-1.0</course><hAcc>0.0</hAcc><vAcc>0.0</vAcc></extensions></trkpt><trkpt lat="49.65886501999997" lon="11.014743750000003"><ele>273.51</ele><time>2026-09-20T9:13:51Z</time><extensions><speed>-1.0</speed><course>-1.0</course><hAcc>0.0</hAcc><vAcc>0.0</vAcc></extensions></trkpt><trkpt lat="49.658782019999975" lon="11.014701420000003"><ele>273.51</ele><time>2026-09-20T9:13:53Z</time><extensions><speed>-1.0</speed><course>-1.0</course><hAcc>0.0</hAcc><vAcc>0.0</vAcc></extensions></trkpt><trkpt lat="49.658689689999974" lon="11.014653090000003"><ele>273.51</ele><time>2026-09-20T9:13:55Z</time><extensions><speed>-1.0</speed><course>-1.0</course><hAcc>0.0</hAcc><vAcc>0.0</vAcc></extensions></trkpt><trkpt lat="49.65859535999997" lon="11.014598420000002"><ele>273.51</ele><time>2026-09-20T9:13:57Z</time><extensions><speed>-1.0</speed><course>-1.0</course><hAcc>0.0</hAcc><vAcc>0.0</vAcc></extensions></trkpt><trkpt lat="49.65851602999997" lon="11.014556090000003"><ele>273.51</ele><time>2026-09-20T9:13:58Z</time><extensions><speed>-1.0</speed><course>-1.0</course><hAcc>0.0</hAcc><vAcc>0.0</vAcc></extensions></trkpt><trkpt lat="49.658427699999976" lon="11.014508090000003"><ele>273.51</ele><time>2026-09-20T9:14:00Z</time><extensions><speed>-1.0</speed><course>-1.0</course><hAcc>0.0</hAcc><vAcc>0.0</vAcc></extensions></trkpt><trkpt lat="49.658335029999975" lon="11.014457090000004"><ele>273.51</ele><time>2026-09-20T9:14:02Z</time><extensions><speed>-1.0</speed><course>-1.0</course><hAcc>0.0</hAcc><vAcc>0.0</vAcc></extensions></trkpt><trkpt lat="49.65825502999998" lon="11.014416090000005"><ele>273.51</ele><time>2026-09-20T9:14:03Z</time><extensions><speed>-1.0</speed><course>-1.0</course><hAcc>0.0</hAcc><vAcc>0.0</vAcc></extensions></trkpt><trkpt lat="49.658168359999976" lon="11.014366090000005"><ele>273.51</ele><time>2026-09-20T9:14:05Z</time><extensions><speed>-1.0</speed><course>-1.0</course><hAcc>0.0</hAcc><vAcc>0.0</vAcc></extensions></trkpt><trkpt lat="49.658092359999976" lon="11.014324760000004"><ele>273.51</ele><time>2026-09-20T9:14:06Z</time><extensions><speed>-1.0</speed><course>-1.0</course><hAcc>0.0</hAcc><vAcc>0.0</vAcc></extensions></trkpt><trkpt lat="49.65800502999998" lon="11.014277430000005"><ele>273.51</ele><time>2026-09-20T9:14:08Z</time><extensions><speed>-1.0</speed><course>-1.0</course><hAcc>0.0</hAcc><vAcc>0.0</vAcc></extensions></trkpt><trkpt lat="49.65792835999998" lon="11.014235430000005"><ele>273.51</ele><time>2026-09-20T9:14:09Z</time><extensions><speed>-1.0</speed><course>-1.0</course><hAcc>0.0</hAcc><vAcc>0.0</vAcc></extensions></trkpt><trkpt lat="49.65784068999998" lon="11.014186760000005"><ele>273.51</ele><time>2026-09-20T9:14:11Z</time><extensions><speed>-1.0</speed><course>-1.0</course><hAcc>0.0</hAcc><vAcc>0.0</vAcc></extensions></trkpt><trkpt lat="49.65776468999998" lon="11.014144430000005"><ele>273.51</ele><time>2026-09-20T9:14:12Z</time><extensions><speed>-1.0</speed><course>-1.0</course><hAcc>0.0</hAcc><vAcc>0.0</vAcc></extensions></trkpt><trkpt lat="49.65767635999998" lon="11.014100100000006"><ele>273.51</ele><time>2026-09-20T9:14:14Z</time><extensions><speed>-1.0</speed><course>-1.0</course><hAcc>0.0</hAcc><vAcc>0.0</vAcc></extensions></trkpt><trkpt lat="49.657579689999984" lon="11.014049430000005"><ele>273.51</ele><time>2026-09-20T9:14:16Z</time><extensions><speed>-1.0</speed><course>-1.0</course><hAcc>0.0</hAcc><vAcc>0.0</vAcc></extensions></trkpt><trkpt lat="49.657497689999985" lon="11.014003430000006"><ele>273.51</ele><time>2026-09-20T9:14:17Z</time><extensions><speed>-1.0</speed><course>-1.0</course><hAcc>0.0</hAcc><vAcc>0.0</vAcc></extensions></trkpt><trkpt lat="49.65740668999999" lon="11.013951760000007"><ele>273.51</ele><time>2026-09-20T9:14:19Z</time><extensions><speed>-1.0</speed><course>-1.0</course><hAcc>0.0</hAcc><vAcc>0.0</vAcc></extensions></trkpt><trkpt lat="49.65730768999999" lon="11.013899090000006"><ele>272.69</ele><time>2026-09-20T9:14:21Z</time><extensions><speed>-1.0</speed><course>-1.0</course><hAcc>0.0</hAcc><vAcc>0.0</vAcc></extensions></trkpt><trkpt lat="49.65722435999999" lon="11.013855760000006"><ele>272.69</ele><time>2026-09-20T9:14:22Z</time><extensions><speed>-1.0</speed><course>-1.0</course><hAcc>0.0</hAcc><vAcc>0.0</vAcc></extensions></trkpt><trkpt lat="49.657132029999985" lon="11.013807090000006"><ele>272.69</ele><time>2026-09-20T9:14:24Z</time><extensions><speed>-1.0</speed><course>-1.0</course><hAcc>0.0</hAcc><vAcc>0.0</vAcc></extensions></trkpt><trkpt lat="49.65703535999999" lon="11.013752420000005"><ele>272.69</ele><time>2026-09-20T9:14:26Z</time><extensions><speed>-1.0</speed><course>-1.0</course><hAcc>0.0</hAcc><vAcc>0.0</vAcc></extensions></trkpt><trkpt lat="49.656952029999985" lon="11.013706750000004"><ele>272.69</ele><time>2026-09-20T9:14:27Z</time><extensions><speed>-1.0</speed><course>-1.0</course><hAcc>0.0</hAcc><vAcc>0.0</vAcc></extensions></trkpt><trkpt lat="49.65685835999999" lon="11.013658080000004"><ele>272.69</ele><time>2026-09-20T9:14:29Z</time><extensions><speed>-1.0</speed><course>-1.0</course><hAcc>0.0</hAcc><vAcc>0.0</vAcc></extensions></trkpt><trkpt lat="49.65676168999999" lon="11.013607080000005"><ele>272.69</ele><time>2026-09-20T9:14:31Z</time><extensions><speed>-1.0</speed><course>-1.0</course><hAcc>0.0</hAcc><vAcc>0.0</vAcc></extensions></trkpt><trkpt lat="49.65665935999999" lon="11.013554410000005"><ele>272.69</ele><time>2026-09-20T9:14:33Z</time><extensions><speed>-1.0</speed><course>-1.0</course><hAcc>0.0</hAcc><vAcc>0.0</vAcc></extensions></trkpt><trkpt lat="49.65657268999999" lon="11.013507740000005"><ele>272.69</ele><time>2026-09-20T9:14:34Z</time><extensions><speed>-1.0</speed><course>-1.0</course><hAcc>0.0</hAcc><vAcc>0.0</vAcc></extensions></trkpt><trkpt lat="49.65647901999999" lon="11.013455410000004"><ele>272.69</ele><time>2026-09-20T9:14:36Z</time><extensions><speed>-1.0</speed><course>-1.0</course><hAcc>0.0</hAcc><vAcc>0.0</vAcc></extensions></trkpt><trkpt lat="49.65639868999999" lon="11.013409740000004"><ele>272.69</ele><time>2026-09-20T9:14:37Z</time><extensions><speed>-1.0</speed><course>-1.0</course><hAcc>0.0</hAcc><vAcc>0.0</vAcc></extensions></trkpt><trkpt lat="49.65632568999999" lon="11.013370410000004"><ele>272.69</ele><time>2026-09-20T9:14:38Z</time><extensions><speed>-1.0</speed><course>-1.0</course><hAcc>0.0</hAcc><vAcc>0.0</vAcc></extensions></trkpt><trkpt lat="49.65624068999999" lon="11.013326080000004"><ele>272.69</ele><time>2026-09-20T9:14:40Z</time><extensions><speed>-1.0</speed><course>-1.0</course><hAcc>0.0</hAcc><vAcc>0.0</vAcc></extensions></trkpt><trkpt lat="49.65614835999999" lon="11.013278080000005"><ele>272.69</ele><time>2026-09-20T9:14:42Z</time><extensions><speed>-1.0</speed><course>-1.0</course><hAcc>0.0</hAcc><vAcc>0.0</vAcc></extensions></trkpt><trkpt lat="49.656067689999986" lon="11.013235410000005"><ele>272.69</ele><time>2026-09-20T9:14:43Z</time><extensions><speed>-1.0</speed><course>-1.0</course><hAcc>0.0</hAcc><vAcc>0.0</vAcc></extensions></trkpt><trkpt lat="49.65597701999999" lon="11.013186410000005"><ele>272.69</ele><time>2026-09-20T9:14:45Z</time><extensions><speed>-1.0</speed><course>-1.0</course><hAcc>0.0</hAcc><vAcc>0.0</vAcc></extensions></trkpt><trkpt lat="49.65587868999999" lon="11.013134740000005"><ele>272.69</ele><time>2026-09-20T9:14:47Z</time><extensions><speed>-1.0</speed><course>-1.0</course><hAcc>0.0</hAcc><vAcc>0.0</vAcc></extensions></trkpt><trkpt lat="49.65579635999999" lon="11.013089740000005"><ele>272.69</ele><time>2026-09-20T9:14:48Z</time><extensions><speed>-1.0</speed><course>-1.0</course><hAcc>0.0</hAcc><vAcc>0.0</vAcc></extensions></trkpt><trkpt lat="49.65570735999999" lon="11.013043740000006"><ele>272.69</ele><time>2026-09-20T9:14:50Z</time><extensions><speed>-1.0</speed><course>-1.0</course><hAcc>0.0</hAcc><vAcc>0.0</vAcc></extensions></trkpt><trkpt lat="49.65561735999999" lon="11.013000740000006"><ele>272.69</ele><time>2026-09-20T9:14:52Z</time><extensions><speed>-1.0</speed><course>-1.0</course><hAcc>0.0</hAcc><vAcc>0.0</vAcc></extensions></trkpt><trkpt lat="49.65552868999999" lon="11.012953740000006"><ele>272.69</ele><time>2026-09-20T9:14:54Z</time><extensions><speed>-1.0</speed><course>-1.0</course><hAcc>0.0</hAcc><vAcc>0.0</vAcc></extensions></trkpt><trkpt lat="49.65544035999999" lon="11.012900740000006"><ele>272.69</ele><time>2026-09-20T9:14:56Z</time><extensions><speed>-1.0</speed><course>-1.0</course><hAcc>0.0</hAcc><vAcc>0.0</vAcc></extensions></trkpt><trkpt lat="49.65534768999999" lon="11.012846070000005"><ele>272.69</ele><time>2026-09-20T9:14:58Z</time><extensions><speed>-1.0</speed><course>-1.0</course><hAcc>0.0</hAcc><vAcc>0.0</vAcc></extensions></trkpt><trkpt lat="49.65526901999999" lon="11.012797740000005"><ele>272.69</ele><time>2026-09-20T9:14:59Z</time><extensions><speed>-1.0</speed><course>-1.0</course><hAcc>0.0</hAcc><vAcc>0.0</vAcc></extensions></trkpt><trkpt lat="49.65518201999999" lon="11.012745740000005"><ele>272.69</ele><time>2026-09-20T9:15:01Z</time><extensions><speed>-1.0</speed><course>-1.0</course><hAcc>0.0</hAcc><vAcc>0.0</vAcc></extensions></trkpt><trkpt lat="49.65510701999999" lon="11.012703410000006"><ele>272.69</ele><time>2026-09-20T9:15:02Z</time><extensions><speed>-1.0</speed><course>-1.0</course><hAcc>0.0</hAcc><vAcc>0.0</vAcc></extensions></trkpt><trkpt lat="49.65502234999999" lon="11.012654740000006"><ele>272.69</ele><time>2026-09-20T9:15:04Z</time><extensions><speed>-1.0</speed><course>-1.0</course><hAcc>0.0</hAcc><vAcc>0.0</vAcc></extensions></trkpt><trkpt lat="49.65493201999999" lon="11.012601410000006"><ele>272.69</ele><time>2026-09-20T9:15:06Z</time><extensions><speed>-1.0</speed><course>-1.0</course><hAcc>0.0</hAcc><vAcc>0.0</vAcc></extensions></trkpt><trkpt lat="49.65485501999999" lon="11.012558080000005"><ele>272.69</ele><time>2026-09-20T9:15:07Z</time><extensions><speed>-1.0</speed><course>-1.0</course><hAcc>0.0</hAcc><vAcc>0.0</vAcc></extensions></trkpt><trkpt lat="49.65477068999999" lon="11.012509750000005"><ele>272.69</ele><time>2026-09-20T9:15:09Z</time><extensions><speed>-1.0</speed><course>-1.0</course><hAcc>0.0</hAcc><vAcc>0.0</vAcc></extensions></trkpt><trkpt lat="49.65469768999999" lon="11.012467750000004"><ele>272.69</ele><time>2026-09-20T9:15:10Z</time><extensions><speed>-1.0</speed><course>-1.0</course><hAcc>0.0</hAcc><vAcc>0.0</vAcc></extensions></trkpt><trkpt lat="49.65463401999999" lon="11.012429750000004"><ele>272.69</ele><time>2026-09-20T9:15:11Z</time><extensions><speed>-1.0</speed><course>-1.0</course><hAcc>0.0</hAcc><vAcc>0.0</vAcc></extensions></trkpt><trkpt lat="49.65455934999999" lon="11.012386750000005"><ele>272.69</ele><time>2026-09-20T9:15:13Z</time><extensions><speed>-1.0</speed><course>-1.0</course><hAcc>0.0</hAcc><vAcc>0.0</vAcc></extensions></trkpt><trkpt lat="49.65449234999999" lon="11.012349080000005"><ele>272.69</ele><time>2026-09-20T9:15:14Z</time><extensions><speed>-1.0</speed><course>-1.0</course><hAcc>0.0</hAcc><vAcc>0.0</vAcc></extensions></trkpt><trkpt lat="49.65441601999999" lon="11.012304080000005"><ele>272.69</ele><time>2026-09-20T9:15:16Z</time><extensions><speed>-1.0</speed><course>-1.0</course><hAcc>0.0</hAcc><vAcc>0.0</vAcc></extensions></trkpt><trkpt lat="49.65433768999999" lon="11.012255410000005"><ele>272.69</ele><time>2026-09-20T9:15:18Z</time><extensions><speed>-1.0</speed><course>-1.0</course><hAcc>0.0</hAcc><vAcc>0.0</vAcc></extensions></trkpt><trkpt lat="49.65425868999999" lon="11.012206080000006"><ele>272.69</ele><time>2026-09-20T9:15:20Z</time><extensions><speed>-1.0</speed><course>-1.0</course><hAcc>0.0</hAcc><vAcc>0.0</vAcc></extensions></trkpt><trkpt lat="49.654181689999994" lon="11.012156410000006"><ele>272.69</ele><time>2026-09-20T9:15:22Z</time><extensions><speed>-1.0</speed><course>-1.0</course><hAcc>0.0</hAcc><vAcc>0.0</vAcc></extensions></trkpt><trkpt lat="49.65411835999999" lon="11.012116080000007"><ele>271.69</ele><time>2026-09-20T9:15:23Z</time><extensions><speed>-1.0</speed><course>-1.0</course><hAcc>0.0</hAcc><vAcc>0.0</vAcc></extensions></trkpt><trkpt lat="49.65405735999999" lon="11.012074410000007"><ele>271.69</ele><time>2026-09-20T9:15:25Z</time><extensions><speed>-1.0</speed><course>-1.0</course><hAcc>0.0</hAcc><vAcc>0.0</vAcc></extensions></trkpt><trkpt lat="49.65399168999999" lon="11.012028080000007"><ele>271.69</ele><time>2026-09-20T9:15:27Z</time><extensions><speed>-1.0</speed><course>-1.0</course><hAcc>0.0</hAcc><vAcc>0.0</vAcc></extensions></trkpt><trkpt lat="49.65392135999999" lon="11.011980080000008"><ele>271.69</ele><time>2026-09-20T9:15:29Z</time><extensions><speed>-1.0</speed><course>-1.0</course><hAcc>0.0</hAcc><vAcc>0.0</vAcc></extensions></trkpt><trkpt lat="49.65384635999999" lon="11.011930080000008"><ele>271.69</ele><time>2026-09-20T9:15:31Z</time><extensions><speed>-1.0</speed><course>-1.0</course><hAcc>0.0</hAcc><vAcc>0.0</vAcc></extensions></trkpt><trkpt lat="49.65378202999999" lon="11.011889080000008"><ele>271.69</ele><time>2026-09-20T9:15:32Z</time><extensions><speed>-1.0</speed><course>-1.0</course><hAcc>0.0</hAcc><vAcc>0.0</vAcc></extensions></trkpt><trkpt lat="49.65371069999999" lon="11.011840080000008"><ele>271.69</ele><time>2026-09-20T9:15:34Z</time><extensions><speed>-1.0</speed><course>-1.0</course><hAcc>0.0</hAcc><vAcc>0.0</vAcc></extensions></trkpt><trkpt lat="49.65363402999999" lon="11.011786750000008"><ele>271.69</ele><time>2026-09-20T9:15:36Z</time><extensions><speed>-1.0</speed><course>-1.0</course><hAcc>0.0</hAcc><vAcc>0.0</vAcc></extensions></trkpt><trkpt lat="49.653568699999994" lon="11.011741750000008"><ele>271.69</ele><time>2026-09-20T9:15:37Z</time><extensions><speed>-1.0</speed><course>-1.0</course><hAcc>0.0</hAcc><vAcc>0.0</vAcc></extensions></trkpt><trkpt lat="49.65349636999999" lon="11.011694080000007"><ele>272.51</ele><time>2026-09-20T9:15:39Z</time><extensions><speed>-1.0</speed><course>-1.0</course><hAcc>0.0</hAcc><vAcc>0.0</vAcc></extensions></trkpt><trkpt lat="49.65342103999999" lon="11.011643410000007"><ele>272.51</ele><time>2026-09-20T9:15:41Z</time><extensions><speed>-1.0</speed><course>-1.0</course><hAcc>0.0</hAcc><vAcc>0.0</vAcc></extensions></trkpt><trkpt lat="49.65334370999999" lon="11.011591080000006"><ele>272.51</ele><time>2026-09-20T9:15:43Z</time><extensions><speed>-1.0</speed><course>-1.0</course><hAcc>0.0</hAcc><vAcc>0.0</vAcc></extensions></trkpt><trkpt lat="49.65327870999999" lon="11.011545080000007"><ele>272.51</ele><time>2026-09-20T9:15:44Z</time><extensions><speed>-1.0</speed><course>-1.0</course><hAcc>0.0</hAcc><vAcc>0.0</vAcc></extensions></trkpt><trkpt lat="49.65320737999999" lon="11.011491080000006"><ele>272.51</ele><time>2026-09-20T9:15:46Z</time><extensions><speed>-1.0</speed><course>-1.0</course><hAcc>0.0</hAcc><vAcc>0.0</vAcc></extensions></trkpt><trkpt lat="49.65313070999999" lon="11.011432750000006"><ele>272.51</ele><time>2026-09-20T9:15:48Z</time><extensions><speed>-1.0</speed><course>-1.0</course><hAcc>0.0</hAcc><vAcc>0.0</vAcc></extensions></trkpt><trkpt lat="49.653065379999994" lon="11.011384080000006"><ele>272.51</ele><time>2026-09-20T9:15:49Z</time><extensions><speed>-1.0</speed><course>-1.0</course><hAcc>0.0</hAcc><vAcc>0.0</vAcc></extensions></trkpt><trkpt lat="49.652991709999995" lon="11.011332410000007"><ele>272.51</ele><time>2026-09-20T9:15:51Z</time><extensions><speed>-1.0</speed><course>-1.0</course><hAcc>0.0</hAcc><vAcc>0.0</vAcc></extensions></trkpt><trkpt lat="49.65292770999999" lon="11.011286410000007"><ele>272.51</ele><time>2026-09-20T9:15:52Z</time><extensions><speed>-1.0</speed><course>-1.0</course><hAcc>0.0</hAcc><vAcc>0.0</vAcc></extensions></trkpt><trkpt lat="49.652856709999995" lon="11.011230410000007"><ele>272.51</ele><time>2026-09-20T9:15:54Z</time><extensions><speed>-1.0</speed><course>-1.0</course><hAcc>0.0</hAcc><vAcc>0.0</vAcc></extensions></trkpt><trkpt lat="49.652794379999996" lon="11.011183410000006"><ele>272.51</ele><time>2026-09-20T9:15:55Z</time><extensions><speed>-1.0</speed><course>-1.0</course><hAcc>0.0</hAcc><vAcc>0.0</vAcc></extensions></trkpt><trkpt lat="49.65273671" lon="11.011142410000007"><ele>272.51</ele><time>2026-09-20T9:15:56Z</time><extensions><speed>-1.0</speed><course>-1.0</course><hAcc>0.0</hAcc><vAcc>0.0</vAcc></extensions></trkpt><trkpt lat="49.65266971" lon="11.011089740000006"><ele>272.51</ele><time>2026-09-20T9:15:58Z</time><extensions><speed>-1.0</speed><course>-1.0</course><hAcc>0.0</hAcc><vAcc>0.0</vAcc></extensions></trkpt><trkpt lat="49.65259538" lon="11.011030410000007"><ele>272.51</ele><time>2026-09-20T9:16:00Z</time><extensions><speed>-1.0</speed><course>-1.0</course><hAcc>0.0</hAcc><vAcc>0.0</vAcc></extensions></trkpt><trkpt lat="49.65253105" lon="11.010979080000007"><ele>272.51</ele><time>2026-09-20T9:16:01Z</time><extensions><speed>-1.0</speed><course>-1.0</course><hAcc>0.0</hAcc><vAcc>0.0</vAcc></extensions></trkpt><trkpt lat="49.65245805" lon="11.010922080000007"><ele>272.51</ele><time>2026-09-20T9:16:03Z</time><extensions><speed>-1.0</speed><course>-1.0</course><hAcc>0.0</hAcc><vAcc>0.0</vAcc></extensions></trkpt><trkpt lat="49.65239505" lon="11.010871080000008"><ele>272.51</ele><time>2026-09-20T9:16:04Z</time><extensions><speed>-1.0</speed><course>-1.0</course><hAcc>0.0</hAcc><vAcc>0.0</vAcc></extensions></trkpt><trkpt lat="49.65232305" lon="11.010813410000008"><ele>272.51</ele><time>2026-09-20T9:16:06Z</time><extensions><speed>-1.0</speed><course>-1.0</course><hAcc>0.0</hAcc><vAcc>0.0</vAcc></extensions></trkpt><trkpt lat="49.65226038" lon="11.010762410000009"><ele>272.51</ele><time>2026-09-20T9:16:07Z</time><extensions><speed>-1.0</speed><course>-1.0</course><hAcc>0.0</hAcc><vAcc>0.0</vAcc></extensions></trkpt><trkpt lat="49.65218971" lon="11.010704080000009"><ele>272.51</ele><time>2026-09-20T9:16:09Z</time><extensions><speed>-1.0</speed><course>-1.0</course><hAcc>0.0</hAcc><vAcc>0.0</vAcc></extensions></trkpt><trkpt lat="49.65212871" lon="11.010652750000009"><ele>272.51</ele><time>2026-09-20T9:16:10Z</time><extensions><speed>-1.0</speed><course>-1.0</course><hAcc>0.0</hAcc><vAcc>0.0</vAcc></extensions></trkpt><trkpt lat="49.652059709999996" lon="11.010596750000008"><ele>272.51</ele><time>2026-09-20T9:16:12Z</time><extensions><speed>-1.0</speed><course>-1.0</course><hAcc>0.0</hAcc><vAcc>0.0</vAcc></extensions></trkpt><trkpt lat="49.65198538" lon="11.010533750000008"><ele>272.51</ele><time>2026-09-20T9:16:14Z</time><extensions><speed>-1.0</speed><course>-1.0</course><hAcc>0.0</hAcc><vAcc>0.0</vAcc></extensions></trkpt><trkpt lat="49.651905049999996" lon="11.010467080000007"><ele>272.51</ele><time>2026-09-20T9:16:16Z</time><extensions><speed>-1.0</speed><course>-1.0</course><hAcc>0.0</hAcc><vAcc>0.0</vAcc></extensions></trkpt><trkpt lat="49.65183672" lon="11.010409750000006"><ele>272.51</ele><time>2026-09-20T9:16:17Z</time><extensions><speed>-1.0</speed><course>-1.0</course><hAcc>0.0</hAcc><vAcc>0.0</vAcc></extensions></trkpt><trkpt lat="49.65176205" lon="11.010345750000006"><ele>272.51</ele><time>2026-09-20T9:16:19Z</time><extensions><speed>-1.0</speed><course>-1.0</course><hAcc>0.0</hAcc><vAcc>0.0</vAcc></extensions></trkpt><trkpt lat="49.65169738" lon="11.010291750000006"><ele>272.51</ele><time>2026-09-20T9:16:20Z</time><extensions><speed>-1.0</speed><course>-1.0</course><hAcc>0.0</hAcc><vAcc>0.0</vAcc></extensions></trkpt><trkpt lat="49.65163938" lon="11.010243750000006"><ele>272.51</ele><time>2026-09-20T9:16:21Z</time><extensions><speed>-1.0</speed><course>-1.0</course><hAcc>0.0</hAcc><vAcc>0.0</vAcc></extensions></trkpt><trkpt lat="49.65157005" lon="11.010186080000006"><ele>272.51</ele><time>2026-09-20T9:16:23Z</time><extensions><speed>-1.0</speed><course>-1.0</course><hAcc>0.0</hAcc><vAcc>0.0</vAcc></extensions></trkpt><trkpt lat="49.651494379999995" lon="11.010123410000006"><ele>272.51</ele><time>2026-09-20T9:16:25Z</time><extensions><speed>-1.0</speed><course>-1.0</course><hAcc>0.0</hAcc><vAcc>0.0</vAcc></extensions></trkpt><trkpt lat="49.65141471" lon="11.010056410000006"><ele>272.51</ele><time>2026-09-20T9:16:27Z</time><extensions><speed>-1.0</speed><course>-1.0</course><hAcc>0.0</hAcc><vAcc>0.0</vAcc></extensions></trkpt><trkpt lat="49.65134671" lon="11.009997740000006"><ele>272.51</ele><time>2026-09-20T9:16:28Z</time><extensions><speed>-1.0</speed><course>-1.0</course><hAcc>0.0</hAcc><vAcc>0.0</vAcc></extensions></trkpt><trkpt lat="49.65127238" lon="11.009928740000007"><ele>272.51</ele><time>2026-09-20T9:16:30Z</time><extensions><speed>-1.0</speed><course>-1.0</course><hAcc>0.0</hAcc><vAcc>0.0</vAcc></extensions></trkpt><trkpt lat="49.65119338" lon="11.009851740000007"><ele>272.51</ele><time>2026-09-20T9:16:32Z</time><extensions><speed>-1.0</speed><course>-1.0</course><hAcc>0.0</hAcc><vAcc>0.0</vAcc></extensions></trkpt><trkpt lat="49.65111138" lon="11.009770740000008"><ele>272.51</ele><time>2026-09-20T9:16:34Z</time><extensions><speed>-1.0</speed><course>-1.0</course><hAcc>0.0</hAcc><vAcc>0.0</vAcc></extensions></trkpt><trkpt lat="49.65102738" lon="11.009689740000008"><ele>272.51</ele><time>2026-09-20T9:16:36Z</time><extensions><speed>-1.0</speed><course>-1.0</course><hAcc>0.0</hAcc><vAcc>0.0</vAcc></extensions></trkpt><trkpt lat="49.650956050000005" lon="11.009623410000009"><ele>272.51</ele><time>2026-09-20T9:16:37Z</time><extensions><speed>-1.0</speed><course>-1.0</course><hAcc>0.0</hAcc><vAcc>0.0</vAcc></extensions></trkpt><trkpt lat="49.65088172000001" lon="11.009548080000009"><ele>272.51</ele><time>2026-09-20T9:16:39Z</time><extensions><speed>-1.0</speed><course>-1.0</course><hAcc>0.0</hAcc><vAcc>0.0</vAcc></extensions></trkpt><trkpt lat="49.650817720000006" lon="11.00948308000001"><ele>272.51</ele><time>2026-09-20T9:16:40Z</time><extensions><speed>-1.0</speed><course>-1.0</course><hAcc>0.0</hAcc><vAcc>0.0</vAcc></extensions></trkpt><trkpt lat="49.65076005000001" lon="11.00942775000001"><ele>272.51</ele><time>2026-09-20T9:16:41Z</time><extensions><speed>-1.0</speed><course>-1.0</course><hAcc>0.0</hAcc><vAcc>0.0</vAcc></extensions></trkpt><trkpt lat="49.65069305000001" lon="11.009364750000008"><ele>272.51</ele><time>2026-09-20T9:16:43Z</time><extensions><speed>-1.0</speed><course>-1.0</course><hAcc>0.0</hAcc><vAcc>0.0</vAcc></extensions></trkpt><trkpt lat="49.65063438000001" lon="11.009308420000009"><ele>272.51</ele><time>2026-09-20T9:16:44Z</time><extensions><speed>-1.0</speed><course>-1.0</course><hAcc>0.0</hAcc><vAcc>0.0</vAcc></extensions></trkpt><trkpt lat="49.650567380000005" lon="11.00924342000001"><ele>272.51</ele><time>2026-09-20T9:16:46Z</time><extensions><speed>-1.0</speed><course>-1.0</course><hAcc>0.0</hAcc><vAcc>0.0</vAcc></extensions></trkpt><trkpt lat="49.65050938" lon="11.009183750000009"><ele>272.51</ele><time>2026-09-20T9:16:47Z</time><extensions><speed>-1.0</speed><course>-1.0</course><hAcc>0.0</hAcc><vAcc>0.0</vAcc></extensions></trkpt><trkpt lat="49.650443380000006" lon="11.00911508000001"><ele>272.51</ele><time>2026-09-20T9:16:49Z</time><extensions><speed>-1.0</speed><course>-1.0</course><hAcc>0.0</hAcc><vAcc>0.0</vAcc></extensions></trkpt><trkpt lat="49.65037138" lon="11.009041410000009"><ele>272.51</ele><time>2026-09-20T9:16:51Z</time><extensions><speed>-1.0</speed><course>-1.0</course><hAcc>0.0</hAcc><vAcc>0.0</vAcc></extensions></trkpt><trkpt lat="49.65029638" lon="11.008963410000009"><ele>272.51</ele><time>2026-09-20T9:16:53Z</time><extensions><speed>-1.0</speed><course>-1.0</course><hAcc>0.0</hAcc><vAcc>0.0</vAcc></extensions></trkpt><trkpt lat="49.650221710000004" lon="11.008883740000009"><ele>272.51</ele><time>2026-09-20T9:16:55Z</time><extensions><speed>-1.0</speed><course>-1.0</course><hAcc>0.0</hAcc><vAcc>0.0</vAcc></extensions></trkpt><trkpt lat="49.650148040000005" lon="11.00880474000001"><ele>272.51</ele><time>2026-09-20T9:16:57Z</time><extensions><speed>-1.0</speed><course>-1.0</course><hAcc>0.0</hAcc><vAcc>0.0</vAcc></extensions></trkpt><trkpt lat="49.65007837" lon="11.00872074000001"><ele>272.51</ele><time>2026-09-20T9:16:59Z</time><extensions><speed>-1.0</speed><course>-1.0</course><hAcc>0.0</hAcc><vAcc>0.0</vAcc></extensions></trkpt><trkpt lat="49.650007370000004" lon="11.00863841000001"><ele>272.51</ele><time>2026-09-20T9:17:01Z</time><extensions><speed>-1.0</speed><course>-1.0</course><hAcc>0.0</hAcc><vAcc>0.0</vAcc></extensions></trkpt><trkpt lat="49.64993504" lon="11.008554410000011"><ele>272.51</ele><time>2026-09-20T9:17:03Z</time><extensions><speed>-1.0</speed><course>-1.0</course><hAcc>0.0</hAcc><vAcc>0.0</vAcc></extensions></trkpt><trkpt lat="49.649861040000005" lon="11.008467740000011"><ele>272.51</ele><time>2026-09-20T9:17:05Z</time><extensions><speed>-1.0</speed><course>-1.0</course><hAcc>0.0</hAcc><vAcc>0.0</vAcc></extensions></trkpt><trkpt lat="49.64979737" lon="11.00839641000001"><ele>272.51</ele><time>2026-09-20T9:17:06Z</time><extensions><speed>-1.0</speed><course>-1.0</course><hAcc>0.0</hAcc><vAcc>0.0</vAcc></extensions></trkpt><trkpt lat="49.6497417" lon="11.00833374000001"><ele>272.51</ele><time>2026-09-20T9:17:07Z</time><extensions><speed>-1.0</speed><course>-1.0</course><hAcc>0.0</hAcc><vAcc>0.0</vAcc></extensions></trkpt><trkpt lat="49.64967637" lon="11.00826241000001"><ele>272.51</ele><time>2026-09-20T9:17:09Z</time><extensions><speed>-1.0</speed><course>-1.0</course><hAcc>0.0</hAcc><vAcc>0.0</vAcc></extensions></trkpt><trkpt lat="49.6496197" lon="11.00819908000001"><ele>272.51</ele><time>2026-09-20T9:17:10Z</time><extensions><speed>-1.0</speed><course>-1.0</course><hAcc>0.0</hAcc><vAcc>0.0</vAcc></extensions></trkpt><trkpt lat="49.64955603" lon="11.00812841000001"><ele>272.51</ele><time>2026-09-20T9:17:12Z</time><extensions><speed>-1.0</speed><course>-1.0</course><hAcc>0.0</hAcc><vAcc>0.0</vAcc></extensions></trkpt><trkpt lat="49.6494997" lon="11.00806841000001"><ele>272.51</ele><time>2026-09-20T9:17:13Z</time><extensions><speed>-1.0</speed><course>-1.0</course><hAcc>0.0</hAcc><vAcc>0.0</vAcc></extensions></trkpt><trkpt lat="49.64943703" lon="11.008002080000011"><ele>272.51</ele><time>2026-09-20T9:17:15Z</time><extensions><speed>-1.0</speed><course>-1.0</course><hAcc>0.0</hAcc><vAcc>0.0</vAcc></extensions></trkpt><trkpt lat="49.649382700000004" lon="11.007944410000011"><ele>272.51</ele><time>2026-09-20T9:17:16Z</time><extensions><speed>-1.0</speed><course>-1.0</course><hAcc>0.0</hAcc><vAcc>0.0</vAcc></extensions></trkpt><trkpt lat="49.649320700000004" lon="11.00787841000001"><ele>272.51</ele><time>2026-09-20T9:17:18Z</time><extensions><speed>-1.0</speed><course>-1.0</course><hAcc>0.0</hAcc><vAcc>0.0</vAcc></extensions></trkpt><trkpt lat="49.649256030000004" lon="11.007806410000011"><ele>272.51</ele><time>2026-09-20T9:17:20Z</time><extensions><speed>-1.0</speed><course>-1.0</course><hAcc>0.0</hAcc><vAcc>0.0</vAcc></extensions></trkpt><trkpt lat="49.64918903" lon="11.007729080000011"><ele>272.51</ele><time>2026-09-20T9:17:22Z</time><extensions><speed>-1.0</speed><course>-1.0</course><hAcc>0.0</hAcc><vAcc>0.0</vAcc></extensions></trkpt><trkpt lat="49.649120360000005" lon="11.007646750000012"><ele>272.51</ele><time>2026-09-20T9:17:24Z</time><extensions><speed>-1.0</speed><course>-1.0</course><hAcc>0.0</hAcc><vAcc>0.0</vAcc></extensions></trkpt><trkpt lat="49.649061360000005" lon="11.007576080000012"><ele>272.51</ele><time>2026-09-20T9:17:25Z</time><extensions><speed>-1.0</speed><course>-1.0</course><hAcc>0.0</hAcc><vAcc>0.0</vAcc></extensions></trkpt><trkpt lat="49.649008030000005" lon="11.007513410000012"><ele>272.51</ele><time>2026-09-20T9:17:26Z</time><extensions><speed>-1.0</speed><course>-1.0</course><hAcc>0.0</hAcc><vAcc>0.0</vAcc></extensions></trkpt><trkpt lat="49.648946360000004" lon="11.007436740000012"><ele>272.51</ele><time>2026-09-20T9:17:28Z</time><extensions><speed>-1.0</speed><course>-1.0</course><hAcc>0.0</hAcc><vAcc>0.0</vAcc></extensions></trkpt><trkpt lat="49.64889103" lon="11.007370410000012"><ele>272.51</ele><time>2026-09-20T9:17:29Z</time><extensions><speed>-1.0</speed><course>-1.0</course><hAcc>0.0</hAcc><vAcc>0.0</vAcc></extensions></trkpt><trkpt lat="49.6488397" lon="11.007310410000013"><ele>272.51</ele><time>2026-09-20T9:17:30Z</time><extensions><speed>-1.0</speed><course>-1.0</course><hAcc>0.0</hAcc><vAcc>0.0</vAcc></extensions></trkpt><trkpt lat="49.64879203" lon="11.007253080000012"><ele>272.51</ele><time>2026-09-20T9:17:31Z</time><extensions><speed>-1.0</speed><course>-1.0</course><hAcc>0.0</hAcc><vAcc>0.0</vAcc></extensions></trkpt><trkpt lat="49.6487337" lon="11.007180750000012"><ele>272.51</ele><time>2026-09-20T9:17:33Z</time><extensions><speed>-1.0</speed><course>-1.0</course><hAcc>0.0</hAcc><vAcc>0.0</vAcc></extensions></trkpt><trkpt lat="49.64866803" lon="11.007099750000013"><ele>272.51</ele><time>2026-09-20T9:17:35Z</time><extensions><speed>-1.0</speed><course>-1.0</course><hAcc>0.0</hAcc><vAcc>0.0</vAcc></extensions></trkpt><trkpt lat="49.64861203" lon="11.007028080000012"><ele>272.51</ele><time>2026-09-20T9:17:36Z</time><extensions><speed>-1.0</speed><course>-1.0</course><hAcc>0.0</hAcc><vAcc>0.0</vAcc></extensions></trkpt><trkpt lat="49.6485627" lon="11.006962080000012"><ele>272.51</ele><time>2026-09-20T9:17:37Z</time><extensions><speed>-1.0</speed><course>-1.0</course><hAcc>0.0</hAcc><vAcc>0.0</vAcc></extensions></trkpt><trkpt lat="49.6485177" lon="11.006901080000011"><ele>272.51</ele><time>2026-09-20T9:17:38Z</time><extensions><speed>-1.0</speed><course>-1.0</course><hAcc>0.0</hAcc><vAcc>0.0</vAcc></extensions></trkpt><trkpt lat="49.64846237" lon="11.006828410000011"><ele>272.51</ele><time>2026-09-20T9:17:40Z</time><extensions><speed>-1.0</speed><course>-1.0</course><hAcc>0.0</hAcc><vAcc>0.0</vAcc></extensions></trkpt><trkpt lat="49.64841437" lon="11.006759410000011"><ele>272.51</ele><time>2026-09-20T9:17:41Z</time><extensions><speed>-1.0</speed><course>-1.0</course><hAcc>0.0</hAcc><vAcc>0.0</vAcc></extensions></trkpt><trkpt lat="49.648359039999995" lon="11.006678740000012"><ele>272.51</ele><time>2026-09-20T9:17:43Z</time><extensions><speed>-1.0</speed><course>-1.0</course><hAcc>0.0</hAcc><vAcc>0.0</vAcc></extensions></trkpt><trkpt lat="49.64829637" lon="11.006593410000013"><ele>272.51</ele><time>2026-09-20T9:17:45Z</time><extensions><speed>-1.0</speed><course>-1.0</course><hAcc>0.0</hAcc><vAcc>0.0</vAcc></extensions></trkpt><trkpt lat="49.648241369999994" lon="11.006519080000013"><ele>272.51</ele><time>2026-09-20T9:17:46Z</time><extensions><speed>-1.0</speed><course>-1.0</course><hAcc>0.0</hAcc><vAcc>0.0</vAcc></extensions></trkpt><trkpt lat="49.648182039999995" lon="11.006434750000013"><ele>272.51</ele><time>2026-09-20T9:17:48Z</time><extensions><speed>-1.0</speed><course>-1.0</course><hAcc>0.0</hAcc><vAcc>0.0</vAcc></extensions></trkpt><trkpt lat="49.64811536999999" lon="11.006346750000013"><ele>272.51</ele><time>2026-09-20T9:17:50Z</time><extensions><speed>-1.0</speed><course>-1.0</course><hAcc>0.0</hAcc><vAcc>0.0</vAcc></extensions></trkpt><trkpt lat="49.648044369999994" lon="11.006254750000013"><ele>272.51</ele><time>2026-09-20T9:17:52Z</time><extensions><speed>-1.0</speed><course>-1.0</course><hAcc>0.0</hAcc><vAcc>0.0</vAcc></extensions></trkpt><trkpt lat="49.64796936999999" lon="11.006158750000013"><ele>272.51</ele><time>2026-09-20T9:17:54Z</time><extensions><speed>-1.0</speed><course>-1.0</course><hAcc>0.0</hAcc><vAcc>0.0</vAcc></extensions></trkpt><trkpt lat="49.64790703999999" lon="11.006078080000014"><ele>272.51</ele><time>2026-09-20T9:17:55Z</time><extensions><speed>-1.0</speed><course>-1.0</course><hAcc>0.0</hAcc><vAcc>0.0</vAcc></extensions></trkpt><trkpt lat="49.64784070999999" lon="11.005992080000015"><ele>272.51</ele><time>2026-09-20T9:17:57Z</time><extensions><speed>-1.0</speed><course>-1.0</course><hAcc>0.0</hAcc><vAcc>0.0</vAcc></extensions></trkpt><trkpt lat="49.64777237999999" lon="11.005903080000015"><ele>272.51</ele><time>2026-09-20T9:17:59Z</time><extensions><speed>-1.0</speed><course>-1.0</course><hAcc>0.0</hAcc><vAcc>0.0</vAcc></extensions></trkpt><trkpt lat="49.647712379999994" lon="11.005827750000016"><ele>272.51</ele><time>2026-09-20T9:18:00Z</time><extensions><speed>-1.0</speed><course>-1.0</course><hAcc>0.0</hAcc><vAcc>0.0</vAcc></extensions></trkpt><trkpt lat="49.647650379999995" lon="11.005738750000017"><ele>272.51</ele><time>2026-09-20T9:18:02Z</time><extensions><speed>-1.0</speed><course>-1.0</course><hAcc>0.0</hAcc><vAcc>0.0</vAcc></extensions></trkpt><trkpt lat="49.647594379999994" lon="11.005664420000016"><ele>272.51</ele><time>2026-09-20T9:18:03Z</time><extensions><speed>-1.0</speed><course>-1.0</course><hAcc>0.0</hAcc><vAcc>0.0</vAcc></extensions></trkpt><trkpt lat="49.64753304999999" lon="11.005578420000017"><ele>272.51</ele><time>2026-09-20T9:18:05Z</time><extensions><speed>-1.0</speed><course>-1.0</course><hAcc>0.0</hAcc><vAcc>0.0</vAcc></extensions></trkpt><trkpt lat="49.64748004999999" lon="11.005504090000017"><ele>272.51</ele><time>2026-09-20T9:18:06Z</time><extensions><speed>-1.0</speed><course>-1.0</course><hAcc>0.0</hAcc><vAcc>0.0</vAcc></extensions></trkpt><trkpt lat="49.647420049999994" lon="11.005421090000016"><ele>272.51</ele><time>2026-09-20T9:18:08Z</time><extensions><speed>-1.0</speed><course>-1.0</course><hAcc>0.0</hAcc><vAcc>0.0</vAcc></extensions></trkpt><trkpt lat="49.64735571999999" lon="11.005330420000016"><ele>272.51</ele><time>2026-09-20T9:18:10Z</time><extensions><speed>-1.0</speed><course>-1.0</course><hAcc>0.0</hAcc><vAcc>0.0</vAcc></extensions></trkpt><trkpt lat="49.64730004999999" lon="11.005251420000016"><ele>272.51</ele><time>2026-09-20T9:18:11Z</time><extensions><speed>-1.0</speed><course>-1.0</course><hAcc>0.0</hAcc><vAcc>0.0</vAcc></extensions></trkpt><trkpt lat="49.64723871999999" lon="11.005161750000017"><ele>272.51</ele><time>2026-09-20T9:18:13Z</time><extensions><speed>-1.0</speed><course>-1.0</course><hAcc>0.0</hAcc><vAcc>0.0</vAcc></extensions></trkpt><trkpt lat="49.64718604999999" lon="11.005083080000016"><ele>272.51</ele><time>2026-09-20T9:18:14Z</time><extensions><speed>-1.0</speed><course>-1.0</course><hAcc>0.0</hAcc><vAcc>0.0</vAcc></extensions></trkpt><trkpt lat="49.64713871999999" lon="11.005013410000016"><ele>272.51</ele><time>2026-09-20T9:18:15Z</time><extensions><speed>-1.0</speed><course>-1.0</course><hAcc>0.0</hAcc><vAcc>0.0</vAcc></extensions></trkpt><trkpt lat="49.64708238999999" lon="11.004932080000016"><ele>272.51</ele><time>2026-09-20T9:18:17Z</time><extensions><speed>-1.0</speed><course>-1.0</course><hAcc>0.0</hAcc><vAcc>0.0</vAcc></extensions></trkpt><trkpt lat="49.64701771999999" lon="11.004842750000016"><ele>272.51</ele><time>2026-09-20T9:18:19Z</time><extensions><speed>-1.0</speed><course>-1.0</course><hAcc>0.0</hAcc><vAcc>0.0</vAcc></extensions></trkpt><trkpt lat="49.646948389999984" lon="11.004746750000017"><ele>272.51</ele><time>2026-09-20T9:18:21Z</time><extensions><speed>-1.0</speed><course>-1.0</course><hAcc>0.0</hAcc><vAcc>0.0</vAcc></extensions></trkpt><trkpt lat="49.64688838999999" lon="11.004664080000017"><ele>272.51</ele><time>2026-09-20T9:18:22Z</time><extensions><speed>-1.0</speed><course>-1.0</course><hAcc>0.0</hAcc><vAcc>0.0</vAcc></extensions></trkpt><trkpt lat="49.646821059999986" lon="11.004573080000018"><ele>272.51</ele><time>2026-09-20T9:18:24Z</time><extensions><speed>-1.0</speed><course>-1.0</course><hAcc>0.0</hAcc><vAcc>0.0</vAcc></extensions></trkpt><trkpt lat="49.64674905999998" lon="11.004478080000018"><ele>272.51</ele><time>2026-09-20T9:18:26Z</time><extensions><speed>-1.0</speed><course>-1.0</course><hAcc>0.0</hAcc><vAcc>0.0</vAcc></extensions></trkpt><trkpt lat="49.64667605999998" lon="11.004378750000019"><ele>272.51</ele><time>2026-09-20T9:18:28Z</time><extensions><speed>-1.0</speed><course>-1.0</course><hAcc>0.0</hAcc><vAcc>0.0</vAcc></extensions></trkpt><trkpt lat="49.646599729999984" lon="11.004279750000018"><ele>272.51</ele><time>2026-09-20T9:18:30Z</time><extensions><speed>-1.0</speed><course>-1.0</course><hAcc>0.0</hAcc><vAcc>0.0</vAcc></extensions></trkpt><trkpt lat="49.64652405999998" lon="11.004176420000018"><ele>272.51</ele><time>2026-09-20T9:18:32Z</time><extensions><speed>-1.0</speed><course>-1.0</course><hAcc>0.0</hAcc><vAcc>0.0</vAcc></extensions></trkpt><trkpt lat="49.64646038999998" lon="11.004089090000019"><ele>272.51</ele><time>2026-09-20T9:18:33Z</time><extensions><speed>-1.0</speed><course>-1.0</course><hAcc>0.0</hAcc><vAcc>0.0</vAcc></extensions></trkpt><trkpt lat="49.64639171999998" lon="11.003999090000018"><ele>272.51</ele><time>2026-09-20T9:18:35Z</time><extensions><speed>-1.0</speed><course>-1.0</course><hAcc>0.0</hAcc><vAcc>0.0</vAcc></extensions></trkpt><trkpt lat="49.64633271999998" lon="11.003922760000018"><ele>272.51</ele><time>2026-09-20T9:18:36Z</time><extensions><speed>-1.0</speed><course>-1.0</course><hAcc>0.0</hAcc><vAcc>0.0</vAcc></extensions></trkpt><trkpt lat="49.64628171999998" lon="11.003853760000018"><ele>272.51</ele><time>2026-09-20T9:18:37Z</time><extensions><speed>-1.0</speed><course>-1.0</course><hAcc>0.0</hAcc><vAcc>0.0</vAcc></extensions></trkpt><trkpt lat="49.64623504999998" lon="11.003788760000019"><ele>272.51</ele><time>2026-09-20T9:18:38Z</time><extensions><speed>-1.0</speed><course>-1.0</course><hAcc>0.0</hAcc><vAcc>0.0</vAcc></extensions></trkpt><trkpt lat="49.64619271999998" lon="11.003726760000019"><ele>272.51</ele><time>2026-09-20T9:18:39Z</time><extensions><speed>-1.0</speed><course>-1.0</course><hAcc>0.0</hAcc><vAcc>0.0</vAcc></extensions></trkpt><trkpt lat="49.64615238999998" lon="11.003669760000019"><ele>272.51</ele><time>2026-09-20T9:18:40Z</time><extensions><speed>-1.0</speed><course>-1.0</course><hAcc>0.0</hAcc><vAcc>0.0</vAcc></extensions></trkpt><trkpt lat="49.64609938999998" lon="11.003594760000018"><ele>272.51</ele><time>2026-09-20T9:18:42Z</time><extensions><speed>-1.0</speed><course>-1.0</course><hAcc>0.0</hAcc><vAcc>0.0</vAcc></extensions></trkpt><trkpt lat="49.64605171999998" lon="11.003527430000018"><ele>272.51</ele><time>2026-09-20T9:18:43Z</time><extensions><speed>-1.0</speed><course>-1.0</course><hAcc>0.0</hAcc><vAcc>0.0</vAcc></extensions></trkpt><trkpt lat="49.64600771999998" lon="11.003462100000018"><ele>272.51</ele><time>2026-09-20T9:18:44Z</time><extensions><speed>-1.0</speed><course>-1.0</course><hAcc>0.0</hAcc><vAcc>0.0</vAcc></extensions></trkpt><trkpt lat="49.645952719999975" lon="11.003380770000017"><ele>272.51</ele><time>2026-09-20T9:18:46Z</time><extensions><speed>-1.0</speed><course>-1.0</course><hAcc>0.0</hAcc><vAcc>0.0</vAcc></extensions></trkpt><trkpt lat="49.645904719999976" lon="11.003308440000017"><ele>272.51</ele><time>2026-09-20T9:18:47Z</time><extensions><speed>-1.0</speed><course>-1.0</course><hAcc>0.0</hAcc><vAcc>0.0</vAcc></extensions></trkpt><trkpt lat="49.645846049999975" lon="11.003226440000017"><ele>272.51</ele><time>2026-09-20T9:18:49Z</time><extensions><speed>-1.0</speed><course>-1.0</course><hAcc>0.0</hAcc><vAcc>0.0</vAcc></extensions></trkpt><trkpt lat="49.645781049999975" lon="11.003135440000017"><ele>272.51</ele><time>2026-09-20T9:18:51Z</time><extensions><speed>-1.0</speed><course>-1.0</course><hAcc>0.0</hAcc><vAcc>0.0</vAcc></extensions></trkpt><trkpt lat="49.64572604999997" lon="11.003055110000018"><ele>272.51</ele><time>2026-09-20T9:18:52Z</time><extensions><speed>-1.0</speed><course>-1.0</course><hAcc>0.0</hAcc><vAcc>0.0</vAcc></extensions></trkpt><trkpt lat="49.645663049999975" lon="11.002965780000018"><ele>272.51</ele><time>2026-09-20T9:18:54Z</time><extensions><speed>-1.0</speed><course>-1.0</course><hAcc>0.0</hAcc><vAcc>0.0</vAcc></extensions></trkpt><trkpt lat="49.64560737999997" lon="11.002889110000018"><ele>272.51</ele><time>2026-09-20T9:18:55Z</time><extensions><speed>-1.0</speed><course>-1.0</course><hAcc>0.0</hAcc><vAcc>0.0</vAcc></extensions></trkpt><trkpt lat="49.64554570999997" lon="11.002802780000017"><ele>272.51</ele><time>2026-09-20T9:18:57Z</time><extensions><speed>-1.0</speed><course>-1.0</course><hAcc>0.0</hAcc><vAcc>0.0</vAcc></extensions></trkpt><trkpt lat="49.645491379999974" lon="11.002729450000018"><ele>272.51</ele><time>2026-09-20T9:18:58Z</time><extensions><speed>-1.0</speed><course>-1.0</course><hAcc>0.0</hAcc><vAcc>0.0</vAcc></extensions></trkpt><trkpt lat="49.64543104999998" lon="11.002643450000019"><ele>272.51</ele><time>2026-09-20T9:19:00Z</time><extensions><speed>-1.0</speed><course>-1.0</course><hAcc>0.0</hAcc><vAcc>0.0</vAcc></extensions></trkpt><trkpt lat="49.64536571999998" lon="11.00255445000002"><ele>272.51</ele><time>2026-09-20T9:19:02Z</time><extensions><speed>-1.0</speed><course>-1.0</course><hAcc>0.0</hAcc><vAcc>0.0</vAcc></extensions></trkpt><trkpt lat="49.64529904999998" lon="11.002461120000019"><ele>272.51</ele><time>2026-09-20T9:19:04Z</time><extensions><speed>-1.0</speed><course>-1.0</course><hAcc>0.0</hAcc><vAcc>0.0</vAcc></extensions></trkpt><trkpt lat="49.64524204999998" lon="11.00238045000002"><ele>272.51</ele><time>2026-09-20T9:19:05Z</time><extensions><speed>-1.0</speed><course>-1.0</course><hAcc>0.0</hAcc><vAcc>0.0</vAcc></extensions></trkpt><trkpt lat="49.64519137999998" lon="11.00231112000002"><ele>272.51</ele><time>2026-09-20T9:19:06Z</time><extensions><speed>-1.0</speed><course>-1.0</course><hAcc>0.0</hAcc><vAcc>0.0</vAcc></extensions></trkpt><trkpt lat="49.64513270999998" lon="11.00223012000002"><ele>272.51</ele><time>2026-09-20T9:19:08Z</time><extensions><speed>-1.0</speed><course>-1.0</course><hAcc>0.0</hAcc><vAcc>0.0</vAcc></extensions></trkpt><trkpt lat="49.645080039999975" lon="11.00215912000002"><ele>272.51</ele><time>2026-09-20T9:19:09Z</time><extensions><speed>-1.0</speed><course>-1.0</course><hAcc>0.0</hAcc><vAcc>0.0</vAcc></extensions></trkpt><trkpt lat="49.64502203999997" lon="11.002079120000019"><ele>272.51</ele><time>2026-09-20T9:19:11Z</time><extensions><speed>-1.0</speed><course>-1.0</course><hAcc>0.0</hAcc><vAcc>0.0</vAcc></extensions></trkpt><trkpt lat="49.64496970999997" lon="11.002004120000018"><ele>272.51</ele><time>2026-09-20T9:19:12Z</time><extensions><speed>-1.0</speed><course>-1.0</course><hAcc>0.0</hAcc><vAcc>0.0</vAcc></extensions></trkpt><trkpt lat="49.64490970999997" lon="11.001919450000019"><ele>272.51</ele><time>2026-09-20T9:19:14Z</time><extensions><speed>-1.0</speed><course>-1.0</course><hAcc>0.0</hAcc><vAcc>0.0</vAcc></extensions></trkpt><trkpt lat="49.64485603999997" lon="11.001845780000018"><ele>272.51</ele><time>2026-09-20T9:19:15Z</time><extensions><speed>-1.0</speed><course>-1.0</course><hAcc>0.0</hAcc><vAcc>0.0</vAcc></extensions></trkpt><trkpt lat="49.644807369999974" lon="11.001778780000018"><ele>272.51</ele><time>2026-09-20T9:19:16Z</time><extensions><speed>-1.0</speed><course>-1.0</course><hAcc>0.0</hAcc><vAcc>0.0</vAcc></extensions></trkpt><trkpt lat="49.64474869999997" lon="11.001698450000019"><ele>272.51</ele><time>2026-09-20T9:19:18Z</time><extensions><speed>-1.0</speed><course>-1.0</course><hAcc>0.0</hAcc><vAcc>0.0</vAcc></extensions></trkpt><trkpt lat="49.64468702999997" lon="11.001607780000018"><ele>272.51</ele><time>2026-09-20T9:19:20Z</time><extensions><speed>-1.0</speed><course>-1.0</course><hAcc>0.0</hAcc><vAcc>0.0</vAcc></extensions></trkpt><trkpt lat="49.644621359999974" lon="11.001514780000019"><ele>271.69</ele><time>2026-09-20T9:19:22Z</time><extensions><speed>-1.0</speed><course>-1.0</course><hAcc>0.0</hAcc><vAcc>0.0</vAcc></extensions></trkpt><trkpt lat="49.644564359999976" lon="11.00143411000002"><ele>271.69</ele><time>2026-09-20T9:19:23Z</time><extensions><speed>-1.0</speed><course>-1.0</course><hAcc>0.0</hAcc><vAcc>0.0</vAcc></extensions></trkpt><trkpt lat="49.64449902999998" lon="11.00134544000002"><ele>271.69</ele><time>2026-09-20T9:19:25Z</time><extensions><speed>-1.0</speed><course>-1.0</course><hAcc>0.0</hAcc><vAcc>0.0</vAcc></extensions></trkpt><trkpt lat="49.64444135999998" lon="11.00126977000002"><ele>271.69</ele><time>2026-09-20T9:19:26Z</time><extensions><speed>-1.0</speed><course>-1.0</course><hAcc>0.0</hAcc><vAcc>0.0</vAcc></extensions></trkpt><trkpt lat="49.64437668999998" lon="11.00118177000002"><ele>271.69</ele><time>2026-09-20T9:19:28Z</time><extensions><speed>-1.0</speed><course>-1.0</course><hAcc>0.0</hAcc><vAcc>0.0</vAcc></extensions></trkpt><trkpt lat="49.64430901999998" lon="11.00108810000002"><ele>272.6</ele><time>2026-09-20T9:19:30Z</time><extensions><speed>-1.0</speed><course>-1.0</course><hAcc>0.0</hAcc><vAcc>0.0</vAcc></extensions></trkpt><trkpt lat="49.64424101999998" lon="11.00099377000002"><ele>272.6</ele><time>2026-09-20T9:19:32Z</time><extensions><speed>-1.0</speed><course>-1.0</course><hAcc>0.0</hAcc><vAcc>0.0</vAcc></extensions></trkpt><trkpt lat="49.644172689999984" lon="11.00089144000002"><ele>272.6</ele><time>2026-09-20T9:19:34Z</time><extensions><speed>-1.0</speed><course>-1.0</course><hAcc>0.0</hAcc><vAcc>0.0</vAcc></extensions></trkpt><trkpt lat="49.64410335999998" lon="11.00079411000002"><ele>272.6</ele><time>2026-09-20T9:19:36Z</time><extensions><speed>-1.0</speed><course>-1.0</course><hAcc>0.0</hAcc><vAcc>0.0</vAcc></extensions></trkpt><trkpt lat="49.644032029999984" lon="11.00069311000002"><ele>272.6</ele><time>2026-09-20T9:19:38Z</time><extensions><speed>-1.0</speed><course>-1.0</course><hAcc>0.0</hAcc><vAcc>0.0</vAcc></extensions></trkpt><trkpt lat="49.643958359999985" lon="11.00059244000002"><ele>272.6</ele><time>2026-09-20T9:19:40Z</time><extensions><speed>-1.0</speed><course>-1.0</course><hAcc>0.0</hAcc><vAcc>0.0</vAcc></extensions></trkpt><trkpt lat="49.643885029999986" lon="11.00048744000002"><ele>272.6</ele><time>2026-09-20T9:19:42Z</time><extensions><speed>-1.0</speed><course>-1.0</course><hAcc>0.0</hAcc><vAcc>0.0</vAcc></extensions></trkpt><trkpt lat="49.64381069999999" lon="11.00037611000002"><ele>272.6</ele><time>2026-09-20T9:19:44Z</time><extensions><speed>-1.0</speed><course>-1.0</course><hAcc>0.0</hAcc><vAcc>0.0</vAcc></extensions></trkpt><trkpt lat="49.64373636999999" lon="11.000267440000021"><ele>272.6</ele><time>2026-09-20T9:19:46Z</time><extensions><speed>-1.0</speed><course>-1.0</course><hAcc>0.0</hAcc><vAcc>0.0</vAcc></extensions></trkpt><trkpt lat="49.64367469999999" lon="11.00017677000002"><ele>272.6</ele><time>2026-09-20T9:19:47Z</time><extensions><speed>-1.0</speed><course>-1.0</course><hAcc>0.0</hAcc><vAcc>0.0</vAcc></extensions></trkpt><trkpt lat="49.64360969999999" lon="11.00008177000002"><ele>272.6</ele><time>2026-09-20T9:19:49Z</time><extensions><speed>-1.0</speed><course>-1.0</course><hAcc>0.0</hAcc><vAcc>0.0</vAcc></extensions></trkpt><trkpt lat="49.643541029999994" lon="10.999981770000021"><ele>272.6</ele><time>2026-09-20T9:19:51Z</time><extensions><speed>-1.0</speed><course>-1.0</course><hAcc>0.0</hAcc><vAcc>0.0</vAcc></extensions></trkpt><trkpt lat="49.643482029999994" lon="10.99989810000002"><ele>272.6</ele><time>2026-09-20T9:19:52Z</time><extensions><speed>-1.0</speed><course>-1.0</course><hAcc>0.0</hAcc><vAcc>0.0</vAcc></extensions></trkpt><trkpt lat="49.643416699999996" lon="10.999808430000021"><ele>272.6</ele><time>2026-09-20T9:19:54Z</time><extensions><speed>-1.0</speed><course>-1.0</course><hAcc>0.0</hAcc><vAcc>0.0</vAcc></extensions></trkpt><trkpt lat="49.64334837" lon="10.99971076000002"><ele>272.6</ele><time>2026-09-20T9:19:56Z</time><extensions><speed>-1.0</speed><course>-1.0</course><hAcc>0.0</hAcc><vAcc>0.0</vAcc></extensions></trkpt><trkpt lat="49.64327737" lon="10.99960809000002"><ele>272.6</ele><time>2026-09-20T9:19:58Z</time><extensions><speed>-1.0</speed><course>-1.0</course><hAcc>0.0</hAcc><vAcc>0.0</vAcc></extensions></trkpt><trkpt lat="49.6432177" lon="10.99952176000002"><ele>272.6</ele><time>2026-09-20T9:19:59Z</time><extensions><speed>-1.0</speed><course>-1.0</course><hAcc>0.0</hAcc><vAcc>0.0</vAcc></extensions></trkpt><trkpt lat="49.6431647" lon="10.99944876000002"><ele>272.6</ele><time>2026-09-20T9:20:00Z</time><extensions><speed>-1.0</speed><course>-1.0</course><hAcc>0.0</hAcc><vAcc>0.0</vAcc></extensions></trkpt><trkpt lat="49.6431027" lon="10.999366760000019"><ele>272.6</ele><time>2026-09-20T9:20:02Z</time><extensions><speed>-1.0</speed><course>-1.0</course><hAcc>0.0</hAcc><vAcc>0.0</vAcc></extensions></trkpt><trkpt lat="49.6430487" lon="10.999291760000018"><ele>272.6</ele><time>2026-09-20T9:20:03Z</time><extensions><speed>-1.0</speed><course>-1.0</course><hAcc>0.0</hAcc><vAcc>0.0</vAcc></extensions></trkpt><trkpt lat="49.64298703" lon="10.999203090000018"><ele>272.6</ele><time>2026-09-20T9:20:05Z</time><extensions><speed>-1.0</speed><course>-1.0</course><hAcc>0.0</hAcc><vAcc>0.0</vAcc></extensions></trkpt><trkpt lat="49.6429307" lon="10.999127090000018"><ele>272.6</ele><time>2026-09-20T9:20:06Z</time><extensions><speed>-1.0</speed><course>-1.0</course><hAcc>0.0</hAcc><vAcc>0.0</vAcc></extensions></trkpt><trkpt lat="49.64286237" lon="10.999041090000018"><ele>272.6</ele><time>2026-09-20T9:20:08Z</time><extensions><speed>-1.0</speed><course>-1.0</course><hAcc>0.0</hAcc><vAcc>0.0</vAcc></extensions></trkpt><trkpt lat="49.64279237" lon="10.998942090000018"><ele>272.6</ele><time>2026-09-20T9:20:10Z</time><extensions><speed>-1.0</speed><course>-1.0</course><hAcc>0.0</hAcc><vAcc>0.0</vAcc></extensions></trkpt><trkpt lat="49.64271904" lon="10.998837760000018"><ele>272.6</ele><time>2026-09-20T9:20:12Z</time><extensions><speed>-1.0</speed><course>-1.0</course><hAcc>0.0</hAcc><vAcc>0.0</vAcc></extensions></trkpt><trkpt lat="49.64264337" lon="10.998731760000018"><ele>272.6</ele><time>2026-09-20T9:20:14Z</time><extensions><speed>-1.0</speed><course>-1.0</course><hAcc>0.0</hAcc><vAcc>0.0</vAcc></extensions></trkpt><trkpt lat="49.64256537" lon="10.998622760000018"><ele>272.6</ele><time>2026-09-20T9:20:16Z</time><extensions><speed>-1.0</speed><course>-1.0</course><hAcc>0.0</hAcc><vAcc>0.0</vAcc></extensions></trkpt><trkpt lat="49.6424997" lon="10.998531430000018"><ele>272.6</ele><time>2026-09-20T9:20:17Z</time><extensions><speed>-1.0</speed><course>-1.0</course><hAcc>0.0</hAcc><vAcc>0.0</vAcc></extensions></trkpt><trkpt lat="49.6424417" lon="10.998452100000017"><ele>272.6</ele><time>2026-09-20T9:20:18Z</time><extensions><speed>-1.0</speed><course>-1.0</course><hAcc>0.0</hAcc><vAcc>0.0</vAcc></extensions></trkpt><trkpt lat="49.64237637" lon="10.998360770000017"><ele>272.6</ele><time>2026-09-20T9:20:20Z</time><extensions><speed>-1.0</speed><course>-1.0</course><hAcc>0.0</hAcc><vAcc>0.0</vAcc></extensions></trkpt><trkpt lat="49.6423067" lon="10.998263770000017"><ele>272.6</ele><time>2026-09-20T9:20:22Z</time><extensions><speed>-1.0</speed><course>-1.0</course><hAcc>0.0</hAcc><vAcc>0.0</vAcc></extensions></trkpt><trkpt lat="49.64224737" lon="10.998180100000017"><ele>272.6</ele><time>2026-09-20T9:20:23Z</time><extensions><speed>-1.0</speed><course>-1.0</course><hAcc>0.0</hAcc><vAcc>0.0</vAcc></extensions></trkpt><trkpt lat="49.64219504" lon="10.998105770000016"><ele>272.6</ele><time>2026-09-20T9:20:24Z</time><extensions><speed>-1.0</speed><course>-1.0</course><hAcc>0.0</hAcc><vAcc>0.0</vAcc></extensions></trkpt><trkpt lat="49.64214704" lon="10.998038100000016"><ele>272.6</ele><time>2026-09-20T9:20:25Z</time><extensions><speed>-1.0</speed><course>-1.0</course><hAcc>0.0</hAcc><vAcc>0.0</vAcc></extensions></trkpt><trkpt lat="49.642088709999996" lon="10.997956100000016"><ele>272.6</ele><time>2026-09-20T9:20:27Z</time><extensions><speed>-1.0</speed><course>-1.0</course><hAcc>0.0</hAcc><vAcc>0.0</vAcc></extensions></trkpt><trkpt lat="49.64202371" lon="10.997865770000015"><ele>272.6</ele><time>2026-09-20T9:20:29Z</time><extensions><speed>-1.0</speed><course>-1.0</course><hAcc>0.0</hAcc><vAcc>0.0</vAcc></extensions></trkpt><trkpt lat="49.641968039999995" lon="10.997785770000014"><ele>272.6</ele><time>2026-09-20T9:20:30Z</time><extensions><speed>-1.0</speed><course>-1.0</course><hAcc>0.0</hAcc><vAcc>0.0</vAcc></extensions></trkpt><trkpt lat="49.64191937" lon="10.997716770000014"><ele>272.6</ele><time>2026-09-20T9:20:31Z</time><extensions><speed>-1.0</speed><course>-1.0</course><hAcc>0.0</hAcc><vAcc>0.0</vAcc></extensions></trkpt><trkpt lat="49.64185737" lon="10.997638440000015"><ele>272.6</ele><time>2026-09-20T9:20:33Z</time><extensions><speed>-1.0</speed><course>-1.0</course><hAcc>0.0</hAcc><vAcc>0.0</vAcc></extensions></trkpt><trkpt lat="49.641804369999996" lon="10.997566110000015"><ele>272.6</ele><time>2026-09-20T9:20:34Z</time><extensions><speed>-1.0</speed><course>-1.0</course><hAcc>0.0</hAcc><vAcc>0.0</vAcc></extensions></trkpt><trkpt lat="49.64174369999999" lon="10.997483110000015"><ele>272.6</ele><time>2026-09-20T9:20:36Z</time><extensions><speed>-1.0</speed><course>-1.0</course><hAcc>0.0</hAcc><vAcc>0.0</vAcc></extensions></trkpt><trkpt lat="49.641680699999995" lon="10.997392440000015"><ele>272.6</ele><time>2026-09-20T9:20:38Z</time><extensions><speed>-1.0</speed><course>-1.0</course><hAcc>0.0</hAcc><vAcc>0.0</vAcc></extensions></trkpt><trkpt lat="49.64161402999999" lon="10.997299440000015"><ele>272.6</ele><time>2026-09-20T9:20:40Z</time><extensions><speed>-1.0</speed><course>-1.0</course><hAcc>0.0</hAcc><vAcc>0.0</vAcc></extensions></trkpt><trkpt lat="49.641556359999996" lon="10.997219770000015"><ele>272.6</ele><time>2026-09-20T9:20:41Z</time><extensions><speed>-1.0</speed><course>-1.0</course><hAcc>0.0</hAcc><vAcc>0.0</vAcc></extensions></trkpt><trkpt lat="49.64149403" lon="10.997132100000016"><ele>272.6</ele><time>2026-09-20T9:20:43Z</time><extensions><speed>-1.0</speed><course>-1.0</course><hAcc>0.0</hAcc><vAcc>0.0</vAcc></extensions></trkpt><trkpt lat="49.641427699999994" lon="10.997040770000016"><ele>272.6</ele><time>2026-09-20T9:20:45Z</time><extensions><speed>-1.0</speed><course>-1.0</course><hAcc>0.0</hAcc><vAcc>0.0</vAcc></extensions></trkpt><trkpt lat="49.641359699999995" lon="10.996943100000015"><ele>272.6</ele><time>2026-09-20T9:20:47Z</time><extensions><speed>-1.0</speed><course>-1.0</course><hAcc>0.0</hAcc><vAcc>0.0</vAcc></extensions></trkpt><trkpt lat="49.64128837" lon="10.996847430000015"><ele>272.6</ele><time>2026-09-20T9:20:49Z</time><extensions><speed>-1.0</speed><course>-1.0</course><hAcc>0.0</hAcc><vAcc>0.0</vAcc></extensions></trkpt><trkpt lat="49.64122804" lon="10.996767100000016"><ele>272.6</ele><time>2026-09-20T9:20:50Z</time><extensions><speed>-1.0</speed><course>-1.0</course><hAcc>0.0</hAcc><vAcc>0.0</vAcc></extensions></trkpt><trkpt lat="49.64116337" lon="10.996678430000015"><ele>272.6</ele><time>2026-09-20T9:20:52Z</time><extensions><speed>-1.0</speed><course>-1.0</course><hAcc>0.0</hAcc><vAcc>0.0</vAcc></extensions></trkpt><trkpt lat="49.6410987" lon="10.996582100000015"><ele>272.6</ele><time>2026-09-20T9:20:54Z</time><extensions><speed>-1.0</speed><course>-1.0</course><hAcc>0.0</hAcc><vAcc>0.0</vAcc></extensions></trkpt><trkpt lat="49.64102737" lon="10.996484100000016"><ele>272.6</ele><time>2026-09-20T9:20:56Z</time><extensions><speed>-1.0</speed><course>-1.0</course><hAcc>0.0</hAcc><vAcc>0.0</vAcc></extensions></trkpt><trkpt lat="49.64096637" lon="10.996401430000017"><ele>272.6</ele><time>2026-09-20T9:20:57Z</time><extensions><speed>-1.0</speed><course>-1.0</course><hAcc>0.0</hAcc><vAcc>0.0</vAcc></extensions></trkpt><trkpt lat="49.6409127" lon="10.996327760000016"><ele>272.6</ele><time>2026-09-20T9:20:58Z</time><extensions><speed>-1.0</speed><course>-1.0</course><hAcc>0.0</hAcc><vAcc>0.0</vAcc></extensions></trkpt><trkpt lat="49.64085103" lon="10.996243760000016"><ele>272.6</ele><time>2026-09-20T9:21:00Z</time><extensions><speed>-1.0</speed><course>-1.0</course><hAcc>0.0</hAcc><vAcc>0.0</vAcc></extensions></trkpt><trkpt lat="49.64079703" lon="10.996169430000016"><ele>272.6</ele><time>2026-09-20T9:21:01Z</time><extensions><speed>-1.0</speed><course>-1.0</course><hAcc>0.0</hAcc><vAcc>0.0</vAcc></extensions></trkpt><trkpt lat="49.64073503" lon="10.996085100000016"><ele>272.6</ele><time>2026-09-20T9:21:03Z</time><extensions><speed>-1.0</speed><course>-1.0</course><hAcc>0.0</hAcc><vAcc>0.0</vAcc></extensions></trkpt><trkpt lat="49.6406687" lon="10.995993770000016"><ele>272.6</ele><time>2026-09-20T9:21:05Z</time><extensions><speed>-1.0</speed><course>-1.0</course><hAcc>0.0</hAcc><vAcc>0.0</vAcc></extensions></trkpt><trkpt lat="49.64059903" lon="10.995899440000017"><ele>272.6</ele><time>2026-09-20T9:21:07Z</time><extensions><speed>-1.0</speed><course>-1.0</course><hAcc>0.0</hAcc><vAcc>0.0</vAcc></extensions></trkpt><trkpt lat="49.64052536" lon="10.995799440000017"><ele>272.6</ele><time>2026-09-20T9:21:09Z</time><extensions><speed>-1.0</speed><course>-1.0</course><hAcc>0.0</hAcc><vAcc>0.0</vAcc></extensions></trkpt><trkpt lat="49.64044903" lon="10.995703770000016"><ele>272.6</ele><time>2026-09-20T9:21:11Z</time><extensions><speed>-1.0</speed><course>-1.0</course><hAcc>0.0</hAcc><vAcc>0.0</vAcc></extensions></trkpt><trkpt lat="49.64037336" lon="10.995601100000016"><ele>272.6</ele><time>2026-09-20T9:21:13Z</time><extensions><speed>-1.0</speed><course>-1.0</course><hAcc>0.0</hAcc><vAcc>0.0</vAcc></extensions></trkpt><trkpt lat="49.64029669" lon="10.995498100000017"><ele>272.6</ele><time>2026-09-20T9:21:15Z</time><extensions><speed>-1.0</speed><course>-1.0</course><hAcc>0.0</hAcc><vAcc>0.0</vAcc></extensions></trkpt><trkpt lat="49.64023202" lon="10.995409430000016"><ele>272.6</ele><time>2026-09-20T9:21:16Z</time><extensions><speed>-1.0</speed><course>-1.0</course><hAcc>0.0</hAcc><vAcc>0.0</vAcc></extensions></trkpt><trkpt lat="49.64016369" lon="10.995314760000017"><ele>272.6</ele><time>2026-09-20T9:21:18Z</time><extensions><speed>-1.0</speed><course>-1.0</course><hAcc>0.0</hAcc><vAcc>0.0</vAcc></extensions></trkpt><trkpt lat="49.64009002" lon="10.995217090000017"><ele>272.6</ele><time>2026-09-20T9:21:20Z</time><extensions><speed>-1.0</speed><course>-1.0</course><hAcc>0.0</hAcc><vAcc>0.0</vAcc></extensions></trkpt><trkpt lat="49.640030020000005" lon="10.995136760000017"><ele>272.6</ele><time>2026-09-20T9:21:21Z</time><extensions><speed>-1.0</speed><course>-1.0</course><hAcc>0.0</hAcc><vAcc>0.0</vAcc></extensions></trkpt><trkpt lat="49.639962690000004" lon="10.995046090000017"><ele>272.6</ele><time>2026-09-20T9:21:23Z</time><extensions><speed>-1.0</speed><course>-1.0</course><hAcc>0.0</hAcc><vAcc>0.0</vAcc></extensions></trkpt><trkpt lat="49.63989302" lon="10.994950420000016"><ele>272.6</ele><time>2026-09-20T9:21:25Z</time><extensions><speed>-1.0</speed><course>-1.0</course><hAcc>0.0</hAcc><vAcc>0.0</vAcc></extensions></trkpt><trkpt lat="49.63983369" lon="10.994870420000016"><ele>272.6</ele><time>2026-09-20T9:21:26Z</time><extensions><speed>-1.0</speed><course>-1.0</course><hAcc>0.0</hAcc><vAcc>0.0</vAcc></extensions></trkpt><trkpt lat="49.639768360000005" lon="10.994781420000017"><ele>272.6</ele><time>2026-09-20T9:21:28Z</time><extensions><speed>-1.0</speed><course>-1.0</course><hAcc>0.0</hAcc><vAcc>0.0</vAcc></extensions></trkpt><trkpt lat="49.639701030000005" lon="10.994691420000017"><ele>272.6</ele><time>2026-09-20T9:21:30Z</time><extensions><speed>-1.0</speed><course>-1.0</course><hAcc>0.0</hAcc><vAcc>0.0</vAcc></extensions></trkpt><trkpt lat="49.63963270000001" lon="10.994595420000017"><ele>272.6</ele><time>2026-09-20T9:21:32Z</time><extensions><speed>-1.0</speed><course>-1.0</course><hAcc>0.0</hAcc><vAcc>0.0</vAcc></extensions></trkpt><trkpt lat="49.63957370000001" lon="10.994513420000017"><ele>272.6</ele><time>2026-09-20T9:21:33Z</time><extensions><speed>-1.0</speed><course>-1.0</course><hAcc>0.0</hAcc><vAcc>0.0</vAcc></extensions></trkpt><trkpt lat="49.63952270000001" lon="10.994440090000017"><ele>272.6</ele><time>2026-09-20T9:21:34Z</time><extensions><speed>-1.0</speed><course>-1.0</course><hAcc>0.0</hAcc><vAcc>0.0</vAcc></extensions></trkpt><trkpt lat="49.63946570000001" lon="10.994355420000018"><ele>272.6</ele><time>2026-09-20T9:21:36Z</time><extensions><speed>-1.0</speed><course>-1.0</course><hAcc>0.0</hAcc><vAcc>0.0</vAcc></extensions></trkpt><trkpt lat="49.63941537000001" lon="10.994280420000017"><ele>272.6</ele><time>2026-09-20T9:21:37Z</time><extensions><speed>-1.0</speed><course>-1.0</course><hAcc>0.0</hAcc><vAcc>0.0</vAcc></extensions></trkpt><trkpt lat="49.639368700000006" lon="10.994213090000017"><ele>272.6</ele><time>2026-09-20T9:21:38Z</time><extensions><speed>-1.0</speed><course>-1.0</course><hAcc>0.0</hAcc><vAcc>0.0</vAcc></extensions></trkpt><trkpt lat="49.639312370000006" lon="10.994135420000017"><ele>272.6</ele><time>2026-09-20T9:21:40Z</time><extensions><speed>-1.0</speed><course>-1.0</course><hAcc>0.0</hAcc><vAcc>0.0</vAcc></extensions></trkpt><trkpt lat="49.63924937000001" lon="10.994052420000017"><ele>272.6</ele><time>2026-09-20T9:21:42Z</time><extensions><speed>-1.0</speed><course>-1.0</course><hAcc>0.0</hAcc><vAcc>0.0</vAcc></extensions></trkpt><trkpt lat="49.63917937000001" lon="10.993964090000016"><ele>272.6</ele><time>2026-09-20T9:21:44Z</time><extensions><speed>-1.0</speed><course>-1.0</course><hAcc>0.0</hAcc><vAcc>0.0</vAcc></extensions></trkpt><trkpt lat="49.639121040000006" lon="10.993889760000016"><ele>272.6</ele><time>2026-09-20T9:21:45Z</time><extensions><speed>-1.0</speed><course>-1.0</course><hAcc>0.0</hAcc><vAcc>0.0</vAcc></extensions></trkpt><trkpt lat="49.63906937000001" lon="10.993823760000016"><ele>272.6</ele><time>2026-09-20T9:21:46Z</time><extensions><speed>-1.0</speed><course>-1.0</course><hAcc>0.0</hAcc><vAcc>0.0</vAcc></extensions></trkpt><trkpt lat="49.63900737000001" lon="10.993743430000016"><ele>272.6</ele><time>2026-09-20T9:21:48Z</time><extensions><speed>-1.0</speed><course>-1.0</course><hAcc>0.0</hAcc><vAcc>0.0</vAcc></extensions></trkpt><trkpt lat="49.638938040000006" lon="10.993651430000016"><ele>272.6</ele><time>2026-09-20T9:21:50Z</time><extensions><speed>-1.0</speed><course>-1.0</course><hAcc>0.0</hAcc><vAcc>0.0</vAcc></extensions></trkpt><trkpt lat="49.63886771000001" lon="10.993554760000016"><ele>272.6</ele><time>2026-09-20T9:21:52Z</time><extensions><speed>-1.0</speed><course>-1.0</course><hAcc>0.0</hAcc><vAcc>0.0</vAcc></extensions></trkpt><trkpt lat="49.63879404000001" lon="10.993457430000017"><ele>272.6</ele><time>2026-09-20T9:21:54Z</time><extensions><speed>-1.0</speed><course>-1.0</course><hAcc>0.0</hAcc><vAcc>0.0</vAcc></extensions></trkpt><trkpt lat="49.638716710000004" lon="10.993356760000017"><ele>272.6</ele><time>2026-09-20T9:21:56Z</time><extensions><speed>-1.0</speed><course>-1.0</course><hAcc>0.0</hAcc><vAcc>0.0</vAcc></extensions></trkpt><trkpt lat="49.63863604" lon="10.993256760000017"><ele>272.6</ele><time>2026-09-20T9:21:58Z</time><extensions><speed>-1.0</speed><course>-1.0</course><hAcc>0.0</hAcc><vAcc>0.0</vAcc></extensions></trkpt><trkpt lat="49.63855437" lon="10.993153430000017"><ele>272.6</ele><time>2026-09-20T9:22:00Z</time><extensions><speed>-1.0</speed><course>-1.0</course><hAcc>0.0</hAcc><vAcc>0.0</vAcc></extensions></trkpt><trkpt lat="49.63847104" lon="10.993051100000017"><ele>272.6</ele><time>2026-09-20T9:22:02Z</time><extensions><speed>-1.0</speed><course>-1.0</course><hAcc>0.0</hAcc><vAcc>0.0</vAcc></extensions></trkpt><trkpt lat="49.63838571" lon="10.992947430000017"><ele>272.6</ele><time>2026-09-20T9:22:04Z</time><extensions><speed>-1.0</speed><course>-1.0</course><hAcc>0.0</hAcc><vAcc>0.0</vAcc></extensions></trkpt><trkpt lat="49.63829971" lon="10.992842760000016"><ele>272.6</ele><time>2026-09-20T9:22:06Z</time><extensions><speed>-1.0</speed><course>-1.0</course><hAcc>0.0</hAcc><vAcc>0.0</vAcc></extensions></trkpt><trkpt lat="49.63821304" lon="10.992737760000017"><ele>272.6</ele><time>2026-09-20T9:22:08Z</time><extensions><speed>-1.0</speed><course>-1.0</course><hAcc>0.0</hAcc><vAcc>0.0</vAcc></extensions></trkpt><trkpt lat="49.63812703999999" lon="10.992630760000017"><ele>272.6</ele><time>2026-09-20T9:22:10Z</time><extensions><speed>-1.0</speed><course>-1.0</course><hAcc>0.0</hAcc><vAcc>0.0</vAcc></extensions></trkpt><trkpt lat="49.63805436999999" lon="10.992541090000017"><ele>272.6</ele><time>2026-09-20T9:22:11Z</time><extensions><speed>-1.0</speed><course>-1.0</course><hAcc>0.0</hAcc><vAcc>0.0</vAcc></extensions></trkpt><trkpt lat="49.63797569999999" lon="10.992443420000017"><ele>272.6</ele><time>2026-09-20T9:22:13Z</time><extensions><speed>-1.0</speed><course>-1.0</course><hAcc>0.0</hAcc><vAcc>0.0</vAcc></extensions></trkpt><trkpt lat="49.63790869999999" lon="10.992359090000017"><ele>272.6</ele><time>2026-09-20T9:22:14Z</time><extensions><speed>-1.0</speed><course>-1.0</course><hAcc>0.0</hAcc><vAcc>0.0</vAcc></extensions></trkpt><trkpt lat="49.63784902999999" lon="10.992284760000016"><ele>272.6</ele><time>2026-09-20T9:22:15Z</time><extensions><speed>-1.0</speed><course>-1.0</course><hAcc>0.0</hAcc><vAcc>0.0</vAcc></extensions></trkpt><trkpt lat="49.63778002999999" lon="10.992200430000016"><ele>272.6</ele><time>2026-09-20T9:22:17Z</time><extensions><speed>-1.0</speed><course>-1.0</course><hAcc>0.0</hAcc><vAcc>0.0</vAcc></extensions></trkpt><trkpt lat="49.63771969999999" lon="10.992125100000017"><ele>272.6</ele><time>2026-09-20T9:22:18Z</time><extensions><speed>-1.0</speed><course>-1.0</course><hAcc>0.0</hAcc><vAcc>0.0</vAcc></extensions></trkpt><trkpt lat="49.63764969999999" lon="10.992041430000016"><ele>272.6</ele><time>2026-09-20T9:22:20Z</time><extensions><speed>-1.0</speed><course>-1.0</course><hAcc>0.0</hAcc><vAcc>0.0</vAcc></extensions></trkpt><trkpt lat="49.63757269999999" lon="10.991951760000017"><ele>272.6</ele><time>2026-09-20T9:22:22Z</time><extensions><speed>-1.0</speed><course>-1.0</course><hAcc>0.0</hAcc><vAcc>0.0</vAcc></extensions></trkpt><trkpt lat="49.63750636999999" lon="10.991873430000018"><ele>272.6</ele><time>2026-09-20T9:22:23Z</time><extensions><speed>-1.0</speed><course>-1.0</course><hAcc>0.0</hAcc><vAcc>0.0</vAcc></extensions></trkpt><trkpt lat="49.63744836999999" lon="10.991803100000018"><ele>272.6</ele><time>2026-09-20T9:22:24Z</time><extensions><speed>-1.0</speed><course>-1.0</course><hAcc>0.0</hAcc><vAcc>0.0</vAcc></extensions></trkpt><trkpt lat="49.63738036999999" lon="10.991724100000019"><ele>272.6</ele><time>2026-09-20T9:22:26Z</time><extensions><speed>-1.0</speed><course>-1.0</course><hAcc>0.0</hAcc><vAcc>0.0</vAcc></extensions></trkpt><trkpt lat="49.63730403999999" lon="10.99164010000002"><ele>272.6</ele><time>2026-09-20T9:22:28Z</time><extensions><speed>-1.0</speed><course>-1.0</course><hAcc>0.0</hAcc><vAcc>0.0</vAcc></extensions></trkpt><trkpt lat="49.63722470999999" lon="10.991549430000019"><ele>272.6</ele><time>2026-09-20T9:22:30Z</time><extensions><speed>-1.0</speed><course>-1.0</course><hAcc>0.0</hAcc><vAcc>0.0</vAcc></extensions></trkpt><trkpt lat="49.63714337999999" lon="10.99145476000002"><ele>272.6</ele><time>2026-09-20T9:22:32Z</time><extensions><speed>-1.0</speed><course>-1.0</course><hAcc>0.0</hAcc><vAcc>0.0</vAcc></extensions></trkpt><trkpt lat="49.63706204999999" lon="10.99135876000002"><ele>272.6</ele><time>2026-09-20T9:22:34Z</time><extensions><speed>-1.0</speed><course>-1.0</course><hAcc>0.0</hAcc><vAcc>0.0</vAcc></extensions></trkpt><trkpt lat="49.63697937999999" lon="10.991262760000021"><ele>272.6</ele><time>2026-09-20T9:22:36Z</time><extensions><speed>-1.0</speed><course>-1.0</course><hAcc>0.0</hAcc><vAcc>0.0</vAcc></extensions></trkpt><trkpt lat="49.63691004999999" lon="10.991181760000021"><ele>272.6</ele><time>2026-09-20T9:22:37Z</time><extensions><speed>-1.0</speed><course>-1.0</course><hAcc>0.0</hAcc><vAcc>0.0</vAcc></extensions></trkpt><trkpt lat="49.63683471999999" lon="10.991095760000022"><ele>272.6</ele><time>2026-09-20T9:22:39Z</time><extensions><speed>-1.0</speed><course>-1.0</course><hAcc>0.0</hAcc><vAcc>0.0</vAcc></extensions></trkpt><trkpt lat="49.63675604999999" lon="10.991005760000021"><ele>272.6</ele><time>2026-09-20T9:22:41Z</time><extensions><speed>-1.0</speed><course>-1.0</course><hAcc>0.0</hAcc><vAcc>0.0</vAcc></extensions></trkpt><trkpt lat="49.63668804999999" lon="10.990929090000021"><ele>272.6</ele><time>2026-09-20T9:22:42Z</time><extensions><speed>-1.0</speed><course>-1.0</course><hAcc>0.0</hAcc><vAcc>0.0</vAcc></extensions></trkpt><trkpt lat="49.63661337999999" lon="10.99084576000002"><ele>272.6</ele><time>2026-09-20T9:22:44Z</time><extensions><speed>-1.0</speed><course>-1.0</course><hAcc>0.0</hAcc><vAcc>0.0</vAcc></extensions></trkpt><trkpt lat="49.636534049999995" lon="10.99075909000002"><ele>272.6</ele><time>2026-09-20T9:22:46Z</time><extensions><speed>-1.0</speed><course>-1.0</course><hAcc>0.0</hAcc><vAcc>0.0</vAcc></extensions></trkpt><trkpt lat="49.63646504999999" lon="10.990685760000021"><ele>272.6</ele><time>2026-09-20T9:22:47Z</time><extensions><speed>-1.0</speed><course>-1.0</course><hAcc>0.0</hAcc><vAcc>0.0</vAcc></extensions></trkpt><trkpt lat="49.63640404999999" lon="10.99062276000002"><ele>272.6</ele><time>2026-09-20T9:22:48Z</time><extensions><speed>-1.0</speed><course>-1.0</course><hAcc>0.0</hAcc><vAcc>0.0</vAcc></extensions></trkpt><trkpt lat="49.63633471999999" lon="10.99055176000002"><ele>272.6</ele><time>2026-09-20T9:22:50Z</time><extensions><speed>-1.0</speed><course>-1.0</course><hAcc>0.0</hAcc><vAcc>0.0</vAcc></extensions></trkpt><trkpt lat="49.63627438999999" lon="10.99048843000002"><ele>272.6</ele><time>2026-09-20T9:22:51Z</time><extensions><speed>-1.0</speed><course>-1.0</course><hAcc>0.0</hAcc><vAcc>0.0</vAcc></extensions></trkpt><trkpt lat="49.63620738999999" lon="10.99041343000002"><ele>272.6</ele><time>2026-09-20T9:22:53Z</time><extensions><speed>-1.0</speed><course>-1.0</course><hAcc>0.0</hAcc><vAcc>0.0</vAcc></extensions></trkpt><trkpt lat="49.63614905999999" lon="10.99034776000002"><ele>272.6</ele><time>2026-09-20T9:22:54Z</time><extensions><speed>-1.0</speed><course>-1.0</course><hAcc>0.0</hAcc><vAcc>0.0</vAcc></extensions></trkpt><trkpt lat="49.636082389999984" lon="10.99027243000002"><ele>272.6</ele><time>2026-09-20T9:22:56Z</time><extensions><speed>-1.0</speed><course>-1.0</course><hAcc>0.0</hAcc><vAcc>0.0</vAcc></extensions></trkpt><trkpt lat="49.63601071999999" lon="10.99019110000002"><ele>272.6</ele><time>2026-09-20T9:22:58Z</time><extensions><speed>-1.0</speed><course>-1.0</course><hAcc>0.0</hAcc><vAcc>0.0</vAcc></extensions></trkpt><trkpt lat="49.635935049999986" lon="10.99010577000002"><ele>272.6</ele><time>2026-09-20T9:23:00Z</time><extensions><speed>-1.0</speed><course>-1.0</course><hAcc>0.0</hAcc><vAcc>0.0</vAcc></extensions></trkpt><trkpt lat="49.63587204999999" lon="10.99003444000002"><ele>272.6</ele><time>2026-09-20T9:23:01Z</time><extensions><speed>-1.0</speed><course>-1.0</course><hAcc>0.0</hAcc><vAcc>0.0</vAcc></extensions></trkpt><trkpt lat="49.63580371999999" lon="10.98995244000002"><ele>272.6</ele><time>2026-09-20T9:23:03Z</time><extensions><speed>-1.0</speed><course>-1.0</course><hAcc>0.0</hAcc><vAcc>0.0</vAcc></extensions></trkpt><trkpt lat="49.635743719999994" lon="10.989882770000019"><ele>272.6</ele><time>2026-09-20T9:23:04Z</time><extensions><speed>-1.0</speed><course>-1.0</course><hAcc>0.0</hAcc><vAcc>0.0</vAcc></extensions></trkpt><trkpt lat="49.635675389999996" lon="10.989811440000018"><ele>272.6</ele><time>2026-09-20T9:23:06Z</time><extensions><speed>-1.0</speed><course>-1.0</course><hAcc>0.0</hAcc><vAcc>0.0</vAcc></extensions></trkpt><trkpt lat="49.635602719999994" lon="10.989733110000019"><ele>272.6</ele><time>2026-09-20T9:23:08Z</time><extensions><speed>-1.0</speed><course>-1.0</course><hAcc>0.0</hAcc><vAcc>0.0</vAcc></extensions></trkpt><trkpt lat="49.63552572" lon="10.98965044000002"><ele>272.6</ele><time>2026-09-20T9:23:10Z</time><extensions><speed>-1.0</speed><course>-1.0</course><hAcc>0.0</hAcc><vAcc>0.0</vAcc></extensions></trkpt><trkpt lat="49.63544605" lon="10.98956644000002"><ele>272.6</ele><time>2026-09-20T9:23:12Z</time><extensions><speed>-1.0</speed><course>-1.0</course><hAcc>0.0</hAcc><vAcc>0.0</vAcc></extensions></trkpt><trkpt lat="49.63536438" lon="10.989482440000021"><ele>272.6</ele><time>2026-09-20T9:23:14Z</time><extensions><speed>-1.0</speed><course>-1.0</course><hAcc>0.0</hAcc><vAcc>0.0</vAcc></extensions></trkpt><trkpt lat="49.63529438" lon="10.989413440000021"><ele>272.6</ele><time>2026-09-20T9:23:15Z</time><extensions><speed>-1.0</speed><course>-1.0</course><hAcc>0.0</hAcc><vAcc>0.0</vAcc></extensions></trkpt><trkpt lat="49.63523438" lon="10.98935044000002"><ele>272.6</ele><time>2026-09-20T9:23:16Z</time><extensions><speed>-1.0</speed><course>-1.0</course><hAcc>0.0</hAcc><vAcc>0.0</vAcc></extensions></trkpt><trkpt lat="49.63516605" lon="10.98928011000002"><ele>272.6</ele><time>2026-09-20T9:23:18Z</time><extensions><speed>-1.0</speed><course>-1.0</course><hAcc>0.0</hAcc><vAcc>0.0</vAcc></extensions></trkpt><trkpt lat="49.63510738" lon="10.98921911000002"><ele>272.6</ele><time>2026-09-20T9:23:19Z</time><extensions><speed>-1.0</speed><course>-1.0</course><hAcc>0.0</hAcc><vAcc>0.0</vAcc></extensions></trkpt><trkpt lat="49.63504005" lon="10.98915244000002"><ele>272.6</ele><time>2026-09-20T9:23:21Z</time><extensions><speed>-1.0</speed><course>-1.0</course><hAcc>0.0</hAcc><vAcc>0.0</vAcc></extensions></trkpt><trkpt lat="49.63498038" lon="10.98909444000002"><ele>272.6</ele><time>2026-09-20T9:23:22Z</time><extensions><speed>-1.0</speed><course>-1.0</course><hAcc>0.0</hAcc><vAcc>0.0</vAcc></extensions></trkpt><trkpt lat="49.63491538" lon="10.989025770000021"><ele>272.6</ele><time>2026-09-20T9:23:24Z</time><extensions><speed>-1.0</speed><course>-1.0</course><hAcc>0.0</hAcc><vAcc>0.0</vAcc></extensions></trkpt><trkpt lat="49.634844380000004" lon="10.988953100000021"><ele>272.6</ele><time>2026-09-20T9:23:26Z</time><extensions><speed>-1.0</speed><course>-1.0</course><hAcc>0.0</hAcc><vAcc>0.0</vAcc></extensions></trkpt><trkpt lat="49.63478271" lon="10.988890430000021"><ele>272.6</ele><time>2026-09-20T9:23:27Z</time><extensions><speed>-1.0</speed><course>-1.0</course><hAcc>0.0</hAcc><vAcc>0.0</vAcc></extensions></trkpt><trkpt lat="49.634714710000004" lon="10.98882110000002"><ele>272.6</ele><time>2026-09-20T9:23:29Z</time><extensions><speed>-1.0</speed><course>-1.0</course><hAcc>0.0</hAcc><vAcc>0.0</vAcc></extensions></trkpt><trkpt lat="49.63465604" lon="10.98876277000002"><ele>272.6</ele><time>2026-09-20T9:23:30Z</time><extensions><speed>-1.0</speed><course>-1.0</course><hAcc>0.0</hAcc><vAcc>0.0</vAcc></extensions></trkpt><trkpt lat="49.63460337" lon="10.98870910000002"><ele>272.6</ele><time>2026-09-20T9:23:31Z</time><extensions><speed>-1.0</speed><course>-1.0</course><hAcc>0.0</hAcc><vAcc>0.0</vAcc></extensions></trkpt><trkpt lat="49.634554370000004" lon="10.98866010000002"><ele>272.6</ele><time>2026-09-20T9:23:32Z</time><extensions><speed>-1.0</speed><course>-1.0</course><hAcc>0.0</hAcc><vAcc>0.0</vAcc></extensions></trkpt><trkpt lat="49.63449404000001" lon="10.98859943000002"><ele>272.6</ele><time>2026-09-20T9:23:34Z</time><extensions><speed>-1.0</speed><course>-1.0</course><hAcc>0.0</hAcc><vAcc>0.0</vAcc></extensions></trkpt><trkpt lat="49.63444037000001" lon="10.98854410000002"><ele>272.6</ele><time>2026-09-20T9:23:35Z</time><extensions><speed>-1.0</speed><course>-1.0</course><hAcc>0.0</hAcc><vAcc>0.0</vAcc></extensions></trkpt><trkpt lat="49.634390370000006" lon="10.98849410000002"><ele>272.6</ele><time>2026-09-20T9:23:36Z</time><extensions><speed>-1.0</speed><course>-1.0</course><hAcc>0.0</hAcc><vAcc>0.0</vAcc></extensions></trkpt><trkpt lat="49.634328700000005" lon="10.98843310000002"><ele>272.6</ele><time>2026-09-20T9:23:38Z</time><extensions><speed>-1.0</speed><course>-1.0</course><hAcc>0.0</hAcc><vAcc>0.0</vAcc></extensions></trkpt><trkpt lat="49.634272700000004" lon="10.988377100000019"><ele>272.6</ele><time>2026-09-20T9:23:39Z</time><extensions><speed>-1.0</speed><course>-1.0</course><hAcc>0.0</hAcc><vAcc>0.0</vAcc></extensions></trkpt><trkpt lat="49.634221700000005" lon="10.988323770000019"><ele>272.6</ele><time>2026-09-20T9:23:40Z</time><extensions><speed>-1.0</speed><course>-1.0</course><hAcc>0.0</hAcc><vAcc>0.0</vAcc></extensions></trkpt><trkpt lat="49.63415837" lon="10.988259440000018"><ele>272.6</ele><time>2026-09-20T9:23:42Z</time><extensions><speed>-1.0</speed><course>-1.0</course><hAcc>0.0</hAcc><vAcc>0.0</vAcc></extensions></trkpt><trkpt lat="49.634087040000004" lon="10.988186110000019"><ele>272.6</ele><time>2026-09-20T9:23:44Z</time><extensions><speed>-1.0</speed><course>-1.0</course><hAcc>0.0</hAcc><vAcc>0.0</vAcc></extensions></trkpt><trkpt lat="49.634010370000006" lon="10.98811044000002"><ele>272.6</ele><time>2026-09-20T9:23:46Z</time><extensions><speed>-1.0</speed><course>-1.0</course><hAcc>0.0</hAcc><vAcc>0.0</vAcc></extensions></trkpt><trkpt lat="49.63393037000001" lon="10.98803477000002"><ele>272.6</ele><time>2026-09-20T9:23:48Z</time><extensions><speed>-1.0</speed><course>-1.0</course><hAcc>0.0</hAcc><vAcc>0.0</vAcc></extensions></trkpt><trkpt lat="49.63384937000001" lon="10.987954100000021"><ele>272.6</ele><time>2026-09-20T9:23:50Z</time><extensions><speed>-1.0</speed><course>-1.0</course><hAcc>0.0</hAcc><vAcc>0.0</vAcc></extensions></trkpt><trkpt lat="49.63378104000001" lon="10.98788610000002"><ele>272.6</ele><time>2026-09-20T9:23:51Z</time><extensions><speed>-1.0</speed><course>-1.0</course><hAcc>0.0</hAcc><vAcc>0.0</vAcc></extensions></trkpt><trkpt lat="49.63370771000001" lon="10.98781577000002"><ele>272.6</ele><time>2026-09-20T9:23:53Z</time><extensions><speed>-1.0</speed><course>-1.0</course><hAcc>0.0</hAcc><vAcc>0.0</vAcc></extensions></trkpt><trkpt lat="49.63364471000001" lon="10.98775310000002"><ele>272.6</ele><time>2026-09-20T9:23:54Z</time><extensions><speed>-1.0</speed><course>-1.0</course><hAcc>0.0</hAcc><vAcc>0.0</vAcc></extensions></trkpt><trkpt lat="49.63358838000001" lon="10.98769777000002"><ele>272.6</ele><time>2026-09-20T9:23:55Z</time><extensions><speed>-1.0</speed><course>-1.0</course><hAcc>0.0</hAcc><vAcc>0.0</vAcc></extensions></trkpt><trkpt lat="49.63353605000001" lon="10.98764877000002"><ele>272.6</ele><time>2026-09-20T9:23:56Z</time><extensions><speed>-1.0</speed><course>-1.0</course><hAcc>0.0</hAcc><vAcc>0.0</vAcc></extensions></trkpt><trkpt lat="49.63347405000001" lon="10.98758844000002"><ele>272.6</ele><time>2026-09-20T9:23:58Z</time><extensions><speed>-1.0</speed><course>-1.0</course><hAcc>0.0</hAcc><vAcc>0.0</vAcc></extensions></trkpt><trkpt lat="49.63340538000001" lon="10.98751944000002"><ele>272.6</ele><time>2026-09-20T9:24:00Z</time><extensions><speed>-1.0</speed><course>-1.0</course><hAcc>0.0</hAcc><vAcc>0.0</vAcc></extensions></trkpt><trkpt lat="49.633329050000015" lon="10.98744744000002"><ele>272.6</ele><time>2026-09-20T9:24:02Z</time><extensions><speed>-1.0</speed><course>-1.0</course><hAcc>0.0</hAcc><vAcc>0.0</vAcc></extensions></trkpt><trkpt lat="49.63326205000001" lon="10.98738611000002"><ele>272.6</ele><time>2026-09-20T9:24:03Z</time><extensions><speed>-1.0</speed><course>-1.0</course><hAcc>0.0</hAcc><vAcc>0.0</vAcc></extensions></trkpt><trkpt lat="49.63318605000001" lon="10.98731944000002"><ele>272.6</ele><time>2026-09-20T9:24:05Z</time><extensions><speed>-1.0</speed><course>-1.0</course><hAcc>0.0</hAcc><vAcc>0.0</vAcc></extensions></trkpt><trkpt lat="49.633107050000014" lon="10.98725044000002"><ele>272.6</ele><time>2026-09-20T9:24:07Z</time><extensions><speed>-1.0</speed><course>-1.0</course><hAcc>0.0</hAcc><vAcc>0.0</vAcc></extensions></trkpt><trkpt lat="49.633039380000014" lon="10.98718911000002"><ele>272.6</ele><time>2026-09-20T9:24:08Z</time><extensions><speed>-1.0</speed><course>-1.0</course><hAcc>0.0</hAcc><vAcc>0.0</vAcc></extensions></trkpt><trkpt lat="49.63296438000001" lon="10.98712378000002"><ele>272.6</ele><time>2026-09-20T9:24:10Z</time><extensions><speed>-1.0</speed><course>-1.0</course><hAcc>0.0</hAcc><vAcc>0.0</vAcc></extensions></trkpt><trkpt lat="49.63288605000001" lon="10.987055110000021"><ele>272.6</ele><time>2026-09-20T9:24:12Z</time><extensions><speed>-1.0</speed><course>-1.0</course><hAcc>0.0</hAcc><vAcc>0.0</vAcc></extensions></trkpt><trkpt lat="49.63281905000001" lon="10.986995110000022"><ele>272.6</ele><time>2026-09-20T9:24:13Z</time><extensions><speed>-1.0</speed><course>-1.0</course><hAcc>0.0</hAcc><vAcc>0.0</vAcc></extensions></trkpt><trkpt lat="49.63274438000001" lon="10.986928110000022"><ele>272.6</ele><time>2026-09-20T9:24:15Z</time><extensions><speed>-1.0</speed><course>-1.0</course><hAcc>0.0</hAcc><vAcc>0.0</vAcc></extensions></trkpt><trkpt lat="49.632681710000014" lon="10.986870780000022"><ele>272.6</ele><time>2026-09-20T9:24:16Z</time><extensions><speed>-1.0</speed><course>-1.0</course><hAcc>0.0</hAcc><vAcc>0.0</vAcc></extensions></trkpt><trkpt lat="49.63262604000001" lon="10.986821450000022"><ele>272.6</ele><time>2026-09-20T9:24:17Z</time><extensions><speed>-1.0</speed><course>-1.0</course><hAcc>0.0</hAcc><vAcc>0.0</vAcc></extensions></trkpt><trkpt lat="49.63256204000001" lon="10.986767120000023"><ele>272.6</ele><time>2026-09-20T9:24:19Z</time><extensions><speed>-1.0</speed><course>-1.0</course><hAcc>0.0</hAcc><vAcc>0.0</vAcc></extensions></trkpt><trkpt lat="49.63249004000001" lon="10.986705790000023"><ele>272.6</ele><time>2026-09-20T9:24:21Z</time><extensions><speed>-1.0</speed><course>-1.0</course><hAcc>0.0</hAcc><vAcc>0.0</vAcc></extensions></trkpt><trkpt lat="49.63241704000001" lon="10.986636120000023"><ele>272.6</ele><time>2026-09-20T9:24:23Z</time><extensions><speed>-1.0</speed><course>-1.0</course><hAcc>0.0</hAcc><vAcc>0.0</vAcc></extensions></trkpt><trkpt lat="49.63235504000001" lon="10.986577790000023"><ele>272.6</ele><time>2026-09-20T9:24:24Z</time><extensions><speed>-1.0</speed><course>-1.0</course><hAcc>0.0</hAcc><vAcc>0.0</vAcc></extensions></trkpt><trkpt lat="49.632288370000005" lon="10.986510460000023"><ele>272.6</ele><time>2026-09-20T9:24:26Z</time><extensions><speed>-1.0</speed><course>-1.0</course><hAcc>0.0</hAcc><vAcc>0.0</vAcc></extensions></trkpt><trkpt lat="49.63223004" lon="10.986453130000022"><ele>272.6</ele><time>2026-09-20T9:24:27Z</time><extensions><speed>-1.0</speed><course>-1.0</course><hAcc>0.0</hAcc><vAcc>0.0</vAcc></extensions></trkpt><trkpt lat="49.63217671" lon="10.986369460000022"><ele>272.6</ele><time>2026-09-20T9:24:29Z</time><extensions><speed>-1.0</speed><course>-1.0</course><hAcc>0.0</hAcc><vAcc>0.0</vAcc></extensions></trkpt><trkpt lat="49.632133380000006" lon="10.986292790000022"><ele>272.6</ele><time>2026-09-20T9:24:30Z</time><extensions><speed>-1.0</speed><course>-1.0</course><hAcc>0.0</hAcc><vAcc>0.0</vAcc></extensions></trkpt><trkpt lat="49.632097710000004" lon="10.986221120000021"><ele>272.6</ele><time>2026-09-20T9:24:31Z</time><extensions><speed>-1.0</speed><course>-1.0</course><hAcc>0.0</hAcc><vAcc>0.0</vAcc></extensions></trkpt><trkpt lat="49.63206104" lon="10.986131450000022"><ele>272.6</ele><time>2026-09-20T9:24:33Z</time><extensions><speed>-1.0</speed><course>-1.0</course><hAcc>0.0</hAcc><vAcc>0.0</vAcc></extensions></trkpt><trkpt lat="49.63203071" lon="10.986047120000022"><ele>272.6</ele><time>2026-09-20T9:24:34Z</time><extensions><speed>-1.0</speed><course>-1.0</course><hAcc>0.0</hAcc><vAcc>0.0</vAcc></extensions></trkpt><trkpt lat="49.63200371" lon="10.98594612000002"><ele>272.6</ele><time>2026-09-20T9:24:36Z</time><extensions><speed>-1.0</speed><course>-1.0</course><hAcc>0.0</hAcc><vAcc>0.0</vAcc></extensions></trkpt><trkpt lat="49.63197738" lon="10.985856450000021"><ele>272.6</ele><time>2026-09-20T9:24:37Z</time><extensions><speed>-1.0</speed><course>-1.0</course><hAcc>0.0</hAcc><vAcc>0.0</vAcc></extensions></trkpt><trkpt lat="49.63195438" lon="10.985773780000022"><ele>272.6</ele><time>2026-09-20T9:24:38Z</time><extensions><speed>-1.0</speed><course>-1.0</course><hAcc>0.0</hAcc><vAcc>0.0</vAcc></extensions></trkpt><trkpt lat="49.63192205" lon="10.985680780000022"><ele>272.6</ele><time>2026-09-20T9:24:40Z</time><extensions><speed>-1.0</speed><course>-1.0</course><hAcc>0.0</hAcc><vAcc>0.0</vAcc></extensions></trkpt><trkpt lat="49.63189238" lon="10.985599780000022"><ele>272.6</ele><time>2026-09-20T9:24:41Z</time><extensions><speed>-1.0</speed><course>-1.0</course><hAcc>0.0</hAcc><vAcc>0.0</vAcc></extensions></trkpt><trkpt lat="49.631864709999995" lon="10.985528450000022"><ele>272.6</ele><time>2026-09-20T9:24:42Z</time><extensions><speed>-1.0</speed><course>-1.0</course><hAcc>0.0</hAcc><vAcc>0.0</vAcc></extensions></trkpt><trkpt lat="49.63183838" lon="10.985464120000021"><ele>272.6</ele><time>2026-09-20T9:24:43Z</time><extensions><speed>-1.0</speed><course>-1.0</course><hAcc>0.0</hAcc><vAcc>0.0</vAcc></extensions></trkpt><trkpt lat="49.63180771" lon="10.98539479000002"><ele>272.6</ele><time>2026-09-20T9:24:45Z</time><extensions><speed>-1.0</speed><course>-1.0</course><hAcc>0.0</hAcc><vAcc>0.0</vAcc></extensions></trkpt><trkpt lat="49.63177904" lon="10.98533479000002"><ele>272.6</ele><time>2026-09-20T9:24:46Z</time><extensions><speed>-1.0</speed><course>-1.0</course><hAcc>0.0</hAcc><vAcc>0.0</vAcc></extensions></trkpt><trkpt lat="49.63174471" lon="10.98526879000002"><ele>272.6</ele><time>2026-09-20T9:24:48Z</time><extensions><speed>-1.0</speed><course>-1.0</course><hAcc>0.0</hAcc><vAcc>0.0</vAcc></extensions></trkpt><trkpt lat="49.63170638" lon="10.98519779000002"><ele>272.6</ele><time>2026-09-20T9:24:50Z</time><extensions><speed>-1.0</speed><course>-1.0</course><hAcc>0.0</hAcc><vAcc>0.0</vAcc></extensions></trkpt><trkpt lat="49.63167238" lon="10.98513812000002"><ele>272.6</ele><time>2026-09-20T9:24:51Z</time><extensions><speed>-1.0</speed><course>-1.0</course><hAcc>0.0</hAcc><vAcc>0.0</vAcc></extensions></trkpt><trkpt lat="49.63164171" lon="10.98506645000002"><ele>274.69</ele><time>2026-09-20T9:24:53Z</time><extensions><speed>-1.0</speed><course>-1.0</course><hAcc>0.0</hAcc><vAcc>0.0</vAcc></extensions></trkpt><trkpt lat="49.63162471" lon="10.98498678000002"><ele>274.69</ele><time>2026-09-20T9:24:55Z</time><extensions><speed>-1.0</speed><course>-1.0</course><hAcc>0.0</hAcc><vAcc>0.0</vAcc></extensions></trkpt><trkpt lat="49.631628709999994" lon="10.98491211000002"><ele>274.69</ele><time>2026-09-20T9:24:57Z</time><extensions><speed>-1.0</speed><course>-1.0</course><hAcc>0.0</hAcc><vAcc>0.0</vAcc></extensions></trkpt><trkpt lat="49.631642039999996" lon="10.98486411000002"><ele>274.69</ele><time>2026-09-20T9:24:58Z</time><extensions><speed>-1.0</speed><course>-1.0</course><hAcc>0.0</hAcc><vAcc>0.0</vAcc></extensions></trkpt><trkpt lat="49.631676709999994" lon="10.98484211000002"><ele>274.69</ele><time>2026-09-20T9:25:00Z</time><extensions><speed>-1.0</speed><course>-1.0</course><hAcc>0.0</hAcc><vAcc>0.0</vAcc></extensions></trkpt><trkpt lat="49.63172503999999" lon="10.98483644000002"><ele>275.6</ele><time>2026-09-20T9:25:02Z</time><extensions><speed>-1.0</speed><course>-1.0</course><hAcc>0.0</hAcc><vAcc>0.0</vAcc></extensions></trkpt><trkpt lat="49.631771709999995" lon="10.98483277000002"><ele>275.6</ele><time>2026-09-20T9:25:03Z</time><extensions><speed>-1.0</speed><course>-1.0</course><hAcc>0.0</hAcc><vAcc>0.0</vAcc></extensions></trkpt><trkpt lat="49.631825709999994" lon="10.98483777000002"><ele>275.6</ele><time>2026-09-20T9:25:05Z</time><extensions><speed>-1.0</speed><course>-1.0</course><hAcc>0.0</hAcc><vAcc>0.0</vAcc></extensions></trkpt><trkpt lat="49.63188237999999" lon="10.984842440000019"><ele>276.42</ele><time>2026-09-20T9:25:07Z</time><extensions><speed>-1.0</speed><course>-1.0</course><hAcc>0.0</hAcc><vAcc>0.0</vAcc></extensions></trkpt><trkpt lat="49.63193037999999" lon="10.98484111000002"><ele>276.42</ele><time>2026-09-20T9:25:08Z</time><extensions><speed>-1.0</speed><course>-1.0</course><hAcc>0.0</hAcc><vAcc>0.0</vAcc></extensions></trkpt><trkpt lat="49.631980379999995" lon="10.98481778000002"><ele>277.69</ele><time>2026-09-20T9:25:10Z</time><extensions><speed>-1.0</speed><course>-1.0</course><hAcc>0.0</hAcc><vAcc>0.0</vAcc></extensions></trkpt><trkpt lat="49.63202604999999" lon="10.984780780000019"><ele>277.69</ele><time>2026-09-20T9:25:12Z</time><extensions><speed>-1.0</speed><course>-1.0</course><hAcc>0.0</hAcc><vAcc>0.0</vAcc></extensions></trkpt><trkpt lat="49.632062379999994" lon="10.98474978000002"><ele>277.69</ele><time>2026-09-20T9:25:13Z</time><extensions><speed>-1.0</speed><course>-1.0</course><hAcc>0.0</hAcc><vAcc>0.0</vAcc></extensions></trkpt><trkpt lat="49.632090379999994" lon="10.984725110000019"><ele>277.69</ele><time>2026-09-20T9:25:14Z</time><extensions><speed>-1.0</speed><course>-1.0</course><hAcc>0.0</hAcc><vAcc>0.0</vAcc></extensions></trkpt><trkpt lat="49.63210871" lon="10.984705780000018"><ele>277.69</ele><time>2026-09-20T9:25:16Z</time><extensions><speed>-1.0</speed><course>-1.0</course><hAcc>0.0</hAcc><vAcc>0.0</vAcc></extensions></trkpt><trkpt lat="49.63214704" lon="10.984658110000018"><ele>277.69</ele><time>2026-09-20T9:25:19Z</time><extensions><speed>-1.0</speed><course>-1.0</course><hAcc>0.0</hAcc><vAcc>0.0</vAcc></extensions></trkpt><trkpt lat="49.63214737" lon="10.984656440000018"><ele>277.69</ele><time>2026-09-20T9:25:21Z</time><extensions><speed>-1.0</speed><course>-1.0</course><hAcc>0.0</hAcc><vAcc>0.0</vAcc></extensions></trkpt><trkpt lat="49.63215537" lon="10.984637440000018"><ele>277.69</ele><time>2026-09-20T9:25:30Z</time><extensions><speed>-1.0</speed><course>-1.0</course><hAcc>0.0</hAcc><vAcc>0.0</vAcc></extensions></trkpt><trkpt lat="49.63215104" lon="10.984634770000017"><ele>277.69</ele><time>2026-09-20T9:25:33Z</time><extensions><speed>-1.0</speed><course>-1.0</course><hAcc>0.0</hAcc><vAcc>0.0</vAcc></extensions></trkpt><trkpt lat="49.632148709999996" lon="10.984630440000018"><ele>277.69</ele><time>2026-09-20T9:25:36Z</time><extensions><speed>-1.0</speed><course>-1.0</course><hAcc>0.0</hAcc><vAcc>0.0</vAcc></extensions></trkpt><trkpt lat="49.63214804" lon="10.984629770000018"><ele>277.69</ele><time>2026-09-20T9:25:37Z</time><extensions><speed>-1.0</speed><course>-1.0</course><hAcc>0.0</hAcc><vAcc>0.0</vAcc></extensions></trkpt><trkpt lat="49.632143709999994" lon="10.984623440000018"><ele>277.69</ele><time>2026-09-20T9:25:42Z</time><extensions><speed>-1.0</speed><course>-1.0</course><hAcc>0.0</hAcc><vAcc>0.0</vAcc></extensions></trkpt><trkpt lat="49.63213870999999" lon="10.984618770000019"><ele>277.69</ele><time>2026-09-20T9:25:52Z</time><extensions><speed>-1.0</speed><course>-1.0</course><hAcc>0.0</hAcc><vAcc>0.0</vAcc></extensions></trkpt><trkpt lat="49.63213337999999" lon="10.984637100000018"><ele>277.69</ele><time>2026-09-20T9:26:02Z</time><extensions><speed>-1.0</speed><course>-1.0</course><hAcc>0.0</hAcc><vAcc>0.0</vAcc></extensions></trkpt><trkpt lat="49.63213370999999" lon="10.984637770000019"><ele>277.69</ele><time>2026-09-20T9:26:03Z</time><extensions><speed>-1.0</speed><course>-1.0</course><hAcc>0.0</hAcc><vAcc>0.0</vAcc></extensions></trkpt><trkpt lat="49.63213570999999" lon="10.984641440000019"><ele>277.69</ele><time>2026-09-20T9:26:05Z</time><extensions><speed>-1.0</speed><course>-1.0</course><hAcc>0.0</hAcc><vAcc>0.0</vAcc></extensions></trkpt><trkpt lat="49.63213870999999" lon="10.984640770000018"><ele>277.69</ele><time>2026-09-20T9:26:07Z</time><extensions><speed>-1.0</speed><course>-1.0</course><hAcc>0.0</hAcc><vAcc>0.0</vAcc></extensions></trkpt><trkpt lat="49.63213937999999" lon="10.984641100000019"><ele>277.69</ele><time>2026-09-20T9:26:08Z</time><extensions><speed>-1.0</speed><course>-1.0</course><hAcc>0.0</hAcc><vAcc>0.0</vAcc></extensions></trkpt><trkpt lat="49.63213637999999" lon="10.984646100000019"><ele>277.69</ele><time>2026-09-20T9:26:09Z</time><extensions><speed>-1.0</speed><course>-1.0</course><hAcc>0.0</hAcc><vAcc>0.0</vAcc></extensions></trkpt><trkpt lat="49.63213704999999" lon="10.984650430000018"><ele>277.69</ele><time>2026-09-20T9:26:11Z</time><extensions><speed>-1.0</speed><course>-1.0</course><hAcc>0.0</hAcc><vAcc>0.0</vAcc></extensions></trkpt><trkpt lat="49.63213804999999" lon="10.984656100000018"><ele>277.69</ele><time>2026-09-20T9:26:12Z</time><extensions><speed>-1.0</speed><course>-1.0</course><hAcc>0.0</hAcc><vAcc>0.0</vAcc></extensions></trkpt><trkpt lat="49.63214104999999" lon="10.984655770000018"><ele>277.69</ele><time>2026-09-20T9:26:13Z</time><extensions><speed>-1.0</speed><course>-1.0</course><hAcc>0.0</hAcc><vAcc>0.0</vAcc></extensions></trkpt><trkpt lat="49.63214637999999" lon="10.984650770000018"><ele>277.69</ele><time>2026-09-20T9:26:14Z</time><extensions><speed>-1.0</speed><course>-1.0</course><hAcc>0.0</hAcc><vAcc>0.0</vAcc></extensions></trkpt><trkpt lat="49.63215404999999" lon="10.984626770000018"><ele>277.69</ele><time>2026-09-20T9:26:16Z</time><extensions><speed>-1.0</speed><course>-1.0</course><hAcc>0.0</hAcc><vAcc>0.0</vAcc></extensions></trkpt><trkpt lat="49.63216237999999" lon="10.984575100000018"><ele>277.69</ele><time>2026-09-20T9:26:18Z</time><extensions><speed>-1.0</speed><course>-1.0</course><hAcc>0.0</hAcc><vAcc>0.0</vAcc></extensions></trkpt><trkpt lat="49.63217004999999" lon="10.98450510000002"><ele>277.69</ele><time>2026-09-20T9:26:20Z</time><extensions><speed>-1.0</speed><course>-1.0</course><hAcc>0.0</hAcc><vAcc>0.0</vAcc></extensions></trkpt><trkpt lat="49.63217404999999" lon="10.984418100000019"><ele>277.69</ele><time>2026-09-20T9:26:22Z</time><extensions><speed>-1.0</speed><course>-1.0</course><hAcc>0.0</hAcc><vAcc>0.0</vAcc></extensions></trkpt><trkpt lat="49.63217704999999" lon="10.98433910000002"><ele>277.69</ele><time>2026-09-20T9:26:23Z</time><extensions><speed>-1.0</speed><course>-1.0</course><hAcc>0.0</hAcc><vAcc>0.0</vAcc></extensions></trkpt><trkpt lat="49.63217837999999" lon="10.984266100000019"><ele>277.69</ele><time>2026-09-20T9:26:24Z</time><extensions><speed>-1.0</speed><course>-1.0</course><hAcc>0.0</hAcc><vAcc>0.0</vAcc></extensions></trkpt><trkpt lat="49.632180049999995" lon="10.984175430000018"><ele>278.6</ele><time>2026-09-20T9:26:26Z</time><extensions><speed>-1.0</speed><course>-1.0</course><hAcc>0.0</hAcc><vAcc>0.0</vAcc></extensions></trkpt><trkpt lat="49.632180719999994" lon="10.984075100000018"><ele>278.6</ele><time>2026-09-20T9:26:28Z</time><extensions><speed>-1.0</speed><course>-1.0</course><hAcc>0.0</hAcc><vAcc>0.0</vAcc></extensions></trkpt><trkpt lat="49.632180389999995" lon="10.983986430000018"><ele>278.6</ele><time>2026-09-20T9:26:29Z</time><extensions><speed>-1.0</speed><course>-1.0</course><hAcc>0.0</hAcc><vAcc>0.0</vAcc></extensions></trkpt><trkpt lat="49.63218472" lon="10.983882430000017"><ele>278.6</ele><time>2026-09-20T9:26:31Z</time><extensions><speed>-1.0</speed><course>-1.0</course><hAcc>0.0</hAcc><vAcc>0.0</vAcc></extensions></trkpt><trkpt lat="49.632188719999995" lon="10.983792100000016"><ele>278.6</ele><time>2026-09-20T9:26:32Z</time><extensions><speed>-1.0</speed><course>-1.0</course><hAcc>0.0</hAcc><vAcc>0.0</vAcc></extensions></trkpt><trkpt lat="49.632191719999994" lon="10.983687770000017"><ele>278.6</ele><time>2026-09-20T9:26:34Z</time><extensions><speed>-1.0</speed><course>-1.0</course><hAcc>0.0</hAcc><vAcc>0.0</vAcc></extensions></trkpt><trkpt lat="49.63219238999999" lon="10.983577440000017"><ele>279.6</ele><time>2026-09-20T9:26:36Z</time><extensions><speed>-1.0</speed><course>-1.0</course><hAcc>0.0</hAcc><vAcc>0.0</vAcc></extensions></trkpt><trkpt lat="49.632191719999994" lon="10.983458440000017"><ele>279.6</ele><time>2026-09-20T9:26:38Z</time><extensions><speed>-1.0</speed><course>-1.0</course><hAcc>0.0</hAcc><vAcc>0.0</vAcc></extensions></trkpt><trkpt lat="49.632194389999995" lon="10.983331110000018"><ele>279.6</ele><time>2026-09-20T9:26:40Z</time><extensions><speed>-1.0</speed><course>-1.0</course><hAcc>0.0</hAcc><vAcc>0.0</vAcc></extensions></trkpt><trkpt lat="49.632191719999994" lon="10.983202780000017"><ele>279.6</ele><time>2026-09-20T9:26:42Z</time><extensions><speed>-1.0</speed><course>-1.0</course><hAcc>0.0</hAcc><vAcc>0.0</vAcc></extensions></trkpt><trkpt lat="49.632189049999994" lon="10.983096780000016"><ele>279.6</ele><time>2026-09-20T9:26:43Z</time><extensions><speed>-1.0</speed><course>-1.0</course><hAcc>0.0</hAcc><vAcc>0.0</vAcc></extensions></trkpt><trkpt lat="49.632188379999995" lon="10.982986780000017"><ele>280.51</ele><time>2026-09-20T9:26:45Z</time><extensions><speed>-1.0</speed><course>-1.0</course><hAcc>0.0</hAcc><vAcc>0.0</vAcc></extensions></trkpt><trkpt lat="49.63220337999999" lon="10.982889780000017"><ele>280.51</ele><time>2026-09-20T9:26:47Z</time><extensions><speed>-1.0</speed><course>-1.0</course><hAcc>0.0</hAcc><vAcc>0.0</vAcc></extensions></trkpt><trkpt lat="49.632225379999994" lon="10.982820450000016"><ele>280.51</ele><time>2026-09-20T9:26:48Z</time><extensions><speed>-1.0</speed><course>-1.0</course><hAcc>0.0</hAcc><vAcc>0.0</vAcc></extensions></trkpt><trkpt lat="49.632264049999996" lon="10.982758450000016"><ele>280.51</ele><time>2026-09-20T9:26:50Z</time><extensions><speed>-1.0</speed><course>-1.0</course><hAcc>0.0</hAcc><vAcc>0.0</vAcc></extensions></trkpt><trkpt lat="49.63228872" lon="10.982673450000016"><ele>282.14</ele><time>2026-09-20T9:26:52Z</time><extensions><speed>-1.0</speed><course>-1.0</course><hAcc>0.0</hAcc><vAcc>0.0</vAcc></extensions></trkpt><trkpt lat="49.63229605" lon="10.982598450000015"><ele>282.14</ele><time>2026-09-20T9:26:53Z</time><extensions><speed>-1.0</speed><course>-1.0</course><hAcc>0.0</hAcc><vAcc>0.0</vAcc></extensions></trkpt><trkpt lat="49.63228872" lon="10.982506780000016"><ele>282.14</ele><time>2026-09-20T9:26:55Z</time><extensions><speed>-1.0</speed><course>-1.0</course><hAcc>0.0</hAcc><vAcc>0.0</vAcc></extensions></trkpt><trkpt lat="49.63228172" lon="10.982421110000015"><ele>282.14</ele><time>2026-09-20T9:26:56Z</time><extensions><speed>-1.0</speed><course>-1.0</course><hAcc>0.0</hAcc><vAcc>0.0</vAcc></extensions></trkpt><trkpt lat="49.63227439" lon="10.982313780000014"><ele>282.14</ele><time>2026-09-20T9:26:58Z</time><extensions><speed>-1.0</speed><course>-1.0</course><hAcc>0.0</hAcc><vAcc>0.0</vAcc></extensions></trkpt><trkpt lat="49.63226839" lon="10.982191780000015"><ele>282.14</ele><time>2026-09-20T9:27:00Z</time><extensions><speed>-1.0</speed><course>-1.0</course><hAcc>0.0</hAcc><vAcc>0.0</vAcc></extensions></trkpt><trkpt lat="49.63226572" lon="10.982060780000015"><ele>282.14</ele><time>2026-09-20T9:27:02Z</time><extensions><speed>-1.0</speed><course>-1.0</course><hAcc>0.0</hAcc><vAcc>0.0</vAcc></extensions></trkpt><trkpt lat="49.63226572" lon="10.981925110000015"><ele>282.14</ele><time>2026-09-20T9:27:04Z</time><extensions><speed>-1.0</speed><course>-1.0</course><hAcc>0.0</hAcc><vAcc>0.0</vAcc></extensions></trkpt><trkpt lat="49.63226605" lon="10.981787110000015"><ele>282.14</ele><time>2026-09-20T9:27:06Z</time><extensions><speed>-1.0</speed><course>-1.0</course><hAcc>0.0</hAcc><vAcc>0.0</vAcc></extensions></trkpt><trkpt lat="49.63226638" lon="10.981671440000015"><ele>282.14</ele><time>2026-09-20T9:27:07Z</time><extensions><speed>-1.0</speed><course>-1.0</course><hAcc>0.0</hAcc><vAcc>0.0</vAcc></extensions></trkpt><trkpt lat="49.632267379999995" lon="10.981548770000016"><ele>282.14</ele><time>2026-09-20T9:27:09Z</time><extensions><speed>-1.0</speed><course>-1.0</course><hAcc>0.0</hAcc><vAcc>0.0</vAcc></extensions></trkpt><trkpt lat="49.63226837999999" lon="10.981420770000016"><ele>282.14</ele><time>2026-09-20T9:27:11Z</time><extensions><speed>-1.0</speed><course>-1.0</course><hAcc>0.0</hAcc><vAcc>0.0</vAcc></extensions></trkpt><trkpt lat="49.632267709999994" lon="10.981289100000016"><ele>282.14</ele><time>2026-09-20T9:27:13Z</time><extensions><speed>-1.0</speed><course>-1.0</course><hAcc>0.0</hAcc><vAcc>0.0</vAcc></extensions></trkpt><trkpt lat="49.632267039999995" lon="10.981178100000015"><ele>282.96</ele><time>2026-09-20T9:27:14Z</time><extensions><speed>-1.0</speed><course>-1.0</course><hAcc>0.0</hAcc><vAcc>0.0</vAcc></extensions></trkpt><trkpt lat="49.632266369999996" lon="10.981081100000015"><ele>282.96</ele><time>2026-09-20T9:27:15Z</time><extensions><speed>-1.0</speed><course>-1.0</course><hAcc>0.0</hAcc><vAcc>0.0</vAcc></extensions></trkpt><trkpt lat="49.632264369999994" lon="10.980973770000015"><ele>282.96</ele><time>2026-09-20T9:27:17Z</time><extensions><speed>-1.0</speed><course>-1.0</course><hAcc>0.0</hAcc><vAcc>0.0</vAcc></extensions></trkpt><trkpt lat="49.63226203999999" lon="10.980880770000015"><ele>282.96</ele><time>2026-09-20T9:27:18Z</time><extensions><speed>-1.0</speed><course>-1.0</course><hAcc>0.0</hAcc><vAcc>0.0</vAcc></extensions></trkpt><trkpt lat="49.632258369999995" lon="10.980797100000014"><ele>282.96</ele><time>2026-09-20T9:27:19Z</time><extensions><speed>-1.0</speed><course>-1.0</course><hAcc>0.0</hAcc><vAcc>0.0</vAcc></extensions></trkpt><trkpt lat="49.632253369999994" lon="10.980698100000014"><ele>282.96</ele><time>2026-09-20T9:27:21Z</time><extensions><speed>-1.0</speed><course>-1.0</course><hAcc>0.0</hAcc><vAcc>0.0</vAcc></extensions></trkpt><trkpt lat="49.6322437" lon="10.980589770000014"><ele>282.96</ele><time>2026-09-20T9:27:23Z</time><extensions><speed>-1.0</speed><course>-1.0</course><hAcc>0.0</hAcc><vAcc>0.0</vAcc></extensions></trkpt><trkpt lat="49.632233029999995" lon="10.980496770000014"><ele>282.96</ele><time>2026-09-20T9:27:24Z</time><extensions><speed>-1.0</speed><course>-1.0</course><hAcc>0.0</hAcc><vAcc>0.0</vAcc></extensions></trkpt><trkpt lat="49.632218359999996" lon="10.980394100000014"><ele>283.78000000000003</ele><time>2026-09-20T9:27:26Z</time><extensions><speed>-1.0</speed><course>-1.0</course><hAcc>0.0</hAcc><vAcc>0.0</vAcc></extensions></trkpt><trkpt lat="49.63220103" lon="10.980286770000014"><ele>283.78000000000003</ele><time>2026-09-20T9:27:28Z</time><extensions><speed>-1.0</speed><course>-1.0</course><hAcc>0.0</hAcc><vAcc>0.0</vAcc></extensions></trkpt><trkpt lat="49.632179699999995" lon="10.980177100000013"><ele>283.78000000000003</ele><time>2026-09-20T9:27:30Z</time><extensions><speed>-1.0</speed><course>-1.0</course><hAcc>0.0</hAcc><vAcc>0.0</vAcc></extensions></trkpt><trkpt lat="49.63215536999999" lon="10.980066430000013"><ele>283.78000000000003</ele><time>2026-09-20T9:27:32Z</time><extensions><speed>-1.0</speed><course>-1.0</course><hAcc>0.0</hAcc><vAcc>0.0</vAcc></extensions></trkpt><trkpt lat="49.63213403999999" lon="10.979972430000013"><ele>283.78000000000003</ele><time>2026-09-20T9:27:33Z</time><extensions><speed>-1.0</speed><course>-1.0</course><hAcc>0.0</hAcc><vAcc>0.0</vAcc></extensions></trkpt><trkpt lat="49.63211036999999" lon="10.979871760000012"><ele>283.78000000000003</ele><time>2026-09-20T9:27:35Z</time><extensions><speed>-1.0</speed><course>-1.0</course><hAcc>0.0</hAcc><vAcc>0.0</vAcc></extensions></trkpt><trkpt lat="49.632089699999995" lon="10.979785760000013"><ele>283.78000000000003</ele><time>2026-09-20T9:27:36Z</time><extensions><speed>-1.0</speed><course>-1.0</course><hAcc>0.0</hAcc><vAcc>0.0</vAcc></extensions></trkpt><trkpt lat="49.632070029999994" lon="10.979709430000012"><ele>283.78000000000003</ele><time>2026-09-20T9:27:37Z</time><extensions><speed>-1.0</speed><course>-1.0</course><hAcc>0.0</hAcc><vAcc>0.0</vAcc></extensions></trkpt><trkpt lat="49.632047699999994" lon="10.979619760000013"><ele>283.78000000000003</ele><time>2026-09-20T9:27:39Z</time><extensions><speed>-1.0</speed><course>-1.0</course><hAcc>0.0</hAcc><vAcc>0.0</vAcc></extensions></trkpt><trkpt lat="49.63202269999999" lon="10.979522760000012"><ele>283.78000000000003</ele><time>2026-09-20T9:27:41Z</time><extensions><speed>-1.0</speed><course>-1.0</course><hAcc>0.0</hAcc><vAcc>0.0</vAcc></extensions></trkpt><trkpt lat="49.63200036999999" lon="10.979439090000012"><ele>284.78000000000003</ele><time>2026-09-20T9:27:42Z</time><extensions><speed>-1.0</speed><course>-1.0</course><hAcc>0.0</hAcc><vAcc>0.0</vAcc></extensions></trkpt><trkpt lat="49.63197503999999" lon="10.979345760000012"><ele>284.78000000000003</ele><time>2026-09-20T9:27:44Z</time><extensions><speed>-1.0</speed><course>-1.0</course><hAcc>0.0</hAcc><vAcc>0.0</vAcc></extensions></trkpt><trkpt lat="49.63195270999999" lon="10.979264430000011"><ele>284.78000000000003</ele><time>2026-09-20T9:27:45Z</time><extensions><speed>-1.0</speed><course>-1.0</course><hAcc>0.0</hAcc><vAcc>0.0</vAcc></extensions></trkpt><trkpt lat="49.631932709999994" lon="10.97919143000001"><ele>284.78000000000003</ele><time>2026-09-20T9:27:46Z</time><extensions><speed>-1.0</speed><course>-1.0</course><hAcc>0.0</hAcc><vAcc>0.0</vAcc></extensions></trkpt><trkpt lat="49.631912709999995" lon="10.97912476000001"><ele>284.78000000000003</ele><time>2026-09-20T9:27:47Z</time><extensions><speed>-1.0</speed><course>-1.0</course><hAcc>0.0</hAcc><vAcc>0.0</vAcc></extensions></trkpt><trkpt lat="49.631887709999994" lon="10.97904509000001"><ele>284.78000000000003</ele><time>2026-09-20T9:27:49Z</time><extensions><speed>-1.0</speed><course>-1.0</course><hAcc>0.0</hAcc><vAcc>0.0</vAcc></extensions></trkpt><trkpt lat="49.631858709999996" lon="10.978956090000011"><ele>284.78000000000003</ele><time>2026-09-20T9:27:51Z</time><extensions><speed>-1.0</speed><course>-1.0</course><hAcc>0.0</hAcc><vAcc>0.0</vAcc></extensions></trkpt><trkpt lat="49.631833709999995" lon="10.978878090000011"><ele>284.78000000000003</ele><time>2026-09-20T9:27:52Z</time><extensions><speed>-1.0</speed><course>-1.0</course><hAcc>0.0</hAcc><vAcc>0.0</vAcc></extensions></trkpt><trkpt lat="49.631805709999995" lon="10.97878976000001"><ele>284.78000000000003</ele><time>2026-09-20T9:27:54Z</time><extensions><speed>-1.0</speed><course>-1.0</course><hAcc>0.0</hAcc><vAcc>0.0</vAcc></extensions></trkpt><trkpt lat="49.63178137999999" lon="10.978712760000011"><ele>284.78000000000003</ele><time>2026-09-20T9:27:55Z</time><extensions><speed>-1.0</speed><course>-1.0</course><hAcc>0.0</hAcc><vAcc>0.0</vAcc></extensions></trkpt><trkpt lat="49.631754709999996" lon="10.978624760000011"><ele>285.6</ele><time>2026-09-20T9:27:57Z</time><extensions><speed>-1.0</speed><course>-1.0</course><hAcc>0.0</hAcc><vAcc>0.0</vAcc></extensions></trkpt><trkpt lat="49.63172203999999" lon="10.978531760000012"><ele>285.6</ele><time>2026-09-20T9:27:59Z</time><extensions><speed>-1.0</speed><course>-1.0</course><hAcc>0.0</hAcc><vAcc>0.0</vAcc></extensions></trkpt><trkpt lat="49.63169436999999" lon="10.978450430000011"><ele>285.6</ele><time>2026-09-20T9:28:00Z</time><extensions><speed>-1.0</speed><course>-1.0</course><hAcc>0.0</hAcc><vAcc>0.0</vAcc></extensions></trkpt><trkpt lat="49.631662369999994" lon="10.978358760000011"><ele>285.6</ele><time>2026-09-20T9:28:02Z</time><extensions><speed>-1.0</speed><course>-1.0</course><hAcc>0.0</hAcc><vAcc>0.0</vAcc></extensions></trkpt><trkpt lat="49.631628369999994" lon="10.978259430000012"><ele>285.6</ele><time>2026-09-20T9:28:04Z</time><extensions><speed>-1.0</speed><course>-1.0</course><hAcc>0.0</hAcc><vAcc>0.0</vAcc></extensions></trkpt><trkpt lat="49.631591699999994" lon="10.978156430000013"><ele>285.6</ele><time>2026-09-20T9:28:06Z</time><extensions><speed>-1.0</speed><course>-1.0</course><hAcc>0.0</hAcc><vAcc>0.0</vAcc></extensions></trkpt><trkpt lat="49.63155302999999" lon="10.978047760000013"><ele>286.51</ele><time>2026-09-20T9:28:08Z</time><extensions><speed>-1.0</speed><course>-1.0</course><hAcc>0.0</hAcc><vAcc>0.0</vAcc></extensions></trkpt><trkpt lat="49.631512699999995" lon="10.977938760000013"><ele>286.51</ele><time>2026-09-20T9:28:10Z</time><extensions><speed>-1.0</speed><course>-1.0</course><hAcc>0.0</hAcc><vAcc>0.0</vAcc></extensions></trkpt><trkpt lat="49.631475699999996" lon="10.977846760000013"><ele>286.51</ele><time>2026-09-20T9:28:11Z</time><extensions><speed>-1.0</speed><course>-1.0</course><hAcc>0.0</hAcc><vAcc>0.0</vAcc></extensions></trkpt><trkpt lat="49.6314437" lon="10.977765760000013"><ele>286.51</ele><time>2026-09-20T9:28:12Z</time><extensions><speed>-1.0</speed><course>-1.0</course><hAcc>0.0</hAcc><vAcc>0.0</vAcc></extensions></trkpt><trkpt lat="49.63141837" lon="10.977691090000013"><ele>287.33</ele><time>2026-09-20T9:28:13Z</time><extensions><speed>-1.0</speed><course>-1.0</course><hAcc>0.0</hAcc><vAcc>0.0</vAcc></extensions></trkpt><trkpt lat="49.631385699999996" lon="10.977602760000012"><ele>287.33</ele><time>2026-09-20T9:28:15Z</time><extensions><speed>-1.0</speed><course>-1.0</course><hAcc>0.0</hAcc><vAcc>0.0</vAcc></extensions></trkpt><trkpt lat="49.63135637" lon="10.977523760000013"><ele>287.33</ele><time>2026-09-20T9:28:16Z</time><extensions><speed>-1.0</speed><course>-1.0</course><hAcc>0.0</hAcc><vAcc>0.0</vAcc></extensions></trkpt><trkpt lat="49.63131904" lon="10.977430430000013"><ele>287.33</ele><time>2026-09-20T9:28:18Z</time><extensions><speed>-1.0</speed><course>-1.0</course><hAcc>0.0</hAcc><vAcc>0.0</vAcc></extensions></trkpt><trkpt lat="49.63128104" lon="10.977324100000013"><ele>287.33</ele><time>2026-09-20T9:28:20Z</time><extensions><speed>-1.0</speed><course>-1.0</course><hAcc>0.0</hAcc><vAcc>0.0</vAcc></extensions></trkpt><trkpt lat="49.63124971" lon="10.977229430000014"><ele>287.33</ele><time>2026-09-20T9:28:21Z</time><extensions><speed>-1.0</speed><course>-1.0</course><hAcc>0.0</hAcc><vAcc>0.0</vAcc></extensions></trkpt><trkpt lat="49.63122071" lon="10.977143100000013"><ele>287.33</ele><time>2026-09-20T9:28:22Z</time><extensions><speed>-1.0</speed><course>-1.0</course><hAcc>0.0</hAcc><vAcc>0.0</vAcc></extensions></trkpt><trkpt lat="49.631194380000004" lon="10.977064430000013"><ele>287.33</ele><time>2026-09-20T9:28:23Z</time><extensions><speed>-1.0</speed><course>-1.0</course><hAcc>0.0</hAcc><vAcc>0.0</vAcc></extensions></trkpt><trkpt lat="49.63116371" lon="10.976973100000013"><ele>287.33</ele><time>2026-09-20T9:28:25Z</time><extensions><speed>-1.0</speed><course>-1.0</course><hAcc>0.0</hAcc><vAcc>0.0</vAcc></extensions></trkpt><trkpt lat="49.631137040000006" lon="10.976892100000013"><ele>287.33</ele><time>2026-09-20T9:28:26Z</time><extensions><speed>-1.0</speed><course>-1.0</course><hAcc>0.0</hAcc><vAcc>0.0</vAcc></extensions></trkpt><trkpt lat="49.63111104000001" lon="10.976815430000013"><ele>287.33</ele><time>2026-09-20T9:28:27Z</time><extensions><speed>-1.0</speed><course>-1.0</course><hAcc>0.0</hAcc><vAcc>0.0</vAcc></extensions></trkpt><trkpt lat="49.63108604000001" lon="10.976720430000013"><ele>287.33</ele><time>2026-09-20T9:28:29Z</time><extensions><speed>-1.0</speed><course>-1.0</course><hAcc>0.0</hAcc><vAcc>0.0</vAcc></extensions></trkpt><trkpt lat="49.63106037000001" lon="10.976613100000012"><ele>287.33</ele><time>2026-09-20T9:28:31Z</time><extensions><speed>-1.0</speed><course>-1.0</course><hAcc>0.0</hAcc><vAcc>0.0</vAcc></extensions></trkpt><trkpt lat="49.63103770000001" lon="10.976521100000012"><ele>287.33</ele><time>2026-09-20T9:28:32Z</time><extensions><speed>-1.0</speed><course>-1.0</course><hAcc>0.0</hAcc><vAcc>0.0</vAcc></extensions></trkpt><trkpt lat="49.631013030000005" lon="10.976417770000012"><ele>288.14</ele><time>2026-09-20T9:28:34Z</time><extensions><speed>-1.0</speed><course>-1.0</course><hAcc>0.0</hAcc><vAcc>0.0</vAcc></extensions></trkpt><trkpt lat="49.63098903" lon="10.976327770000012"><ele>288.14</ele><time>2026-09-20T9:28:35Z</time><extensions><speed>-1.0</speed><course>-1.0</course><hAcc>0.0</hAcc><vAcc>0.0</vAcc></extensions></trkpt><trkpt lat="49.63096603" lon="10.976224770000012"><ele>288.14</ele><time>2026-09-20T9:28:37Z</time><extensions><speed>-1.0</speed><course>-1.0</course><hAcc>0.0</hAcc><vAcc>0.0</vAcc></extensions></trkpt><trkpt lat="49.63094503000001" lon="10.976114100000013"><ele>288.14</ele><time>2026-09-20T9:28:39Z</time><extensions><speed>-1.0</speed><course>-1.0</course><hAcc>0.0</hAcc><vAcc>0.0</vAcc></extensions></trkpt><trkpt lat="49.63092436000001" lon="10.976003430000013"><ele>288.14</ele><time>2026-09-20T9:28:41Z</time><extensions><speed>-1.0</speed><course>-1.0</course><hAcc>0.0</hAcc><vAcc>0.0</vAcc></extensions></trkpt><trkpt lat="49.63090803000001" lon="10.975907430000014"><ele>288.14</ele><time>2026-09-20T9:28:42Z</time><extensions><speed>-1.0</speed><course>-1.0</course><hAcc>0.0</hAcc><vAcc>0.0</vAcc></extensions></trkpt><trkpt lat="49.630897360000006" lon="10.975823760000013"><ele>288.14</ele><time>2026-09-20T9:28:43Z</time><extensions><speed>-1.0</speed><course>-1.0</course><hAcc>0.0</hAcc><vAcc>0.0</vAcc></extensions></trkpt><trkpt lat="49.63089003" lon="10.975724430000014"><ele>288.14</ele><time>2026-09-20T9:28:45Z</time><extensions><speed>-1.0</speed><course>-1.0</course><hAcc>0.0</hAcc><vAcc>0.0</vAcc></extensions></trkpt><trkpt lat="49.630881030000005" lon="10.975620100000015"><ele>288.14</ele><time>2026-09-20T9:28:47Z</time><extensions><speed>-1.0</speed><course>-1.0</course><hAcc>0.0</hAcc><vAcc>0.0</vAcc></extensions></trkpt><trkpt lat="49.6308737" lon="10.975532770000015"><ele>288.14</ele><time>2026-09-20T9:28:48Z</time><extensions><speed>-1.0</speed><course>-1.0</course><hAcc>0.0</hAcc><vAcc>0.0</vAcc></extensions></trkpt><trkpt lat="49.63086937" lon="10.975437100000015"><ele>288.14</ele><time>2026-09-20T9:28:50Z</time><extensions><speed>-1.0</speed><course>-1.0</course><hAcc>0.0</hAcc><vAcc>0.0</vAcc></extensions></trkpt><trkpt lat="49.63086437" lon="10.975335770000015"><ele>288.14</ele><time>2026-09-20T9:28:52Z</time><extensions><speed>-1.0</speed><course>-1.0</course><hAcc>0.0</hAcc><vAcc>0.0</vAcc></extensions></trkpt><trkpt lat="49.6308607" lon="10.975246770000016"><ele>289.05</ele><time>2026-09-20T9:28:53Z</time><extensions><speed>-1.0</speed><course>-1.0</course><hAcc>0.0</hAcc><vAcc>0.0</vAcc></extensions></trkpt><trkpt lat="49.63086003" lon="10.975167100000016"><ele>289.05</ele><time>2026-09-20T9:28:54Z</time><extensions><speed>-1.0</speed><course>-1.0</course><hAcc>0.0</hAcc><vAcc>0.0</vAcc></extensions></trkpt><trkpt lat="49.63085903" lon="10.975096100000016"><ele>289.05</ele><time>2026-09-20T9:28:55Z</time><extensions><speed>-1.0</speed><course>-1.0</course><hAcc>0.0</hAcc><vAcc>0.0</vAcc></extensions></trkpt><trkpt lat="49.630855030000006" lon="10.975031770000015"><ele>289.05</ele><time>2026-09-20T9:28:56Z</time><extensions><speed>-1.0</speed><course>-1.0</course><hAcc>0.0</hAcc><vAcc>0.0</vAcc></extensions></trkpt><trkpt lat="49.630852700000005" lon="10.974949100000016"><ele>289.05</ele><time>2026-09-20T9:28:58Z</time><extensions><speed>-1.0</speed><course>-1.0</course><hAcc>0.0</hAcc><vAcc>0.0</vAcc></extensions></trkpt><trkpt lat="49.630850370000005" lon="10.974872770000015"><ele>289.05</ele><time>2026-09-20T9:28:59Z</time><extensions><speed>-1.0</speed><course>-1.0</course><hAcc>0.0</hAcc><vAcc>0.0</vAcc></extensions></trkpt><trkpt lat="49.630844370000005" lon="10.974777770000015"><ele>289.96</ele><time>2026-09-20T9:29:01Z</time><extensions><speed>-1.0</speed><course>-1.0</course><hAcc>0.0</hAcc><vAcc>0.0</vAcc></extensions></trkpt><trkpt lat="49.630839040000005" lon="10.974693100000016"><ele>289.96</ele><time>2026-09-20T9:29:02Z</time><extensions><speed>-1.0</speed><course>-1.0</course><hAcc>0.0</hAcc><vAcc>0.0</vAcc></extensions></trkpt><trkpt lat="49.63083237000001" lon="10.974615770000016"><ele>289.96</ele><time>2026-09-20T9:29:03Z</time><extensions><speed>-1.0</speed><course>-1.0</course><hAcc>0.0</hAcc><vAcc>0.0</vAcc></extensions></trkpt><trkpt lat="49.630822040000005" lon="10.974526770000017"><ele>289.96</ele><time>2026-09-20T9:29:05Z</time><extensions><speed>-1.0</speed><course>-1.0</course><hAcc>0.0</hAcc><vAcc>0.0</vAcc></extensions></trkpt><trkpt lat="49.630813710000005" lon="10.974450100000016"><ele>289.96</ele><time>2026-09-20T9:29:06Z</time><extensions><speed>-1.0</speed><course>-1.0</course><hAcc>0.0</hAcc><vAcc>0.0</vAcc></extensions></trkpt><trkpt lat="49.63080704000001" lon="10.974359770000016"><ele>291.78000000000003</ele><time>2026-09-20T9:29:08Z</time><extensions><speed>-1.0</speed><course>-1.0</course><hAcc>0.0</hAcc><vAcc>0.0</vAcc></extensions></trkpt><trkpt lat="49.63080071000001" lon="10.974278770000016"><ele>291.78000000000003</ele><time>2026-09-20T9:29:09Z</time><extensions><speed>-1.0</speed><course>-1.0</course><hAcc>0.0</hAcc><vAcc>0.0</vAcc></extensions></trkpt><trkpt lat="49.63079271000001" lon="10.974205770000015"><ele>291.78000000000003</ele><time>2026-09-20T9:29:10Z</time><extensions><speed>-1.0</speed><course>-1.0</course><hAcc>0.0</hAcc><vAcc>0.0</vAcc></extensions></trkpt><trkpt lat="49.63078304000001" lon="10.974118440000016"><ele>291.78000000000003</ele><time>2026-09-20T9:29:12Z</time><extensions><speed>-1.0</speed><course>-1.0</course><hAcc>0.0</hAcc><vAcc>0.0</vAcc></extensions></trkpt><trkpt lat="49.63076971000001" lon="10.974020770000015"><ele>291.78000000000003</ele><time>2026-09-20T9:29:14Z</time><extensions><speed>-1.0</speed><course>-1.0</course><hAcc>0.0</hAcc><vAcc>0.0</vAcc></extensions></trkpt><trkpt lat="49.63075871000001" lon="10.973934100000015"><ele>291.78000000000003</ele><time>2026-09-20T9:29:15Z</time><extensions><speed>-1.0</speed><course>-1.0</course><hAcc>0.0</hAcc><vAcc>0.0</vAcc></extensions></trkpt><trkpt lat="49.63073904000001" lon="10.973836770000016"><ele>291.78000000000003</ele><time>2026-09-20T9:29:17Z</time><extensions><speed>-1.0</speed><course>-1.0</course><hAcc>0.0</hAcc><vAcc>0.0</vAcc></extensions></trkpt><trkpt lat="49.63072271000001" lon="10.973749100000017"><ele>291.78000000000003</ele><time>2026-09-20T9:29:18Z</time><extensions><speed>-1.0</speed><course>-1.0</course><hAcc>0.0</hAcc><vAcc>0.0</vAcc></extensions></trkpt><trkpt lat="49.630701040000005" lon="10.973647430000018"><ele>291.78000000000003</ele><time>2026-09-20T9:29:20Z</time><extensions><speed>-1.0</speed><course>-1.0</course><hAcc>0.0</hAcc><vAcc>0.0</vAcc></extensions></trkpt><trkpt lat="49.63067704" lon="10.973541430000017"><ele>291.78000000000003</ele><time>2026-09-20T9:29:22Z</time><extensions><speed>-1.0</speed><course>-1.0</course><hAcc>0.0</hAcc><vAcc>0.0</vAcc></extensions></trkpt><trkpt lat="49.63065004" lon="10.973432430000017"><ele>292.6</ele><time>2026-09-20T9:29:24Z</time><extensions><speed>-1.0</speed><course>-1.0</course><hAcc>0.0</hAcc><vAcc>0.0</vAcc></extensions></trkpt><trkpt lat="49.63062704" lon="10.973338100000017"><ele>292.6</ele><time>2026-09-20T9:29:25Z</time><extensions><speed>-1.0</speed><course>-1.0</course><hAcc>0.0</hAcc><vAcc>0.0</vAcc></extensions></trkpt><trkpt lat="49.63060271" lon="10.973235430000017"><ele>292.6</ele><time>2026-09-20T9:29:27Z</time><extensions><speed>-1.0</speed><course>-1.0</course><hAcc>0.0</hAcc><vAcc>0.0</vAcc></extensions></trkpt><trkpt lat="49.63057504" lon="10.973124760000017"><ele>292.6</ele><time>2026-09-20T9:29:29Z</time><extensions><speed>-1.0</speed><course>-1.0</course><hAcc>0.0</hAcc><vAcc>0.0</vAcc></extensions></trkpt><trkpt lat="49.630552709999996" lon="10.973026760000018"><ele>292.6</ele><time>2026-09-20T9:29:30Z</time><extensions><speed>-1.0</speed><course>-1.0</course><hAcc>0.0</hAcc><vAcc>0.0</vAcc></extensions></trkpt><trkpt lat="49.630525039999995" lon="10.972913090000018"><ele>292.6</ele><time>2026-09-20T9:29:32Z</time><extensions><speed>-1.0</speed><course>-1.0</course><hAcc>0.0</hAcc><vAcc>0.0</vAcc></extensions></trkpt><trkpt lat="49.63049803999999" lon="10.972815420000018"><ele>293.42</ele><time>2026-09-20T9:29:33Z</time><extensions><speed>-1.0</speed><course>-1.0</course><hAcc>0.0</hAcc><vAcc>0.0</vAcc></extensions></trkpt><trkpt lat="49.63046470999999" lon="10.972702750000018"><ele>293.42</ele><time>2026-09-20T9:29:35Z</time><extensions><speed>-1.0</speed><course>-1.0</course><hAcc>0.0</hAcc><vAcc>0.0</vAcc></extensions></trkpt><trkpt lat="49.630429709999994" lon="10.972576750000018"><ele>293.42</ele><time>2026-09-20T9:29:37Z</time><extensions><speed>-1.0</speed><course>-1.0</course><hAcc>0.0</hAcc><vAcc>0.0</vAcc></extensions></trkpt><trkpt lat="49.630395039999996" lon="10.972442080000018"><ele>293.42</ele><time>2026-09-20T9:29:39Z</time><extensions><speed>-1.0</speed><course>-1.0</course><hAcc>0.0</hAcc><vAcc>0.0</vAcc></extensions></trkpt><trkpt lat="49.63036304" lon="10.972301080000019"><ele>293.42</ele><time>2026-09-20T9:29:41Z</time><extensions><speed>-1.0</speed><course>-1.0</course><hAcc>0.0</hAcc><vAcc>0.0</vAcc></extensions></trkpt><trkpt lat="49.630330709999996" lon="10.972158410000018"><ele>293.42</ele><time>2026-09-20T9:29:43Z</time><extensions><speed>-1.0</speed><course>-1.0</course><hAcc>0.0</hAcc><vAcc>0.0</vAcc></extensions></trkpt><trkpt lat="49.63030103999999" lon="10.972038080000019"><ele>293.42</ele><time>2026-09-20T9:29:44Z</time><extensions><speed>-1.0</speed><course>-1.0</course><hAcc>0.0</hAcc><vAcc>0.0</vAcc></extensions></trkpt><trkpt lat="49.63026970999999" lon="10.971906750000018"><ele>293.42</ele><time>2026-09-20T9:29:46Z</time><extensions><speed>-1.0</speed><course>-1.0</course><hAcc>0.0</hAcc><vAcc>0.0</vAcc></extensions></trkpt><trkpt lat="49.63023370999999" lon="10.971771750000018"><ele>293.42</ele><time>2026-09-20T9:29:48Z</time><extensions><speed>-1.0</speed><course>-1.0</course><hAcc>0.0</hAcc><vAcc>0.0</vAcc></extensions></trkpt><trkpt lat="49.63020503999999" lon="10.971656080000018"><ele>293.42</ele><time>2026-09-20T9:29:49Z</time><extensions><speed>-1.0</speed><course>-1.0</course><hAcc>0.0</hAcc><vAcc>0.0</vAcc></extensions></trkpt><trkpt lat="49.63018236999999" lon="10.97155175000002"><ele>293.42</ele><time>2026-09-20T9:29:50Z</time><extensions><speed>-1.0</speed><course>-1.0</course><hAcc>0.0</hAcc><vAcc>0.0</vAcc></extensions></trkpt><trkpt lat="49.630156039999996" lon="10.97143442000002"><ele>293.42</ele><time>2026-09-20T9:29:52Z</time><extensions><speed>-1.0</speed><course>-1.0</course><hAcc>0.0</hAcc><vAcc>0.0</vAcc></extensions></trkpt><trkpt lat="49.630131369999994" lon="10.97133142000002"><ele>293.42</ele><time>2026-09-20T9:29:53Z</time><extensions><speed>-1.0</speed><course>-1.0</course><hAcc>0.0</hAcc><vAcc>0.0</vAcc></extensions></trkpt><trkpt lat="49.63010936999999" lon="10.97123975000002"><ele>293.42</ele><time>2026-09-20T9:29:54Z</time><extensions><speed>-1.0</speed><course>-1.0</course><hAcc>0.0</hAcc><vAcc>0.0</vAcc></extensions></trkpt><trkpt lat="49.63008669999999" lon="10.97113042000002"><ele>293.42</ele><time>2026-09-20T9:29:56Z</time><extensions><speed>-1.0</speed><course>-1.0</course><hAcc>0.0</hAcc><vAcc>0.0</vAcc></extensions></trkpt><trkpt lat="49.630063699999994" lon="10.97101209000002"><ele>293.42</ele><time>2026-09-20T9:29:58Z</time><extensions><speed>-1.0</speed><course>-1.0</course><hAcc>0.0</hAcc><vAcc>0.0</vAcc></extensions></trkpt><trkpt lat="49.63004169999999" lon="10.97091176000002"><ele>293.42</ele><time>2026-09-20T9:29:59Z</time><extensions><speed>-1.0</speed><course>-1.0</course><hAcc>0.0</hAcc><vAcc>0.0</vAcc></extensions></trkpt><trkpt lat="49.630015029999996" lon="10.970803760000019"><ele>293.42</ele><time>2026-09-20T9:30:01Z</time><extensions><speed>-1.0</speed><course>-1.0</course><hAcc>0.0</hAcc><vAcc>0.0</vAcc></extensions></trkpt><trkpt lat="49.629984359999995" lon="10.970691430000018"><ele>293.42</ele><time>2026-09-20T9:30:03Z</time><extensions><speed>-1.0</speed><course>-1.0</course><hAcc>0.0</hAcc><vAcc>0.0</vAcc></extensions></trkpt><trkpt lat="49.62995702999999" lon="10.970596430000018"><ele>293.42</ele><time>2026-09-20T9:30:04Z</time><extensions><speed>-1.0</speed><course>-1.0</course><hAcc>0.0</hAcc><vAcc>0.0</vAcc></extensions></trkpt><trkpt lat="49.62992635999999" lon="10.970493760000018"><ele>293.42</ele><time>2026-09-20T9:30:06Z</time><extensions><speed>-1.0</speed><course>-1.0</course><hAcc>0.0</hAcc><vAcc>0.0</vAcc></extensions></trkpt><trkpt lat="49.62989935999999" lon="10.970404430000018"><ele>294.23</ele><time>2026-09-20T9:30:07Z</time><extensions><speed>-1.0</speed><course>-1.0</course><hAcc>0.0</hAcc><vAcc>0.0</vAcc></extensions></trkpt><trkpt lat="49.62987568999999" lon="10.970325760000017"><ele>294.23</ele><time>2026-09-20T9:30:08Z</time><extensions><speed>-1.0</speed><course>-1.0</course><hAcc>0.0</hAcc><vAcc>0.0</vAcc></extensions></trkpt><trkpt lat="49.62984335999999" lon="10.970235090000017"><ele>294.23</ele><time>2026-09-20T9:30:10Z</time><extensions><speed>-1.0</speed><course>-1.0</course><hAcc>0.0</hAcc><vAcc>0.0</vAcc></extensions></trkpt><trkpt lat="49.62980735999999" lon="10.970133760000017"><ele>294.23</ele><time>2026-09-20T9:30:12Z</time><extensions><speed>-1.0</speed><course>-1.0</course><hAcc>0.0</hAcc><vAcc>0.0</vAcc></extensions></trkpt><trkpt lat="49.62976735999999" lon="10.970022760000017"><ele>294.23</ele><time>2026-09-20T9:30:14Z</time><extensions><speed>-1.0</speed><course>-1.0</course><hAcc>0.0</hAcc><vAcc>0.0</vAcc></extensions></trkpt><trkpt lat="49.629726029999986" lon="10.969906760000017"><ele>295.87</ele><time>2026-09-20T9:30:16Z</time><extensions><speed>-1.0</speed><course>-1.0</course><hAcc>0.0</hAcc><vAcc>0.0</vAcc></extensions></trkpt><trkpt lat="49.62969169999999" lon="10.969808760000017"><ele>295.87</ele><time>2026-09-20T9:30:17Z</time><extensions><speed>-1.0</speed><course>-1.0</course><hAcc>0.0</hAcc><vAcc>0.0</vAcc></extensions></trkpt><trkpt lat="49.62965702999999" lon="10.969702430000018"><ele>295.87</ele><time>2026-09-20T9:30:19Z</time><extensions><speed>-1.0</speed><course>-1.0</course><hAcc>0.0</hAcc><vAcc>0.0</vAcc></extensions></trkpt><trkpt lat="49.62962569999999" lon="10.969610760000018"><ele>295.87</ele><time>2026-09-20T9:30:20Z</time><extensions><speed>-1.0</speed><course>-1.0</course><hAcc>0.0</hAcc><vAcc>0.0</vAcc></extensions></trkpt><trkpt lat="49.62959202999999" lon="10.969506090000017"><ele>295.87</ele><time>2026-09-20T9:30:22Z</time><extensions><speed>-1.0</speed><course>-1.0</course><hAcc>0.0</hAcc><vAcc>0.0</vAcc></extensions></trkpt><trkpt lat="49.62955635999999" lon="10.969392760000018"><ele>295.87</ele><time>2026-09-20T9:30:24Z</time><extensions><speed>-1.0</speed><course>-1.0</course><hAcc>0.0</hAcc><vAcc>0.0</vAcc></extensions></trkpt><trkpt lat="49.62951935999999" lon="10.969274760000017"><ele>295.87</ele><time>2026-09-20T9:30:26Z</time><extensions><speed>-1.0</speed><course>-1.0</course><hAcc>0.0</hAcc><vAcc>0.0</vAcc></extensions></trkpt><trkpt lat="49.62948635999999" lon="10.969173760000016"><ele>295.87</ele><time>2026-09-20T9:30:27Z</time><extensions><speed>-1.0</speed><course>-1.0</course><hAcc>0.0</hAcc><vAcc>0.0</vAcc></extensions></trkpt><trkpt lat="49.62945168999999" lon="10.969063090000017"><ele>295.87</ele><time>2026-09-20T9:30:29Z</time><extensions><speed>-1.0</speed><course>-1.0</course><hAcc>0.0</hAcc><vAcc>0.0</vAcc></extensions></trkpt><trkpt lat="49.62942001999999" lon="10.968967760000016"><ele>295.87</ele><time>2026-09-20T9:30:30Z</time><extensions><speed>-1.0</speed><course>-1.0</course><hAcc>0.0</hAcc><vAcc>0.0</vAcc></extensions></trkpt><trkpt lat="49.62938468999999" lon="10.968859760000015"><ele>295.87</ele><time>2026-09-20T9:30:32Z</time><extensions><speed>-1.0</speed><course>-1.0</course><hAcc>0.0</hAcc><vAcc>0.0</vAcc></extensions></trkpt><trkpt lat="49.629349359999985" lon="10.968744090000015"><ele>296.78000000000003</ele><time>2026-09-20T9:30:34Z</time><extensions><speed>-1.0</speed><course>-1.0</course><hAcc>0.0</hAcc><vAcc>0.0</vAcc></extensions></trkpt><trkpt lat="49.629318689999984" lon="10.968644420000015"><ele>296.78000000000003</ele><time>2026-09-20T9:30:35Z</time><extensions><speed>-1.0</speed><course>-1.0</course><hAcc>0.0</hAcc><vAcc>0.0</vAcc></extensions></trkpt><trkpt lat="49.62928901999998" lon="10.968533420000014"><ele>296.78000000000003</ele><time>2026-09-20T9:30:37Z</time><extensions><speed>-1.0</speed><course>-1.0</course><hAcc>0.0</hAcc><vAcc>0.0</vAcc></extensions></trkpt><trkpt lat="49.629259689999984" lon="10.968415090000015"><ele>296.78000000000003</ele><time>2026-09-20T9:30:39Z</time><extensions><speed>-1.0</speed><course>-1.0</course><hAcc>0.0</hAcc><vAcc>0.0</vAcc></extensions></trkpt><trkpt lat="49.62923501999998" lon="10.968313090000015"><ele>296.78000000000003</ele><time>2026-09-20T9:30:40Z</time><extensions><speed>-1.0</speed><course>-1.0</course><hAcc>0.0</hAcc><vAcc>0.0</vAcc></extensions></trkpt><trkpt lat="49.62921201999998" lon="10.968198090000016"><ele>296.78000000000003</ele><time>2026-09-20T9:30:42Z</time><extensions><speed>-1.0</speed><course>-1.0</course><hAcc>0.0</hAcc><vAcc>0.0</vAcc></extensions></trkpt><trkpt lat="49.629191349999985" lon="10.968072420000016"><ele>297.6</ele><time>2026-09-20T9:30:44Z</time><extensions><speed>-1.0</speed><course>-1.0</course><hAcc>0.0</hAcc><vAcc>0.0</vAcc></extensions></trkpt><trkpt lat="49.62917567999998" lon="10.967938750000016"><ele>297.6</ele><time>2026-09-20T9:30:46Z</time><extensions><speed>-1.0</speed><course>-1.0</course><hAcc>0.0</hAcc><vAcc>0.0</vAcc></extensions></trkpt><trkpt lat="49.629163349999985" lon="10.967823750000017"><ele>297.6</ele><time>2026-09-20T9:30:47Z</time><extensions><speed>-1.0</speed><course>-1.0</course><hAcc>0.0</hAcc><vAcc>0.0</vAcc></extensions></trkpt><trkpt lat="49.629157349999986" lon="10.967697080000017"><ele>297.6</ele><time>2026-09-20T9:30:49Z</time><extensions><speed>-1.0</speed><course>-1.0</course><hAcc>0.0</hAcc><vAcc>0.0</vAcc></extensions></trkpt><trkpt lat="49.62915601999998" lon="10.967560750000017"><ele>297.6</ele><time>2026-09-20T9:30:51Z</time><extensions><speed>-1.0</speed><course>-1.0</course><hAcc>0.0</hAcc><vAcc>0.0</vAcc></extensions></trkpt><trkpt lat="49.629161019999984" lon="10.967417750000017"><ele>297.6</ele><time>2026-09-20T9:30:53Z</time><extensions><speed>-1.0</speed><course>-1.0</course><hAcc>0.0</hAcc><vAcc>0.0</vAcc></extensions></trkpt><trkpt lat="49.629166689999984" lon="10.967296420000016"><ele>298.42</ele><time>2026-09-20T9:30:54Z</time><extensions><speed>-1.0</speed><course>-1.0</course><hAcc>0.0</hAcc><vAcc>0.0</vAcc></extensions></trkpt><trkpt lat="49.62917668999999" lon="10.967166090000017"><ele>298.42</ele><time>2026-09-20T9:30:56Z</time><extensions><speed>-1.0</speed><course>-1.0</course><hAcc>0.0</hAcc><vAcc>0.0</vAcc></extensions></trkpt><trkpt lat="49.62918701999999" lon="10.967053090000016"><ele>298.42</ele><time>2026-09-20T9:30:57Z</time><extensions><speed>-1.0</speed><course>-1.0</course><hAcc>0.0</hAcc><vAcc>0.0</vAcc></extensions></trkpt><trkpt lat="49.62920001999999" lon="10.966925420000017"><ele>298.42</ele><time>2026-09-20T9:30:59Z</time><extensions><speed>-1.0</speed><course>-1.0</course><hAcc>0.0</hAcc><vAcc>0.0</vAcc></extensions></trkpt><trkpt lat="49.629216019999994" lon="10.966789090000017"><ele>298.42</ele><time>2026-09-20T9:31:01Z</time><extensions><speed>-1.0</speed><course>-1.0</course><hAcc>0.0</hAcc><vAcc>0.0</vAcc></extensions></trkpt><trkpt lat="49.62923469" lon="10.966647420000017"><ele>298.42</ele><time>2026-09-20T9:31:03Z</time><extensions><speed>-1.0</speed><course>-1.0</course><hAcc>0.0</hAcc><vAcc>0.0</vAcc></extensions></trkpt><trkpt lat="49.62925369" lon="10.966501750000017"><ele>298.42</ele><time>2026-09-20T9:31:05Z</time><extensions><speed>-1.0</speed><course>-1.0</course><hAcc>0.0</hAcc><vAcc>0.0</vAcc></extensions></trkpt><trkpt lat="49.62927002" lon="10.966377750000017"><ele>299.6</ele><time>2026-09-20T9:31:06Z</time><extensions><speed>-1.0</speed><course>-1.0</course><hAcc>0.0</hAcc><vAcc>0.0</vAcc></extensions></trkpt><trkpt lat="49.62928769" lon="10.966243750000018"><ele>299.6</ele><time>2026-09-20T9:31:08Z</time><extensions><speed>-1.0</speed><course>-1.0</course><hAcc>0.0</hAcc><vAcc>0.0</vAcc></extensions></trkpt><trkpt lat="49.62930969" lon="10.966105420000018"><ele>299.6</ele><time>2026-09-20T9:31:10Z</time><extensions><speed>-1.0</speed><course>-1.0</course><hAcc>0.0</hAcc><vAcc>0.0</vAcc></extensions></trkpt><trkpt lat="49.629336359999996" lon="10.965963420000017"><ele>299.6</ele><time>2026-09-20T9:31:12Z</time><extensions><speed>-1.0</speed><course>-1.0</course><hAcc>0.0</hAcc><vAcc>0.0</vAcc></extensions></trkpt><trkpt lat="49.629360029999994" lon="10.965843420000017"><ele>299.6</ele><time>2026-09-20T9:31:13Z</time><extensions><speed>-1.0</speed><course>-1.0</course><hAcc>0.0</hAcc><vAcc>0.0</vAcc></extensions></trkpt><trkpt lat="49.629382029999995" lon="10.965738420000017"><ele>299.6</ele><time>2026-09-20T9:31:14Z</time><extensions><speed>-1.0</speed><course>-1.0</course><hAcc>0.0</hAcc><vAcc>0.0</vAcc></extensions></trkpt><trkpt lat="49.629410699999994" lon="10.965619090000017"><ele>299.6</ele><time>2026-09-20T9:31:16Z</time><extensions><speed>-1.0</speed><course>-1.0</course><hAcc>0.0</hAcc><vAcc>0.0</vAcc></extensions></trkpt><trkpt lat="49.6294377" lon="10.965514090000017"><ele>299.6</ele><time>2026-09-20T9:31:17Z</time><extensions><speed>-1.0</speed><course>-1.0</course><hAcc>0.0</hAcc><vAcc>0.0</vAcc></extensions></trkpt><trkpt lat="49.629464369999994" lon="10.965419090000017"><ele>299.6</ele><time>2026-09-20T9:31:18Z</time><extensions><speed>-1.0</speed><course>-1.0</course><hAcc>0.0</hAcc><vAcc>0.0</vAcc></extensions></trkpt><trkpt lat="49.62949836999999" lon="10.965305090000017"><ele>299.6</ele><time>2026-09-20T9:31:20Z</time><extensions><speed>-1.0</speed><course>-1.0</course><hAcc>0.0</hAcc><vAcc>0.0</vAcc></extensions></trkpt><trkpt lat="49.62953836999999" lon="10.965179760000018"><ele>299.6</ele><time>2026-09-20T9:31:22Z</time><extensions><speed>-1.0</speed><course>-1.0</course><hAcc>0.0</hAcc><vAcc>0.0</vAcc></extensions></trkpt><trkpt lat="49.62957436999999" lon="10.965069430000018"><ele>299.6</ele><time>2026-09-20T9:31:23Z</time><extensions><speed>-1.0</speed><course>-1.0</course><hAcc>0.0</hAcc><vAcc>0.0</vAcc></extensions></trkpt><trkpt lat="49.629616369999994" lon="10.964945760000017"><ele>299.6</ele><time>2026-09-20T9:31:25Z</time><extensions><speed>-1.0</speed><course>-1.0</course><hAcc>0.0</hAcc><vAcc>0.0</vAcc></extensions></trkpt><trkpt lat="49.62965403999999" lon="10.964837090000017"><ele>299.6</ele><time>2026-09-20T9:31:26Z</time><extensions><speed>-1.0</speed><course>-1.0</course><hAcc>0.0</hAcc><vAcc>0.0</vAcc></extensions></trkpt><trkpt lat="49.62968870999999" lon="10.964738090000017"><ele>299.6</ele><time>2026-09-20T9:31:27Z</time><extensions><speed>-1.0</speed><course>-1.0</course><hAcc>0.0</hAcc><vAcc>0.0</vAcc></extensions></trkpt><trkpt lat="49.62973370999999" lon="10.964623760000016"><ele>299.6</ele><time>2026-09-20T9:31:29Z</time><extensions><speed>-1.0</speed><course>-1.0</course><hAcc>0.0</hAcc><vAcc>0.0</vAcc></extensions></trkpt><trkpt lat="49.62978437999999" lon="10.964498430000017"><ele>299.6</ele><time>2026-09-20T9:31:31Z</time><extensions><speed>-1.0</speed><course>-1.0</course><hAcc>0.0</hAcc><vAcc>0.0</vAcc></extensions></trkpt><trkpt lat="49.62983070999999" lon="10.964390760000017"><ele>299.6</ele><time>2026-09-20T9:31:32Z</time><extensions><speed>-1.0</speed><course>-1.0</course><hAcc>0.0</hAcc><vAcc>0.0</vAcc></extensions></trkpt><trkpt lat="49.62987637999999" lon="10.964265090000017"><ele>299.6</ele><time>2026-09-20T9:31:34Z</time><extensions><speed>-1.0</speed><course>-1.0</course><hAcc>0.0</hAcc><vAcc>0.0</vAcc></extensions></trkpt><trkpt lat="49.629914709999994" lon="10.964153760000018"><ele>299.6</ele><time>2026-09-20T9:31:35Z</time><extensions><speed>-1.0</speed><course>-1.0</course><hAcc>0.0</hAcc><vAcc>0.0</vAcc></extensions></trkpt><trkpt lat="49.629956709999995" lon="10.964025090000018"><ele>299.6</ele><time>2026-09-20T9:31:37Z</time><extensions><speed>-1.0</speed><course>-1.0</course><hAcc>0.0</hAcc><vAcc>0.0</vAcc></extensions></trkpt><trkpt lat="49.630001039999996" lon="10.963885090000018"><ele>299.6</ele><time>2026-09-20T9:31:39Z</time><extensions><speed>-1.0</speed><course>-1.0</course><hAcc>0.0</hAcc><vAcc>0.0</vAcc></extensions></trkpt><trkpt lat="49.630038709999994" lon="10.963762760000018"><ele>299.6</ele><time>2026-09-20T9:31:40Z</time><extensions><speed>-1.0</speed><course>-1.0</course><hAcc>0.0</hAcc><vAcc>0.0</vAcc></extensions></trkpt><trkpt lat="49.63007138" lon="10.963651760000017"><ele>299.6</ele><time>2026-09-20T9:31:41Z</time><extensions><speed>-1.0</speed><course>-1.0</course><hAcc>0.0</hAcc><vAcc>0.0</vAcc></extensions></trkpt><trkpt lat="49.63010805" lon="10.963518430000017"><ele>299.6</ele><time>2026-09-20T9:31:43Z</time><extensions><speed>-1.0</speed><course>-1.0</course><hAcc>0.0</hAcc><vAcc>0.0</vAcc></extensions></trkpt><trkpt lat="49.63013905" lon="10.963398100000017"><ele>299.6</ele><time>2026-09-20T9:31:44Z</time><extensions><speed>-1.0</speed><course>-1.0</course><hAcc>0.0</hAcc><vAcc>0.0</vAcc></extensions></trkpt><trkpt lat="49.63017805" lon="10.963257430000017"><ele>299.6</ele><time>2026-09-20T9:31:46Z</time><extensions><speed>-1.0</speed><course>-1.0</course><hAcc>0.0</hAcc><vAcc>0.0</vAcc></extensions></trkpt><trkpt lat="49.63021138" lon="10.963130430000016"><ele>299.6</ele><time>2026-09-20T9:31:47Z</time><extensions><speed>-1.0</speed><course>-1.0</course><hAcc>0.0</hAcc><vAcc>0.0</vAcc></extensions></trkpt><trkpt lat="49.63025071" lon="10.962981100000016"><ele>299.6</ele><time>2026-09-20T9:31:49Z</time><extensions><speed>-1.0</speed><course>-1.0</course><hAcc>0.0</hAcc><vAcc>0.0</vAcc></extensions></trkpt><trkpt lat="49.63029304" lon="10.962814100000017"><ele>299.6</ele><time>2026-09-20T9:31:51Z</time><extensions><speed>-1.0</speed><course>-1.0</course><hAcc>0.0</hAcc><vAcc>0.0</vAcc></extensions></trkpt><trkpt lat="49.63032871" lon="10.962668100000016"><ele>299.6</ele><time>2026-09-20T9:31:52Z</time><extensions><speed>-1.0</speed><course>-1.0</course><hAcc>0.0</hAcc><vAcc>0.0</vAcc></extensions></trkpt><trkpt lat="49.630361040000004" lon="10.962535430000017"><ele>299.6</ele><time>2026-09-20T9:31:53Z</time><extensions><speed>-1.0</speed><course>-1.0</course><hAcc>0.0</hAcc><vAcc>0.0</vAcc></extensions></trkpt><trkpt lat="49.63040071" lon="10.962376760000017"><ele>298.69</ele><time>2026-09-20T9:31:55Z</time><extensions><speed>-1.0</speed><course>-1.0</course><hAcc>0.0</hAcc><vAcc>0.0</vAcc></extensions></trkpt><trkpt lat="49.630433710000005" lon="10.962233430000017"><ele>298.69</ele><time>2026-09-20T9:31:56Z</time><extensions><speed>-1.0</speed><course>-1.0</course><hAcc>0.0</hAcc><vAcc>0.0</vAcc></extensions></trkpt><trkpt lat="49.63047104" lon="10.962056100000018"><ele>296.05</ele><time>2026-09-20T9:31:58Z</time><extensions><speed>-1.0</speed><course>-1.0</course><hAcc>0.0</hAcc><vAcc>0.0</vAcc></extensions></trkpt><trkpt lat="49.630496040000004" lon="10.961892100000018"><ele>296.05</ele><time>2026-09-20T9:31:59Z</time><extensions><speed>-1.0</speed><course>-1.0</course><hAcc>0.0</hAcc><vAcc>0.0</vAcc></extensions></trkpt><trkpt lat="49.630506710000006" lon="10.961682770000017"><ele>296.05</ele><time>2026-09-20T9:32:01Z</time><extensions><speed>-1.0</speed><course>-1.0</course><hAcc>0.0</hAcc><vAcc>0.0</vAcc></extensions></trkpt><trkpt lat="49.63051138000001" lon="10.961438770000017"><ele>296.05</ele><time>2026-09-20T9:32:03Z</time><extensions><speed>-1.0</speed><course>-1.0</course><hAcc>0.0</hAcc><vAcc>0.0</vAcc></extensions></trkpt><trkpt lat="49.63051205000001" lon="10.961223100000018"><ele>296.05</ele><time>2026-09-20T9:32:04Z</time><extensions><speed>-1.0</speed><course>-1.0</course><hAcc>0.0</hAcc><vAcc>0.0</vAcc></extensions></trkpt><trkpt lat="49.63050905000001" lon="10.961025770000017"><ele>296.05</ele><time>2026-09-20T9:32:05Z</time><extensions><speed>-1.0</speed><course>-1.0</course><hAcc>0.0</hAcc><vAcc>0.0</vAcc></extensions></trkpt><trkpt lat="49.63050672000001" lon="10.960841770000016"><ele>296.05</ele><time>2026-09-20T9:32:06Z</time><extensions><speed>-1.0</speed><course>-1.0</course><hAcc>0.0</hAcc><vAcc>0.0</vAcc></extensions></trkpt><trkpt lat="49.630501390000006" lon="10.960617770000017"><ele>296.05</ele><time>2026-09-20T9:32:08Z</time><extensions><speed>-1.0</speed><course>-1.0</course><hAcc>0.0</hAcc><vAcc>0.0</vAcc></extensions></trkpt><trkpt lat="49.63049139" lon="10.960377440000016"><ele>296.05</ele><time>2026-09-20T9:32:10Z</time><extensions><speed>-1.0</speed><course>-1.0</course><hAcc>0.0</hAcc><vAcc>0.0</vAcc></extensions></trkpt><trkpt lat="49.63048406" lon="10.960176440000016"><ele>295.14</ele><time>2026-09-20T9:32:11Z</time><extensions><speed>-1.0</speed><course>-1.0</course><hAcc>0.0</hAcc><vAcc>0.0</vAcc></extensions></trkpt><trkpt lat="49.63047573" lon="10.959996440000015"><ele>295.14</ele><time>2026-09-20T9:32:12Z</time><extensions><speed>-1.0</speed><course>-1.0</course><hAcc>0.0</hAcc><vAcc>0.0</vAcc></extensions></trkpt><trkpt lat="49.6304654" lon="10.959835110000016"><ele>295.14</ele><time>2026-09-20T9:32:13Z</time><extensions><speed>-1.0</speed><course>-1.0</course><hAcc>0.0</hAcc><vAcc>0.0</vAcc></extensions></trkpt><trkpt lat="49.630446729999996" lon="10.959644780000016"><ele>293.96</ele><time>2026-09-20T9:32:15Z</time><extensions><speed>-1.0</speed><course>-1.0</course><hAcc>0.0</hAcc><vAcc>0.0</vAcc></extensions></trkpt><trkpt lat="49.63041705999999" lon="10.959440110000015"><ele>293.96</ele><time>2026-09-20T9:32:17Z</time><extensions><speed>-1.0</speed><course>-1.0</course><hAcc>0.0</hAcc><vAcc>0.0</vAcc></extensions></trkpt><trkpt lat="49.63038705999999" lon="10.959229110000015"><ele>293.96</ele><time>2026-09-20T9:32:19Z</time><extensions><speed>-1.0</speed><course>-1.0</course><hAcc>0.0</hAcc><vAcc>0.0</vAcc></extensions></trkpt><trkpt lat="49.63035638999999" lon="10.959018440000015"><ele>293.96</ele><time>2026-09-20T9:32:21Z</time><extensions><speed>-1.0</speed><course>-1.0</course><hAcc>0.0</hAcc><vAcc>0.0</vAcc></extensions></trkpt><trkpt lat="49.63032005999999" lon="10.958810110000016"><ele>293.96</ele><time>2026-09-20T9:32:23Z</time><extensions><speed>-1.0</speed><course>-1.0</course><hAcc>0.0</hAcc><vAcc>0.0</vAcc></extensions></trkpt><trkpt lat="49.63028672999999" lon="10.958636440000015"><ele>293.96</ele><time>2026-09-20T9:32:24Z</time><extensions><speed>-1.0</speed><course>-1.0</course><hAcc>0.0</hAcc><vAcc>0.0</vAcc></extensions></trkpt><trkpt lat="49.630245729999984" lon="10.958458770000016"><ele>293.14</ele><time>2026-09-20T9:32:26Z</time><extensions><speed>-1.0</speed><course>-1.0</course><hAcc>0.0</hAcc><vAcc>0.0</vAcc></extensions></trkpt><trkpt lat="49.630200729999984" lon="10.958279440000016"><ele>293.14</ele><time>2026-09-20T9:32:28Z</time><extensions><speed>-1.0</speed><course>-1.0</course><hAcc>0.0</hAcc><vAcc>0.0</vAcc></extensions></trkpt><trkpt lat="49.630160729999986" lon="10.958130770000016"><ele>293.14</ele><time>2026-09-20T9:32:29Z</time><extensions><speed>-1.0</speed><course>-1.0</course><hAcc>0.0</hAcc><vAcc>0.0</vAcc></extensions></trkpt><trkpt lat="49.63010972999999" lon="10.957979440000017"><ele>292.33</ele><time>2026-09-20T9:32:31Z</time><extensions><speed>-1.0</speed><course>-1.0</course><hAcc>0.0</hAcc><vAcc>0.0</vAcc></extensions></trkpt><trkpt lat="49.630062729999985" lon="10.957853770000018"><ele>292.33</ele><time>2026-09-20T9:32:32Z</time><extensions><speed>-1.0</speed><course>-1.0</course><hAcc>0.0</hAcc><vAcc>0.0</vAcc></extensions></trkpt><trkpt lat="49.630020059999985" lon="10.957744770000017"><ele>292.33</ele><time>2026-09-20T9:32:33Z</time><extensions><speed>-1.0</speed><course>-1.0</course><hAcc>0.0</hAcc><vAcc>0.0</vAcc></extensions></trkpt><trkpt lat="49.62996538999999" lon="10.957621770000017"><ele>292.33</ele><time>2026-09-20T9:32:35Z</time><extensions><speed>-1.0</speed><course>-1.0</course><hAcc>0.0</hAcc><vAcc>0.0</vAcc></extensions></trkpt><trkpt lat="49.62991505999999" lon="10.957520100000018"><ele>292.33</ele><time>2026-09-20T9:32:36Z</time><extensions><speed>-1.0</speed><course>-1.0</course><hAcc>0.0</hAcc><vAcc>0.0</vAcc></extensions></trkpt><trkpt lat="49.629868059999986" lon="10.957430770000018"><ele>291.51</ele><time>2026-09-20T9:32:37Z</time><extensions><speed>-1.0</speed><course>-1.0</course><hAcc>0.0</hAcc><vAcc>0.0</vAcc></extensions></trkpt><trkpt lat="49.62980705999998" lon="10.957330100000018"><ele>291.51</ele><time>2026-09-20T9:32:39Z</time><extensions><speed>-1.0</speed><course>-1.0</course><hAcc>0.0</hAcc><vAcc>0.0</vAcc></extensions></trkpt><trkpt lat="49.62973738999998" lon="10.957225770000019"><ele>291.51</ele><time>2026-09-20T9:32:41Z</time><extensions><speed>-1.0</speed><course>-1.0</course><hAcc>0.0</hAcc><vAcc>0.0</vAcc></extensions></trkpt><trkpt lat="49.62967338999998" lon="10.957137770000019"><ele>291.51</ele><time>2026-09-20T9:32:42Z</time><extensions><speed>-1.0</speed><course>-1.0</course><hAcc>0.0</hAcc><vAcc>0.0</vAcc></extensions></trkpt><trkpt lat="49.62961505999998" lon="10.95705944000002"><ele>291.51</ele><time>2026-09-20T9:32:43Z</time><extensions><speed>-1.0</speed><course>-1.0</course><hAcc>0.0</hAcc><vAcc>0.0</vAcc></extensions></trkpt><trkpt lat="49.62953805999998" lon="10.95697711000002"><ele>291.51</ele><time>2026-09-20T9:32:45Z</time><extensions><speed>-1.0</speed><course>-1.0</course><hAcc>0.0</hAcc><vAcc>0.0</vAcc></extensions></trkpt><trkpt lat="49.62946505999998" lon="10.95690978000002"><ele>291.51</ele><time>2026-09-20T9:32:46Z</time><extensions><speed>-1.0</speed><course>-1.0</course><hAcc>0.0</hAcc><vAcc>0.0</vAcc></extensions></trkpt><trkpt lat="49.62939672999998" lon="10.95685178000002"><ele>291.51</ele><time>2026-09-20T9:32:47Z</time><extensions><speed>-1.0</speed><course>-1.0</course><hAcc>0.0</hAcc><vAcc>0.0</vAcc></extensions></trkpt><trkpt lat="49.62930505999998" lon="10.95678645000002"><ele>291.51</ele><time>2026-09-20T9:32:49Z</time><extensions><speed>-1.0</speed><course>-1.0</course><hAcc>0.0</hAcc><vAcc>0.0</vAcc></extensions></trkpt><trkpt lat="49.62922105999998" lon="10.95673445000002"><ele>291.51</ele><time>2026-09-20T9:32:50Z</time><extensions><speed>-1.0</speed><course>-1.0</course><hAcc>0.0</hAcc><vAcc>0.0</vAcc></extensions></trkpt><trkpt lat="49.62911905999998" lon="10.956676450000021"><ele>291.51</ele><time>2026-09-20T9:32:52Z</time><extensions><speed>-1.0</speed><course>-1.0</course><hAcc>0.0</hAcc><vAcc>0.0</vAcc></extensions></trkpt><trkpt lat="49.62900705999998" lon="10.95661678000002"><ele>291.51</ele><time>2026-09-20T9:32:54Z</time><extensions><speed>-1.0</speed><course>-1.0</course><hAcc>0.0</hAcc><vAcc>0.0</vAcc></extensions></trkpt><trkpt lat="49.62890872999998" lon="10.95656811000002"><ele>291.51</ele><time>2026-09-20T9:32:55Z</time><extensions><speed>-1.0</speed><course>-1.0</course><hAcc>0.0</hAcc><vAcc>0.0</vAcc></extensions></trkpt><trkpt lat="49.62882005999998" lon="10.95652878000002"><ele>290.69</ele><time>2026-09-20T9:32:56Z</time><extensions><speed>-1.0</speed><course>-1.0</course><hAcc>0.0</hAcc><vAcc>0.0</vAcc></extensions></trkpt><trkpt lat="49.62871838999998" lon="10.956479110000021"><ele>290.69</ele><time>2026-09-20T9:32:58Z</time><extensions><speed>-1.0</speed><course>-1.0</course><hAcc>0.0</hAcc><vAcc>0.0</vAcc></extensions></trkpt><trkpt lat="49.62863471999998" lon="10.956417110000022"><ele>290.69</ele><time>2026-09-20T9:32:59Z</time><extensions><speed>-1.0</speed><course>-1.0</course><hAcc>0.0</hAcc><vAcc>0.0</vAcc></extensions></trkpt><trkpt lat="49.628557389999976" lon="10.956306780000022"><ele>290.69</ele><time>2026-09-20T9:33:01Z</time><extensions><speed>-1.0</speed><course>-1.0</course><hAcc>0.0</hAcc><vAcc>0.0</vAcc></extensions></trkpt><trkpt lat="49.62848838999997" lon="10.956162110000022"><ele>289.6</ele><time>2026-09-20T9:33:03Z</time><extensions><speed>-1.0</speed><course>-1.0</course><hAcc>0.0</hAcc><vAcc>0.0</vAcc></extensions></trkpt><trkpt lat="49.628423059999974" lon="10.956000780000023"><ele>289.6</ele><time>2026-09-20T9:33:05Z</time><extensions><speed>-1.0</speed><course>-1.0</course><hAcc>0.0</hAcc><vAcc>0.0</vAcc></extensions></trkpt><trkpt lat="49.62837038999997" lon="10.955860780000023"><ele>288.69</ele><time>2026-09-20T9:33:06Z</time><extensions><speed>-1.0</speed><course>-1.0</course><hAcc>0.0</hAcc><vAcc>0.0</vAcc></extensions></trkpt><trkpt lat="49.62832005999997" lon="10.955700780000024"><ele>288.69</ele><time>2026-09-20T9:33:08Z</time><extensions><speed>-1.0</speed><course>-1.0</course><hAcc>0.0</hAcc><vAcc>0.0</vAcc></extensions></trkpt><trkpt lat="49.628282389999974" lon="10.955560110000023"><ele>288.69</ele><time>2026-09-20T9:33:09Z</time><extensions><speed>-1.0</speed><course>-1.0</course><hAcc>0.0</hAcc><vAcc>0.0</vAcc></extensions></trkpt><trkpt lat="49.62824105999997" lon="10.955401110000023"><ele>287.87</ele><time>2026-09-20T9:33:11Z</time><extensions><speed>-1.0</speed><course>-1.0</course><hAcc>0.0</hAcc><vAcc>0.0</vAcc></extensions></trkpt><trkpt lat="49.62820972999997" lon="10.955261110000023"><ele>287.87</ele><time>2026-09-20T9:33:12Z</time><extensions><speed>-1.0</speed><course>-1.0</course><hAcc>0.0</hAcc><vAcc>0.0</vAcc></extensions></trkpt><trkpt lat="49.62818272999997" lon="10.955101440000023"><ele>287.87</ele><time>2026-09-20T9:33:14Z</time><extensions><speed>-1.0</speed><course>-1.0</course><hAcc>0.0</hAcc><vAcc>0.0</vAcc></extensions></trkpt><trkpt lat="49.62815939999997" lon="10.954928440000023"><ele>287.87</ele><time>2026-09-20T9:33:16Z</time><extensions><speed>-1.0</speed><course>-1.0</course><hAcc>0.0</hAcc><vAcc>0.0</vAcc></extensions></trkpt><trkpt lat="49.62814039999997" lon="10.954778110000023"><ele>287.87</ele><time>2026-09-20T9:33:17Z</time><extensions><speed>-1.0</speed><course>-1.0</course><hAcc>0.0</hAcc><vAcc>0.0</vAcc></extensions></trkpt><trkpt lat="49.62812572999997" lon="10.954643440000023"><ele>287.87</ele><time>2026-09-20T9:33:18Z</time><extensions><speed>-1.0</speed><course>-1.0</course><hAcc>0.0</hAcc><vAcc>0.0</vAcc></extensions></trkpt><trkpt lat="49.628108399999974" lon="10.954486770000022"><ele>287.87</ele><time>2026-09-20T9:33:20Z</time><extensions><speed>-1.0</speed><course>-1.0</course><hAcc>0.0</hAcc><vAcc>0.0</vAcc></extensions></trkpt><trkpt lat="49.62809306999998" lon="10.954348440000022"><ele>287.87</ele><time>2026-09-20T9:33:21Z</time><extensions><speed>-1.0</speed><course>-1.0</course><hAcc>0.0</hAcc><vAcc>0.0</vAcc></extensions></trkpt><trkpt lat="49.62807273999998" lon="10.954188770000021"><ele>287.87</ele><time>2026-09-20T9:33:23Z</time><extensions><speed>-1.0</speed><course>-1.0</course><hAcc>0.0</hAcc><vAcc>0.0</vAcc></extensions></trkpt><trkpt lat="49.62805506999998" lon="10.954014440000021"><ele>287.87</ele><time>2026-09-20T9:33:25Z</time><extensions><speed>-1.0</speed><course>-1.0</course><hAcc>0.0</hAcc><vAcc>0.0</vAcc></extensions></trkpt><trkpt lat="49.62803539999998" lon="10.953835440000022"><ele>287.87</ele><time>2026-09-20T9:33:27Z</time><extensions><speed>-1.0</speed><course>-1.0</course><hAcc>0.0</hAcc><vAcc>0.0</vAcc></extensions></trkpt><trkpt lat="49.62801706999998" lon="10.953653110000023"><ele>287.87</ele><time>2026-09-20T9:33:29Z</time><extensions><speed>-1.0</speed><course>-1.0</course><hAcc>0.0</hAcc><vAcc>0.0</vAcc></extensions></trkpt><trkpt lat="49.62799773999998" lon="10.953474440000022"><ele>287.87</ele><time>2026-09-20T9:33:31Z</time><extensions><speed>-1.0</speed><course>-1.0</course><hAcc>0.0</hAcc><vAcc>0.0</vAcc></extensions></trkpt><trkpt lat="49.627981739999974" lon="10.953327770000023"><ele>287.87</ele><time>2026-09-20T9:33:32Z</time><extensions><speed>-1.0</speed><course>-1.0</course><hAcc>0.0</hAcc><vAcc>0.0</vAcc></extensions></trkpt><trkpt lat="49.627964069999976" lon="10.953178440000023"><ele>287.87</ele><time>2026-09-20T9:33:34Z</time><extensions><speed>-1.0</speed><course>-1.0</course><hAcc>0.0</hAcc><vAcc>0.0</vAcc></extensions></trkpt><trkpt lat="49.62794573999997" lon="10.953031440000023"><ele>287.87</ele><time>2026-09-20T9:33:36Z</time><extensions><speed>-1.0</speed><course>-1.0</course><hAcc>0.0</hAcc><vAcc>0.0</vAcc></extensions></trkpt><trkpt lat="49.62793006999997" lon="10.952907770000023"><ele>287.87</ele><time>2026-09-20T9:33:37Z</time><extensions><speed>-1.0</speed><course>-1.0</course><hAcc>0.0</hAcc><vAcc>0.0</vAcc></extensions></trkpt><trkpt lat="49.62791473999997" lon="10.952777100000022"><ele>287.87</ele><time>2026-09-20T9:33:39Z</time><extensions><speed>-1.0</speed><course>-1.0</course><hAcc>0.0</hAcc><vAcc>0.0</vAcc></extensions></trkpt><trkpt lat="49.62789873999997" lon="10.952666430000022"><ele>287.87</ele><time>2026-09-20T9:33:40Z</time><extensions><speed>-1.0</speed><course>-1.0</course><hAcc>0.0</hAcc><vAcc>0.0</vAcc></extensions></trkpt><trkpt lat="49.62788006999997" lon="10.952545760000023"><ele>287.87</ele><time>2026-09-20T9:33:42Z</time><extensions><speed>-1.0</speed><course>-1.0</course><hAcc>0.0</hAcc><vAcc>0.0</vAcc></extensions></trkpt><trkpt lat="49.62786473999997" lon="10.952441760000022"><ele>287.87</ele><time>2026-09-20T9:33:43Z</time><extensions><speed>-1.0</speed><course>-1.0</course><hAcc>0.0</hAcc><vAcc>0.0</vAcc></extensions></trkpt><trkpt lat="49.62785140999997" lon="10.952349430000023"><ele>287.87</ele><time>2026-09-20T9:33:44Z</time><extensions><speed>-1.0</speed><course>-1.0</course><hAcc>0.0</hAcc><vAcc>0.0</vAcc></extensions></trkpt><trkpt lat="49.62783640999997" lon="10.952242760000024"><ele>287.87</ele><time>2026-09-20T9:33:46Z</time><extensions><speed>-1.0</speed><course>-1.0</course><hAcc>0.0</hAcc><vAcc>0.0</vAcc></extensions></trkpt><trkpt lat="49.62782240999997" lon="10.952151090000024"><ele>287.87</ele><time>2026-09-20T9:33:47Z</time><extensions><speed>-1.0</speed><course>-1.0</course><hAcc>0.0</hAcc><vAcc>0.0</vAcc></extensions></trkpt><trkpt lat="49.627807409999974" lon="10.952071090000024"><ele>288.69</ele><time>2026-09-20T9:33:48Z</time><extensions><speed>-1.0</speed><course>-1.0</course><hAcc>0.0</hAcc><vAcc>0.0</vAcc></extensions></trkpt><trkpt lat="49.62779173999997" lon="10.951978420000023"><ele>288.69</ele><time>2026-09-20T9:33:50Z</time><extensions><speed>-1.0</speed><course>-1.0</course><hAcc>0.0</hAcc><vAcc>0.0</vAcc></extensions></trkpt><trkpt lat="49.62777473999997" lon="10.951873750000022"><ele>288.69</ele><time>2026-09-20T9:33:52Z</time><extensions><speed>-1.0</speed><course>-1.0</course><hAcc>0.0</hAcc><vAcc>0.0</vAcc></extensions></trkpt><trkpt lat="49.62775406999997" lon="10.951759750000022"><ele>288.69</ele><time>2026-09-20T9:33:54Z</time><extensions><speed>-1.0</speed><course>-1.0</course><hAcc>0.0</hAcc><vAcc>0.0</vAcc></extensions></trkpt><trkpt lat="49.62773206999997" lon="10.951643080000022"><ele>288.69</ele><time>2026-09-20T9:33:56Z</time><extensions><speed>-1.0</speed><course>-1.0</course><hAcc>0.0</hAcc><vAcc>0.0</vAcc></extensions></trkpt><trkpt lat="49.62771339999997" lon="10.951546080000021"><ele>289.6</ele><time>2026-09-20T9:33:57Z</time><extensions><speed>-1.0</speed><course>-1.0</course><hAcc>0.0</hAcc><vAcc>0.0</vAcc></extensions></trkpt><trkpt lat="49.62769272999997" lon="10.951437410000022"><ele>289.6</ele><time>2026-09-20T9:33:59Z</time><extensions><speed>-1.0</speed><course>-1.0</course><hAcc>0.0</hAcc><vAcc>0.0</vAcc></extensions></trkpt><trkpt lat="49.62767239999997" lon="10.951320080000022"><ele>289.6</ele><time>2026-09-20T9:34:01Z</time><extensions><speed>-1.0</speed><course>-1.0</course><hAcc>0.0</hAcc><vAcc>0.0</vAcc></extensions></trkpt><trkpt lat="49.62765539999997" lon="10.951197410000022"><ele>289.6</ele><time>2026-09-20T9:34:03Z</time><extensions><speed>-1.0</speed><course>-1.0</course><hAcc>0.0</hAcc><vAcc>0.0</vAcc></extensions></trkpt><trkpt lat="49.62764739999997" lon="10.951070410000021"><ele>289.6</ele><time>2026-09-20T9:34:05Z</time><extensions><speed>-1.0</speed><course>-1.0</course><hAcc>0.0</hAcc><vAcc>0.0</vAcc></extensions></trkpt><trkpt lat="49.62764206999997" lon="10.950942410000021"><ele>290.51</ele><time>2026-09-20T9:34:07Z</time><extensions><speed>-1.0</speed><course>-1.0</course><hAcc>0.0</hAcc><vAcc>0.0</vAcc></extensions></trkpt><trkpt lat="49.62763906999997" lon="10.95083308000002"><ele>290.51</ele><time>2026-09-20T9:34:08Z</time><extensions><speed>-1.0</speed><course>-1.0</course><hAcc>0.0</hAcc><vAcc>0.0</vAcc></extensions></trkpt><trkpt lat="49.62763939999997" lon="10.95071375000002"><ele>290.51</ele><time>2026-09-20T9:34:10Z</time><extensions><speed>-1.0</speed><course>-1.0</course><hAcc>0.0</hAcc><vAcc>0.0</vAcc></extensions></trkpt><trkpt lat="49.62764039999997" lon="10.95058775000002"><ele>290.51</ele><time>2026-09-20T9:34:12Z</time><extensions><speed>-1.0</speed><course>-1.0</course><hAcc>0.0</hAcc><vAcc>0.0</vAcc></extensions></trkpt><trkpt lat="49.62764039999997" lon="10.950479750000019"><ele>292.23</ele><time>2026-09-20T9:34:13Z</time><extensions><speed>-1.0</speed><course>-1.0</course><hAcc>0.0</hAcc><vAcc>0.0</vAcc></extensions></trkpt><trkpt lat="49.627639069999965" lon="10.95038542000002"><ele>292.23</ele><time>2026-09-20T9:34:14Z</time><extensions><speed>-1.0</speed><course>-1.0</course><hAcc>0.0</hAcc><vAcc>0.0</vAcc></extensions></trkpt><trkpt lat="49.627639399999964" lon="10.95029775000002"><ele>292.23</ele><time>2026-09-20T9:34:15Z</time><extensions><speed>-1.0</speed><course>-1.0</course><hAcc>0.0</hAcc><vAcc>0.0</vAcc></extensions></trkpt><trkpt lat="49.627641729999965" lon="10.95018742000002"><ele>292.23</ele><time>2026-09-20T9:34:17Z</time><extensions><speed>-1.0</speed><course>-1.0</course><hAcc>0.0</hAcc><vAcc>0.0</vAcc></extensions></trkpt><trkpt lat="49.62764305999997" lon="10.950064090000021"><ele>292.23</ele><time>2026-09-20T9:34:19Z</time><extensions><speed>-1.0</speed><course>-1.0</course><hAcc>0.0</hAcc><vAcc>0.0</vAcc></extensions></trkpt><trkpt lat="49.62764372999997" lon="10.94995609000002"><ele>292.23</ele><time>2026-09-20T9:34:20Z</time><extensions><speed>-1.0</speed><course>-1.0</course><hAcc>0.0</hAcc><vAcc>0.0</vAcc></extensions></trkpt><trkpt lat="49.62764572999997" lon="10.94985842000002"><ele>292.23</ele><time>2026-09-20T9:34:21Z</time><extensions><speed>-1.0</speed><course>-1.0</course><hAcc>0.0</hAcc><vAcc>0.0</vAcc></extensions></trkpt><trkpt lat="49.62764905999997" lon="10.94976842000002"><ele>292.23</ele><time>2026-09-20T9:34:22Z</time><extensions><speed>-1.0</speed><course>-1.0</course><hAcc>0.0</hAcc><vAcc>0.0</vAcc></extensions></trkpt><trkpt lat="49.62765205999997" lon="10.94965642000002"><ele>292.23</ele><time>2026-09-20T9:34:24Z</time><extensions><speed>-1.0</speed><course>-1.0</course><hAcc>0.0</hAcc><vAcc>0.0</vAcc></extensions></trkpt><trkpt lat="49.627653059999965" lon="10.94955742000002"><ele>292.23</ele><time>2026-09-20T9:34:25Z</time><extensions><speed>-1.0</speed><course>-1.0</course><hAcc>0.0</hAcc><vAcc>0.0</vAcc></extensions></trkpt><trkpt lat="49.627650729999964" lon="10.949437420000018"><ele>292.23</ele><time>2026-09-20T9:34:27Z</time><extensions><speed>-1.0</speed><course>-1.0</course><hAcc>0.0</hAcc><vAcc>0.0</vAcc></extensions></trkpt><trkpt lat="49.627650399999965" lon="10.94933309000002"><ele>292.23</ele><time>2026-09-20T9:34:28Z</time><extensions><speed>-1.0</speed><course>-1.0</course><hAcc>0.0</hAcc><vAcc>0.0</vAcc></extensions></trkpt><trkpt lat="49.62765106999996" lon="10.949239090000018"><ele>292.23</ele><time>2026-09-20T9:34:29Z</time><extensions><speed>-1.0</speed><course>-1.0</course><hAcc>0.0</hAcc><vAcc>0.0</vAcc></extensions></trkpt><trkpt lat="49.62765406999996" lon="10.94913242000002"><ele>293.87</ele><time>2026-09-20T9:34:31Z</time><extensions><speed>-1.0</speed><course>-1.0</course><hAcc>0.0</hAcc><vAcc>0.0</vAcc></extensions></trkpt><trkpt lat="49.627655739999966" lon="10.94903942000002"><ele>293.87</ele><time>2026-09-20T9:34:32Z</time><extensions><speed>-1.0</speed><course>-1.0</course><hAcc>0.0</hAcc><vAcc>0.0</vAcc></extensions></trkpt><trkpt lat="49.62765806999997" lon="10.94895275000002"><ele>293.87</ele><time>2026-09-20T9:34:33Z</time><extensions><speed>-1.0</speed><course>-1.0</course><hAcc>0.0</hAcc><vAcc>0.0</vAcc></extensions></trkpt><trkpt lat="49.62766239999997" lon="10.94884908000002"><ele>293.87</ele><time>2026-09-20T9:34:35Z</time><extensions><speed>-1.0</speed><course>-1.0</course><hAcc>0.0</hAcc><vAcc>0.0</vAcc></extensions></trkpt><trkpt lat="49.62766506999997" lon="10.94875575000002"><ele>293.87</ele><time>2026-09-20T9:34:36Z</time><extensions><speed>-1.0</speed><course>-1.0</course><hAcc>0.0</hAcc><vAcc>0.0</vAcc></extensions></trkpt><trkpt lat="49.62766873999997" lon="10.94864842000002"><ele>293.87</ele><time>2026-09-20T9:34:38Z</time><extensions><speed>-1.0</speed><course>-1.0</course><hAcc>0.0</hAcc><vAcc>0.0</vAcc></extensions></trkpt><trkpt lat="49.62767206999997" lon="10.94853009000002"><ele>293.87</ele><time>2026-09-20T9:34:40Z</time><extensions><speed>-1.0</speed><course>-1.0</course><hAcc>0.0</hAcc><vAcc>0.0</vAcc></extensions></trkpt><trkpt lat="49.627675739999965" lon="10.94840742000002"><ele>293.87</ele><time>2026-09-20T9:34:42Z</time><extensions><speed>-1.0</speed><course>-1.0</course><hAcc>0.0</hAcc><vAcc>0.0</vAcc></extensions></trkpt><trkpt lat="49.627676069999964" lon="10.94830575000002"><ele>293.87</ele><time>2026-09-20T9:34:43Z</time><extensions><speed>-1.0</speed><course>-1.0</course><hAcc>0.0</hAcc><vAcc>0.0</vAcc></extensions></trkpt><trkpt lat="49.62767706999996" lon="10.94821442000002"><ele>293.87</ele><time>2026-09-20T9:34:44Z</time><extensions><speed>-1.0</speed><course>-1.0</course><hAcc>0.0</hAcc><vAcc>0.0</vAcc></extensions></trkpt><trkpt lat="49.62767639999996" lon="10.94810675000002"><ele>293.87</ele><time>2026-09-20T9:34:46Z</time><extensions><speed>-1.0</speed><course>-1.0</course><hAcc>0.0</hAcc><vAcc>0.0</vAcc></extensions></trkpt><trkpt lat="49.62767439999996" lon="10.94798875000002"><ele>294.87</ele><time>2026-09-20T9:34:48Z</time><extensions><speed>-1.0</speed><course>-1.0</course><hAcc>0.0</hAcc><vAcc>0.0</vAcc></extensions></trkpt><trkpt lat="49.62766972999996" lon="10.94786442000002"><ele>294.87</ele><time>2026-09-20T9:34:50Z</time><extensions><speed>-1.0</speed><course>-1.0</course><hAcc>0.0</hAcc><vAcc>0.0</vAcc></extensions></trkpt><trkpt lat="49.62766705999996" lon="10.94775809000002"><ele>294.87</ele><time>2026-09-20T9:34:51Z</time><extensions><speed>-1.0</speed><course>-1.0</course><hAcc>0.0</hAcc><vAcc>0.0</vAcc></extensions></trkpt><trkpt lat="49.62766405999996" lon="10.94764142000002"><ele>294.87</ele><time>2026-09-20T9:34:53Z</time><extensions><speed>-1.0</speed><course>-1.0</course><hAcc>0.0</hAcc><vAcc>0.0</vAcc></extensions></trkpt><trkpt lat="49.62765538999996" lon="10.947517750000019"><ele>294.87</ele><time>2026-09-20T9:34:55Z</time><extensions><speed>-1.0</speed><course>-1.0</course><hAcc>0.0</hAcc><vAcc>0.0</vAcc></extensions></trkpt><trkpt lat="49.62764871999996" lon="10.947410080000019"><ele>294.87</ele><time>2026-09-20T9:34:56Z</time><extensions><speed>-1.0</speed><course>-1.0</course><hAcc>0.0</hAcc><vAcc>0.0</vAcc></extensions></trkpt><trkpt lat="49.62764138999996" lon="10.947290080000018"><ele>294.87</ele><time>2026-09-20T9:34:58Z</time><extensions><speed>-1.0</speed><course>-1.0</course><hAcc>0.0</hAcc><vAcc>0.0</vAcc></extensions></trkpt><trkpt lat="49.62763738999996" lon="10.947185750000019"><ele>294.87</ele><time>2026-09-20T9:34:59Z</time><extensions><speed>-1.0</speed><course>-1.0</course><hAcc>0.0</hAcc><vAcc>0.0</vAcc></extensions></trkpt><trkpt lat="49.62763371999996" lon="10.947073080000019"><ele>294.87</ele><time>2026-09-20T9:35:01Z</time><extensions><speed>-1.0</speed><course>-1.0</course><hAcc>0.0</hAcc><vAcc>0.0</vAcc></extensions></trkpt><trkpt lat="49.627627719999964" lon="10.946949080000019"><ele>294.87</ele><time>2026-09-20T9:35:03Z</time><extensions><speed>-1.0</speed><course>-1.0</course><hAcc>0.0</hAcc><vAcc>0.0</vAcc></extensions></trkpt><trkpt lat="49.62762304999996" lon="10.946841750000019"><ele>295.96</ele><time>2026-09-20T9:35:04Z</time><extensions><speed>-1.0</speed><course>-1.0</course><hAcc>0.0</hAcc><vAcc>0.0</vAcc></extensions></trkpt><trkpt lat="49.62761937999996" lon="10.94674708000002"><ele>295.96</ele><time>2026-09-20T9:35:05Z</time><extensions><speed>-1.0</speed><course>-1.0</course><hAcc>0.0</hAcc><vAcc>0.0</vAcc></extensions></trkpt><trkpt lat="49.627616049999965" lon="10.94663375000002"><ele>295.96</ele><time>2026-09-20T9:35:07Z</time><extensions><speed>-1.0</speed><course>-1.0</course><hAcc>0.0</hAcc><vAcc>0.0</vAcc></extensions></trkpt><trkpt lat="49.627613049999965" lon="10.946532750000019"><ele>295.96</ele><time>2026-09-20T9:35:08Z</time><extensions><speed>-1.0</speed><course>-1.0</course><hAcc>0.0</hAcc><vAcc>0.0</vAcc></extensions></trkpt><trkpt lat="49.62760837999996" lon="10.946416080000018"><ele>295.96</ele><time>2026-09-20T9:35:10Z</time><extensions><speed>-1.0</speed><course>-1.0</course><hAcc>0.0</hAcc><vAcc>0.0</vAcc></extensions></trkpt><trkpt lat="49.627604709999964" lon="10.946286410000019"><ele>295.96</ele><time>2026-09-20T9:35:12Z</time><extensions><speed>-1.0</speed><course>-1.0</course><hAcc>0.0</hAcc><vAcc>0.0</vAcc></extensions></trkpt><trkpt lat="49.62760037999996" lon="10.946148740000018"><ele>295.96</ele><time>2026-09-20T9:35:14Z</time><extensions><speed>-1.0</speed><course>-1.0</course><hAcc>0.0</hAcc><vAcc>0.0</vAcc></extensions></trkpt><trkpt lat="49.627599379999964" lon="10.946003070000017"><ele>295.96</ele><time>2026-09-20T9:35:16Z</time><extensions><speed>-1.0</speed><course>-1.0</course><hAcc>0.0</hAcc><vAcc>0.0</vAcc></extensions></trkpt><trkpt lat="49.627599049999965" lon="10.945879070000018"><ele>295.96</ele><time>2026-09-20T9:35:17Z</time><extensions><speed>-1.0</speed><course>-1.0</course><hAcc>0.0</hAcc><vAcc>0.0</vAcc></extensions></trkpt><trkpt lat="49.627604719999965" lon="10.945742740000018"><ele>295.96</ele><time>2026-09-20T9:35:19Z</time><extensions><speed>-1.0</speed><course>-1.0</course><hAcc>0.0</hAcc><vAcc>0.0</vAcc></extensions></trkpt><trkpt lat="49.62761138999996" lon="10.945624070000017"><ele>295.96</ele><time>2026-09-20T9:35:20Z</time><extensions><speed>-1.0</speed><course>-1.0</course><hAcc>0.0</hAcc><vAcc>0.0</vAcc></extensions></trkpt><trkpt lat="49.62762571999996" lon="10.945492400000017"><ele>294.69</ele><time>2026-09-20T9:35:22Z</time><extensions><speed>-1.0</speed><course>-1.0</course><hAcc>0.0</hAcc><vAcc>0.0</vAcc></extensions></trkpt><trkpt lat="49.62764371999996" lon="10.945352400000017"><ele>294.69</ele><time>2026-09-20T9:35:24Z</time><extensions><speed>-1.0</speed><course>-1.0</course><hAcc>0.0</hAcc><vAcc>0.0</vAcc></extensions></trkpt><trkpt lat="49.62766604999996" lon="10.945210070000018"><ele>294.69</ele><time>2026-09-20T9:35:26Z</time><extensions><speed>-1.0</speed><course>-1.0</course><hAcc>0.0</hAcc><vAcc>0.0</vAcc></extensions></trkpt><trkpt lat="49.62768804999996" lon="10.945064070000017"><ele>294.69</ele><time>2026-09-20T9:35:28Z</time><extensions><speed>-1.0</speed><course>-1.0</course><hAcc>0.0</hAcc><vAcc>0.0</vAcc></extensions></trkpt><trkpt lat="49.62770537999996" lon="10.944940070000017"><ele>294.69</ele><time>2026-09-20T9:35:29Z</time><extensions><speed>-1.0</speed><course>-1.0</course><hAcc>0.0</hAcc><vAcc>0.0</vAcc></extensions></trkpt><trkpt lat="49.627723379999956" lon="10.944803740000017"><ele>294.69</ele><time>2026-09-20T9:35:31Z</time><extensions><speed>-1.0</speed><course>-1.0</course><hAcc>0.0</hAcc><vAcc>0.0</vAcc></extensions></trkpt><trkpt lat="49.62774304999996" lon="10.944656070000017"><ele>294.69</ele><time>2026-09-20T9:35:33Z</time><extensions><speed>-1.0</speed><course>-1.0</course><hAcc>0.0</hAcc><vAcc>0.0</vAcc></extensions></trkpt><trkpt lat="49.627763049999956" lon="10.944502740000017"><ele>294.69</ele><time>2026-09-20T9:35:35Z</time><extensions><speed>-1.0</speed><course>-1.0</course><hAcc>0.0</hAcc><vAcc>0.0</vAcc></extensions></trkpt><trkpt lat="49.62777837999995" lon="10.944372410000017"><ele>294.69</ele><time>2026-09-20T9:35:36Z</time><extensions><speed>-1.0</speed><course>-1.0</course><hAcc>0.0</hAcc><vAcc>0.0</vAcc></extensions></trkpt><trkpt lat="49.627791709999954" lon="10.944230080000018"><ele>294.69</ele><time>2026-09-20T9:35:38Z</time><extensions><speed>-1.0</speed><course>-1.0</course><hAcc>0.0</hAcc><vAcc>0.0</vAcc></extensions></trkpt><trkpt lat="49.62780337999995" lon="10.944078410000019"><ele>294.69</ele><time>2026-09-20T9:35:40Z</time><extensions><speed>-1.0</speed><course>-1.0</course><hAcc>0.0</hAcc><vAcc>0.0</vAcc></extensions></trkpt><trkpt lat="49.627811049999956" lon="10.94394941000002"><ele>294.69</ele><time>2026-09-20T9:35:41Z</time><extensions><speed>-1.0</speed><course>-1.0</course><hAcc>0.0</hAcc><vAcc>0.0</vAcc></extensions></trkpt><trkpt lat="49.627819379999956" lon="10.94383408000002"><ele>294.69</ele><time>2026-09-20T9:35:42Z</time><extensions><speed>-1.0</speed><course>-1.0</course><hAcc>0.0</hAcc><vAcc>0.0</vAcc></extensions></trkpt><trkpt lat="49.62782870999995" lon="10.94369908000002"><ele>294.69</ele><time>2026-09-20T9:35:44Z</time><extensions><speed>-1.0</speed><course>-1.0</course><hAcc>0.0</hAcc><vAcc>0.0</vAcc></extensions></trkpt><trkpt lat="49.62784103999995" lon="10.94355041000002"><ele>294.69</ele><time>2026-09-20T9:35:46Z</time><extensions><speed>-1.0</speed><course>-1.0</course><hAcc>0.0</hAcc><vAcc>0.0</vAcc></extensions></trkpt><trkpt lat="49.62785736999995" lon="10.943396080000019"><ele>294.69</ele><time>2026-09-20T9:35:48Z</time><extensions><speed>-1.0</speed><course>-1.0</course><hAcc>0.0</hAcc><vAcc>0.0</vAcc></extensions></trkpt><trkpt lat="49.62787703999995" lon="10.943237080000019"><ele>293.78000000000003</ele><time>2026-09-20T9:35:50Z</time><extensions><speed>-1.0</speed><course>-1.0</course><hAcc>0.0</hAcc><vAcc>0.0</vAcc></extensions></trkpt><trkpt lat="49.62789803999995" lon="10.943076080000019"><ele>293.78000000000003</ele><time>2026-09-20T9:35:52Z</time><extensions><speed>-1.0</speed><course>-1.0</course><hAcc>0.0</hAcc><vAcc>0.0</vAcc></extensions></trkpt><trkpt lat="49.62791536999995" lon="10.942942410000018"><ele>293.78000000000003</ele><time>2026-09-20T9:35:53Z</time><extensions><speed>-1.0</speed><course>-1.0</course><hAcc>0.0</hAcc><vAcc>0.0</vAcc></extensions></trkpt><trkpt lat="49.62793236999995" lon="10.942832740000018"><ele>293.78000000000003</ele><time>2026-09-20T9:35:54Z</time><extensions><speed>-1.0</speed><course>-1.0</course><hAcc>0.0</hAcc><vAcc>0.0</vAcc></extensions></trkpt><trkpt lat="49.627949369999946" lon="10.942703070000018"><ele>292.23</ele><time>2026-09-20T9:35:56Z</time><extensions><speed>-1.0</speed><course>-1.0</course><hAcc>0.0</hAcc><vAcc>0.0</vAcc></extensions></trkpt><trkpt lat="49.627964039999945" lon="10.942590400000018"><ele>292.23</ele><time>2026-09-20T9:35:57Z</time><extensions><speed>-1.0</speed><course>-1.0</course><hAcc>0.0</hAcc><vAcc>0.0</vAcc></extensions></trkpt><trkpt lat="49.627983369999946" lon="10.942462400000018"><ele>292.23</ele><time>2026-09-20T9:35:59Z</time><extensions><speed>-1.0</speed><course>-1.0</course><hAcc>0.0</hAcc><vAcc>0.0</vAcc></extensions></trkpt><trkpt lat="49.62800436999994" lon="10.942324400000018"><ele>292.23</ele><time>2026-09-20T9:36:01Z</time><extensions><speed>-1.0</speed><course>-1.0</course><hAcc>0.0</hAcc><vAcc>0.0</vAcc></extensions></trkpt><trkpt lat="49.62802203999994" lon="10.942204070000018"><ele>292.23</ele><time>2026-09-20T9:36:02Z</time><extensions><speed>-1.0</speed><course>-1.0</course><hAcc>0.0</hAcc><vAcc>0.0</vAcc></extensions></trkpt><trkpt lat="49.62804270999994" lon="10.942070400000018"><ele>292.23</ele><time>2026-09-20T9:36:04Z</time><extensions><speed>-1.0</speed><course>-1.0</course><hAcc>0.0</hAcc><vAcc>0.0</vAcc></extensions></trkpt><trkpt lat="49.62806737999994" lon="10.941929070000018"><ele>292.23</ele><time>2026-09-20T9:36:06Z</time><extensions><speed>-1.0</speed><course>-1.0</course><hAcc>0.0</hAcc><vAcc>0.0</vAcc></extensions></trkpt><trkpt lat="49.62809104999994" lon="10.941780740000018"><ele>292.23</ele><time>2026-09-20T9:36:08Z</time><extensions><speed>-1.0</speed><course>-1.0</course><hAcc>0.0</hAcc><vAcc>0.0</vAcc></extensions></trkpt><trkpt lat="49.628111379999936" lon="10.941655410000019"><ele>292.23</ele><time>2026-09-20T9:36:09Z</time><extensions><speed>-1.0</speed><course>-1.0</course><hAcc>0.0</hAcc><vAcc>0.0</vAcc></extensions></trkpt><trkpt lat="49.62813804999993" lon="10.94152074000002"><ele>292.23</ele><time>2026-09-20T9:36:11Z</time><extensions><speed>-1.0</speed><course>-1.0</course><hAcc>0.0</hAcc><vAcc>0.0</vAcc></extensions></trkpt><trkpt lat="49.628165379999935" lon="10.94140374000002"><ele>292.23</ele><time>2026-09-20T9:36:12Z</time><extensions><speed>-1.0</speed><course>-1.0</course><hAcc>0.0</hAcc><vAcc>0.0</vAcc></extensions></trkpt><trkpt lat="49.62819504999994" lon="10.94127574000002"><ele>292.23</ele><time>2026-09-20T9:36:14Z</time><extensions><speed>-1.0</speed><course>-1.0</course><hAcc>0.0</hAcc><vAcc>0.0</vAcc></extensions></trkpt><trkpt lat="49.62822671999994" lon="10.94113974000002"><ele>292.23</ele><time>2026-09-20T9:36:16Z</time><extensions><speed>-1.0</speed><course>-1.0</course><hAcc>0.0</hAcc><vAcc>0.0</vAcc></extensions></trkpt><trkpt lat="49.62825371999994" lon="10.94102274000002"><ele>292.23</ele><time>2026-09-20T9:36:17Z</time><extensions><speed>-1.0</speed><course>-1.0</course><hAcc>0.0</hAcc><vAcc>0.0</vAcc></extensions></trkpt><trkpt lat="49.62827771999994" lon="10.94092074000002"><ele>292.23</ele><time>2026-09-20T9:36:18Z</time><extensions><speed>-1.0</speed><course>-1.0</course><hAcc>0.0</hAcc><vAcc>0.0</vAcc></extensions></trkpt><trkpt lat="49.62830338999994" lon="10.940802410000021"><ele>291.42</ele><time>2026-09-20T9:36:20Z</time><extensions><speed>-1.0</speed><course>-1.0</course><hAcc>0.0</hAcc><vAcc>0.0</vAcc></extensions></trkpt><trkpt lat="49.628333719999944" lon="10.94067408000002"><ele>291.42</ele><time>2026-09-20T9:36:22Z</time><extensions><speed>-1.0</speed><course>-1.0</course><hAcc>0.0</hAcc><vAcc>0.0</vAcc></extensions></trkpt><trkpt lat="49.628361719999944" lon="10.94056575000002"><ele>291.42</ele><time>2026-09-20T9:36:23Z</time><extensions><speed>-1.0</speed><course>-1.0</course><hAcc>0.0</hAcc><vAcc>0.0</vAcc></extensions></trkpt><trkpt lat="49.628386049999946" lon="10.940468420000022"><ele>291.42</ele><time>2026-09-20T9:36:24Z</time><extensions><speed>-1.0</speed><course>-1.0</course><hAcc>0.0</hAcc><vAcc>0.0</vAcc></extensions></trkpt><trkpt lat="49.62841304999995" lon="10.940352750000022"><ele>291.42</ele><time>2026-09-20T9:36:26Z</time><extensions><speed>-1.0</speed><course>-1.0</course><hAcc>0.0</hAcc><vAcc>0.0</vAcc></extensions></trkpt><trkpt lat="49.62843871999995" lon="10.940253080000021"><ele>291.42</ele><time>2026-09-20T9:36:27Z</time><extensions><speed>-1.0</speed><course>-1.0</course><hAcc>0.0</hAcc><vAcc>0.0</vAcc></extensions></trkpt><trkpt lat="49.62846438999995" lon="10.940134080000021"><ele>291.42</ele><time>2026-09-20T9:36:29Z</time><extensions><speed>-1.0</speed><course>-1.0</course><hAcc>0.0</hAcc><vAcc>0.0</vAcc></extensions></trkpt><trkpt lat="49.62848971999995" lon="10.940002410000021"><ele>291.42</ele><time>2026-09-20T9:36:31Z</time><extensions><speed>-1.0</speed><course>-1.0</course><hAcc>0.0</hAcc><vAcc>0.0</vAcc></extensions></trkpt><trkpt lat="49.62851771999995" lon="10.93986341000002"><ele>291.42</ele><time>2026-09-20T9:36:33Z</time><extensions><speed>-1.0</speed><course>-1.0</course><hAcc>0.0</hAcc><vAcc>0.0</vAcc></extensions></trkpt><trkpt lat="49.62854071999995" lon="10.93974541000002"><ele>291.42</ele><time>2026-09-20T9:36:34Z</time><extensions><speed>-1.0</speed><course>-1.0</course><hAcc>0.0</hAcc><vAcc>0.0</vAcc></extensions></trkpt><trkpt lat="49.628567389999944" lon="10.93962208000002"><ele>291.42</ele><time>2026-09-20T9:36:36Z</time><extensions><speed>-1.0</speed><course>-1.0</course><hAcc>0.0</hAcc><vAcc>0.0</vAcc></extensions></trkpt><trkpt lat="49.62859138999995" lon="10.939524080000021"><ele>290.6</ele><time>2026-09-20T9:36:37Z</time><extensions><speed>-1.0</speed><course>-1.0</course><hAcc>0.0</hAcc><vAcc>0.0</vAcc></extensions></trkpt><trkpt lat="49.628608719999946" lon="10.93944041000002"><ele>290.6</ele><time>2026-09-20T9:36:38Z</time><extensions><speed>-1.0</speed><course>-1.0</course><hAcc>0.0</hAcc><vAcc>0.0</vAcc></extensions></trkpt><trkpt lat="49.62860138999994" lon="10.939353740000021"><ele>290.6</ele><time>2026-09-20T9:36:40Z</time><extensions><speed>-1.0</speed><course>-1.0</course><hAcc>0.0</hAcc><vAcc>0.0</vAcc></extensions></trkpt><trkpt lat="49.62856205999994" lon="10.939288740000022"><ele>290.6</ele><time>2026-09-20T9:36:42Z</time><extensions><speed>-1.0</speed><course>-1.0</course><hAcc>0.0</hAcc><vAcc>0.0</vAcc></extensions></trkpt><trkpt lat="49.628516729999944" lon="10.939236740000021"><ele>289.78000000000003</ele><time>2026-09-20T9:36:43Z</time><extensions><speed>-1.0</speed><course>-1.0</course><hAcc>0.0</hAcc><vAcc>0.0</vAcc></extensions></trkpt><trkpt lat="49.62844739999994" lon="10.939189740000021"><ele>289.78000000000003</ele><time>2026-09-20T9:36:45Z</time><extensions><speed>-1.0</speed><course>-1.0</course><hAcc>0.0</hAcc><vAcc>0.0</vAcc></extensions></trkpt><trkpt lat="49.62835706999994" lon="10.93914141000002"><ele>288.05</ele><time>2026-09-20T9:36:47Z</time><extensions><speed>-1.0</speed><course>-1.0</course><hAcc>0.0</hAcc><vAcc>0.0</vAcc></extensions></trkpt><trkpt lat="49.62827639999994" lon="10.939107410000021"><ele>288.05</ele><time>2026-09-20T9:36:48Z</time><extensions><speed>-1.0</speed><course>-1.0</course><hAcc>0.0</hAcc><vAcc>0.0</vAcc></extensions></trkpt><trkpt lat="49.62820206999994" lon="10.93908108000002"><ele>288.05</ele><time>2026-09-20T9:36:49Z</time><extensions><speed>-1.0</speed><course>-1.0</course><hAcc>0.0</hAcc><vAcc>0.0</vAcc></extensions></trkpt><trkpt lat="49.628111399999945" lon="10.93905808000002"><ele>288.05</ele><time>2026-09-20T9:36:51Z</time><extensions><speed>-1.0</speed><course>-1.0</course><hAcc>0.0</hAcc><vAcc>0.0</vAcc></extensions></trkpt><trkpt lat="49.628029399999946" lon="10.93904175000002"><ele>288.05</ele><time>2026-09-20T9:36:52Z</time><extensions><speed>-1.0</speed><course>-1.0</course><hAcc>0.0</hAcc><vAcc>0.0</vAcc></extensions></trkpt><trkpt lat="49.627934069999945" lon="10.939026750000021"><ele>288.05</ele><time>2026-09-20T9:36:54Z</time><extensions><speed>-1.0</speed><course>-1.0</course><hAcc>0.0</hAcc><vAcc>0.0</vAcc></extensions></trkpt><trkpt lat="49.627832739999945" lon="10.939013750000022"><ele>288.05</ele><time>2026-09-20T9:36:56Z</time><extensions><speed>-1.0</speed><course>-1.0</course><hAcc>0.0</hAcc><vAcc>0.0</vAcc></extensions></trkpt><trkpt lat="49.627745409999946" lon="10.938998750000023"><ele>288.05</ele><time>2026-09-20T9:36:57Z</time><extensions><speed>-1.0</speed><course>-1.0</course><hAcc>0.0</hAcc><vAcc>0.0</vAcc></extensions></trkpt><trkpt lat="49.627647079999946" lon="10.938984080000022"><ele>288.05</ele><time>2026-09-20T9:36:59Z</time><extensions><speed>-1.0</speed><course>-1.0</course><hAcc>0.0</hAcc><vAcc>0.0</vAcc></extensions></trkpt><trkpt lat="49.627560749999944" lon="10.938971750000022"><ele>288.05</ele><time>2026-09-20T9:37:00Z</time><extensions><speed>-1.0</speed><course>-1.0</course><hAcc>0.0</hAcc><vAcc>0.0</vAcc></extensions></trkpt><trkpt lat="49.62746674999995" lon="10.938956080000022"><ele>288.05</ele><time>2026-09-20T9:37:02Z</time><extensions><speed>-1.0</speed><course>-1.0</course><hAcc>0.0</hAcc><vAcc>0.0</vAcc></extensions></trkpt><trkpt lat="49.627366419999944" lon="10.938936410000021"><ele>288.05</ele><time>2026-09-20T9:37:04Z</time><extensions><speed>-1.0</speed><course>-1.0</course><hAcc>0.0</hAcc><vAcc>0.0</vAcc></extensions></trkpt><trkpt lat="49.627281419999946" lon="10.93891474000002"><ele>288.05</ele><time>2026-09-20T9:37:05Z</time><extensions><speed>-1.0</speed><course>-1.0</course><hAcc>0.0</hAcc><vAcc>0.0</vAcc></extensions></trkpt><trkpt lat="49.62720741999995" lon="10.938891070000022"><ele>288.05</ele><time>2026-09-20T9:37:06Z</time><extensions><speed>-1.0</speed><course>-1.0</course><hAcc>0.0</hAcc><vAcc>0.0</vAcc></extensions></trkpt><trkpt lat="49.627124089999946" lon="10.938856400000022"><ele>288.05</ele><time>2026-09-20T9:37:08Z</time><extensions><speed>-1.0</speed><course>-1.0</course><hAcc>0.0</hAcc><vAcc>0.0</vAcc></extensions></trkpt><trkpt lat="49.62705541999995" lon="10.938816400000022"><ele>288.05</ele><time>2026-09-20T9:37:09Z</time><extensions><speed>-1.0</speed><course>-1.0</course><hAcc>0.0</hAcc><vAcc>0.0</vAcc></extensions></trkpt><trkpt lat="49.62699941999995" lon="10.938770070000022"><ele>288.05</ele><time>2026-09-20T9:37:10Z</time><extensions><speed>-1.0</speed><course>-1.0</course><hAcc>0.0</hAcc><vAcc>0.0</vAcc></extensions></trkpt><trkpt lat="49.626954749999946" lon="10.938718070000021"><ele>288.05</ele><time>2026-09-20T9:37:11Z</time><extensions><speed>-1.0</speed><course>-1.0</course><hAcc>0.0</hAcc><vAcc>0.0</vAcc></extensions></trkpt><trkpt lat="49.626915419999946" lon="10.938630070000022"><ele>288.05</ele><time>2026-09-20T9:37:13Z</time><extensions><speed>-1.0</speed><course>-1.0</course><hAcc>0.0</hAcc><vAcc>0.0</vAcc></extensions></trkpt><trkpt lat="49.62687808999995" lon="10.938519740000022"><ele>288.05</ele><time>2026-09-20T9:37:15Z</time><extensions><speed>-1.0</speed><course>-1.0</course><hAcc>0.0</hAcc><vAcc>0.0</vAcc></extensions></trkpt><trkpt lat="49.62685141999995" lon="10.938422410000022"><ele>288.05</ele><time>2026-09-20T9:37:16Z</time><extensions><speed>-1.0</speed><course>-1.0</course><hAcc>0.0</hAcc><vAcc>0.0</vAcc></extensions></trkpt><trkpt lat="49.62683308999995" lon="10.938331410000023"><ele>288.05</ele><time>2026-09-20T9:37:17Z</time><extensions><speed>-1.0</speed><course>-1.0</course><hAcc>0.0</hAcc><vAcc>0.0</vAcc></extensions></trkpt><trkpt lat="49.626806089999945" lon="10.938232080000024"><ele>288.05</ele><time>2026-09-20T9:37:19Z</time><extensions><speed>-1.0</speed><course>-1.0</course><hAcc>0.0</hAcc><vAcc>0.0</vAcc></extensions></trkpt><trkpt lat="49.626772419999945" lon="10.938129080000024"><ele>288.05</ele><time>2026-09-20T9:37:21Z</time><extensions><speed>-1.0</speed><course>-1.0</course><hAcc>0.0</hAcc><vAcc>0.0</vAcc></extensions></trkpt><trkpt lat="49.62674774999994" lon="10.938038750000024"><ele>288.05</ele><time>2026-09-20T9:37:22Z</time><extensions><speed>-1.0</speed><course>-1.0</course><hAcc>0.0</hAcc><vAcc>0.0</vAcc></extensions></trkpt><trkpt lat="49.62672907999994" lon="10.937940080000024"><ele>288.05</ele><time>2026-09-20T9:37:24Z</time><extensions><speed>-1.0</speed><course>-1.0</course><hAcc>0.0</hAcc><vAcc>0.0</vAcc></extensions></trkpt><trkpt lat="49.62671640999994" lon="10.937833080000024"><ele>288.05</ele><time>2026-09-20T9:37:26Z</time><extensions><speed>-1.0</speed><course>-1.0</course><hAcc>0.0</hAcc><vAcc>0.0</vAcc></extensions></trkpt><trkpt lat="49.62672507999994" lon="10.937724750000024"><ele>288.05</ele><time>2026-09-20T9:37:28Z</time><extensions><speed>-1.0</speed><course>-1.0</course><hAcc>0.0</hAcc><vAcc>0.0</vAcc></extensions></trkpt><trkpt lat="49.62675074999994" lon="10.937614420000024"><ele>288.05</ele><time>2026-09-20T9:37:30Z</time><extensions><speed>-1.0</speed><course>-1.0</course><hAcc>0.0</hAcc><vAcc>0.0</vAcc></extensions></trkpt><trkpt lat="49.62677641999994" lon="10.937517090000025"><ele>288.05</ele><time>2026-09-20T9:37:31Z</time><extensions><speed>-1.0</speed><course>-1.0</course><hAcc>0.0</hAcc><vAcc>0.0</vAcc></extensions></trkpt><trkpt lat="49.626795419999944" lon="10.937420090000025"><ele>288.05</ele><time>2026-09-20T9:37:32Z</time><extensions><speed>-1.0</speed><course>-1.0</course><hAcc>0.0</hAcc><vAcc>0.0</vAcc></extensions></trkpt><trkpt lat="49.626822749999945" lon="10.937298420000024"><ele>288.05</ele><time>2026-09-20T9:37:34Z</time><extensions><speed>-1.0</speed><course>-1.0</course><hAcc>0.0</hAcc><vAcc>0.0</vAcc></extensions></trkpt><trkpt lat="49.62686374999995" lon="10.937168750000025"><ele>288.05</ele><time>2026-09-20T9:37:36Z</time><extensions><speed>-1.0</speed><course>-1.0</course><hAcc>0.0</hAcc><vAcc>0.0</vAcc></extensions></trkpt><trkpt lat="49.62691507999995" lon="10.937038420000025"><ele>288.05</ele><time>2026-09-20T9:37:38Z</time><extensions><speed>-1.0</speed><course>-1.0</course><hAcc>0.0</hAcc><vAcc>0.0</vAcc></extensions></trkpt><trkpt lat="49.626960409999946" lon="10.936928090000025"><ele>288.87</ele><time>2026-09-20T9:37:39Z</time><extensions><speed>-1.0</speed><course>-1.0</course><hAcc>0.0</hAcc><vAcc>0.0</vAcc></extensions></trkpt><trkpt lat="49.62700173999995" lon="10.936831760000025"><ele>288.87</ele><time>2026-09-20T9:37:40Z</time><extensions><speed>-1.0</speed><course>-1.0</course><hAcc>0.0</hAcc><vAcc>0.0</vAcc></extensions></trkpt><trkpt lat="49.627053739999944" lon="10.936720090000025"><ele>288.87</ele><time>2026-09-20T9:37:42Z</time><extensions><speed>-1.0</speed><course>-1.0</course><hAcc>0.0</hAcc><vAcc>0.0</vAcc></extensions></trkpt><trkpt lat="49.62710006999995" lon="10.936624090000025"><ele>288.87</ele><time>2026-09-20T9:37:43Z</time><extensions><speed>-1.0</speed><course>-1.0</course><hAcc>0.0</hAcc><vAcc>0.0</vAcc></extensions></trkpt><trkpt lat="49.62715239999995" lon="10.936518420000025"><ele>288.87</ele><time>2026-09-20T9:37:45Z</time><extensions><speed>-1.0</speed><course>-1.0</course><hAcc>0.0</hAcc><vAcc>0.0</vAcc></extensions></trkpt><trkpt lat="49.62719806999995" lon="10.936426420000025"><ele>288.87</ele><time>2026-09-20T9:37:46Z</time><extensions><speed>-1.0</speed><course>-1.0</course><hAcc>0.0</hAcc><vAcc>0.0</vAcc></extensions></trkpt><trkpt lat="49.62723973999995" lon="10.936345420000025"><ele>288.87</ele><time>2026-09-20T9:37:47Z</time><extensions><speed>-1.0</speed><course>-1.0</course><hAcc>0.0</hAcc><vAcc>0.0</vAcc></extensions></trkpt><trkpt lat="49.62728840999995" lon="10.936253420000025"><ele>288.87</ele><time>2026-09-20T9:37:49Z</time><extensions><speed>-1.0</speed><course>-1.0</course><hAcc>0.0</hAcc><vAcc>0.0</vAcc></extensions></trkpt><trkpt lat="49.62733140999995" lon="10.936171090000025"><ele>288.87</ele><time>2026-09-20T9:37:50Z</time><extensions><speed>-1.0</speed><course>-1.0</course><hAcc>0.0</hAcc><vAcc>0.0</vAcc></extensions></trkpt><trkpt lat="49.627379409999946" lon="10.936076090000025"><ele>288.87</ele><time>2026-09-20T9:37:52Z</time><extensions><speed>-1.0</speed><course>-1.0</course><hAcc>0.0</hAcc><vAcc>0.0</vAcc></extensions></trkpt><trkpt lat="49.62742073999995" lon="10.935991090000025"><ele>288.87</ele><time>2026-09-20T9:37:53Z</time><extensions><speed>-1.0</speed><course>-1.0</course><hAcc>0.0</hAcc><vAcc>0.0</vAcc></extensions></trkpt><trkpt lat="49.62745773999995" lon="10.935913090000025"><ele>288.87</ele><time>2026-09-20T9:37:54Z</time><extensions><speed>-1.0</speed><course>-1.0</course><hAcc>0.0</hAcc><vAcc>0.0</vAcc></extensions></trkpt><trkpt lat="49.627500739999945" lon="10.935817420000024"><ele>288.87</ele><time>2026-09-20T9:37:56Z</time><extensions><speed>-1.0</speed><course>-1.0</course><hAcc>0.0</hAcc><vAcc>0.0</vAcc></extensions></trkpt><trkpt lat="49.62754973999994" lon="10.935710090000024"><ele>288.87</ele><time>2026-09-20T9:37:58Z</time><extensions><speed>-1.0</speed><course>-1.0</course><hAcc>0.0</hAcc><vAcc>0.0</vAcc></extensions></trkpt><trkpt lat="49.62760073999994" lon="10.935590090000023"><ele>288.87</ele><time>2026-09-20T9:38:00Z</time><extensions><speed>-1.0</speed><course>-1.0</course><hAcc>0.0</hAcc><vAcc>0.0</vAcc></extensions></trkpt><trkpt lat="49.62764140999994" lon="10.935452760000024"><ele>288.87</ele><time>2026-09-20T9:38:02Z</time><extensions><speed>-1.0</speed><course>-1.0</course><hAcc>0.0</hAcc><vAcc>0.0</vAcc></extensions></trkpt><trkpt lat="49.62765807999994" lon="10.935306090000024"><ele>288.87</ele><time>2026-09-20T9:38:04Z</time><extensions><speed>-1.0</speed><course>-1.0</course><hAcc>0.0</hAcc><vAcc>0.0</vAcc></extensions></trkpt><trkpt lat="49.62766040999994" lon="10.935184090000025"><ele>288.87</ele><time>2026-09-20T9:38:05Z</time><extensions><speed>-1.0</speed><course>-1.0</course><hAcc>0.0</hAcc><vAcc>0.0</vAcc></extensions></trkpt><trkpt lat="49.627653409999944" lon="10.935076760000024"><ele>288.87</ele><time>2026-09-20T9:38:06Z</time><extensions><speed>-1.0</speed><course>-1.0</course><hAcc>0.0</hAcc><vAcc>0.0</vAcc></extensions></trkpt><trkpt lat="49.627641409999946" lon="10.934980430000024"><ele>288.87</ele><time>2026-09-20T9:38:07Z</time><extensions><speed>-1.0</speed><course>-1.0</course><hAcc>0.0</hAcc><vAcc>0.0</vAcc></extensions></trkpt><trkpt lat="49.62761773999995" lon="10.934867100000025"><ele>288.87</ele><time>2026-09-20T9:38:09Z</time><extensions><speed>-1.0</speed><course>-1.0</course><hAcc>0.0</hAcc><vAcc>0.0</vAcc></extensions></trkpt><trkpt lat="49.62759206999995" lon="10.934767770000025"><ele>288.87</ele><time>2026-09-20T9:38:10Z</time><extensions><speed>-1.0</speed><course>-1.0</course><hAcc>0.0</hAcc><vAcc>0.0</vAcc></extensions></trkpt><trkpt lat="49.62755773999995" lon="10.934654770000025"><ele>287.96</ele><time>2026-09-20T9:38:12Z</time><extensions><speed>-1.0</speed><course>-1.0</course><hAcc>0.0</hAcc><vAcc>0.0</vAcc></extensions></trkpt><trkpt lat="49.62752073999995" lon="10.934529770000024"><ele>287.96</ele><time>2026-09-20T9:38:14Z</time><extensions><speed>-1.0</speed><course>-1.0</course><hAcc>0.0</hAcc><vAcc>0.0</vAcc></extensions></trkpt><trkpt lat="49.62748206999995" lon="10.934397100000025"><ele>287.96</ele><time>2026-09-20T9:38:16Z</time><extensions><speed>-1.0</speed><course>-1.0</course><hAcc>0.0</hAcc><vAcc>0.0</vAcc></extensions></trkpt><trkpt lat="49.62744539999995" lon="10.934257430000025"><ele>287.96</ele><time>2026-09-20T9:38:18Z</time><extensions><speed>-1.0</speed><course>-1.0</course><hAcc>0.0</hAcc><vAcc>0.0</vAcc></extensions></trkpt><trkpt lat="49.627413069999946" lon="10.934112760000026"><ele>287.96</ele><time>2026-09-20T9:38:20Z</time><extensions><speed>-1.0</speed><course>-1.0</course><hAcc>0.0</hAcc><vAcc>0.0</vAcc></extensions></trkpt><trkpt lat="49.62738439999995" lon="10.933965090000026"><ele>287.96</ele><time>2026-09-20T9:38:22Z</time><extensions><speed>-1.0</speed><course>-1.0</course><hAcc>0.0</hAcc><vAcc>0.0</vAcc></extensions></trkpt><trkpt lat="49.62736172999995" lon="10.933840760000026"><ele>287.96</ele><time>2026-09-20T9:38:23Z</time><extensions><speed>-1.0</speed><course>-1.0</course><hAcc>0.0</hAcc><vAcc>0.0</vAcc></extensions></trkpt><trkpt lat="49.62733839999995" lon="10.933708090000026"><ele>287.96</ele><time>2026-09-20T9:38:25Z</time><extensions><speed>-1.0</speed><course>-1.0</course><hAcc>0.0</hAcc><vAcc>0.0</vAcc></extensions></trkpt><trkpt lat="49.62731739999995" lon="10.933569760000026"><ele>287.96</ele><time>2026-09-20T9:38:27Z</time><extensions><speed>-1.0</speed><course>-1.0</course><hAcc>0.0</hAcc><vAcc>0.0</vAcc></extensions></trkpt><trkpt lat="49.62729539999995" lon="10.933427430000027"><ele>287.96</ele><time>2026-09-20T9:38:29Z</time><extensions><speed>-1.0</speed><course>-1.0</course><hAcc>0.0</hAcc><vAcc>0.0</vAcc></extensions></trkpt><trkpt lat="49.62727672999995" lon="10.933306430000027"><ele>287.96</ele><time>2026-09-20T9:38:30Z</time><extensions><speed>-1.0</speed><course>-1.0</course><hAcc>0.0</hAcc><vAcc>0.0</vAcc></extensions></trkpt><trkpt lat="49.62725705999995" lon="10.933179100000027"><ele>287.96</ele><time>2026-09-20T9:38:32Z</time><extensions><speed>-1.0</speed><course>-1.0</course><hAcc>0.0</hAcc><vAcc>0.0</vAcc></extensions></trkpt><trkpt lat="49.62724005999995" lon="10.933070770000027"><ele>287.96</ele><time>2026-09-20T9:38:33Z</time><extensions><speed>-1.0</speed><course>-1.0</course><hAcc>0.0</hAcc><vAcc>0.0</vAcc></extensions></trkpt><trkpt lat="49.62722305999995" lon="10.932952100000026"><ele>287.96</ele><time>2026-09-20T9:38:35Z</time><extensions><speed>-1.0</speed><course>-1.0</course><hAcc>0.0</hAcc><vAcc>0.0</vAcc></extensions></trkpt><trkpt lat="49.62720405999995" lon="10.932827100000026"><ele>287.96</ele><time>2026-09-20T9:38:37Z</time><extensions><speed>-1.0</speed><course>-1.0</course><hAcc>0.0</hAcc><vAcc>0.0</vAcc></extensions></trkpt><trkpt lat="49.627185059999945" lon="10.932697770000026"><ele>287.96</ele><time>2026-09-20T9:38:39Z</time><extensions><speed>-1.0</speed><course>-1.0</course><hAcc>0.0</hAcc><vAcc>0.0</vAcc></extensions></trkpt><trkpt lat="49.62716905999994" lon="10.932586770000025"><ele>287.96</ele><time>2026-09-20T9:38:40Z</time><extensions><speed>-1.0</speed><course>-1.0</course><hAcc>0.0</hAcc><vAcc>0.0</vAcc></extensions></trkpt><trkpt lat="49.627151389999945" lon="10.932464770000026"><ele>287.96</ele><time>2026-09-20T9:38:42Z</time><extensions><speed>-1.0</speed><course>-1.0</course><hAcc>0.0</hAcc><vAcc>0.0</vAcc></extensions></trkpt><trkpt lat="49.62713638999995" lon="10.932358770000025"><ele>287.96</ele><time>2026-09-20T9:38:43Z</time><extensions><speed>-1.0</speed><course>-1.0</course><hAcc>0.0</hAcc><vAcc>0.0</vAcc></extensions></trkpt><trkpt lat="49.627117389999945" lon="10.932240100000024"><ele>287.96</ele><time>2026-09-20T9:38:45Z</time><extensions><speed>-1.0</speed><course>-1.0</course><hAcc>0.0</hAcc><vAcc>0.0</vAcc></extensions></trkpt><trkpt lat="49.62710005999995" lon="10.932137430000024"><ele>287.96</ele><time>2026-09-20T9:38:46Z</time><extensions><speed>-1.0</speed><course>-1.0</course><hAcc>0.0</hAcc><vAcc>0.0</vAcc></extensions></trkpt><trkpt lat="49.62707972999995" lon="10.932023100000023"><ele>287.96</ele><time>2026-09-20T9:38:48Z</time><extensions><speed>-1.0</speed><course>-1.0</course><hAcc>0.0</hAcc><vAcc>0.0</vAcc></extensions></trkpt><trkpt lat="49.627058059999946" lon="10.931900100000023"><ele>287.96</ele><time>2026-09-20T9:38:50Z</time><extensions><speed>-1.0</speed><course>-1.0</course><hAcc>0.0</hAcc><vAcc>0.0</vAcc></extensions></trkpt><trkpt lat="49.62704005999995" lon="10.931795100000024"><ele>287.96</ele><time>2026-09-20T9:38:51Z</time><extensions><speed>-1.0</speed><course>-1.0</course><hAcc>0.0</hAcc><vAcc>0.0</vAcc></extensions></trkpt><trkpt lat="49.62702105999995" lon="10.931678770000023"><ele>287.96</ele><time>2026-09-20T9:38:53Z</time><extensions><speed>-1.0</speed><course>-1.0</course><hAcc>0.0</hAcc><vAcc>0.0</vAcc></extensions></trkpt><trkpt lat="49.627004729999946" lon="10.931578770000023"><ele>287.96</ele><time>2026-09-20T9:38:54Z</time><extensions><speed>-1.0</speed><course>-1.0</course><hAcc>0.0</hAcc><vAcc>0.0</vAcc></extensions></trkpt><trkpt lat="49.626991059999945" lon="10.931489770000024"><ele>287.96</ele><time>2026-09-20T9:38:55Z</time><extensions><speed>-1.0</speed><course>-1.0</course><hAcc>0.0</hAcc><vAcc>0.0</vAcc></extensions></trkpt><trkpt lat="49.62697538999994" lon="10.931386440000024"><ele>287.96</ele><time>2026-09-20T9:38:57Z</time><extensions><speed>-1.0</speed><course>-1.0</course><hAcc>0.0</hAcc><vAcc>0.0</vAcc></extensions></trkpt><trkpt lat="49.62696171999994" lon="10.931296770000024"><ele>287.96</ele><time>2026-09-20T9:38:58Z</time><extensions><speed>-1.0</speed><course>-1.0</course><hAcc>0.0</hAcc><vAcc>0.0</vAcc></extensions></trkpt><trkpt lat="49.62694538999994" lon="10.931195770000024"><ele>287.96</ele><time>2026-09-20T9:39:00Z</time><extensions><speed>-1.0</speed><course>-1.0</course><hAcc>0.0</hAcc><vAcc>0.0</vAcc></extensions></trkpt><trkpt lat="49.62693105999994" lon="10.931109770000024"><ele>287.96</ele><time>2026-09-20T9:39:01Z</time><extensions><speed>-1.0</speed><course>-1.0</course><hAcc>0.0</hAcc><vAcc>0.0</vAcc></extensions></trkpt><trkpt lat="49.62692038999994" lon="10.931016100000024"><ele>288.87</ele><time>2026-09-20T9:39:03Z</time><extensions><speed>-1.0</speed><course>-1.0</course><hAcc>0.0</hAcc><vAcc>0.0</vAcc></extensions></trkpt><trkpt lat="49.62690805999994" lon="10.930909770000024"><ele>288.87</ele><time>2026-09-20T9:39:05Z</time><extensions><speed>-1.0</speed><course>-1.0</course><hAcc>0.0</hAcc><vAcc>0.0</vAcc></extensions></trkpt><trkpt lat="49.62690438999994" lon="10.930794770000025"><ele>288.87</ele><time>2026-09-20T9:39:07Z</time><extensions><speed>-1.0</speed><course>-1.0</course><hAcc>0.0</hAcc><vAcc>0.0</vAcc></extensions></trkpt><trkpt lat="49.626906389999945" lon="10.930674100000026"><ele>288.87</ele><time>2026-09-20T9:39:09Z</time><extensions><speed>-1.0</speed><course>-1.0</course><hAcc>0.0</hAcc><vAcc>0.0</vAcc></extensions></trkpt><trkpt lat="49.62691271999994" lon="10.930548100000026"><ele>288.87</ele><time>2026-09-20T9:39:11Z</time><extensions><speed>-1.0</speed><course>-1.0</course><hAcc>0.0</hAcc><vAcc>0.0</vAcc></extensions></trkpt><trkpt lat="49.626918049999944" lon="10.930440430000026"><ele>288.87</ele><time>2026-09-20T9:39:12Z</time><extensions><speed>-1.0</speed><course>-1.0</course><hAcc>0.0</hAcc><vAcc>0.0</vAcc></extensions></trkpt><trkpt lat="49.626920719999944" lon="10.930322430000025"><ele>288.87</ele><time>2026-09-20T9:39:14Z</time><extensions><speed>-1.0</speed><course>-1.0</course><hAcc>0.0</hAcc><vAcc>0.0</vAcc></extensions></trkpt><trkpt lat="49.626923049999945" lon="10.930219430000026"><ele>288.87</ele><time>2026-09-20T9:39:15Z</time><extensions><speed>-1.0</speed><course>-1.0</course><hAcc>0.0</hAcc><vAcc>0.0</vAcc></extensions></trkpt><trkpt lat="49.62692504999995" lon="10.930105430000026"><ele>288.87</ele><time>2026-09-20T9:39:17Z</time><extensions><speed>-1.0</speed><course>-1.0</course><hAcc>0.0</hAcc><vAcc>0.0</vAcc></extensions></trkpt><trkpt lat="49.62692704999995" lon="10.929983100000026"><ele>288.87</ele><time>2026-09-20T9:39:19Z</time><extensions><speed>-1.0</speed><course>-1.0</course><hAcc>0.0</hAcc><vAcc>0.0</vAcc></extensions></trkpt><trkpt lat="49.62692604999995" lon="10.929880770000025"><ele>288.87</ele><time>2026-09-20T9:39:20Z</time><extensions><speed>-1.0</speed><course>-1.0</course><hAcc>0.0</hAcc><vAcc>0.0</vAcc></extensions></trkpt><trkpt lat="49.62692337999995" lon="10.929771770000025"><ele>288.87</ele><time>2026-09-20T9:39:22Z</time><extensions><speed>-1.0</speed><course>-1.0</course><hAcc>0.0</hAcc><vAcc>0.0</vAcc></extensions></trkpt><trkpt lat="49.62691670999995" lon="10.929648100000025"><ele>288.87</ele><time>2026-09-20T9:39:24Z</time><extensions><speed>-1.0</speed><course>-1.0</course><hAcc>0.0</hAcc><vAcc>0.0</vAcc></extensions></trkpt><trkpt lat="49.62690670999995" lon="10.929521770000024"><ele>288.87</ele><time>2026-09-20T9:39:26Z</time><extensions><speed>-1.0</speed><course>-1.0</course><hAcc>0.0</hAcc><vAcc>0.0</vAcc></extensions></trkpt><trkpt lat="49.62689637999995" lon="10.929418100000024"><ele>288.87</ele><time>2026-09-20T9:39:27Z</time><extensions><speed>-1.0</speed><course>-1.0</course><hAcc>0.0</hAcc><vAcc>0.0</vAcc></extensions></trkpt><trkpt lat="49.62689237999995" lon="10.929300430000024"><ele>288.87</ele><time>2026-09-20T9:39:29Z</time><extensions><speed>-1.0</speed><course>-1.0</course><hAcc>0.0</hAcc><vAcc>0.0</vAcc></extensions></trkpt><trkpt lat="49.62688970999995" lon="10.929194430000024"><ele>288.87</ele><time>2026-09-20T9:39:30Z</time><extensions><speed>-1.0</speed><course>-1.0</course><hAcc>0.0</hAcc><vAcc>0.0</vAcc></extensions></trkpt><trkpt lat="49.626885709999954" lon="10.929101100000024"><ele>288.87</ele><time>2026-09-20T9:39:31Z</time><extensions><speed>-1.0</speed><course>-1.0</course><hAcc>0.0</hAcc><vAcc>0.0</vAcc></extensions></trkpt><trkpt lat="49.62688737999996" lon="10.928990430000024"><ele>288.87</ele><time>2026-09-20T9:39:33Z</time><extensions><speed>-1.0</speed><course>-1.0</course><hAcc>0.0</hAcc><vAcc>0.0</vAcc></extensions></trkpt><trkpt lat="49.626893379999956" lon="10.928892430000024"><ele>288.87</ele><time>2026-09-20T9:39:34Z</time><extensions><speed>-1.0</speed><course>-1.0</course><hAcc>0.0</hAcc><vAcc>0.0</vAcc></extensions></trkpt><trkpt lat="49.626901709999956" lon="10.928807100000025"><ele>288.87</ele><time>2026-09-20T9:39:35Z</time><extensions><speed>-1.0</speed><course>-1.0</course><hAcc>0.0</hAcc><vAcc>0.0</vAcc></extensions></trkpt><trkpt lat="49.626898709999956" lon="10.928694100000024"><ele>288.87</ele><time>2026-09-20T9:39:37Z</time><extensions><speed>-1.0</speed><course>-1.0</course><hAcc>0.0</hAcc><vAcc>0.0</vAcc></extensions></trkpt><trkpt lat="49.62689270999996" lon="10.928572430000024"><ele>288.87</ele><time>2026-09-20T9:39:39Z</time><extensions><speed>-1.0</speed><course>-1.0</course><hAcc>0.0</hAcc><vAcc>0.0</vAcc></extensions></trkpt><trkpt lat="49.626882709999954" lon="10.928466430000023"><ele>288.87</ele><time>2026-09-20T9:39:40Z</time><extensions><speed>-1.0</speed><course>-1.0</course><hAcc>0.0</hAcc><vAcc>0.0</vAcc></extensions></trkpt><trkpt lat="49.62686403999995" lon="10.928347430000024"><ele>288.87</ele><time>2026-09-20T9:39:42Z</time><extensions><speed>-1.0</speed><course>-1.0</course><hAcc>0.0</hAcc><vAcc>0.0</vAcc></extensions></trkpt><trkpt lat="49.62684336999995" lon="10.928245100000023"><ele>288.87</ele><time>2026-09-20T9:39:43Z</time><extensions><speed>-1.0</speed><course>-1.0</course><hAcc>0.0</hAcc><vAcc>0.0</vAcc></extensions></trkpt><trkpt lat="49.62682436999995" lon="10.928151100000022"><ele>288.87</ele><time>2026-09-20T9:39:44Z</time><extensions><speed>-1.0</speed><course>-1.0</course><hAcc>0.0</hAcc><vAcc>0.0</vAcc></extensions></trkpt><trkpt lat="49.62680136999995" lon="10.928041430000022"><ele>288.87</ele><time>2026-09-20T9:39:46Z</time><extensions><speed>-1.0</speed><course>-1.0</course><hAcc>0.0</hAcc><vAcc>0.0</vAcc></extensions></trkpt><trkpt lat="49.626769699999954" lon="10.927919760000021"><ele>288.87</ele><time>2026-09-20T9:39:48Z</time><extensions><speed>-1.0</speed><course>-1.0</course><hAcc>0.0</hAcc><vAcc>0.0</vAcc></extensions></trkpt><trkpt lat="49.626741369999955" lon="10.927814430000021"><ele>288.87</ele><time>2026-09-20T9:39:49Z</time><extensions><speed>-1.0</speed><course>-1.0</course><hAcc>0.0</hAcc><vAcc>0.0</vAcc></extensions></trkpt><trkpt lat="49.62670703999996" lon="10.92769810000002"><ele>288.87</ele><time>2026-09-20T9:39:51Z</time><extensions><speed>-1.0</speed><course>-1.0</course><hAcc>0.0</hAcc><vAcc>0.0</vAcc></extensions></trkpt><trkpt lat="49.62667603999996" lon="10.92759677000002"><ele>288.87</ele><time>2026-09-20T9:39:52Z</time><extensions><speed>-1.0</speed><course>-1.0</course><hAcc>0.0</hAcc><vAcc>0.0</vAcc></extensions></trkpt><trkpt lat="49.626643709999954" lon="10.92748444000002"><ele>289.78000000000003</ele><time>2026-09-20T9:39:54Z</time><extensions><speed>-1.0</speed><course>-1.0</course><hAcc>0.0</hAcc><vAcc>0.0</vAcc></extensions></trkpt><trkpt lat="49.62661103999995" lon="10.92736577000002"><ele>289.78000000000003</ele><time>2026-09-20T9:39:56Z</time><extensions><speed>-1.0</speed><course>-1.0</course><hAcc>0.0</hAcc><vAcc>0.0</vAcc></extensions></trkpt><trkpt lat="49.62658236999995" lon="10.927239100000019"><ele>289.78000000000003</ele><time>2026-09-20T9:39:58Z</time><extensions><speed>-1.0</speed><course>-1.0</course><hAcc>0.0</hAcc><vAcc>0.0</vAcc></extensions></trkpt><trkpt lat="49.62656203999995" lon="10.927110770000018"><ele>289.78000000000003</ele><time>2026-09-20T9:40:00Z</time><extensions><speed>-1.0</speed><course>-1.0</course><hAcc>0.0</hAcc><vAcc>0.0</vAcc></extensions></trkpt><trkpt lat="49.62654670999996" lon="10.926976100000019"><ele>289.78000000000003</ele><time>2026-09-20T9:40:02Z</time><extensions><speed>-1.0</speed><course>-1.0</course><hAcc>0.0</hAcc><vAcc>0.0</vAcc></extensions></trkpt><trkpt lat="49.62653437999996" lon="10.926838100000019"><ele>289.78000000000003</ele><time>2026-09-20T9:40:04Z</time><extensions><speed>-1.0</speed><course>-1.0</course><hAcc>0.0</hAcc><vAcc>0.0</vAcc></extensions></trkpt><trkpt lat="49.62652604999996" lon="10.926721770000018"><ele>289.78000000000003</ele><time>2026-09-20T9:40:05Z</time><extensions><speed>-1.0</speed><course>-1.0</course><hAcc>0.0</hAcc><vAcc>0.0</vAcc></extensions></trkpt><trkpt lat="49.62652204999996" lon="10.926595770000018"><ele>289.78000000000003</ele><time>2026-09-20T9:40:07Z</time><extensions><speed>-1.0</speed><course>-1.0</course><hAcc>0.0</hAcc><vAcc>0.0</vAcc></extensions></trkpt><trkpt lat="49.62652004999996" lon="10.926486100000018"><ele>289.78000000000003</ele><time>2026-09-20T9:40:08Z</time><extensions><speed>-1.0</speed><course>-1.0</course><hAcc>0.0</hAcc><vAcc>0.0</vAcc></extensions></trkpt><trkpt lat="49.62651804999996" lon="10.926386770000018"><ele>289.78000000000003</ele><time>2026-09-20T9:40:09Z</time><extensions><speed>-1.0</speed><course>-1.0</course><hAcc>0.0</hAcc><vAcc>0.0</vAcc></extensions></trkpt><trkpt lat="49.626513719999956" lon="10.926269770000019"><ele>289.78000000000003</ele><time>2026-09-20T9:40:11Z</time><extensions><speed>-1.0</speed><course>-1.0</course><hAcc>0.0</hAcc><vAcc>0.0</vAcc></extensions></trkpt><trkpt lat="49.62650904999995" lon="10.92616477000002"><ele>289.78000000000003</ele><time>2026-09-20T9:40:12Z</time><extensions><speed>-1.0</speed><course>-1.0</course><hAcc>0.0</hAcc><vAcc>0.0</vAcc></extensions></trkpt><trkpt lat="49.626502719999955" lon="10.92604377000002"><ele>289.78000000000003</ele><time>2026-09-20T9:40:14Z</time><extensions><speed>-1.0</speed><course>-1.0</course><hAcc>0.0</hAcc><vAcc>0.0</vAcc></extensions></trkpt><trkpt lat="49.62649871999996" lon="10.92593744000002"><ele>289.78000000000003</ele><time>2026-09-20T9:40:15Z</time><extensions><speed>-1.0</speed><course>-1.0</course><hAcc>0.0</hAcc><vAcc>0.0</vAcc></extensions></trkpt><trkpt lat="49.62649004999996" lon="10.92581477000002"><ele>289.78000000000003</ele><time>2026-09-20T9:40:17Z</time><extensions><speed>-1.0</speed><course>-1.0</course><hAcc>0.0</hAcc><vAcc>0.0</vAcc></extensions></trkpt><trkpt lat="49.62647837999996" lon="10.92568744000002"><ele>289.78000000000003</ele><time>2026-09-20T9:40:19Z</time><extensions><speed>-1.0</speed><course>-1.0</course><hAcc>0.0</hAcc><vAcc>0.0</vAcc></extensions></trkpt><trkpt lat="49.62646670999996" lon="10.92557211000002"><ele>289.78000000000003</ele><time>2026-09-20T9:40:20Z</time><extensions><speed>-1.0</speed><course>-1.0</course><hAcc>0.0</hAcc><vAcc>0.0</vAcc></extensions></trkpt><trkpt lat="49.62645037999996" lon="10.925444440000021"><ele>289.78000000000003</ele><time>2026-09-20T9:40:22Z</time><extensions><speed>-1.0</speed><course>-1.0</course><hAcc>0.0</hAcc><vAcc>0.0</vAcc></extensions></trkpt><trkpt lat="49.62643570999996" lon="10.925333770000021"><ele>289.78000000000003</ele><time>2026-09-20T9:40:23Z</time><extensions><speed>-1.0</speed><course>-1.0</course><hAcc>0.0</hAcc><vAcc>0.0</vAcc></extensions></trkpt><trkpt lat="49.62641803999996" lon="10.925211440000021"><ele>289.78000000000003</ele><time>2026-09-20T9:40:25Z</time><extensions><speed>-1.0</speed><course>-1.0</course><hAcc>0.0</hAcc><vAcc>0.0</vAcc></extensions></trkpt><trkpt lat="49.62639936999996" lon="10.925081110000022"><ele>289.78000000000003</ele><time>2026-09-20T9:40:27Z</time><extensions><speed>-1.0</speed><course>-1.0</course><hAcc>0.0</hAcc><vAcc>0.0</vAcc></extensions></trkpt><trkpt lat="49.62638336999996" lon="10.924969440000021"><ele>289.78000000000003</ele><time>2026-09-20T9:40:28Z</time><extensions><speed>-1.0</speed><course>-1.0</course><hAcc>0.0</hAcc><vAcc>0.0</vAcc></extensions></trkpt><trkpt lat="49.626369699999955" lon="10.924870770000021"><ele>289.78000000000003</ele><time>2026-09-20T9:40:29Z</time><extensions><speed>-1.0</speed><course>-1.0</course><hAcc>0.0</hAcc><vAcc>0.0</vAcc></extensions></trkpt><trkpt lat="49.62635069999995" lon="10.924759770000021"><ele>289.78000000000003</ele><time>2026-09-20T9:40:31Z</time><extensions><speed>-1.0</speed><course>-1.0</course><hAcc>0.0</hAcc><vAcc>0.0</vAcc></extensions></trkpt><trkpt lat="49.626333369999955" lon="10.924661770000021"><ele>289.78000000000003</ele><time>2026-09-20T9:40:32Z</time><extensions><speed>-1.0</speed><course>-1.0</course><hAcc>0.0</hAcc><vAcc>0.0</vAcc></extensions></trkpt><trkpt lat="49.62631169999995" lon="10.924550770000021"><ele>289.78000000000003</ele><time>2026-09-20T9:40:34Z</time><extensions><speed>-1.0</speed><course>-1.0</course><hAcc>0.0</hAcc><vAcc>0.0</vAcc></extensions></trkpt><trkpt lat="49.62628636999995" lon="10.924433440000021"><ele>289.78000000000003</ele><time>2026-09-20T9:40:36Z</time><extensions><speed>-1.0</speed><course>-1.0</course><hAcc>0.0</hAcc><vAcc>0.0</vAcc></extensions></trkpt><trkpt lat="49.626263369999954" lon="10.92433444000002"><ele>289.78000000000003</ele><time>2026-09-20T9:40:37Z</time><extensions><speed>-1.0</speed><course>-1.0</course><hAcc>0.0</hAcc><vAcc>0.0</vAcc></extensions></trkpt><trkpt lat="49.626243699999954" lon="10.92424811000002"><ele>289.78000000000003</ele><time>2026-09-20T9:40:38Z</time><extensions><speed>-1.0</speed><course>-1.0</course><hAcc>0.0</hAcc><vAcc>0.0</vAcc></extensions></trkpt><trkpt lat="49.62622536999995" lon="10.92417044000002"><ele>289.78000000000003</ele><time>2026-09-20T9:40:39Z</time><extensions><speed>-1.0</speed><course>-1.0</course><hAcc>0.0</hAcc><vAcc>0.0</vAcc></extensions></trkpt><trkpt lat="49.62620503999995" lon="10.92408111000002"><ele>289.78000000000003</ele><time>2026-09-20T9:40:41Z</time><extensions><speed>-1.0</speed><course>-1.0</course><hAcc>0.0</hAcc><vAcc>0.0</vAcc></extensions></trkpt><trkpt lat="49.62618270999995" lon="10.92398211000002"><ele>289.78000000000003</ele><time>2026-09-20T9:40:43Z</time><extensions><speed>-1.0</speed><course>-1.0</course><hAcc>0.0</hAcc><vAcc>0.0</vAcc></extensions></trkpt><trkpt lat="49.62615803999995" lon="10.92388411000002"><ele>290.78000000000003</ele><time>2026-09-20T9:40:45Z</time><extensions><speed>-1.0</speed><course>-1.0</course><hAcc>0.0</hAcc><vAcc>0.0</vAcc></extensions></trkpt><trkpt lat="49.62613303999995" lon="10.92378844000002"><ele>290.78000000000003</ele><time>2026-09-20T9:40:47Z</time><extensions><speed>-1.0</speed><course>-1.0</course><hAcc>0.0</hAcc><vAcc>0.0</vAcc></extensions></trkpt><trkpt lat="49.62611270999995" lon="10.92370977000002"><ele>290.78000000000003</ele><time>2026-09-20T9:40:48Z</time><extensions><speed>-1.0</speed><course>-1.0</course><hAcc>0.0</hAcc><vAcc>0.0</vAcc></extensions></trkpt><trkpt lat="49.62609303999995" lon="10.92363044000002"><ele>290.78000000000003</ele><time>2026-09-20T9:40:50Z</time><extensions><speed>-1.0</speed><course>-1.0</course><hAcc>0.0</hAcc><vAcc>0.0</vAcc></extensions></trkpt><trkpt lat="49.62607436999995" lon="10.92356277000002"><ele>290.78000000000003</ele><time>2026-09-20T9:40:51Z</time><extensions><speed>-1.0</speed><course>-1.0</course><hAcc>0.0</hAcc><vAcc>0.0</vAcc></extensions></trkpt><trkpt lat="49.62605736999995" lon="10.92349677000002"><ele>290.78000000000003</ele><time>2026-09-20T9:40:52Z</time><extensions><speed>-1.0</speed><course>-1.0</course><hAcc>0.0</hAcc><vAcc>0.0</vAcc></extensions></trkpt><trkpt lat="49.62603169999995" lon="10.923409770000019"><ele>290.78000000000003</ele><time>2026-09-20T9:40:54Z</time><extensions><speed>-1.0</speed><course>-1.0</course><hAcc>0.0</hAcc><vAcc>0.0</vAcc></extensions></trkpt><trkpt lat="49.625999029999946" lon="10.923303770000018"><ele>290.78000000000003</ele><time>2026-09-20T9:40:56Z</time><extensions><speed>-1.0</speed><course>-1.0</course><hAcc>0.0</hAcc><vAcc>0.0</vAcc></extensions></trkpt><trkpt lat="49.625965029999946" lon="10.923189100000018"><ele>290.78000000000003</ele><time>2026-09-20T9:40:58Z</time><extensions><speed>-1.0</speed><course>-1.0</course><hAcc>0.0</hAcc><vAcc>0.0</vAcc></extensions></trkpt><trkpt lat="49.62593602999995" lon="10.923069100000017"><ele>290.78000000000003</ele><time>2026-09-20T9:41:00Z</time><extensions><speed>-1.0</speed><course>-1.0</course><hAcc>0.0</hAcc><vAcc>0.0</vAcc></extensions></trkpt><trkpt lat="49.62591369999995" lon="10.922968100000016"><ele>290.78000000000003</ele><time>2026-09-20T9:41:01Z</time><extensions><speed>-1.0</speed><course>-1.0</course><hAcc>0.0</hAcc><vAcc>0.0</vAcc></extensions></trkpt><trkpt lat="49.62589602999995" lon="10.922880100000016"><ele>290.78000000000003</ele><time>2026-09-20T9:41:02Z</time><extensions><speed>-1.0</speed><course>-1.0</course><hAcc>0.0</hAcc><vAcc>0.0</vAcc></extensions></trkpt><trkpt lat="49.62588202999995" lon="10.922803100000017"><ele>290.78000000000003</ele><time>2026-09-20T9:41:03Z</time><extensions><speed>-1.0</speed><course>-1.0</course><hAcc>0.0</hAcc><vAcc>0.0</vAcc></extensions></trkpt><trkpt lat="49.62586802999995" lon="10.922710430000016"><ele>290.78000000000003</ele><time>2026-09-20T9:41:05Z</time><extensions><speed>-1.0</speed><course>-1.0</course><hAcc>0.0</hAcc><vAcc>0.0</vAcc></extensions></trkpt><trkpt lat="49.62585535999995" lon="10.922627100000016"><ele>290.78000000000003</ele><time>2026-09-20T9:41:06Z</time><extensions><speed>-1.0</speed><course>-1.0</course><hAcc>0.0</hAcc><vAcc>0.0</vAcc></extensions></trkpt><trkpt lat="49.625843029999956" lon="10.922525430000016"><ele>290.78000000000003</ele><time>2026-09-20T9:41:08Z</time><extensions><speed>-1.0</speed><course>-1.0</course><hAcc>0.0</hAcc><vAcc>0.0</vAcc></extensions></trkpt><trkpt lat="49.625829359999955" lon="10.922410760000016"><ele>290.78000000000003</ele><time>2026-09-20T9:41:10Z</time><extensions><speed>-1.0</speed><course>-1.0</course><hAcc>0.0</hAcc><vAcc>0.0</vAcc></extensions></trkpt><trkpt lat="49.62581668999996" lon="10.922285430000017"><ele>290.78000000000003</ele><time>2026-09-20T9:41:12Z</time><extensions><speed>-1.0</speed><course>-1.0</course><hAcc>0.0</hAcc><vAcc>0.0</vAcc></extensions></trkpt><trkpt lat="49.625806689999955" lon="10.922177760000016"><ele>290.78000000000003</ele><time>2026-09-20T9:41:13Z</time><extensions><speed>-1.0</speed><course>-1.0</course><hAcc>0.0</hAcc><vAcc>0.0</vAcc></extensions></trkpt><trkpt lat="49.62579435999996" lon="10.922056090000016"><ele>290.78000000000003</ele><time>2026-09-20T9:41:15Z</time><extensions><speed>-1.0</speed><course>-1.0</course><hAcc>0.0</hAcc><vAcc>0.0</vAcc></extensions></trkpt><trkpt lat="49.62578002999996" lon="10.921925420000015"><ele>290.78000000000003</ele><time>2026-09-20T9:41:17Z</time><extensions><speed>-1.0</speed><course>-1.0</course><hAcc>0.0</hAcc><vAcc>0.0</vAcc></extensions></trkpt><trkpt lat="49.62576569999996" lon="10.921789420000016"><ele>290.78000000000003</ele><time>2026-09-20T9:41:19Z</time><extensions><speed>-1.0</speed><course>-1.0</course><hAcc>0.0</hAcc><vAcc>0.0</vAcc></extensions></trkpt><trkpt lat="49.62575202999996" lon="10.921647750000016"><ele>290.78000000000003</ele><time>2026-09-20T9:41:21Z</time><extensions><speed>-1.0</speed><course>-1.0</course><hAcc>0.0</hAcc><vAcc>0.0</vAcc></extensions></trkpt><trkpt lat="49.62574069999996" lon="10.921528420000016"><ele>290.78000000000003</ele><time>2026-09-20T9:41:22Z</time><extensions><speed>-1.0</speed><course>-1.0</course><hAcc>0.0</hAcc><vAcc>0.0</vAcc></extensions></trkpt><trkpt lat="49.62573036999996" lon="10.921424090000016"><ele>290.78000000000003</ele><time>2026-09-20T9:41:23Z</time><extensions><speed>-1.0</speed><course>-1.0</course><hAcc>0.0</hAcc><vAcc>0.0</vAcc></extensions></trkpt><trkpt lat="49.625720039999955" lon="10.921330760000016"><ele>290.78000000000003</ele><time>2026-09-20T9:41:24Z</time><extensions><speed>-1.0</speed><course>-1.0</course><hAcc>0.0</hAcc><vAcc>0.0</vAcc></extensions></trkpt><trkpt lat="49.625705369999956" lon="10.921219430000017"><ele>290.78000000000003</ele><time>2026-09-20T9:41:26Z</time><extensions><speed>-1.0</speed><course>-1.0</course><hAcc>0.0</hAcc><vAcc>0.0</vAcc></extensions></trkpt><trkpt lat="49.625691369999956" lon="10.921121430000017"><ele>290.78000000000003</ele><time>2026-09-20T9:41:27Z</time><extensions><speed>-1.0</speed><course>-1.0</course><hAcc>0.0</hAcc><vAcc>0.0</vAcc></extensions></trkpt><trkpt lat="49.62567969999996" lon="10.921035100000017"><ele>290.78000000000003</ele><time>2026-09-20T9:41:28Z</time><extensions><speed>-1.0</speed><course>-1.0</course><hAcc>0.0</hAcc><vAcc>0.0</vAcc></extensions></trkpt><trkpt lat="49.62566536999996" lon="10.920930100000017"><ele>290.78000000000003</ele><time>2026-09-20T9:41:30Z</time><extensions><speed>-1.0</speed><course>-1.0</course><hAcc>0.0</hAcc><vAcc>0.0</vAcc></extensions></trkpt><trkpt lat="49.62565036999996" lon="10.920813430000017"><ele>290.78000000000003</ele><time>2026-09-20T9:41:32Z</time><extensions><speed>-1.0</speed><course>-1.0</course><hAcc>0.0</hAcc><vAcc>0.0</vAcc></extensions></trkpt><trkpt lat="49.62563603999996" lon="10.920715100000017"><ele>290.78000000000003</ele><time>2026-09-20T9:41:33Z</time><extensions><speed>-1.0</speed><course>-1.0</course><hAcc>0.0</hAcc><vAcc>0.0</vAcc></extensions></trkpt><trkpt lat="49.625623369999964" lon="10.920625100000017"><ele>290.78000000000003</ele><time>2026-09-20T9:41:34Z</time><extensions><speed>-1.0</speed><course>-1.0</course><hAcc>0.0</hAcc><vAcc>0.0</vAcc></extensions></trkpt><trkpt lat="49.62560736999996" lon="10.920519770000016"><ele>290.78000000000003</ele><time>2026-09-20T9:41:36Z</time><extensions><speed>-1.0</speed><course>-1.0</course><hAcc>0.0</hAcc><vAcc>0.0</vAcc></extensions></trkpt><trkpt lat="49.62558736999996" lon="10.920405100000016"><ele>290.78000000000003</ele><time>2026-09-20T9:41:38Z</time><extensions><speed>-1.0</speed><course>-1.0</course><hAcc>0.0</hAcc><vAcc>0.0</vAcc></extensions></trkpt><trkpt lat="49.625566699999965" lon="10.920307770000017"><ele>290.78000000000003</ele><time>2026-09-20T9:41:39Z</time><extensions><speed>-1.0</speed><course>-1.0</course><hAcc>0.0</hAcc><vAcc>0.0</vAcc></extensions></trkpt><trkpt lat="49.62553069999996" lon="10.920207440000016"><ele>290.78000000000003</ele><time>2026-09-20T9:41:41Z</time><extensions><speed>-1.0</speed><course>-1.0</course><hAcc>0.0</hAcc><vAcc>0.0</vAcc></extensions></trkpt><trkpt lat="49.62549269999996" lon="10.920125770000016"><ele>290.78000000000003</ele><time>2026-09-20T9:41:42Z</time><extensions><speed>-1.0</speed><course>-1.0</course><hAcc>0.0</hAcc><vAcc>0.0</vAcc></extensions></trkpt><trkpt lat="49.62543402999996" lon="10.920054440000015"><ele>290.78000000000003</ele><time>2026-09-20T9:41:44Z</time><extensions><speed>-1.0</speed><course>-1.0</course><hAcc>0.0</hAcc><vAcc>0.0</vAcc></extensions></trkpt><trkpt lat="49.62535835999996" lon="10.920011440000016"><ele>290.78000000000003</ele><time>2026-09-20T9:41:46Z</time><extensions><speed>-1.0</speed><course>-1.0</course><hAcc>0.0</hAcc><vAcc>0.0</vAcc></extensions></trkpt><trkpt lat="49.62528968999996" lon="10.919989770000015"><ele>290.78000000000003</ele><time>2026-09-20T9:41:47Z</time><extensions><speed>-1.0</speed><course>-1.0</course><hAcc>0.0</hAcc><vAcc>0.0</vAcc></extensions></trkpt><trkpt lat="49.62520768999996" lon="10.919984100000015"><ele>290.78000000000003</ele><time>2026-09-20T9:41:49Z</time><extensions><speed>-1.0</speed><course>-1.0</course><hAcc>0.0</hAcc><vAcc>0.0</vAcc></extensions></trkpt><trkpt lat="49.62511668999996" lon="10.919979100000015"><ele>290.78000000000003</ele><time>2026-09-20T9:41:51Z</time><extensions><speed>-1.0</speed><course>-1.0</course><hAcc>0.0</hAcc><vAcc>0.0</vAcc></extensions></trkpt><trkpt lat="49.62502535999997" lon="10.919948100000015"><ele>290.78000000000003</ele><time>2026-09-20T9:41:53Z</time><extensions><speed>-1.0</speed><course>-1.0</course><hAcc>0.0</hAcc><vAcc>0.0</vAcc></extensions></trkpt><trkpt lat="49.62495368999997" lon="10.919904770000015"><ele>290.78000000000003</ele><time>2026-09-20T9:41:54Z</time><extensions><speed>-1.0</speed><course>-1.0</course><hAcc>0.0</hAcc><vAcc>0.0</vAcc></extensions></trkpt><trkpt lat="49.62489201999997" lon="10.919834770000016"><ele>290.78000000000003</ele><time>2026-09-20T9:41:56Z</time><extensions><speed>-1.0</speed><course>-1.0</course><hAcc>0.0</hAcc><vAcc>0.0</vAcc></extensions></trkpt><trkpt lat="49.62484368999997" lon="10.919744440000015"><ele>290.78000000000003</ele><time>2026-09-20T9:41:58Z</time><extensions><speed>-1.0</speed><course>-1.0</course><hAcc>0.0</hAcc><vAcc>0.0</vAcc></extensions></trkpt><trkpt lat="49.62480168999997" lon="10.919652770000015"><ele>290.78000000000003</ele><time>2026-09-20T9:42:00Z</time><extensions><speed>-1.0</speed><course>-1.0</course><hAcc>0.0</hAcc><vAcc>0.0</vAcc></extensions></trkpt><trkpt lat="49.62476268999997" lon="10.919560440000016"><ele>290.78000000000003</ele><time>2026-09-20T9:42:02Z</time><extensions><speed>-1.0</speed><course>-1.0</course><hAcc>0.0</hAcc><vAcc>0.0</vAcc></extensions></trkpt><trkpt lat="49.624730019999966" lon="10.919484440000016"><ele>290.78000000000003</ele><time>2026-09-20T9:42:03Z</time><extensions><speed>-1.0</speed><course>-1.0</course><hAcc>0.0</hAcc><vAcc>0.0</vAcc></extensions></trkpt><trkpt lat="49.624694019999964" lon="10.919361110000017"><ele>290.78000000000003</ele><time>2026-09-20T9:42:05Z</time><extensions><speed>-1.0</speed><course>-1.0</course><hAcc>0.0</hAcc><vAcc>0.0</vAcc></extensions></trkpt><trkpt lat="49.62467201999996" lon="10.919253780000016"><ele>290.78000000000003</ele><time>2026-09-20T9:42:06Z</time><extensions><speed>-1.0</speed><course>-1.0</course><hAcc>0.0</hAcc><vAcc>0.0</vAcc></extensions></trkpt><trkpt lat="49.62465001999996" lon="10.919129780000016"><ele>290.78000000000003</ele><time>2026-09-20T9:42:08Z</time><extensions><speed>-1.0</speed><course>-1.0</course><hAcc>0.0</hAcc><vAcc>0.0</vAcc></extensions></trkpt><trkpt lat="49.624632019999964" lon="10.919005780000017"><ele>290.78000000000003</ele><time>2026-09-20T9:42:10Z</time><extensions><speed>-1.0</speed><course>-1.0</course><hAcc>0.0</hAcc><vAcc>0.0</vAcc></extensions></trkpt><trkpt lat="49.624617349999966" lon="10.918902450000017"><ele>290.78000000000003</ele><time>2026-09-20T9:42:11Z</time><extensions><speed>-1.0</speed><course>-1.0</course><hAcc>0.0</hAcc><vAcc>0.0</vAcc></extensions></trkpt><trkpt lat="49.624606349999965" lon="10.918813780000017"><ele>290.78000000000003</ele><time>2026-09-20T9:42:12Z</time><extensions><speed>-1.0</speed><course>-1.0</course><hAcc>0.0</hAcc><vAcc>0.0</vAcc></extensions></trkpt><trkpt lat="49.62459901999996" lon="10.918733780000016"><ele>290.78000000000003</ele><time>2026-09-20T9:42:13Z</time><extensions><speed>-1.0</speed><course>-1.0</course><hAcc>0.0</hAcc><vAcc>0.0</vAcc></extensions></trkpt><trkpt lat="49.62459134999996" lon="10.918641110000015"><ele>290.78000000000003</ele><time>2026-09-20T9:42:15Z</time><extensions><speed>-1.0</speed><course>-1.0</course><hAcc>0.0</hAcc><vAcc>0.0</vAcc></extensions></trkpt><trkpt lat="49.624584349999964" lon="10.918559780000015"><ele>290.78000000000003</ele><time>2026-09-20T9:42:16Z</time><extensions><speed>-1.0</speed><course>-1.0</course><hAcc>0.0</hAcc><vAcc>0.0</vAcc></extensions></trkpt><trkpt lat="49.62458001999996" lon="10.918486450000016"><ele>290.78000000000003</ele><time>2026-09-20T9:42:17Z</time><extensions><speed>-1.0</speed><course>-1.0</course><hAcc>0.0</hAcc><vAcc>0.0</vAcc></extensions></trkpt><trkpt lat="49.62457701999996" lon="10.918417450000016"><ele>290.78000000000003</ele><time>2026-09-20T9:42:18Z</time><extensions><speed>-1.0</speed><course>-1.0</course><hAcc>0.0</hAcc><vAcc>0.0</vAcc></extensions></trkpt><trkpt lat="49.62457501999996" lon="10.918331450000016"><ele>290.78000000000003</ele><time>2026-09-20T9:42:20Z</time><extensions><speed>-1.0</speed><course>-1.0</course><hAcc>0.0</hAcc><vAcc>0.0</vAcc></extensions></trkpt><trkpt lat="49.62457234999996" lon="10.918232780000016"><ele>290.78000000000003</ele><time>2026-09-20T9:42:22Z</time><extensions><speed>-1.0</speed><course>-1.0</course><hAcc>0.0</hAcc><vAcc>0.0</vAcc></extensions></trkpt><trkpt lat="49.624570679999955" lon="10.918144780000016"><ele>290.78000000000003</ele><time>2026-09-20T9:42:23Z</time><extensions><speed>-1.0</speed><course>-1.0</course><hAcc>0.0</hAcc><vAcc>0.0</vAcc></extensions></trkpt><trkpt lat="49.624570349999956" lon="10.918043450000017"><ele>290.78000000000003</ele><time>2026-09-20T9:42:25Z</time><extensions><speed>-1.0</speed><course>-1.0</course><hAcc>0.0</hAcc><vAcc>0.0</vAcc></extensions></trkpt><trkpt lat="49.62456967999996" lon="10.917954120000017"><ele>291.6</ele><time>2026-09-20T9:42:26Z</time><extensions><speed>-1.0</speed><course>-1.0</course><hAcc>0.0</hAcc><vAcc>0.0</vAcc></extensions></trkpt><trkpt lat="49.62456967999996" lon="10.917872790000017"><ele>291.6</ele><time>2026-09-20T9:42:27Z</time><extensions><speed>-1.0</speed><course>-1.0</course><hAcc>0.0</hAcc><vAcc>0.0</vAcc></extensions></trkpt><trkpt lat="49.624570349999956" lon="10.917772790000017"><ele>291.6</ele><time>2026-09-20T9:42:29Z</time><extensions><speed>-1.0</speed><course>-1.0</course><hAcc>0.0</hAcc><vAcc>0.0</vAcc></extensions></trkpt><trkpt lat="49.624571019999955" lon="10.917682120000016"><ele>291.6</ele><time>2026-09-20T9:42:30Z</time><extensions><speed>-1.0</speed><course>-1.0</course><hAcc>0.0</hAcc><vAcc>0.0</vAcc></extensions></trkpt><trkpt lat="49.62457201999995" lon="10.917576120000016"><ele>291.6</ele><time>2026-09-20T9:42:32Z</time><extensions><speed>-1.0</speed><course>-1.0</course><hAcc>0.0</hAcc><vAcc>0.0</vAcc></extensions></trkpt><trkpt lat="49.624573349999956" lon="10.917482790000015"><ele>291.6</ele><time>2026-09-20T9:42:33Z</time><extensions><speed>-1.0</speed><course>-1.0</course><hAcc>0.0</hAcc><vAcc>0.0</vAcc></extensions></trkpt><trkpt lat="49.62457601999996" lon="10.917374460000016"><ele>291.6</ele><time>2026-09-20T9:42:35Z</time><extensions><speed>-1.0</speed><course>-1.0</course><hAcc>0.0</hAcc><vAcc>0.0</vAcc></extensions></trkpt><trkpt lat="49.624580019999954" lon="10.917256130000016"><ele>291.6</ele><time>2026-09-20T9:42:37Z</time><extensions><speed>-1.0</speed><course>-1.0</course><hAcc>0.0</hAcc><vAcc>0.0</vAcc></extensions></trkpt><trkpt lat="49.62458601999995" lon="10.917130800000017"><ele>291.6</ele><time>2026-09-20T9:42:39Z</time><extensions><speed>-1.0</speed><course>-1.0</course><hAcc>0.0</hAcc><vAcc>0.0</vAcc></extensions></trkpt><trkpt lat="49.62459434999995" lon="10.917002470000016"><ele>291.6</ele><time>2026-09-20T9:42:41Z</time><extensions><speed>-1.0</speed><course>-1.0</course><hAcc>0.0</hAcc><vAcc>0.0</vAcc></extensions></trkpt><trkpt lat="49.624601679999955" lon="10.916892140000016"><ele>291.6</ele><time>2026-09-20T9:42:42Z</time><extensions><speed>-1.0</speed><course>-1.0</course><hAcc>0.0</hAcc><vAcc>0.0</vAcc></extensions></trkpt><trkpt lat="49.62460634999996" lon="10.916797470000017"><ele>291.6</ele><time>2026-09-20T9:42:43Z</time><extensions><speed>-1.0</speed><course>-1.0</course><hAcc>0.0</hAcc><vAcc>0.0</vAcc></extensions></trkpt><trkpt lat="49.624615679999955" lon="10.916697140000016"><ele>291.6</ele><time>2026-09-20T9:42:45Z</time><extensions><speed>-1.0</speed><course>-1.0</course><hAcc>0.0</hAcc><vAcc>0.0</vAcc></extensions></trkpt><trkpt lat="49.624624679999954" lon="10.916613140000017"><ele>291.6</ele><time>2026-09-20T9:42:46Z</time><extensions><speed>-1.0</speed><course>-1.0</course><hAcc>0.0</hAcc><vAcc>0.0</vAcc></extensions></trkpt><trkpt lat="49.62463700999995" lon="10.916517810000016"><ele>292.42</ele><time>2026-09-20T9:42:48Z</time><extensions><speed>-1.0</speed><course>-1.0</course><hAcc>0.0</hAcc><vAcc>0.0</vAcc></extensions></trkpt><trkpt lat="49.62464833999995" lon="10.916431480000016"><ele>292.42</ele><time>2026-09-20T9:42:49Z</time><extensions><speed>-1.0</speed><course>-1.0</course><hAcc>0.0</hAcc><vAcc>0.0</vAcc></extensions></trkpt><trkpt lat="49.62466333999995" lon="10.916332150000017"><ele>292.42</ele><time>2026-09-20T9:42:51Z</time><extensions><speed>-1.0</speed><course>-1.0</course><hAcc>0.0</hAcc><vAcc>0.0</vAcc></extensions></trkpt><trkpt lat="49.62468200999995" lon="10.916224480000016"><ele>292.42</ele><time>2026-09-20T9:42:53Z</time><extensions><speed>-1.0</speed><course>-1.0</course><hAcc>0.0</hAcc><vAcc>0.0</vAcc></extensions></trkpt><trkpt lat="49.62469967999995" lon="10.916130480000016"><ele>292.42</ele><time>2026-09-20T9:42:54Z</time><extensions><speed>-1.0</speed><course>-1.0</course><hAcc>0.0</hAcc><vAcc>0.0</vAcc></extensions></trkpt><trkpt lat="49.62471667999995" lon="10.916042150000015"><ele>292.42</ele><time>2026-09-20T9:42:55Z</time><extensions><speed>-1.0</speed><course>-1.0</course><hAcc>0.0</hAcc><vAcc>0.0</vAcc></extensions></trkpt><trkpt lat="49.62474134999995" lon="10.915943150000015"><ele>292.42</ele><time>2026-09-20T9:42:57Z</time><extensions><speed>-1.0</speed><course>-1.0</course><hAcc>0.0</hAcc><vAcc>0.0</vAcc></extensions></trkpt><trkpt lat="49.62477434999995" lon="10.915836150000015"><ele>292.42</ele><time>2026-09-20T9:42:59Z</time><extensions><speed>-1.0</speed><course>-1.0</course><hAcc>0.0</hAcc><vAcc>0.0</vAcc></extensions></trkpt><trkpt lat="49.62481101999995" lon="10.915723820000014"><ele>292.42</ele><time>2026-09-20T9:43:01Z</time><extensions><speed>-1.0</speed><course>-1.0</course><hAcc>0.0</hAcc><vAcc>0.0</vAcc></extensions></trkpt><trkpt lat="49.624852349999955" lon="10.915614490000014"><ele>292.42</ele><time>2026-09-20T9:43:03Z</time><extensions><speed>-1.0</speed><course>-1.0</course><hAcc>0.0</hAcc><vAcc>0.0</vAcc></extensions></trkpt><trkpt lat="49.62489401999996" lon="10.915509820000013"><ele>292.42</ele><time>2026-09-20T9:43:05Z</time><extensions><speed>-1.0</speed><course>-1.0</course><hAcc>0.0</hAcc><vAcc>0.0</vAcc></extensions></trkpt><trkpt lat="49.62492968999996" lon="10.915425820000014"><ele>292.42</ele><time>2026-09-20T9:43:06Z</time><extensions><speed>-1.0</speed><course>-1.0</course><hAcc>0.0</hAcc><vAcc>0.0</vAcc></extensions></trkpt><trkpt lat="49.62496668999996" lon="10.915343150000014"><ele>292.42</ele><time>2026-09-20T9:43:08Z</time><extensions><speed>-1.0</speed><course>-1.0</course><hAcc>0.0</hAcc><vAcc>0.0</vAcc></extensions></trkpt><trkpt lat="49.62500568999996" lon="10.915262150000014"><ele>292.42</ele><time>2026-09-20T9:43:10Z</time><extensions><speed>-1.0</speed><course>-1.0</course><hAcc>0.0</hAcc><vAcc>0.0</vAcc></extensions></trkpt><trkpt lat="49.62505335999996" lon="10.915188150000015"><ele>292.42</ele><time>2026-09-20T9:43:12Z</time><extensions><speed>-1.0</speed><course>-1.0</course><hAcc>0.0</hAcc><vAcc>0.0</vAcc></extensions></trkpt><trkpt lat="49.62510702999996" lon="10.915135480000014"><ele>292.42</ele><time>2026-09-20T9:43:14Z</time><extensions><speed>-1.0</speed><course>-1.0</course><hAcc>0.0</hAcc><vAcc>0.0</vAcc></extensions></trkpt><trkpt lat="49.62515702999996" lon="10.915103150000014"><ele>292.42</ele><time>2026-09-20T9:43:15Z</time><extensions><speed>-1.0</speed><course>-1.0</course><hAcc>0.0</hAcc><vAcc>0.0</vAcc></extensions></trkpt><trkpt lat="49.62520435999996" lon="10.915082820000015"><ele>292.42</ele><time>2026-09-20T9:43:16Z</time><extensions><speed>-1.0</speed><course>-1.0</course><hAcc>0.0</hAcc><vAcc>0.0</vAcc></extensions></trkpt><trkpt lat="49.625257359999964" lon="10.915085150000014"><ele>292.42</ele><time>2026-09-20T9:43:18Z</time><extensions><speed>-1.0</speed><course>-1.0</course><hAcc>0.0</hAcc><vAcc>0.0</vAcc></extensions></trkpt><trkpt lat="49.62530635999996" lon="10.915090150000013"><ele>292.42</ele><time>2026-09-20T9:43:19Z</time><extensions><speed>-1.0</speed><course>-1.0</course><hAcc>0.0</hAcc><vAcc>0.0</vAcc></extensions></trkpt><trkpt lat="49.62535168999996" lon="10.915096820000013"><ele>292.42</ele><time>2026-09-20T9:43:20Z</time><extensions><speed>-1.0</speed><course>-1.0</course><hAcc>0.0</hAcc><vAcc>0.0</vAcc></extensions></trkpt><trkpt lat="49.62539335999996" lon="10.915104490000013"><ele>292.42</ele><time>2026-09-20T9:43:21Z</time><extensions><speed>-1.0</speed><course>-1.0</course><hAcc>0.0</hAcc><vAcc>0.0</vAcc></extensions></trkpt><trkpt lat="49.62544535999996" lon="10.915119160000014"><ele>292.42</ele><time>2026-09-20T9:43:23Z</time><extensions><speed>-1.0</speed><course>-1.0</course><hAcc>0.0</hAcc><vAcc>0.0</vAcc></extensions></trkpt><trkpt lat="49.62550102999996" lon="10.915137830000013"><ele>292.42</ele><time>2026-09-20T9:43:25Z</time><extensions><speed>-1.0</speed><course>-1.0</course><hAcc>0.0</hAcc><vAcc>0.0</vAcc></extensions></trkpt><trkpt lat="49.62555102999996" lon="10.915154500000014"><ele>292.42</ele><time>2026-09-20T9:43:26Z</time><extensions><speed>-1.0</speed><course>-1.0</course><hAcc>0.0</hAcc><vAcc>0.0</vAcc></extensions></trkpt><trkpt lat="49.62560569999996" lon="10.915176500000014"><ele>292.42</ele><time>2026-09-20T9:43:28Z</time><extensions><speed>-1.0</speed><course>-1.0</course><hAcc>0.0</hAcc><vAcc>0.0</vAcc></extensions></trkpt><trkpt lat="49.62565302999996" lon="10.915196500000013"><ele>293.33</ele><time>2026-09-20T9:43:29Z</time><extensions><speed>-1.0</speed><course>-1.0</course><hAcc>0.0</hAcc><vAcc>0.0</vAcc></extensions></trkpt><trkpt lat="49.625705029999956" lon="10.915217830000012"><ele>293.33</ele><time>2026-09-20T9:43:31Z</time><extensions><speed>-1.0</speed><course>-1.0</course><hAcc>0.0</hAcc><vAcc>0.0</vAcc></extensions></trkpt><trkpt lat="49.625758699999956" lon="10.915239830000012"><ele>293.33</ele><time>2026-09-20T9:43:33Z</time><extensions><speed>-1.0</speed><course>-1.0</course><hAcc>0.0</hAcc><vAcc>0.0</vAcc></extensions></trkpt><trkpt lat="49.62580602999996" lon="10.915253160000011"><ele>295.05</ele><time>2026-09-20T9:43:34Z</time><extensions><speed>-1.0</speed><course>-1.0</course><hAcc>0.0</hAcc><vAcc>0.0</vAcc></extensions></trkpt><trkpt lat="49.62585602999996" lon="10.91525616000001"><ele>295.05</ele><time>2026-09-20T9:43:36Z</time><extensions><speed>-1.0</speed><course>-1.0</course><hAcc>0.0</hAcc><vAcc>0.0</vAcc></extensions></trkpt><trkpt lat="49.62589835999996" lon="10.91525216000001"><ele>295.05</ele><time>2026-09-20T9:43:37Z</time><extensions><speed>-1.0</speed><course>-1.0</course><hAcc>0.0</hAcc><vAcc>0.0</vAcc></extensions></trkpt><trkpt lat="49.625941689999955" lon="10.91524483000001"><ele>295.05</ele><time>2026-09-20T9:43:39Z</time><extensions><speed>-1.0</speed><course>-1.0</course><hAcc>0.0</hAcc><vAcc>0.0</vAcc></extensions></trkpt><trkpt lat="49.62598601999996" lon="10.915218160000009"><ele>295.05</ele><time>2026-09-20T9:43:41Z</time><extensions><speed>-1.0</speed><course>-1.0</course><hAcc>0.0</hAcc><vAcc>0.0</vAcc></extensions></trkpt><trkpt lat="49.62602101999995" lon="10.915185160000009"><ele>295.05</ele><time>2026-09-20T9:43:42Z</time><extensions><speed>-1.0</speed><course>-1.0</course><hAcc>0.0</hAcc><vAcc>0.0</vAcc></extensions></trkpt><trkpt lat="49.626051019999956" lon="10.915127830000008"><ele>295.05</ele><time>2026-09-20T9:43:44Z</time><extensions><speed>-1.0</speed><course>-1.0</course><hAcc>0.0</hAcc><vAcc>0.0</vAcc></extensions></trkpt><trkpt lat="49.62607501999996" lon="10.915070160000008"><ele>295.05</ele><time>2026-09-20T9:43:45Z</time><extensions><speed>-1.0</speed><course>-1.0</course><hAcc>0.0</hAcc><vAcc>0.0</vAcc></extensions></trkpt><trkpt lat="49.62610101999996" lon="10.914996160000008"><ele>295.87</ele><time>2026-09-20T9:43:47Z</time><extensions><speed>-1.0</speed><course>-1.0</course><hAcc>0.0</hAcc><vAcc>0.0</vAcc></extensions></trkpt><trkpt lat="49.62612868999996" lon="10.914908830000009"><ele>295.87</ele><time>2026-09-20T9:43:49Z</time><extensions><speed>-1.0</speed><course>-1.0</course><hAcc>0.0</hAcc><vAcc>0.0</vAcc></extensions></trkpt><trkpt lat="49.62615101999996" lon="10.91483350000001"><ele>295.87</ele><time>2026-09-20T9:43:50Z</time><extensions><speed>-1.0</speed><course>-1.0</course><hAcc>0.0</hAcc><vAcc>0.0</vAcc></extensions></trkpt><trkpt lat="49.62617234999996" lon="10.914766830000008"><ele>296.87</ele><time>2026-09-20T9:43:51Z</time><extensions><speed>-1.0</speed><course>-1.0</course><hAcc>0.0</hAcc><vAcc>0.0</vAcc></extensions></trkpt><trkpt lat="49.62619434999996" lon="10.914693160000008"><ele>296.87</ele><time>2026-09-20T9:43:53Z</time><extensions><speed>-1.0</speed><course>-1.0</course><hAcc>0.0</hAcc><vAcc>0.0</vAcc></extensions></trkpt><trkpt lat="49.62621701999996" lon="10.914619160000008"><ele>296.87</ele><time>2026-09-20T9:43:55Z</time><extensions><speed>-1.0</speed><course>-1.0</course><hAcc>0.0</hAcc><vAcc>0.0</vAcc></extensions></trkpt><trkpt lat="49.62623768999996" lon="10.914559490000007"><ele>296.87</ele><time>2026-09-20T9:43:56Z</time><extensions><speed>-1.0</speed><course>-1.0</course><hAcc>0.0</hAcc><vAcc>0.0</vAcc></extensions></trkpt><trkpt lat="49.626259019999964" lon="10.914491160000008"><ele>296.87</ele><time>2026-09-20T9:43:58Z</time><extensions><speed>-1.0</speed><course>-1.0</course><hAcc>0.0</hAcc><vAcc>0.0</vAcc></extensions></trkpt><trkpt lat="49.62628268999996" lon="10.914409490000008"><ele>296.87</ele><time>2026-09-20T9:44:00Z</time><extensions><speed>-1.0</speed><course>-1.0</course><hAcc>0.0</hAcc><vAcc>0.0</vAcc></extensions></trkpt><trkpt lat="49.62630335999996" lon="10.914322160000008"><ele>296.87</ele><time>2026-09-20T9:44:02Z</time><extensions><speed>-1.0</speed><course>-1.0</course><hAcc>0.0</hAcc><vAcc>0.0</vAcc></extensions></trkpt><trkpt lat="49.626324359999956" lon="10.914229830000009"><ele>296.87</ele><time>2026-09-20T9:44:04Z</time><extensions><speed>-1.0</speed><course>-1.0</course><hAcc>0.0</hAcc><vAcc>0.0</vAcc></extensions></trkpt><trkpt lat="49.62634868999996" lon="10.914132160000008"><ele>296.87</ele><time>2026-09-20T9:44:06Z</time><extensions><speed>-1.0</speed><course>-1.0</course><hAcc>0.0</hAcc><vAcc>0.0</vAcc></extensions></trkpt><trkpt lat="49.62637301999996" lon="10.914031490000008"><ele>296.87</ele><time>2026-09-20T9:44:08Z</time><extensions><speed>-1.0</speed><course>-1.0</course><hAcc>0.0</hAcc><vAcc>0.0</vAcc></extensions></trkpt><trkpt lat="49.62639434999996" lon="10.913948160000007"><ele>296.87</ele><time>2026-09-20T9:44:09Z</time><extensions><speed>-1.0</speed><course>-1.0</course><hAcc>0.0</hAcc><vAcc>0.0</vAcc></extensions></trkpt><trkpt lat="49.626418349999966" lon="10.913855490000007"><ele>296.87</ele><time>2026-09-20T9:44:11Z</time><extensions><speed>-1.0</speed><course>-1.0</course><hAcc>0.0</hAcc><vAcc>0.0</vAcc></extensions></trkpt><trkpt lat="49.62644001999997" lon="10.913774490000007"><ele>296.87</ele><time>2026-09-20T9:44:12Z</time><extensions><speed>-1.0</speed><course>-1.0</course><hAcc>0.0</hAcc><vAcc>0.0</vAcc></extensions></trkpt><trkpt lat="49.62646001999997" lon="10.913682490000006"><ele>296.87</ele><time>2026-09-20T9:44:14Z</time><extensions><speed>-1.0</speed><course>-1.0</course><hAcc>0.0</hAcc><vAcc>0.0</vAcc></extensions></trkpt><trkpt lat="49.62647568999997" lon="10.913602490000006"><ele>296.87</ele><time>2026-09-20T9:44:15Z</time><extensions><speed>-1.0</speed><course>-1.0</course><hAcc>0.0</hAcc><vAcc>0.0</vAcc></extensions></trkpt><trkpt lat="49.62648835999997" lon="10.913530160000006"><ele>296.87</ele><time>2026-09-20T9:44:16Z</time><extensions><speed>-1.0</speed><course>-1.0</course><hAcc>0.0</hAcc><vAcc>0.0</vAcc></extensions></trkpt><trkpt lat="49.626500689999965" lon="10.913443160000005"><ele>296.87</ele><time>2026-09-20T9:44:18Z</time><extensions><speed>-1.0</speed><course>-1.0</course><hAcc>0.0</hAcc><vAcc>0.0</vAcc></extensions></trkpt><trkpt lat="49.62651535999996" lon="10.913347490000005"><ele>296.87</ele><time>2026-09-20T9:44:20Z</time><extensions><speed>-1.0</speed><course>-1.0</course><hAcc>0.0</hAcc><vAcc>0.0</vAcc></extensions></trkpt><trkpt lat="49.62653035999996" lon="10.913243160000006"><ele>297.69</ele><time>2026-09-20T9:44:22Z</time><extensions><speed>-1.0</speed><course>-1.0</course><hAcc>0.0</hAcc><vAcc>0.0</vAcc></extensions></trkpt><trkpt lat="49.62654268999996" lon="10.913131490000005"><ele>297.69</ele><time>2026-09-20T9:44:24Z</time><extensions><speed>-1.0</speed><course>-1.0</course><hAcc>0.0</hAcc><vAcc>0.0</vAcc></extensions></trkpt><trkpt lat="49.62655268999996" lon="10.913035490000006"><ele>297.69</ele><time>2026-09-20T9:44:25Z</time><extensions><speed>-1.0</speed><course>-1.0</course><hAcc>0.0</hAcc><vAcc>0.0</vAcc></extensions></trkpt><trkpt lat="49.62656468999996" lon="10.912931490000005"><ele>297.69</ele><time>2026-09-20T9:44:27Z</time><extensions><speed>-1.0</speed><course>-1.0</course><hAcc>0.0</hAcc><vAcc>0.0</vAcc></extensions></trkpt><trkpt lat="49.62657835999996" lon="10.912819490000006"><ele>297.69</ele><time>2026-09-20T9:44:29Z</time><extensions><speed>-1.0</speed><course>-1.0</course><hAcc>0.0</hAcc><vAcc>0.0</vAcc></extensions></trkpt><trkpt lat="49.62659102999996" lon="10.912724160000005"><ele>297.69</ele><time>2026-09-20T9:44:30Z</time><extensions><speed>-1.0</speed><course>-1.0</course><hAcc>0.0</hAcc><vAcc>0.0</vAcc></extensions></trkpt><trkpt lat="49.62660169999996" lon="10.912616490000005"><ele>297.69</ele><time>2026-09-20T9:44:32Z</time><extensions><speed>-1.0</speed><course>-1.0</course><hAcc>0.0</hAcc><vAcc>0.0</vAcc></extensions></trkpt><trkpt lat="49.62661302999996" lon="10.912500160000004"><ele>297.69</ele><time>2026-09-20T9:44:34Z</time><extensions><speed>-1.0</speed><course>-1.0</course><hAcc>0.0</hAcc><vAcc>0.0</vAcc></extensions></trkpt><trkpt lat="49.626622359999956" lon="10.912399830000004"><ele>297.69</ele><time>2026-09-20T9:44:35Z</time><extensions><speed>-1.0</speed><course>-1.0</course><hAcc>0.0</hAcc><vAcc>0.0</vAcc></extensions></trkpt><trkpt lat="49.626631029999956" lon="10.912309830000003"><ele>297.69</ele><time>2026-09-20T9:44:36Z</time><extensions><speed>-1.0</speed><course>-1.0</course><hAcc>0.0</hAcc><vAcc>0.0</vAcc></extensions></trkpt><trkpt lat="49.62664035999995" lon="10.912204160000003"><ele>297.69</ele><time>2026-09-20T9:44:38Z</time><extensions><speed>-1.0</speed><course>-1.0</course><hAcc>0.0</hAcc><vAcc>0.0</vAcc></extensions></trkpt><trkpt lat="49.626648359999955" lon="10.912110160000003"><ele>298.51</ele><time>2026-09-20T9:44:39Z</time><extensions><speed>-1.0</speed><course>-1.0</course><hAcc>0.0</hAcc><vAcc>0.0</vAcc></extensions></trkpt><trkpt lat="49.626659029999956" lon="10.912002160000002"><ele>298.51</ele><time>2026-09-20T9:44:41Z</time><extensions><speed>-1.0</speed><course>-1.0</course><hAcc>0.0</hAcc><vAcc>0.0</vAcc></extensions></trkpt><trkpt lat="49.62667202999996" lon="10.911883490000001"><ele>298.51</ele><time>2026-09-20T9:44:43Z</time><extensions><speed>-1.0</speed><course>-1.0</course><hAcc>0.0</hAcc><vAcc>0.0</vAcc></extensions></trkpt><trkpt lat="49.626684359999956" lon="10.911782160000001"><ele>298.51</ele><time>2026-09-20T9:44:44Z</time><extensions><speed>-1.0</speed><course>-1.0</course><hAcc>0.0</hAcc><vAcc>0.0</vAcc></extensions></trkpt><trkpt lat="49.62670302999996" lon="10.91167049"><ele>298.51</ele><time>2026-09-20T9:44:46Z</time><extensions><speed>-1.0</speed><course>-1.0</course><hAcc>0.0</hAcc><vAcc>0.0</vAcc></extensions></trkpt><trkpt lat="49.626729699999956" lon="10.911555490000001"><ele>298.51</ele><time>2026-09-20T9:44:48Z</time><extensions><speed>-1.0</speed><course>-1.0</course><hAcc>0.0</hAcc><vAcc>0.0</vAcc></extensions></trkpt><trkpt lat="49.626761369999954" lon="10.911438490000002"><ele>298.51</ele><time>2026-09-20T9:44:50Z</time><extensions><speed>-1.0</speed><course>-1.0</course><hAcc>0.0</hAcc><vAcc>0.0</vAcc></extensions></trkpt><trkpt lat="49.626794699999955" lon="10.911319490000002"><ele>298.51</ele><time>2026-09-20T9:44:52Z</time><extensions><speed>-1.0</speed><course>-1.0</course><hAcc>0.0</hAcc><vAcc>0.0</vAcc></extensions></trkpt><trkpt lat="49.62682369999995" lon="10.911220820000002"><ele>298.51</ele><time>2026-09-20T9:44:53Z</time><extensions><speed>-1.0</speed><course>-1.0</course><hAcc>0.0</hAcc><vAcc>0.0</vAcc></extensions></trkpt><trkpt lat="49.62684936999995" lon="10.911135820000002"><ele>298.51</ele><time>2026-09-20T9:44:54Z</time><extensions><speed>-1.0</speed><course>-1.0</course><hAcc>0.0</hAcc><vAcc>0.0</vAcc></extensions></trkpt><trkpt lat="49.62688103999995" lon="10.911042150000002"><ele>298.51</ele><time>2026-09-20T9:44:56Z</time><extensions><speed>-1.0</speed><course>-1.0</course><hAcc>0.0</hAcc><vAcc>0.0</vAcc></extensions></trkpt><trkpt lat="49.62690836999995" lon="10.910960150000001"><ele>298.51</ele><time>2026-09-20T9:44:57Z</time><extensions><speed>-1.0</speed><course>-1.0</course><hAcc>0.0</hAcc><vAcc>0.0</vAcc></extensions></trkpt><trkpt lat="49.62693403999995" lon="10.910887480000001"><ele>298.51</ele><time>2026-09-20T9:44:58Z</time><extensions><speed>-1.0</speed><course>-1.0</course><hAcc>0.0</hAcc><vAcc>0.0</vAcc></extensions></trkpt><trkpt lat="49.62695736999995" lon="10.910820150000001"><ele>298.51</ele><time>2026-09-20T9:44:59Z</time><extensions><speed>-1.0</speed><course>-1.0</course><hAcc>0.0</hAcc><vAcc>0.0</vAcc></extensions></trkpt><trkpt lat="49.62697836999995" lon="10.910754820000001"><ele>298.51</ele><time>2026-09-20T9:45:00Z</time><extensions><speed>-1.0</speed><course>-1.0</course><hAcc>0.0</hAcc><vAcc>0.0</vAcc></extensions></trkpt><trkpt lat="49.62699969999995" lon="10.91067149"><ele>298.51</ele><time>2026-09-20T9:45:02Z</time><extensions><speed>-1.0</speed><course>-1.0</course><hAcc>0.0</hAcc><vAcc>0.0</vAcc></extensions></trkpt><trkpt lat="49.62702002999995" lon="10.91059716"><ele>298.51</ele><time>2026-09-20T9:45:03Z</time><extensions><speed>-1.0</speed><course>-1.0</course><hAcc>0.0</hAcc><vAcc>0.0</vAcc></extensions></trkpt><trkpt lat="49.627046029999946" lon="10.910516490000001"><ele>298.51</ele><time>2026-09-20T9:45:05Z</time><extensions><speed>-1.0</speed><course>-1.0</course><hAcc>0.0</hAcc><vAcc>0.0</vAcc></extensions></trkpt><trkpt lat="49.62707235999994" lon="10.910447820000002"><ele>298.51</ele><time>2026-09-20T9:45:06Z</time><extensions><speed>-1.0</speed><course>-1.0</course><hAcc>0.0</hAcc><vAcc>0.0</vAcc></extensions></trkpt><trkpt lat="49.62710635999994" lon="10.910377820000003"><ele>298.51</ele><time>2026-09-20T9:45:08Z</time><extensions><speed>-1.0</speed><course>-1.0</course><hAcc>0.0</hAcc><vAcc>0.0</vAcc></extensions></trkpt><trkpt lat="49.62713468999994" lon="10.910323150000002"><ele>298.51</ele><time>2026-09-20T9:45:09Z</time><extensions><speed>-1.0</speed><course>-1.0</course><hAcc>0.0</hAcc><vAcc>0.0</vAcc></extensions></trkpt><trkpt lat="49.62715435999994" lon="10.910281150000001"><ele>298.51</ele><time>2026-09-20T9:45:11Z</time><extensions><speed>-1.0</speed><course>-1.0</course><hAcc>0.0</hAcc><vAcc>0.0</vAcc></extensions></trkpt><trkpt lat="49.62716868999994" lon="10.91024748"><ele>298.51</ele><time>2026-09-20T9:45:12Z</time><extensions><speed>-1.0</speed><course>-1.0</course><hAcc>0.0</hAcc><vAcc>0.0</vAcc></extensions></trkpt><trkpt lat="49.62718401999994" lon="10.91019848"><ele>298.51</ele><time>2026-09-20T9:45:14Z</time><extensions><speed>-1.0</speed><course>-1.0</course><hAcc>0.0</hAcc><vAcc>0.0</vAcc></extensions></trkpt><trkpt lat="49.62719568999994" lon="10.91012681"><ele>298.51</ele><time>2026-09-20T9:45:16Z</time><extensions><speed>-1.0</speed><course>-1.0</course><hAcc>0.0</hAcc><vAcc>0.0</vAcc></extensions></trkpt><trkpt lat="49.627204689999935" lon="10.91005714"><ele>298.51</ele><time>2026-09-20T9:45:17Z</time><extensions><speed>-1.0</speed><course>-1.0</course><hAcc>0.0</hAcc><vAcc>0.0</vAcc></extensions></trkpt><trkpt lat="49.627213689999934" lon="10.90998681"><ele>298.51</ele><time>2026-09-20T9:45:18Z</time><extensions><speed>-1.0</speed><course>-1.0</course><hAcc>0.0</hAcc><vAcc>0.0</vAcc></extensions></trkpt><trkpt lat="49.62722668999994" lon="10.90988848"><ele>298.51</ele><time>2026-09-20T9:45:20Z</time><extensions><speed>-1.0</speed><course>-1.0</course><hAcc>0.0</hAcc><vAcc>0.0</vAcc></extensions></trkpt><trkpt lat="49.62724201999993" lon="10.90977281"><ele>298.51</ele><time>2026-09-20T9:45:22Z</time><extensions><speed>-1.0</speed><course>-1.0</course><hAcc>0.0</hAcc><vAcc>0.0</vAcc></extensions></trkpt><trkpt lat="49.627258349999934" lon="10.90964714"><ele>299.33</ele><time>2026-09-20T9:45:24Z</time><extensions><speed>-1.0</speed><course>-1.0</course><hAcc>0.0</hAcc><vAcc>0.0</vAcc></extensions></trkpt><trkpt lat="49.62727267999993" lon="10.909537140000001"><ele>299.33</ele><time>2026-09-20T9:45:25Z</time><extensions><speed>-1.0</speed><course>-1.0</course><hAcc>0.0</hAcc><vAcc>0.0</vAcc></extensions></trkpt><trkpt lat="49.627292349999934" lon="10.90941214"><ele>299.33</ele><time>2026-09-20T9:45:27Z</time><extensions><speed>-1.0</speed><course>-1.0</course><hAcc>0.0</hAcc><vAcc>0.0</vAcc></extensions></trkpt><trkpt lat="49.62730967999993" lon="10.90930281"><ele>299.33</ele><time>2026-09-20T9:45:28Z</time><extensions><speed>-1.0</speed><course>-1.0</course><hAcc>0.0</hAcc><vAcc>0.0</vAcc></extensions></trkpt><trkpt lat="49.62733200999993" lon="10.90917948"><ele>299.33</ele><time>2026-09-20T9:45:30Z</time><extensions><speed>-1.0</speed><course>-1.0</course><hAcc>0.0</hAcc><vAcc>0.0</vAcc></extensions></trkpt><trkpt lat="49.62735200999993" lon="10.90907048"><ele>299.33</ele><time>2026-09-20T9:45:31Z</time><extensions><speed>-1.0</speed><course>-1.0</course><hAcc>0.0</hAcc><vAcc>0.0</vAcc></extensions></trkpt><trkpt lat="49.62737000999993" lon="10.908971150000001"><ele>299.33</ele><time>2026-09-20T9:45:32Z</time><extensions><speed>-1.0</speed><course>-1.0</course><hAcc>0.0</hAcc><vAcc>0.0</vAcc></extensions></trkpt><trkpt lat="49.627385339999925" lon="10.90887915"><ele>299.33</ele><time>2026-09-20T9:45:33Z</time><extensions><speed>-1.0</speed><course>-1.0</course><hAcc>0.0</hAcc><vAcc>0.0</vAcc></extensions></trkpt><trkpt lat="49.62740100999993" lon="10.90876615"><ele>299.33</ele><time>2026-09-20T9:45:35Z</time><extensions><speed>-1.0</speed><course>-1.0</course><hAcc>0.0</hAcc><vAcc>0.0</vAcc></extensions></trkpt><trkpt lat="49.62741933999993" lon="10.90863982"><ele>299.33</ele><time>2026-09-20T9:45:37Z</time><extensions><speed>-1.0</speed><course>-1.0</course><hAcc>0.0</hAcc><vAcc>0.0</vAcc></extensions></trkpt><trkpt lat="49.62744200999993" lon="10.908504149999999"><ele>299.33</ele><time>2026-09-20T9:45:39Z</time><extensions><speed>-1.0</speed><course>-1.0</course><hAcc>0.0</hAcc><vAcc>0.0</vAcc></extensions></trkpt><trkpt lat="49.627466009999935" lon="10.908363479999998"><ele>299.33</ele><time>2026-09-20T9:45:41Z</time><extensions><speed>-1.0</speed><course>-1.0</course><hAcc>0.0</hAcc><vAcc>0.0</vAcc></extensions></trkpt><trkpt lat="49.62749200999993" lon="10.90822115"><ele>299.33</ele><time>2026-09-20T9:45:43Z</time><extensions><speed>-1.0</speed><course>-1.0</course><hAcc>0.0</hAcc><vAcc>0.0</vAcc></extensions></trkpt><trkpt lat="49.627522679999934" lon="10.90807882"><ele>299.33</ele><time>2026-09-20T9:45:45Z</time><extensions><speed>-1.0</speed><course>-1.0</course><hAcc>0.0</hAcc><vAcc>0.0</vAcc></extensions></trkpt><trkpt lat="49.62755167999993" lon="10.90796282"><ele>299.33</ele><time>2026-09-20T9:45:46Z</time><extensions><speed>-1.0</speed><course>-1.0</course><hAcc>0.0</hAcc><vAcc>0.0</vAcc></extensions></trkpt><trkpt lat="49.627589679999936" lon="10.90784349"><ele>298.51</ele><time>2026-09-20T9:45:48Z</time><extensions><speed>-1.0</speed><course>-1.0</course><hAcc>0.0</hAcc><vAcc>0.0</vAcc></extensions></trkpt><trkpt lat="49.62763334999993" lon="10.90772516"><ele>298.51</ele><time>2026-09-20T9:45:50Z</time><extensions><speed>-1.0</speed><course>-1.0</course><hAcc>0.0</hAcc><vAcc>0.0</vAcc></extensions></trkpt><trkpt lat="49.627680349999935" lon="10.90760816"><ele>298.51</ele><time>2026-09-20T9:45:52Z</time><extensions><speed>-1.0</speed><course>-1.0</course><hAcc>0.0</hAcc><vAcc>0.0</vAcc></extensions></trkpt><trkpt lat="49.62772034999993" lon="10.907512160000001"><ele>298.51</ele><time>2026-09-20T9:45:53Z</time><extensions><speed>-1.0</speed><course>-1.0</course><hAcc>0.0</hAcc><vAcc>0.0</vAcc></extensions></trkpt><trkpt lat="49.627765019999934" lon="10.90740983"><ele>298.51</ele><time>2026-09-20T9:45:55Z</time><extensions><speed>-1.0</speed><course>-1.0</course><hAcc>0.0</hAcc><vAcc>0.0</vAcc></extensions></trkpt><trkpt lat="49.627804019999935" lon="10.9073235"><ele>298.51</ele><time>2026-09-20T9:45:56Z</time><extensions><speed>-1.0</speed><course>-1.0</course><hAcc>0.0</hAcc><vAcc>0.0</vAcc></extensions></trkpt><trkpt lat="49.62784201999994" lon="10.90723083"><ele>298.51</ele><time>2026-09-20T9:45:58Z</time><extensions><speed>-1.0</speed><course>-1.0</course><hAcc>0.0</hAcc><vAcc>0.0</vAcc></extensions></trkpt><trkpt lat="49.62788334999994" lon="10.90713883"><ele>298.51</ele><time>2026-09-20T9:46:00Z</time><extensions><speed>-1.0</speed><course>-1.0</course><hAcc>0.0</hAcc><vAcc>0.0</vAcc></extensions></trkpt><trkpt lat="49.62792701999994" lon="10.907041829999999"><ele>298.51</ele><time>2026-09-20T9:46:02Z</time><extensions><speed>-1.0</speed><course>-1.0</course><hAcc>0.0</hAcc><vAcc>0.0</vAcc></extensions></trkpt><trkpt lat="49.62796368999994" lon="10.906958829999999"><ele>298.51</ele><time>2026-09-20T9:46:03Z</time><extensions><speed>-1.0</speed><course>-1.0</course><hAcc>0.0</hAcc><vAcc>0.0</vAcc></extensions></trkpt><trkpt lat="49.62800201999994" lon="10.90686783"><ele>298.51</ele><time>2026-09-20T9:46:05Z</time><extensions><speed>-1.0</speed><course>-1.0</course><hAcc>0.0</hAcc><vAcc>0.0</vAcc></extensions></trkpt><trkpt lat="49.62804201999994" lon="10.90677083"><ele>298.51</ele><time>2026-09-20T9:46:07Z</time><extensions><speed>-1.0</speed><course>-1.0</course><hAcc>0.0</hAcc><vAcc>0.0</vAcc></extensions></trkpt><trkpt lat="49.62807568999994" lon="10.906689499999999"><ele>298.51</ele><time>2026-09-20T9:46:08Z</time><extensions><speed>-1.0</speed><course>-1.0</course><hAcc>0.0</hAcc><vAcc>0.0</vAcc></extensions></trkpt><trkpt lat="49.62810535999994" lon="10.906606169999998"><ele>298.51</ele><time>2026-09-20T9:46:10Z</time><extensions><speed>-1.0</speed><course>-1.0</course><hAcc>0.0</hAcc><vAcc>0.0</vAcc></extensions></trkpt><trkpt lat="49.628132689999944" lon="10.906525499999999"><ele>298.51</ele><time>2026-09-20T9:46:12Z</time><extensions><speed>-1.0</speed><course>-1.0</course><hAcc>0.0</hAcc><vAcc>0.0</vAcc></extensions></trkpt><trkpt lat="49.62816801999995" lon="10.9064375"><ele>298.51</ele><time>2026-09-20T9:46:14Z</time><extensions><speed>-1.0</speed><course>-1.0</course><hAcc>0.0</hAcc><vAcc>0.0</vAcc></extensions></trkpt><trkpt lat="49.62820101999995" lon="10.906363169999999"><ele>298.51</ele><time>2026-09-20T9:46:15Z</time><extensions><speed>-1.0</speed><course>-1.0</course><hAcc>0.0</hAcc><vAcc>0.0</vAcc></extensions></trkpt><trkpt lat="49.62823068999995" lon="10.906297839999999"><ele>298.51</ele><time>2026-09-20T9:46:16Z</time><extensions><speed>-1.0</speed><course>-1.0</course><hAcc>0.0</hAcc><vAcc>0.0</vAcc></extensions></trkpt><trkpt lat="49.62826468999995" lon="10.906211509999999"><ele>298.51</ele><time>2026-09-20T9:46:18Z</time><extensions><speed>-1.0</speed><course>-1.0</course><hAcc>0.0</hAcc><vAcc>0.0</vAcc></extensions></trkpt><trkpt lat="49.628291689999955" lon="10.906107839999999"><ele>298.51</ele><time>2026-09-20T9:46:20Z</time><extensions><speed>-1.0</speed><course>-1.0</course><hAcc>0.0</hAcc><vAcc>0.0</vAcc></extensions></trkpt><trkpt lat="49.62831535999995" lon="10.906017839999999"><ele>298.51</ele><time>2026-09-20T9:46:21Z</time><extensions><speed>-1.0</speed><course>-1.0</course><hAcc>0.0</hAcc><vAcc>0.0</vAcc></extensions></trkpt><trkpt lat="49.62834202999995" lon="10.905915169999998"><ele>298.51</ele><time>2026-09-20T9:46:23Z</time><extensions><speed>-1.0</speed><course>-1.0</course><hAcc>0.0</hAcc><vAcc>0.0</vAcc></extensions></trkpt><trkpt lat="49.62836769999995" lon="10.905825839999999"><ele>299.69</ele><time>2026-09-20T9:46:24Z</time><extensions><speed>-1.0</speed><course>-1.0</course><hAcc>0.0</hAcc><vAcc>0.0</vAcc></extensions></trkpt><trkpt lat="49.62839936999995" lon="10.905722509999999"><ele>299.69</ele><time>2026-09-20T9:46:26Z</time><extensions><speed>-1.0</speed><course>-1.0</course><hAcc>0.0</hAcc><vAcc>0.0</vAcc></extensions></trkpt><trkpt lat="49.628427699999946" lon="10.90563018"><ele>299.69</ele><time>2026-09-20T9:46:27Z</time><extensions><speed>-1.0</speed><course>-1.0</course><hAcc>0.0</hAcc><vAcc>0.0</vAcc></extensions></trkpt><trkpt lat="49.628453029999946" lon="10.90554485"><ele>299.69</ele><time>2026-09-20T9:46:28Z</time><extensions><speed>-1.0</speed><course>-1.0</course><hAcc>0.0</hAcc><vAcc>0.0</vAcc></extensions></trkpt><trkpt lat="49.62848569999995" lon="10.90543785"><ele>299.69</ele><time>2026-09-20T9:46:30Z</time><extensions><speed>-1.0</speed><course>-1.0</course><hAcc>0.0</hAcc><vAcc>0.0</vAcc></extensions></trkpt><trkpt lat="49.62852269999995" lon="10.90531485"><ele>299.69</ele><time>2026-09-20T9:46:32Z</time><extensions><speed>-1.0</speed><course>-1.0</course><hAcc>0.0</hAcc><vAcc>0.0</vAcc></extensions></trkpt><trkpt lat="49.62856936999995" lon="10.90518252"><ele>299.69</ele><time>2026-09-20T9:46:34Z</time><extensions><speed>-1.0</speed><course>-1.0</course><hAcc>0.0</hAcc><vAcc>0.0</vAcc></extensions></trkpt><trkpt lat="49.62861503999995" lon="10.90503752"><ele>299.69</ele><time>2026-09-20T9:46:36Z</time><extensions><speed>-1.0</speed><course>-1.0</course><hAcc>0.0</hAcc><vAcc>0.0</vAcc></extensions></trkpt><trkpt lat="49.62866403999995" lon="10.90488185"><ele>299.69</ele><time>2026-09-20T9:46:38Z</time><extensions><speed>-1.0</speed><course>-1.0</course><hAcc>0.0</hAcc><vAcc>0.0</vAcc></extensions></trkpt><trkpt lat="49.628715369999945" lon="10.904716180000001"><ele>299.69</ele><time>2026-09-20T9:46:40Z</time><extensions><speed>-1.0</speed><course>-1.0</course><hAcc>0.0</hAcc><vAcc>0.0</vAcc></extensions></trkpt><trkpt lat="49.62876669999994" lon="10.904544180000002"><ele>299.69</ele><time>2026-09-20T9:46:42Z</time><extensions><speed>-1.0</speed><course>-1.0</course><hAcc>0.0</hAcc><vAcc>0.0</vAcc></extensions></trkpt><trkpt lat="49.628811369999944" lon="10.904397850000002"><ele>299.69</ele><time>2026-09-20T9:46:43Z</time><extensions><speed>-1.0</speed><course>-1.0</course><hAcc>0.0</hAcc><vAcc>0.0</vAcc></extensions></trkpt><trkpt lat="49.62885703999994" lon="10.904236520000003"><ele>299.69</ele><time>2026-09-20T9:46:45Z</time><extensions><speed>-1.0</speed><course>-1.0</course><hAcc>0.0</hAcc><vAcc>0.0</vAcc></extensions></trkpt><trkpt lat="49.62890303999994" lon="10.904066520000002"><ele>299.69</ele><time>2026-09-20T9:46:47Z</time><extensions><speed>-1.0</speed><course>-1.0</course><hAcc>0.0</hAcc><vAcc>0.0</vAcc></extensions></trkpt><trkpt lat="49.62894570999994" lon="10.903890190000002"><ele>299.69</ele><time>2026-09-20T9:46:49Z</time><extensions><speed>-1.0</speed><course>-1.0</course><hAcc>0.0</hAcc><vAcc>0.0</vAcc></extensions></trkpt><trkpt lat="49.62898037999994" lon="10.903740860000003"><ele>299.69</ele><time>2026-09-20T9:46:50Z</time><extensions><speed>-1.0</speed><course>-1.0</course><hAcc>0.0</hAcc><vAcc>0.0</vAcc></extensions></trkpt><trkpt lat="49.62901404999994" lon="10.903581190000002"><ele>298.87</ele><time>2026-09-20T9:46:52Z</time><extensions><speed>-1.0</speed><course>-1.0</course><hAcc>0.0</hAcc><vAcc>0.0</vAcc></extensions></trkpt><trkpt lat="49.629040719999935" lon="10.903445190000003"><ele>298.87</ele><time>2026-09-20T9:46:53Z</time><extensions><speed>-1.0</speed><course>-1.0</course><hAcc>0.0</hAcc><vAcc>0.0</vAcc></extensions></trkpt><trkpt lat="49.62906771999994" lon="10.903295190000003"><ele>298.87</ele><time>2026-09-20T9:46:55Z</time><extensions><speed>-1.0</speed><course>-1.0</course><hAcc>0.0</hAcc><vAcc>0.0</vAcc></extensions></trkpt><trkpt lat="49.629088389999936" lon="10.903165190000003"><ele>298.87</ele><time>2026-09-20T9:46:56Z</time><extensions><speed>-1.0</speed><course>-1.0</course><hAcc>0.0</hAcc><vAcc>0.0</vAcc></extensions></trkpt><trkpt lat="49.629111059999936" lon="10.903020190000003"><ele>298.87</ele><time>2026-09-20T9:46:58Z</time><extensions><speed>-1.0</speed><course>-1.0</course><hAcc>0.0</hAcc><vAcc>0.0</vAcc></extensions></trkpt><trkpt lat="49.62913238999994" lon="10.902865860000002"><ele>298.87</ele><time>2026-09-20T9:47:00Z</time><extensions><speed>-1.0</speed><course>-1.0</course><hAcc>0.0</hAcc><vAcc>0.0</vAcc></extensions></trkpt><trkpt lat="49.62915105999994" lon="10.902707860000001"><ele>298.87</ele><time>2026-09-20T9:47:02Z</time><extensions><speed>-1.0</speed><course>-1.0</course><hAcc>0.0</hAcc><vAcc>0.0</vAcc></extensions></trkpt><trkpt lat="49.629169389999944" lon="10.902549190000002"><ele>298.05</ele><time>2026-09-20T9:47:04Z</time><extensions><speed>-1.0</speed><course>-1.0</course><hAcc>0.0</hAcc><vAcc>0.0</vAcc></extensions></trkpt><trkpt lat="49.62918405999994" lon="10.902416520000003"><ele>298.05</ele><time>2026-09-20T9:47:05Z</time><extensions><speed>-1.0</speed><course>-1.0</course><hAcc>0.0</hAcc><vAcc>0.0</vAcc></extensions></trkpt><trkpt lat="49.62919572999994" lon="10.902301850000002"><ele>298.05</ele><time>2026-09-20T9:47:06Z</time><extensions><speed>-1.0</speed><course>-1.0</course><hAcc>0.0</hAcc><vAcc>0.0</vAcc></extensions></trkpt><trkpt lat="49.62920839999994" lon="10.902173180000002"><ele>298.05</ele><time>2026-09-20T9:47:08Z</time><extensions><speed>-1.0</speed><course>-1.0</course><hAcc>0.0</hAcc><vAcc>0.0</vAcc></extensions></trkpt><trkpt lat="49.629223729999936" lon="10.902038180000002"><ele>298.05</ele><time>2026-09-20T9:47:10Z</time><extensions><speed>-1.0</speed><course>-1.0</course><hAcc>0.0</hAcc><vAcc>0.0</vAcc></extensions></trkpt><trkpt lat="49.62923939999994" lon="10.901900180000002"><ele>298.05</ele><time>2026-09-20T9:47:12Z</time><extensions><speed>-1.0</speed><course>-1.0</course><hAcc>0.0</hAcc><vAcc>0.0</vAcc></extensions></trkpt><trkpt lat="49.62925639999994" lon="10.901760510000003"><ele>298.05</ele><time>2026-09-20T9:47:14Z</time><extensions><speed>-1.0</speed><course>-1.0</course><hAcc>0.0</hAcc><vAcc>0.0</vAcc></extensions></trkpt><trkpt lat="49.62927072999994" lon="10.901643840000002"><ele>298.05</ele><time>2026-09-20T9:47:15Z</time><extensions><speed>-1.0</speed><course>-1.0</course><hAcc>0.0</hAcc><vAcc>0.0</vAcc></extensions></trkpt><trkpt lat="49.629283399999935" lon="10.901543840000002"><ele>298.05</ele><time>2026-09-20T9:47:16Z</time><extensions><speed>-1.0</speed><course>-1.0</course><hAcc>0.0</hAcc><vAcc>0.0</vAcc></extensions></trkpt><trkpt lat="49.629300069999935" lon="10.901432840000002"><ele>298.05</ele><time>2026-09-20T9:47:18Z</time><extensions><speed>-1.0</speed><course>-1.0</course><hAcc>0.0</hAcc><vAcc>0.0</vAcc></extensions></trkpt><trkpt lat="49.62931539999993" lon="10.901337170000001"><ele>298.05</ele><time>2026-09-20T9:47:19Z</time><extensions><speed>-1.0</speed><course>-1.0</course><hAcc>0.0</hAcc><vAcc>0.0</vAcc></extensions></trkpt><trkpt lat="49.62933539999993" lon="10.901229500000001"><ele>298.05</ele><time>2026-09-20T9:47:21Z</time><extensions><speed>-1.0</speed><course>-1.0</course><hAcc>0.0</hAcc><vAcc>0.0</vAcc></extensions></trkpt><trkpt lat="49.629354069999934" lon="10.90113683"><ele>298.05</ele><time>2026-09-20T9:47:22Z</time><extensions><speed>-1.0</speed><course>-1.0</course><hAcc>0.0</hAcc><vAcc>0.0</vAcc></extensions></trkpt><trkpt lat="49.629378399999936" lon="10.9010345"><ele>298.05</ele><time>2026-09-20T9:47:24Z</time><extensions><speed>-1.0</speed><course>-1.0</course><hAcc>0.0</hAcc><vAcc>0.0</vAcc></extensions></trkpt><trkpt lat="49.62940472999993" lon="10.90092483"><ele>298.05</ele><time>2026-09-20T9:47:26Z</time><extensions><speed>-1.0</speed><course>-1.0</course><hAcc>0.0</hAcc><vAcc>0.0</vAcc></extensions></trkpt><trkpt lat="49.62942872999994" lon="10.900831499999999"><ele>298.05</ele><time>2026-09-20T9:47:27Z</time><extensions><speed>-1.0</speed><course>-1.0</course><hAcc>0.0</hAcc><vAcc>0.0</vAcc></extensions></trkpt><trkpt lat="49.629452399999934" lon="10.900749829999999"><ele>298.05</ele><time>2026-09-20T9:47:28Z</time><extensions><speed>-1.0</speed><course>-1.0</course><hAcc>0.0</hAcc><vAcc>0.0</vAcc></extensions></trkpt><trkpt lat="49.62947539999993" lon="10.900674829999998"><ele>298.05</ele><time>2026-09-20T9:47:29Z</time><extensions><speed>-1.0</speed><course>-1.0</course><hAcc>0.0</hAcc><vAcc>0.0</vAcc></extensions></trkpt><trkpt lat="49.629502399999936" lon="10.900583829999999"><ele>298.05</ele><time>2026-09-20T9:47:31Z</time><extensions><speed>-1.0</speed><course>-1.0</course><hAcc>0.0</hAcc><vAcc>0.0</vAcc></extensions></trkpt><trkpt lat="49.629536069999936" lon="10.900482499999999"><ele>298.05</ele><time>2026-09-20T9:47:33Z</time><extensions><speed>-1.0</speed><course>-1.0</course><hAcc>0.0</hAcc><vAcc>0.0</vAcc></extensions></trkpt><trkpt lat="49.629576069999935" lon="10.900376499999998"><ele>298.05</ele><time>2026-09-20T9:47:35Z</time><extensions><speed>-1.0</speed><course>-1.0</course><hAcc>0.0</hAcc><vAcc>0.0</vAcc></extensions></trkpt><trkpt lat="49.629609739999935" lon="10.900285829999998"><ele>298.05</ele><time>2026-09-20T9:47:36Z</time><extensions><speed>-1.0</speed><course>-1.0</course><hAcc>0.0</hAcc><vAcc>0.0</vAcc></extensions></trkpt><trkpt lat="49.629646069999936" lon="10.900185159999998"><ele>298.05</ele><time>2026-09-20T9:47:38Z</time><extensions><speed>-1.0</speed><course>-1.0</course><hAcc>0.0</hAcc><vAcc>0.0</vAcc></extensions></trkpt><trkpt lat="49.629677399999935" lon="10.900098829999997"><ele>298.05</ele><time>2026-09-20T9:47:39Z</time><extensions><speed>-1.0</speed><course>-1.0</course><hAcc>0.0</hAcc><vAcc>0.0</vAcc></extensions></trkpt><trkpt lat="49.62970606999993" lon="10.900023829999997"><ele>298.05</ele><time>2026-09-20T9:47:40Z</time><extensions><speed>-1.0</speed><course>-1.0</course><hAcc>0.0</hAcc><vAcc>0.0</vAcc></extensions></trkpt><trkpt lat="49.62974039999993" lon="10.899938159999996"><ele>298.05</ele><time>2026-09-20T9:47:42Z</time><extensions><speed>-1.0</speed><course>-1.0</course><hAcc>0.0</hAcc><vAcc>0.0</vAcc></extensions></trkpt><trkpt lat="49.62977739999993" lon="10.899844489999996"><ele>298.05</ele><time>2026-09-20T9:47:44Z</time><extensions><speed>-1.0</speed><course>-1.0</course><hAcc>0.0</hAcc><vAcc>0.0</vAcc></extensions></trkpt><trkpt lat="49.62981039999993" lon="10.899763489999996"><ele>298.05</ele><time>2026-09-20T9:47:45Z</time><extensions><speed>-1.0</speed><course>-1.0</course><hAcc>0.0</hAcc><vAcc>0.0</vAcc></extensions></trkpt><trkpt lat="49.62985006999993" lon="10.899679819999996"><ele>298.05</ele><time>2026-09-20T9:47:47Z</time><extensions><speed>-1.0</speed><course>-1.0</course><hAcc>0.0</hAcc><vAcc>0.0</vAcc></extensions></trkpt><trkpt lat="49.62988439999993" lon="10.899604819999995"><ele>298.05</ele><time>2026-09-20T9:47:48Z</time><extensions><speed>-1.0</speed><course>-1.0</course><hAcc>0.0</hAcc><vAcc>0.0</vAcc></extensions></trkpt><trkpt lat="49.62992272999993" lon="10.899515489999995"><ele>298.05</ele><time>2026-09-20T9:47:50Z</time><extensions><speed>-1.0</speed><course>-1.0</course><hAcc>0.0</hAcc><vAcc>0.0</vAcc></extensions></trkpt><trkpt lat="49.62995772999993" lon="10.899435159999996"><ele>298.05</ele><time>2026-09-20T9:47:51Z</time><extensions><speed>-1.0</speed><course>-1.0</course><hAcc>0.0</hAcc><vAcc>0.0</vAcc></extensions></trkpt><trkpt lat="49.62999105999993" lon="10.899359489999997"><ele>298.05</ele><time>2026-09-20T9:47:52Z</time><extensions><speed>-1.0</speed><course>-1.0</course><hAcc>0.0</hAcc><vAcc>0.0</vAcc></extensions></trkpt><trkpt lat="49.63002405999993" lon="10.899289489999997"><ele>298.05</ele><time>2026-09-20T9:47:53Z</time><extensions><speed>-1.0</speed><course>-1.0</course><hAcc>0.0</hAcc><vAcc>0.0</vAcc></extensions></trkpt><trkpt lat="49.630062059999936" lon="10.899200819999997"><ele>298.05</ele><time>2026-09-20T9:47:55Z</time><extensions><speed>-1.0</speed><course>-1.0</course><hAcc>0.0</hAcc><vAcc>0.0</vAcc></extensions></trkpt><trkpt lat="49.630102059999935" lon="10.899107489999997"><ele>298.05</ele><time>2026-09-20T9:47:57Z</time><extensions><speed>-1.0</speed><course>-1.0</course><hAcc>0.0</hAcc><vAcc>0.0</vAcc></extensions></trkpt><trkpt lat="49.630136059999934" lon="10.899028819999996"><ele>298.05</ele><time>2026-09-20T9:47:58Z</time><extensions><speed>-1.0</speed><course>-1.0</course><hAcc>0.0</hAcc><vAcc>0.0</vAcc></extensions></trkpt><trkpt lat="49.63017438999994" lon="10.898942819999997"><ele>298.05</ele><time>2026-09-20T9:48:00Z</time><extensions><speed>-1.0</speed><course>-1.0</course><hAcc>0.0</hAcc><vAcc>0.0</vAcc></extensions></trkpt><trkpt lat="49.63021571999994" lon="10.898848819999996"><ele>298.05</ele><time>2026-09-20T9:48:02Z</time><extensions><speed>-1.0</speed><course>-1.0</course><hAcc>0.0</hAcc><vAcc>0.0</vAcc></extensions></trkpt><trkpt lat="49.63026071999994" lon="10.898751149999995"><ele>298.05</ele><time>2026-09-20T9:48:04Z</time><extensions><speed>-1.0</speed><course>-1.0</course><hAcc>0.0</hAcc><vAcc>0.0</vAcc></extensions></trkpt><trkpt lat="49.63030638999994" lon="10.898648149999996"><ele>298.05</ele><time>2026-09-20T9:48:06Z</time><extensions><speed>-1.0</speed><course>-1.0</course><hAcc>0.0</hAcc><vAcc>0.0</vAcc></extensions></trkpt><trkpt lat="49.63034471999994" lon="10.898560819999997"><ele>298.05</ele><time>2026-09-20T9:48:07Z</time><extensions><speed>-1.0</speed><course>-1.0</course><hAcc>0.0</hAcc><vAcc>0.0</vAcc></extensions></trkpt><trkpt lat="49.63037638999994" lon="10.898481149999997"><ele>298.05</ele><time>2026-09-20T9:48:08Z</time><extensions><speed>-1.0</speed><course>-1.0</course><hAcc>0.0</hAcc><vAcc>0.0</vAcc></extensions></trkpt><trkpt lat="49.630408389999936" lon="10.898385819999996"><ele>298.05</ele><time>2026-09-20T9:48:10Z</time><extensions><speed>-1.0</speed><course>-1.0</course><hAcc>0.0</hAcc><vAcc>0.0</vAcc></extensions></trkpt><trkpt lat="49.630440059999934" lon="10.898278149999996"><ele>298.05</ele><time>2026-09-20T9:48:12Z</time><extensions><speed>-1.0</speed><course>-1.0</course><hAcc>0.0</hAcc><vAcc>0.0</vAcc></extensions></trkpt><trkpt lat="49.630470389999935" lon="10.898159479999995"><ele>298.05</ele><time>2026-09-20T9:48:14Z</time><extensions><speed>-1.0</speed><course>-1.0</course><hAcc>0.0</hAcc><vAcc>0.0</vAcc></extensions></trkpt><trkpt lat="49.630495389999936" lon="10.898056479999996"><ele>298.05</ele><time>2026-09-20T9:48:15Z</time><extensions><speed>-1.0</speed><course>-1.0</course><hAcc>0.0</hAcc><vAcc>0.0</vAcc></extensions></trkpt><trkpt lat="49.63052271999994" lon="10.897942809999996"><ele>298.87</ele><time>2026-09-20T9:48:17Z</time><extensions><speed>-1.0</speed><course>-1.0</course><hAcc>0.0</hAcc><vAcc>0.0</vAcc></extensions></trkpt><trkpt lat="49.63054804999994" lon="10.897844479999996"><ele>298.87</ele><time>2026-09-20T9:48:18Z</time><extensions><speed>-1.0</speed><course>-1.0</course><hAcc>0.0</hAcc><vAcc>0.0</vAcc></extensions></trkpt><trkpt lat="49.630571719999935" lon="10.897757809999996"><ele>298.87</ele><time>2026-09-20T9:48:19Z</time><extensions><speed>-1.0</speed><course>-1.0</course><hAcc>0.0</hAcc><vAcc>0.0</vAcc></extensions></trkpt><trkpt lat="49.630594719999934" lon="10.897677809999996"><ele>298.87</ele><time>2026-09-20T9:48:20Z</time><extensions><speed>-1.0</speed><course>-1.0</course><hAcc>0.0</hAcc><vAcc>0.0</vAcc></extensions></trkpt><trkpt lat="49.63062338999993" lon="10.897581479999996"><ele>298.87</ele><time>2026-09-20T9:48:22Z</time><extensions><speed>-1.0</speed><course>-1.0</course><hAcc>0.0</hAcc><vAcc>0.0</vAcc></extensions></trkpt><trkpt lat="49.63065538999993" lon="10.897473479999995"><ele>298.87</ele><time>2026-09-20T9:48:24Z</time><extensions><speed>-1.0</speed><course>-1.0</course><hAcc>0.0</hAcc><vAcc>0.0</vAcc></extensions></trkpt><trkpt lat="49.63068805999993" lon="10.897355809999995"><ele>298.87</ele><time>2026-09-20T9:48:26Z</time><extensions><speed>-1.0</speed><course>-1.0</course><hAcc>0.0</hAcc><vAcc>0.0</vAcc></extensions></trkpt><trkpt lat="49.63072205999993" lon="10.897231479999995"><ele>298.87</ele><time>2026-09-20T9:48:28Z</time><extensions><speed>-1.0</speed><course>-1.0</course><hAcc>0.0</hAcc><vAcc>0.0</vAcc></extensions></trkpt><trkpt lat="49.63075572999993" lon="10.897105479999995"><ele>298.87</ele><time>2026-09-20T9:48:30Z</time><extensions><speed>-1.0</speed><course>-1.0</course><hAcc>0.0</hAcc><vAcc>0.0</vAcc></extensions></trkpt><trkpt lat="49.630782729999936" lon="10.897000479999996"><ele>298.87</ele><time>2026-09-20T9:48:31Z</time><extensions><speed>-1.0</speed><course>-1.0</course><hAcc>0.0</hAcc><vAcc>0.0</vAcc></extensions></trkpt><trkpt lat="49.63080472999994" lon="10.896908809999996"><ele>298.87</ele><time>2026-09-20T9:48:32Z</time><extensions><speed>-1.0</speed><course>-1.0</course><hAcc>0.0</hAcc><vAcc>0.0</vAcc></extensions></trkpt><trkpt lat="49.630827729999936" lon="10.896808139999996"><ele>298.87</ele><time>2026-09-20T9:48:34Z</time><extensions><speed>-1.0</speed><course>-1.0</course><hAcc>0.0</hAcc><vAcc>0.0</vAcc></extensions></trkpt><trkpt lat="49.63084639999994" lon="10.896720809999996"><ele>298.87</ele><time>2026-09-20T9:48:35Z</time><extensions><speed>-1.0</speed><course>-1.0</course><hAcc>0.0</hAcc><vAcc>0.0</vAcc></extensions></trkpt><trkpt lat="49.63086406999994" lon="10.896622139999996"><ele>298.87</ele><time>2026-09-20T9:48:37Z</time><extensions><speed>-1.0</speed><course>-1.0</course><hAcc>0.0</hAcc><vAcc>0.0</vAcc></extensions></trkpt><trkpt lat="49.630878399999936" lon="10.896536469999996"><ele>298.87</ele><time>2026-09-20T9:48:38Z</time><extensions><speed>-1.0</speed><course>-1.0</course><hAcc>0.0</hAcc><vAcc>0.0</vAcc></extensions></trkpt><trkpt lat="49.630895399999936" lon="10.896438469999996"><ele>298.87</ele><time>2026-09-20T9:48:40Z</time><extensions><speed>-1.0</speed><course>-1.0</course><hAcc>0.0</hAcc><vAcc>0.0</vAcc></extensions></trkpt><trkpt lat="49.630910069999935" lon="10.896352799999995"><ele>298.87</ele><time>2026-09-20T9:48:41Z</time><extensions><speed>-1.0</speed><course>-1.0</course><hAcc>0.0</hAcc><vAcc>0.0</vAcc></extensions></trkpt><trkpt lat="49.63092606999994" lon="10.896253469999996"><ele>298.87</ele><time>2026-09-20T9:48:43Z</time><extensions><speed>-1.0</speed><course>-1.0</course><hAcc>0.0</hAcc><vAcc>0.0</vAcc></extensions></trkpt><trkpt lat="49.630940739999936" lon="10.896144139999995"><ele>298.87</ele><time>2026-09-20T9:48:45Z</time><extensions><speed>-1.0</speed><course>-1.0</course><hAcc>0.0</hAcc><vAcc>0.0</vAcc></extensions></trkpt><trkpt lat="49.63095306999993" lon="10.896028139999995"><ele>297.96</ele><time>2026-09-20T9:48:47Z</time><extensions><speed>-1.0</speed><course>-1.0</course><hAcc>0.0</hAcc><vAcc>0.0</vAcc></extensions></trkpt><trkpt lat="49.63096239999993" lon="10.895929139999994"><ele>297.96</ele><time>2026-09-20T9:48:48Z</time><extensions><speed>-1.0</speed><course>-1.0</course><hAcc>0.0</hAcc><vAcc>0.0</vAcc></extensions></trkpt><trkpt lat="49.63097172999993" lon="10.895821139999994"><ele>297.96</ele><time>2026-09-20T9:48:50Z</time><extensions><speed>-1.0</speed><course>-1.0</course><hAcc>0.0</hAcc><vAcc>0.0</vAcc></extensions></trkpt><trkpt lat="49.630978729999924" lon="10.895726809999994"><ele>297.96</ele><time>2026-09-20T9:48:51Z</time><extensions><speed>-1.0</speed><course>-1.0</course><hAcc>0.0</hAcc><vAcc>0.0</vAcc></extensions></trkpt><trkpt lat="49.63098572999992" lon="10.895622479999995"><ele>297.96</ele><time>2026-09-20T9:48:53Z</time><extensions><speed>-1.0</speed><course>-1.0</course><hAcc>0.0</hAcc><vAcc>0.0</vAcc></extensions></trkpt><trkpt lat="49.63099205999992" lon="10.895531149999995"><ele>297.96</ele><time>2026-09-20T9:48:54Z</time><extensions><speed>-1.0</speed><course>-1.0</course><hAcc>0.0</hAcc><vAcc>0.0</vAcc></extensions></trkpt><trkpt lat="49.63099738999992" lon="10.895428149999995"><ele>297.96</ele><time>2026-09-20T9:48:56Z</time><extensions><speed>-1.0</speed><course>-1.0</course><hAcc>0.0</hAcc><vAcc>0.0</vAcc></extensions></trkpt><trkpt lat="49.63100205999992" lon="10.895337819999995"><ele>297.96</ele><time>2026-09-20T9:48:57Z</time><extensions><speed>-1.0</speed><course>-1.0</course><hAcc>0.0</hAcc><vAcc>0.0</vAcc></extensions></trkpt><trkpt lat="49.631007059999924" lon="10.895235489999994"><ele>297.96</ele><time>2026-09-20T9:48:59Z</time><extensions><speed>-1.0</speed><course>-1.0</course><hAcc>0.0</hAcc><vAcc>0.0</vAcc></extensions></trkpt><trkpt lat="49.63101072999992" lon="10.895145159999993"><ele>297.96</ele><time>2026-09-20T9:49:00Z</time><extensions><speed>-1.0</speed><course>-1.0</course><hAcc>0.0</hAcc><vAcc>0.0</vAcc></extensions></trkpt><trkpt lat="49.63101639999992" lon="10.895041159999993"><ele>297.96</ele><time>2026-09-20T9:49:02Z</time><extensions><speed>-1.0</speed><course>-1.0</course><hAcc>0.0</hAcc><vAcc>0.0</vAcc></extensions></trkpt><trkpt lat="49.63102172999992" lon="10.894929159999993"><ele>297.96</ele><time>2026-09-20T9:49:04Z</time><extensions><speed>-1.0</speed><course>-1.0</course><hAcc>0.0</hAcc><vAcc>0.0</vAcc></extensions></trkpt><trkpt lat="49.63102572999992" lon="10.894831829999994"><ele>297.96</ele><time>2026-09-20T9:49:05Z</time><extensions><speed>-1.0</speed><course>-1.0</course><hAcc>0.0</hAcc><vAcc>0.0</vAcc></extensions></trkpt><trkpt lat="49.631029729999916" lon="10.894743159999994"><ele>297.96</ele><time>2026-09-20T9:49:06Z</time><extensions><speed>-1.0</speed><course>-1.0</course><hAcc>0.0</hAcc><vAcc>0.0</vAcc></extensions></trkpt><trkpt lat="49.63103405999992" lon="10.894640829999993"><ele>297.96</ele><time>2026-09-20T9:49:08Z</time><extensions><speed>-1.0</speed><course>-1.0</course><hAcc>0.0</hAcc><vAcc>0.0</vAcc></extensions></trkpt><trkpt lat="49.63103938999992" lon="10.894528499999993"><ele>297.96</ele><time>2026-09-20T9:49:10Z</time><extensions><speed>-1.0</speed><course>-1.0</course><hAcc>0.0</hAcc><vAcc>0.0</vAcc></extensions></trkpt><trkpt lat="49.63104438999992" lon="10.894431829999993"><ele>297.96</ele><time>2026-09-20T9:49:11Z</time><extensions><speed>-1.0</speed><course>-1.0</course><hAcc>0.0</hAcc><vAcc>0.0</vAcc></extensions></trkpt><trkpt lat="49.63105105999992" lon="10.894323499999993"><ele>297.96</ele><time>2026-09-20T9:49:13Z</time><extensions><speed>-1.0</speed><course>-1.0</course><hAcc>0.0</hAcc><vAcc>0.0</vAcc></extensions></trkpt><trkpt lat="49.63105938999992" lon="10.894208169999994"><ele>297.96</ele><time>2026-09-20T9:49:15Z</time><extensions><speed>-1.0</speed><course>-1.0</course><hAcc>0.0</hAcc><vAcc>0.0</vAcc></extensions></trkpt><trkpt lat="49.63106671999992" lon="10.894109499999994"><ele>297.96</ele><time>2026-09-20T9:49:16Z</time><extensions><speed>-1.0</speed><course>-1.0</course><hAcc>0.0</hAcc><vAcc>0.0</vAcc></extensions></trkpt><trkpt lat="49.63107238999992" lon="10.894022829999994"><ele>297.96</ele><time>2026-09-20T9:49:17Z</time><extensions><speed>-1.0</speed><course>-1.0</course><hAcc>0.0</hAcc><vAcc>0.0</vAcc></extensions></trkpt><trkpt lat="49.63107771999992" lon="10.893943829999994"><ele>297.96</ele><time>2026-09-20T9:49:18Z</time><extensions><speed>-1.0</speed><course>-1.0</course><hAcc>0.0</hAcc><vAcc>0.0</vAcc></extensions></trkpt><trkpt lat="49.63108438999992" lon="10.893852499999994"><ele>297.96</ele><time>2026-09-20T9:49:20Z</time><extensions><speed>-1.0</speed><course>-1.0</course><hAcc>0.0</hAcc><vAcc>0.0</vAcc></extensions></trkpt><trkpt lat="49.63109105999992" lon="10.893768499999995"><ele>297.96</ele><time>2026-09-20T9:49:21Z</time><extensions><speed>-1.0</speed><course>-1.0</course><hAcc>0.0</hAcc><vAcc>0.0</vAcc></extensions></trkpt><trkpt lat="49.63109638999992" lon="10.893692829999996"><ele>297.96</ele><time>2026-09-20T9:49:22Z</time><extensions><speed>-1.0</speed><course>-1.0</course><hAcc>0.0</hAcc><vAcc>0.0</vAcc></extensions></trkpt><trkpt lat="49.631102719999916" lon="10.893622159999996"><ele>297.96</ele><time>2026-09-20T9:49:23Z</time><extensions><speed>-1.0</speed><course>-1.0</course><hAcc>0.0</hAcc><vAcc>0.0</vAcc></extensions></trkpt><trkpt lat="49.63111004999992" lon="10.893536159999996"><ele>297.96</ele><time>2026-09-20T9:49:25Z</time><extensions><speed>-1.0</speed><course>-1.0</course><hAcc>0.0</hAcc><vAcc>0.0</vAcc></extensions></trkpt><trkpt lat="49.631116719999916" lon="10.893456829999996"><ele>297.96</ele><time>2026-09-20T9:49:26Z</time><extensions><speed>-1.0</speed><course>-1.0</course><hAcc>0.0</hAcc><vAcc>0.0</vAcc></extensions></trkpt><trkpt lat="49.631126049999914" lon="10.893363159999996"><ele>297.96</ele><time>2026-09-20T9:49:28Z</time><extensions><speed>-1.0</speed><course>-1.0</course><hAcc>0.0</hAcc><vAcc>0.0</vAcc></extensions></trkpt><trkpt lat="49.63113504999991" lon="10.893260489999996"><ele>297.96</ele><time>2026-09-20T9:49:30Z</time><extensions><speed>-1.0</speed><course>-1.0</course><hAcc>0.0</hAcc><vAcc>0.0</vAcc></extensions></trkpt><trkpt lat="49.631142719999914" lon="10.893170819999996"><ele>297.96</ele><time>2026-09-20T9:49:31Z</time><extensions><speed>-1.0</speed><course>-1.0</course><hAcc>0.0</hAcc><vAcc>0.0</vAcc></extensions></trkpt><trkpt lat="49.631154389999914" lon="10.893073819999996"><ele>298.78000000000003</ele><time>2026-09-20T9:49:33Z</time><extensions><speed>-1.0</speed><course>-1.0</course><hAcc>0.0</hAcc><vAcc>0.0</vAcc></extensions></trkpt><trkpt lat="49.631165389999914" lon="10.892968819999997"><ele>298.78000000000003</ele><time>2026-09-20T9:49:35Z</time><extensions><speed>-1.0</speed><course>-1.0</course><hAcc>0.0</hAcc><vAcc>0.0</vAcc></extensions></trkpt><trkpt lat="49.63117738999991" lon="10.892850149999996"><ele>298.78000000000003</ele><time>2026-09-20T9:49:37Z</time><extensions><speed>-1.0</speed><course>-1.0</course><hAcc>0.0</hAcc><vAcc>0.0</vAcc></extensions></trkpt><trkpt lat="49.631188059999914" lon="10.892751479999996"><ele>298.78000000000003</ele><time>2026-09-20T9:49:38Z</time><extensions><speed>-1.0</speed><course>-1.0</course><hAcc>0.0</hAcc><vAcc>0.0</vAcc></extensions></trkpt><trkpt lat="49.63120005999991" lon="10.892647149999997"><ele>298.78000000000003</ele><time>2026-09-20T9:49:40Z</time><extensions><speed>-1.0</speed><course>-1.0</course><hAcc>0.0</hAcc><vAcc>0.0</vAcc></extensions></trkpt><trkpt lat="49.63120972999991" lon="10.892557149999996"><ele>298.78000000000003</ele><time>2026-09-20T9:49:41Z</time><extensions><speed>-1.0</speed><course>-1.0</course><hAcc>0.0</hAcc><vAcc>0.0</vAcc></extensions></trkpt><trkpt lat="49.63122139999991" lon="10.892454819999996"><ele>298.78000000000003</ele><time>2026-09-20T9:49:43Z</time><extensions><speed>-1.0</speed><course>-1.0</course><hAcc>0.0</hAcc><vAcc>0.0</vAcc></extensions></trkpt><trkpt lat="49.63123472999991" lon="10.892345489999995"><ele>298.78000000000003</ele><time>2026-09-20T9:49:45Z</time><extensions><speed>-1.0</speed><course>-1.0</course><hAcc>0.0</hAcc><vAcc>0.0</vAcc></extensions></trkpt><trkpt lat="49.631250399999914" lon="10.892231819999996"><ele>298.78000000000003</ele><time>2026-09-20T9:49:47Z</time><extensions><speed>-1.0</speed><course>-1.0</course><hAcc>0.0</hAcc><vAcc>0.0</vAcc></extensions></trkpt><trkpt lat="49.631267069999915" lon="10.892114489999996"><ele>298.78000000000003</ele><time>2026-09-20T9:49:49Z</time><extensions><speed>-1.0</speed><course>-1.0</course><hAcc>0.0</hAcc><vAcc>0.0</vAcc></extensions></trkpt><trkpt lat="49.631280739999916" lon="10.892013819999995"><ele>298.78000000000003</ele><time>2026-09-20T9:49:50Z</time><extensions><speed>-1.0</speed><course>-1.0</course><hAcc>0.0</hAcc><vAcc>0.0</vAcc></extensions></trkpt><trkpt lat="49.631298069999914" lon="10.891902489999996"><ele>298.78000000000003</ele><time>2026-09-20T9:49:52Z</time><extensions><speed>-1.0</speed><course>-1.0</course><hAcc>0.0</hAcc><vAcc>0.0</vAcc></extensions></trkpt><trkpt lat="49.63131239999991" lon="10.891806819999996"><ele>298.78000000000003</ele><time>2026-09-20T9:49:53Z</time><extensions><speed>-1.0</speed><course>-1.0</course><hAcc>0.0</hAcc><vAcc>0.0</vAcc></extensions></trkpt><trkpt lat="49.631328729999915" lon="10.891698489999996"><ele>298.78000000000003</ele><time>2026-09-20T9:49:55Z</time><extensions><speed>-1.0</speed><course>-1.0</course><hAcc>0.0</hAcc><vAcc>0.0</vAcc></extensions></trkpt><trkpt lat="49.63134705999992" lon="10.891581489999997"><ele>298.78000000000003</ele><time>2026-09-20T9:49:57Z</time><extensions><speed>-1.0</speed><course>-1.0</course><hAcc>0.0</hAcc><vAcc>0.0</vAcc></extensions></trkpt><trkpt lat="49.63136705999992" lon="10.891462159999996"><ele>298.78000000000003</ele><time>2026-09-20T9:49:59Z</time><extensions><speed>-1.0</speed><course>-1.0</course><hAcc>0.0</hAcc><vAcc>0.0</vAcc></extensions></trkpt><trkpt lat="49.631384729999915" lon="10.891361489999996"><ele>298.78000000000003</ele><time>2026-09-20T9:50:00Z</time><extensions><speed>-1.0</speed><course>-1.0</course><hAcc>0.0</hAcc><vAcc>0.0</vAcc></extensions></trkpt><trkpt lat="49.63140272999991" lon="10.891251489999997"><ele>298.78000000000003</ele><time>2026-09-20T9:50:02Z</time><extensions><speed>-1.0</speed><course>-1.0</course><hAcc>0.0</hAcc><vAcc>0.0</vAcc></extensions></trkpt><trkpt lat="49.63142305999991" lon="10.891138489999996"><ele>298.78000000000003</ele><time>2026-09-20T9:50:04Z</time><extensions><speed>-1.0</speed><course>-1.0</course><hAcc>0.0</hAcc><vAcc>0.0</vAcc></extensions></trkpt><trkpt lat="49.63144405999991" lon="10.891023159999996"><ele>298.78000000000003</ele><time>2026-09-20T9:50:06Z</time><extensions><speed>-1.0</speed><course>-1.0</course><hAcc>0.0</hAcc><vAcc>0.0</vAcc></extensions></trkpt><trkpt lat="49.63146572999991" lon="10.890901829999995"><ele>298.78000000000003</ele><time>2026-09-20T9:50:08Z</time><extensions><speed>-1.0</speed><course>-1.0</course><hAcc>0.0</hAcc><vAcc>0.0</vAcc></extensions></trkpt><trkpt lat="49.63148372999991" lon="10.890800499999996"><ele>298.78000000000003</ele><time>2026-09-20T9:50:09Z</time><extensions><speed>-1.0</speed><course>-1.0</course><hAcc>0.0</hAcc><vAcc>0.0</vAcc></extensions></trkpt><trkpt lat="49.631504059999905" lon="10.890698499999996"><ele>298.78000000000003</ele><time>2026-09-20T9:50:11Z</time><extensions><speed>-1.0</speed><course>-1.0</course><hAcc>0.0</hAcc><vAcc>0.0</vAcc></extensions></trkpt><trkpt lat="49.631521389999904" lon="10.890610829999996"><ele>298.78000000000003</ele><time>2026-09-20T9:50:12Z</time><extensions><speed>-1.0</speed><course>-1.0</course><hAcc>0.0</hAcc><vAcc>0.0</vAcc></extensions></trkpt><trkpt lat="49.6315413899999" lon="10.890514499999997"><ele>298.78000000000003</ele><time>2026-09-20T9:50:14Z</time><extensions><speed>-1.0</speed><course>-1.0</course><hAcc>0.0</hAcc><vAcc>0.0</vAcc></extensions></trkpt><trkpt lat="49.6315583899999" lon="10.890432169999997"><ele>298.78000000000003</ele><time>2026-09-20T9:50:15Z</time><extensions><speed>-1.0</speed><course>-1.0</course><hAcc>0.0</hAcc><vAcc>0.0</vAcc></extensions></trkpt><trkpt lat="49.6315787199999" lon="10.890340499999997"><ele>298.78000000000003</ele><time>2026-09-20T9:50:17Z</time><extensions><speed>-1.0</speed><course>-1.0</course><hAcc>0.0</hAcc><vAcc>0.0</vAcc></extensions></trkpt><trkpt lat="49.6316020499999" lon="10.890240169999997"><ele>298.78000000000003</ele><time>2026-09-20T9:50:19Z</time><extensions><speed>-1.0</speed><course>-1.0</course><hAcc>0.0</hAcc><vAcc>0.0</vAcc></extensions></trkpt><trkpt lat="49.6316290499999" lon="10.890128169999997"><ele>298.78000000000003</ele><time>2026-09-20T9:50:21Z</time><extensions><speed>-1.0</speed><course>-1.0</course><hAcc>0.0</hAcc><vAcc>0.0</vAcc></extensions></trkpt><trkpt lat="49.631653049999905" lon="10.890029839999997"><ele>298.78000000000003</ele><time>2026-09-20T9:50:22Z</time><extensions><speed>-1.0</speed><course>-1.0</course><hAcc>0.0</hAcc><vAcc>0.0</vAcc></extensions></trkpt><trkpt lat="49.631675049999906" lon="10.889941169999997"><ele>298.78000000000003</ele><time>2026-09-20T9:50:23Z</time><extensions><speed>-1.0</speed><course>-1.0</course><hAcc>0.0</hAcc><vAcc>0.0</vAcc></extensions></trkpt><trkpt lat="49.63169937999991" lon="10.889836839999997"><ele>298.78000000000003</ele><time>2026-09-20T9:50:25Z</time><extensions><speed>-1.0</speed><course>-1.0</course><hAcc>0.0</hAcc><vAcc>0.0</vAcc></extensions></trkpt><trkpt lat="49.63172737999991" lon="10.889723839999997"><ele>298.78000000000003</ele><time>2026-09-20T9:50:27Z</time><extensions><speed>-1.0</speed><course>-1.0</course><hAcc>0.0</hAcc><vAcc>0.0</vAcc></extensions></trkpt><trkpt lat="49.63175704999991" lon="10.889606509999997"><ele>298.78000000000003</ele><time>2026-09-20T9:50:29Z</time><extensions><speed>-1.0</speed><course>-1.0</course><hAcc>0.0</hAcc><vAcc>0.0</vAcc></extensions></trkpt><trkpt lat="49.63178804999991" lon="10.889487509999997"><ele>298.78000000000003</ele><time>2026-09-20T9:50:31Z</time><extensions><speed>-1.0</speed><course>-1.0</course><hAcc>0.0</hAcc><vAcc>0.0</vAcc></extensions></trkpt><trkpt lat="49.63181404999991" lon="10.889386839999997"><ele>298.78000000000003</ele><time>2026-09-20T9:50:32Z</time><extensions><speed>-1.0</speed><course>-1.0</course><hAcc>0.0</hAcc><vAcc>0.0</vAcc></extensions></trkpt><trkpt lat="49.63184337999991" lon="10.889283169999997"><ele>298.78000000000003</ele><time>2026-09-20T9:50:34Z</time><extensions><speed>-1.0</speed><course>-1.0</course><hAcc>0.0</hAcc><vAcc>0.0</vAcc></extensions></trkpt><trkpt lat="49.63187337999991" lon="10.889176169999997"><ele>298.78000000000003</ele><time>2026-09-20T9:50:36Z</time><extensions><speed>-1.0</speed><course>-1.0</course><hAcc>0.0</hAcc><vAcc>0.0</vAcc></extensions></trkpt><trkpt lat="49.63189837999991" lon="10.889084169999997"><ele>298.78000000000003</ele><time>2026-09-20T9:50:37Z</time><extensions><speed>-1.0</speed><course>-1.0</course><hAcc>0.0</hAcc><vAcc>0.0</vAcc></extensions></trkpt><trkpt lat="49.63192070999991" lon="10.889005169999997"><ele>298.78000000000003</ele><time>2026-09-20T9:50:38Z</time><extensions><speed>-1.0</speed><course>-1.0</course><hAcc>0.0</hAcc><vAcc>0.0</vAcc></extensions></trkpt><trkpt lat="49.63194237999991" lon="10.888933169999998"><ele>298.78000000000003</ele><time>2026-09-20T9:50:39Z</time><extensions><speed>-1.0</speed><course>-1.0</course><hAcc>0.0</hAcc><vAcc>0.0</vAcc></extensions></trkpt><trkpt lat="49.63196770999991" lon="10.888845169999998"><ele>298.78000000000003</ele><time>2026-09-20T9:50:41Z</time><extensions><speed>-1.0</speed><course>-1.0</course><hAcc>0.0</hAcc><vAcc>0.0</vAcc></extensions></trkpt><trkpt lat="49.63199637999991" lon="10.888748169999998"><ele>298.78000000000003</ele><time>2026-09-20T9:50:43Z</time><extensions><speed>-1.0</speed><course>-1.0</course><hAcc>0.0</hAcc><vAcc>0.0</vAcc></extensions></trkpt><trkpt lat="49.63202704999991" lon="10.888644839999998"><ele>298.78000000000003</ele><time>2026-09-20T9:50:45Z</time><extensions><speed>-1.0</speed><course>-1.0</course><hAcc>0.0</hAcc><vAcc>0.0</vAcc></extensions></trkpt><trkpt lat="49.632057719999914" lon="10.888537509999997"><ele>298.78000000000003</ele><time>2026-09-20T9:50:47Z</time><extensions><speed>-1.0</speed><course>-1.0</course><hAcc>0.0</hAcc><vAcc>0.0</vAcc></extensions></trkpt><trkpt lat="49.63208871999991" lon="10.888427509999998"><ele>298.78000000000003</ele><time>2026-09-20T9:50:49Z</time><extensions><speed>-1.0</speed><course>-1.0</course><hAcc>0.0</hAcc><vAcc>0.0</vAcc></extensions></trkpt><trkpt lat="49.632115719999916" lon="10.888335509999997"><ele>298.78000000000003</ele><time>2026-09-20T9:50:50Z</time><extensions><speed>-1.0</speed><course>-1.0</course><hAcc>0.0</hAcc><vAcc>0.0</vAcc></extensions></trkpt><trkpt lat="49.632146719999916" lon="10.888239179999998"><ele>298.78000000000003</ele><time>2026-09-20T9:50:52Z</time><extensions><speed>-1.0</speed><course>-1.0</course><hAcc>0.0</hAcc><vAcc>0.0</vAcc></extensions></trkpt><trkpt lat="49.63217304999991" lon="10.888155179999998"><ele>298.78000000000003</ele><time>2026-09-20T9:50:53Z</time><extensions><speed>-1.0</speed><course>-1.0</course><hAcc>0.0</hAcc><vAcc>0.0</vAcc></extensions></trkpt><trkpt lat="49.63220237999991" lon="10.888063509999999"><ele>298.78000000000003</ele><time>2026-09-20T9:50:55Z</time><extensions><speed>-1.0</speed><course>-1.0</course><hAcc>0.0</hAcc><vAcc>0.0</vAcc></extensions></trkpt><trkpt lat="49.63223137999991" lon="10.887964179999999"><ele>298.78000000000003</ele><time>2026-09-20T9:50:57Z</time><extensions><speed>-1.0</speed><course>-1.0</course><hAcc>0.0</hAcc><vAcc>0.0</vAcc></extensions></trkpt><trkpt lat="49.63225704999991" lon="10.88787951"><ele>298.78000000000003</ele><time>2026-09-20T9:50:58Z</time><extensions><speed>-1.0</speed><course>-1.0</course><hAcc>0.0</hAcc><vAcc>0.0</vAcc></extensions></trkpt><trkpt lat="49.63228104999991" lon="10.887805179999999"><ele>298.78000000000003</ele><time>2026-09-20T9:50:59Z</time><extensions><speed>-1.0</speed><course>-1.0</course><hAcc>0.0</hAcc><vAcc>0.0</vAcc></extensions></trkpt><trkpt lat="49.63230371999991" lon="10.887737179999998"><ele>298.78000000000003</ele><time>2026-09-20T9:51:00Z</time><extensions><speed>-1.0</speed><course>-1.0</course><hAcc>0.0</hAcc><vAcc>0.0</vAcc></extensions></trkpt><trkpt lat="49.63233038999991" lon="10.887655179999998"><ele>298.78000000000003</ele><time>2026-09-20T9:51:02Z</time><extensions><speed>-1.0</speed><course>-1.0</course><hAcc>0.0</hAcc><vAcc>0.0</vAcc></extensions></trkpt><trkpt lat="49.63235305999991" lon="10.887581849999998"><ele>298.78000000000003</ele><time>2026-09-20T9:51:03Z</time><extensions><speed>-1.0</speed><course>-1.0</course><hAcc>0.0</hAcc><vAcc>0.0</vAcc></extensions></trkpt><trkpt lat="49.632373729999905" lon="10.887514519999998"><ele>298.78000000000003</ele><time>2026-09-20T9:51:04Z</time><extensions><speed>-1.0</speed><course>-1.0</course><hAcc>0.0</hAcc><vAcc>0.0</vAcc></extensions></trkpt><trkpt lat="49.632393729999905" lon="10.887450519999998"><ele>298.78000000000003</ele><time>2026-09-20T9:51:05Z</time><extensions><speed>-1.0</speed><course>-1.0</course><hAcc>0.0</hAcc><vAcc>0.0</vAcc></extensions></trkpt><trkpt lat="49.63241839999991" lon="10.887369519999998"><ele>298.78000000000003</ele><time>2026-09-20T9:51:07Z</time><extensions><speed>-1.0</speed><course>-1.0</course><hAcc>0.0</hAcc><vAcc>0.0</vAcc></extensions></trkpt><trkpt lat="49.632446729999906" lon="10.887277189999999"><ele>298.78000000000003</ele><time>2026-09-20T9:51:09Z</time><extensions><speed>-1.0</speed><course>-1.0</course><hAcc>0.0</hAcc><vAcc>0.0</vAcc></extensions></trkpt><trkpt lat="49.632472059999905" lon="10.88719652"><ele>298.78000000000003</ele><time>2026-09-20T9:51:10Z</time><extensions><speed>-1.0</speed><course>-1.0</course><hAcc>0.0</hAcc><vAcc>0.0</vAcc></extensions></trkpt><trkpt lat="49.6324957299999" lon="10.88712452"><ele>298.78000000000003</ele><time>2026-09-20T9:51:11Z</time><extensions><speed>-1.0</speed><course>-1.0</course><hAcc>0.0</hAcc><vAcc>0.0</vAcc></extensions></trkpt><trkpt lat="49.6325240599999" lon="10.88704019"><ele>298.78000000000003</ele><time>2026-09-20T9:51:13Z</time><extensions><speed>-1.0</speed><course>-1.0</course><hAcc>0.0</hAcc><vAcc>0.0</vAcc></extensions></trkpt><trkpt lat="49.6325530599999" lon="10.88694686"><ele>298.78000000000003</ele><time>2026-09-20T9:51:15Z</time><extensions><speed>-1.0</speed><course>-1.0</course><hAcc>0.0</hAcc><vAcc>0.0</vAcc></extensions></trkpt><trkpt lat="49.6325790599999" lon="10.88686486"><ele>298.78000000000003</ele><time>2026-09-20T9:51:16Z</time><extensions><speed>-1.0</speed><course>-1.0</course><hAcc>0.0</hAcc><vAcc>0.0</vAcc></extensions></trkpt><trkpt lat="49.6326093899999" lon="10.886771529999999"><ele>298.78000000000003</ele><time>2026-09-20T9:51:18Z</time><extensions><speed>-1.0</speed><course>-1.0</course><hAcc>0.0</hAcc><vAcc>0.0</vAcc></extensions></trkpt><trkpt lat="49.6326350599999" lon="10.8866892"><ele>298.78000000000003</ele><time>2026-09-20T9:51:19Z</time><extensions><speed>-1.0</speed><course>-1.0</course><hAcc>0.0</hAcc><vAcc>0.0</vAcc></extensions></trkpt><trkpt lat="49.6326640599999" lon="10.88659553"><ele>298.78000000000003</ele><time>2026-09-20T9:51:21Z</time><extensions><speed>-1.0</speed><course>-1.0</course><hAcc>0.0</hAcc><vAcc>0.0</vAcc></extensions></trkpt><trkpt lat="49.632689729999896" lon="10.886513529999998"><ele>298.78000000000003</ele><time>2026-09-20T9:51:22Z</time><extensions><speed>-1.0</speed><course>-1.0</course><hAcc>0.0</hAcc><vAcc>0.0</vAcc></extensions></trkpt><trkpt lat="49.632713059999894" lon="10.886439859999998"><ele>298.78000000000003</ele><time>2026-09-20T9:51:23Z</time><extensions><speed>-1.0</speed><course>-1.0</course><hAcc>0.0</hAcc><vAcc>0.0</vAcc></extensions></trkpt><trkpt lat="49.63274138999989" lon="10.886352859999997"><ele>298.78000000000003</ele><time>2026-09-20T9:51:25Z</time><extensions><speed>-1.0</speed><course>-1.0</course><hAcc>0.0</hAcc><vAcc>0.0</vAcc></extensions></trkpt><trkpt lat="49.632772059999894" lon="10.886256859999998"><ele>298.78000000000003</ele><time>2026-09-20T9:51:27Z</time><extensions><speed>-1.0</speed><course>-1.0</course><hAcc>0.0</hAcc><vAcc>0.0</vAcc></extensions></trkpt><trkpt lat="49.632799389999896" lon="10.886173859999998"><ele>298.78000000000003</ele><time>2026-09-20T9:51:28Z</time><extensions><speed>-1.0</speed><course>-1.0</course><hAcc>0.0</hAcc><vAcc>0.0</vAcc></extensions></trkpt><trkpt lat="49.6328293899999" lon="10.886078859999998"><ele>298.78000000000003</ele><time>2026-09-20T9:51:30Z</time><extensions><speed>-1.0</speed><course>-1.0</course><hAcc>0.0</hAcc><vAcc>0.0</vAcc></extensions></trkpt><trkpt lat="49.6328633899999" lon="10.885973859999998"><ele>298.78000000000003</ele><time>2026-09-20T9:51:32Z</time><extensions><speed>-1.0</speed><course>-1.0</course><hAcc>0.0</hAcc><vAcc>0.0</vAcc></extensions></trkpt><trkpt lat="49.6328990599999" lon="10.885861529999998"><ele>298.78000000000003</ele><time>2026-09-20T9:51:34Z</time><extensions><speed>-1.0</speed><course>-1.0</course><hAcc>0.0</hAcc><vAcc>0.0</vAcc></extensions></trkpt><trkpt lat="49.6329290599999" lon="10.885765529999999"><ele>298.78000000000003</ele><time>2026-09-20T9:51:35Z</time><extensions><speed>-1.0</speed><course>-1.0</course><hAcc>0.0</hAcc><vAcc>0.0</vAcc></extensions></trkpt><trkpt lat="49.632961729999906" lon="10.8856592"><ele>298.78000000000003</ele><time>2026-09-20T9:51:37Z</time><extensions><speed>-1.0</speed><course>-1.0</course><hAcc>0.0</hAcc><vAcc>0.0</vAcc></extensions></trkpt><trkpt lat="49.63299505999991" lon="10.885546199999999"><ele>298.78000000000003</ele><time>2026-09-20T9:51:39Z</time><extensions><speed>-1.0</speed><course>-1.0</course><hAcc>0.0</hAcc><vAcc>0.0</vAcc></extensions></trkpt><trkpt lat="49.63302305999991" lon="10.885449529999999"><ele>298.78000000000003</ele><time>2026-09-20T9:51:40Z</time><extensions><speed>-1.0</speed><course>-1.0</course><hAcc>0.0</hAcc><vAcc>0.0</vAcc></extensions></trkpt><trkpt lat="49.633046729999904" lon="10.8853642"><ele>298.78000000000003</ele><time>2026-09-20T9:51:41Z</time><extensions><speed>-1.0</speed><course>-1.0</course><hAcc>0.0</hAcc><vAcc>0.0</vAcc></extensions></trkpt><trkpt lat="49.6330753999999" lon="10.88526753"><ele>298.78000000000003</ele><time>2026-09-20T9:51:43Z</time><extensions><speed>-1.0</speed><course>-1.0</course><hAcc>0.0</hAcc><vAcc>0.0</vAcc></extensions></trkpt><trkpt lat="49.6331010699999" lon="10.88518286"><ele>298.78000000000003</ele><time>2026-09-20T9:51:44Z</time><extensions><speed>-1.0</speed><course>-1.0</course><hAcc>0.0</hAcc><vAcc>0.0</vAcc></extensions></trkpt><trkpt lat="49.6331290699999" lon="10.88508653"><ele>298.78000000000003</ele><time>2026-09-20T9:51:46Z</time><extensions><speed>-1.0</speed><course>-1.0</course><hAcc>0.0</hAcc><vAcc>0.0</vAcc></extensions></trkpt><trkpt lat="49.6331570699999" lon="10.88498086"><ele>298.78000000000003</ele><time>2026-09-20T9:51:48Z</time><extensions><speed>-1.0</speed><course>-1.0</course><hAcc>0.0</hAcc><vAcc>0.0</vAcc></extensions></trkpt><trkpt lat="49.6331857399999" lon="10.884874190000001"><ele>298.78000000000003</ele><time>2026-09-20T9:51:50Z</time><extensions><speed>-1.0</speed><course>-1.0</course><hAcc>0.0</hAcc><vAcc>0.0</vAcc></extensions></trkpt><trkpt lat="49.6332117399999" lon="10.884771520000001"><ele>298.78000000000003</ele><time>2026-09-20T9:51:52Z</time><extensions><speed>-1.0</speed><course>-1.0</course><hAcc>0.0</hAcc><vAcc>0.0</vAcc></extensions></trkpt><trkpt lat="49.6332367399999" lon="10.884662850000002"><ele>298.78000000000003</ele><time>2026-09-20T9:51:54Z</time><extensions><speed>-1.0</speed><course>-1.0</course><hAcc>0.0</hAcc><vAcc>0.0</vAcc></extensions></trkpt><trkpt lat="49.6332634099999" lon="10.884551520000002"><ele>298.78000000000003</ele><time>2026-09-20T9:51:56Z</time><extensions><speed>-1.0</speed><course>-1.0</course><hAcc>0.0</hAcc><vAcc>0.0</vAcc></extensions></trkpt><trkpt lat="49.6332847399999" lon="10.884456190000002"><ele>298.78000000000003</ele><time>2026-09-20T9:51:57Z</time><extensions><speed>-1.0</speed><course>-1.0</course><hAcc>0.0</hAcc><vAcc>0.0</vAcc></extensions></trkpt><trkpt lat="49.6333074099999" lon="10.884352860000002"><ele>298.78000000000003</ele><time>2026-09-20T9:51:59Z</time><extensions><speed>-1.0</speed><course>-1.0</course><hAcc>0.0</hAcc><vAcc>0.0</vAcc></extensions></trkpt><trkpt lat="49.6333294099999" lon="10.884243860000002"><ele>298.78000000000003</ele><time>2026-09-20T9:52:01Z</time><extensions><speed>-1.0</speed><course>-1.0</course><hAcc>0.0</hAcc><vAcc>0.0</vAcc></extensions></trkpt><trkpt lat="49.6333497399999" lon="10.884129860000002"><ele>298.78000000000003</ele><time>2026-09-20T9:52:03Z</time><extensions><speed>-1.0</speed><course>-1.0</course><hAcc>0.0</hAcc><vAcc>0.0</vAcc></extensions></trkpt><trkpt lat="49.6333664099999" lon="10.884031860000002"><ele>298.78000000000003</ele><time>2026-09-20T9:52:04Z</time><extensions><speed>-1.0</speed><course>-1.0</course><hAcc>0.0</hAcc><vAcc>0.0</vAcc></extensions></trkpt><trkpt lat="49.6333800799999" lon="10.883945190000002"><ele>298.78000000000003</ele><time>2026-09-20T9:52:05Z</time><extensions><speed>-1.0</speed><course>-1.0</course><hAcc>0.0</hAcc><vAcc>0.0</vAcc></extensions></trkpt><trkpt lat="49.633396079999905" lon="10.883843860000002"><ele>298.78000000000003</ele><time>2026-09-20T9:52:07Z</time><extensions><speed>-1.0</speed><course>-1.0</course><hAcc>0.0</hAcc><vAcc>0.0</vAcc></extensions></trkpt><trkpt lat="49.63340907999991" lon="10.883754190000003"><ele>298.78000000000003</ele><time>2026-09-20T9:52:08Z</time><extensions><speed>-1.0</speed><course>-1.0</course><hAcc>0.0</hAcc><vAcc>0.0</vAcc></extensions></trkpt><trkpt lat="49.633421749999904" lon="10.883653860000003"><ele>298.78000000000003</ele><time>2026-09-20T9:52:10Z</time><extensions><speed>-1.0</speed><course>-1.0</course><hAcc>0.0</hAcc><vAcc>0.0</vAcc></extensions></trkpt><trkpt lat="49.63343174999991" lon="10.883566190000003"><ele>298.78000000000003</ele><time>2026-09-20T9:52:11Z</time><extensions><speed>-1.0</speed><course>-1.0</course><hAcc>0.0</hAcc><vAcc>0.0</vAcc></extensions></trkpt><trkpt lat="49.63343974999991" lon="10.883487190000004"><ele>298.78000000000003</ele><time>2026-09-20T9:52:12Z</time><extensions><speed>-1.0</speed><course>-1.0</course><hAcc>0.0</hAcc><vAcc>0.0</vAcc></extensions></trkpt><trkpt lat="49.63344974999991" lon="10.883394190000004"><ele>298.78000000000003</ele><time>2026-09-20T9:52:14Z</time><extensions><speed>-1.0</speed><course>-1.0</course><hAcc>0.0</hAcc><vAcc>0.0</vAcc></extensions></trkpt><trkpt lat="49.63345807999991" lon="10.883310860000003"><ele>298.78000000000003</ele><time>2026-09-20T9:52:15Z</time><extensions><speed>-1.0</speed><course>-1.0</course><hAcc>0.0</hAcc><vAcc>0.0</vAcc></extensions></trkpt><trkpt lat="49.63346507999991" lon="10.883222190000003"><ele>298.78000000000003</ele><time>2026-09-20T9:52:17Z</time><extensions><speed>-1.0</speed><course>-1.0</course><hAcc>0.0</hAcc><vAcc>0.0</vAcc></extensions></trkpt><trkpt lat="49.63347274999991" lon="10.883124520000003"><ele>298.78000000000003</ele><time>2026-09-20T9:52:19Z</time><extensions><speed>-1.0</speed><course>-1.0</course><hAcc>0.0</hAcc><vAcc>0.0</vAcc></extensions></trkpt><trkpt lat="49.63348207999991" lon="10.883017520000003"><ele>298.78000000000003</ele><time>2026-09-20T9:52:21Z</time><extensions><speed>-1.0</speed><course>-1.0</course><hAcc>0.0</hAcc><vAcc>0.0</vAcc></extensions></trkpt><trkpt lat="49.633488749999906" lon="10.882922520000003"><ele>298.78000000000003</ele><time>2026-09-20T9:52:22Z</time><extensions><speed>-1.0</speed><course>-1.0</course><hAcc>0.0</hAcc><vAcc>0.0</vAcc></extensions></trkpt><trkpt lat="49.6334957499999" lon="10.882814850000003"><ele>298.78000000000003</ele><time>2026-09-20T9:52:24Z</time><extensions><speed>-1.0</speed><course>-1.0</course><hAcc>0.0</hAcc><vAcc>0.0</vAcc></extensions></trkpt><trkpt lat="49.6335017499999" lon="10.882720180000003"><ele>298.78000000000003</ele><time>2026-09-20T9:52:25Z</time><extensions><speed>-1.0</speed><course>-1.0</course><hAcc>0.0</hAcc><vAcc>0.0</vAcc></extensions></trkpt><trkpt lat="49.6335080799999" lon="10.882614850000003"><ele>298.78000000000003</ele><time>2026-09-20T9:52:27Z</time><extensions><speed>-1.0</speed><course>-1.0</course><hAcc>0.0</hAcc><vAcc>0.0</vAcc></extensions></trkpt><trkpt lat="49.6335137499999" lon="10.882503520000004"><ele>298.78000000000003</ele><time>2026-09-20T9:52:29Z</time><extensions><speed>-1.0</speed><course>-1.0</course><hAcc>0.0</hAcc><vAcc>0.0</vAcc></extensions></trkpt><trkpt lat="49.6335187499999" lon="10.882409850000004"><ele>298.78000000000003</ele><time>2026-09-20T9:52:30Z</time><extensions><speed>-1.0</speed><course>-1.0</course><hAcc>0.0</hAcc><vAcc>0.0</vAcc></extensions></trkpt><trkpt lat="49.6335240799999" lon="10.882328520000003"><ele>298.78000000000003</ele><time>2026-09-20T9:52:31Z</time><extensions><speed>-1.0</speed><course>-1.0</course><hAcc>0.0</hAcc><vAcc>0.0</vAcc></extensions></trkpt><trkpt lat="49.6335274099999" lon="10.882255520000003"><ele>298.78000000000003</ele><time>2026-09-20T9:52:32Z</time><extensions><speed>-1.0</speed><course>-1.0</course><hAcc>0.0</hAcc><vAcc>0.0</vAcc></extensions></trkpt><trkpt lat="49.6335310799999" lon="10.882171850000002"><ele>298.78000000000003</ele><time>2026-09-20T9:52:34Z</time><extensions><speed>-1.0</speed><course>-1.0</course><hAcc>0.0</hAcc><vAcc>0.0</vAcc></extensions></trkpt><trkpt lat="49.6335340799999" lon="10.882097180000002"><ele>298.78000000000003</ele><time>2026-09-20T9:52:35Z</time><extensions><speed>-1.0</speed><course>-1.0</course><hAcc>0.0</hAcc><vAcc>0.0</vAcc></extensions></trkpt><trkpt lat="49.6335387499999" lon="10.882016510000003"><ele>298.78000000000003</ele><time>2026-09-20T9:52:37Z</time><extensions><speed>-1.0</speed><course>-1.0</course><hAcc>0.0</hAcc><vAcc>0.0</vAcc></extensions></trkpt><trkpt lat="49.6335430799999" lon="10.881947840000004"><ele>299.78000000000003</ele><time>2026-09-20T9:52:38Z</time><extensions><speed>-1.0</speed><course>-1.0</course><hAcc>0.0</hAcc><vAcc>0.0</vAcc></extensions></trkpt><trkpt lat="49.6335464099999" lon="10.881883170000004"><ele>299.78000000000003</ele><time>2026-09-20T9:52:39Z</time><extensions><speed>-1.0</speed><course>-1.0</course><hAcc>0.0</hAcc><vAcc>0.0</vAcc></extensions></trkpt><trkpt lat="49.6335517399999" lon="10.881805500000004"><ele>299.78000000000003</ele><time>2026-09-20T9:52:41Z</time><extensions><speed>-1.0</speed><course>-1.0</course><hAcc>0.0</hAcc><vAcc>0.0</vAcc></extensions></trkpt><trkpt lat="49.633556739999904" lon="10.881735170000004"><ele>299.78000000000003</ele><time>2026-09-20T9:52:42Z</time><extensions><speed>-1.0</speed><course>-1.0</course><hAcc>0.0</hAcc><vAcc>0.0</vAcc></extensions></trkpt><trkpt lat="49.63356106999991" lon="10.881650500000005"><ele>299.78000000000003</ele><time>2026-09-20T9:52:44Z</time><extensions><speed>-1.0</speed><course>-1.0</course><hAcc>0.0</hAcc><vAcc>0.0</vAcc></extensions></trkpt><trkpt lat="49.633565069999904" lon="10.881574830000005"><ele>299.78000000000003</ele><time>2026-09-20T9:52:45Z</time><extensions><speed>-1.0</speed><course>-1.0</course><hAcc>0.0</hAcc><vAcc>0.0</vAcc></extensions></trkpt><trkpt lat="49.6335690699999" lon="10.881483830000006"><ele>299.78000000000003</ele><time>2026-09-20T9:52:47Z</time><extensions><speed>-1.0</speed><course>-1.0</course><hAcc>0.0</hAcc><vAcc>0.0</vAcc></extensions></trkpt><trkpt lat="49.6335747399999" lon="10.881383500000005"><ele>299.78000000000003</ele><time>2026-09-20T9:52:49Z</time><extensions><speed>-1.0</speed><course>-1.0</course><hAcc>0.0</hAcc><vAcc>0.0</vAcc></extensions></trkpt><trkpt lat="49.633579069999904" lon="10.881276170000005"><ele>299.78000000000003</ele><time>2026-09-20T9:52:51Z</time><extensions><speed>-1.0</speed><course>-1.0</course><hAcc>0.0</hAcc><vAcc>0.0</vAcc></extensions></trkpt><trkpt lat="49.63358339999991" lon="10.881165840000005"><ele>299.78000000000003</ele><time>2026-09-20T9:52:53Z</time><extensions><speed>-1.0</speed><course>-1.0</course><hAcc>0.0</hAcc><vAcc>0.0</vAcc></extensions></trkpt><trkpt lat="49.633586399999906" lon="10.881072510000005"><ele>299.78000000000003</ele><time>2026-09-20T9:52:54Z</time><extensions><speed>-1.0</speed><course>-1.0</course><hAcc>0.0</hAcc><vAcc>0.0</vAcc></extensions></trkpt><trkpt lat="49.63358872999991" lon="10.880970180000004"><ele>299.78000000000003</ele><time>2026-09-20T9:52:56Z</time><extensions><speed>-1.0</speed><course>-1.0</course><hAcc>0.0</hAcc><vAcc>0.0</vAcc></extensions></trkpt><trkpt lat="49.63358839999991" lon="10.880859850000004"><ele>299.78000000000003</ele><time>2026-09-20T9:52:58Z</time><extensions><speed>-1.0</speed><course>-1.0</course><hAcc>0.0</hAcc><vAcc>0.0</vAcc></extensions></trkpt><trkpt lat="49.633586729999905" lon="10.880742520000004"><ele>299.78000000000003</ele><time>2026-09-20T9:53:00Z</time><extensions><speed>-1.0</speed><course>-1.0</course><hAcc>0.0</hAcc><vAcc>0.0</vAcc></extensions></trkpt><trkpt lat="49.633584059999905" lon="10.880640520000004"><ele>299.78000000000003</ele><time>2026-09-20T9:53:01Z</time><extensions><speed>-1.0</speed><course>-1.0</course><hAcc>0.0</hAcc><vAcc>0.0</vAcc></extensions></trkpt><trkpt lat="49.6335793899999" lon="10.880526520000004"><ele>299.78000000000003</ele><time>2026-09-20T9:53:03Z</time><extensions><speed>-1.0</speed><course>-1.0</course><hAcc>0.0</hAcc><vAcc>0.0</vAcc></extensions></trkpt><trkpt lat="49.6335737199999" lon="10.880428190000003"><ele>299.78000000000003</ele><time>2026-09-20T9:53:04Z</time><extensions><speed>-1.0</speed><course>-1.0</course><hAcc>0.0</hAcc><vAcc>0.0</vAcc></extensions></trkpt><trkpt lat="49.633567389999904" lon="10.880339860000003"><ele>299.78000000000003</ele><time>2026-09-20T9:53:05Z</time><extensions><speed>-1.0</speed><course>-1.0</course><hAcc>0.0</hAcc><vAcc>0.0</vAcc></extensions></trkpt><trkpt lat="49.633555719999904" lon="10.880236190000003"><ele>299.78000000000003</ele><time>2026-09-20T9:53:07Z</time><extensions><speed>-1.0</speed><course>-1.0</course><hAcc>0.0</hAcc><vAcc>0.0</vAcc></extensions></trkpt><trkpt lat="49.633544049999905" lon="10.880145190000004"><ele>298.96</ele><time>2026-09-20T9:53:08Z</time><extensions><speed>-1.0</speed><course>-1.0</course><hAcc>0.0</hAcc><vAcc>0.0</vAcc></extensions></trkpt><trkpt lat="49.63352904999991" lon="10.880040190000004"><ele>298.96</ele><time>2026-09-20T9:53:10Z</time><extensions><speed>-1.0</speed><course>-1.0</course><hAcc>0.0</hAcc><vAcc>0.0</vAcc></extensions></trkpt><trkpt lat="49.63351437999991" lon="10.879948190000004"><ele>298.96</ele><time>2026-09-20T9:53:11Z</time><extensions><speed>-1.0</speed><course>-1.0</course><hAcc>0.0</hAcc><vAcc>0.0</vAcc></extensions></trkpt><trkpt lat="49.63349504999991" lon="10.879846190000004"><ele>298.96</ele><time>2026-09-20T9:53:13Z</time><extensions><speed>-1.0</speed><course>-1.0</course><hAcc>0.0</hAcc><vAcc>0.0</vAcc></extensions></trkpt><trkpt lat="49.63347537999991" lon="10.879757860000003"><ele>298.96</ele><time>2026-09-20T9:53:14Z</time><extensions><speed>-1.0</speed><course>-1.0</course><hAcc>0.0</hAcc><vAcc>0.0</vAcc></extensions></trkpt><trkpt lat="49.63344670999991" lon="10.879664190000003"><ele>298.96</ele><time>2026-09-20T9:53:16Z</time><extensions><speed>-1.0</speed><course>-1.0</course><hAcc>0.0</hAcc><vAcc>0.0</vAcc></extensions></trkpt><trkpt lat="49.63341837999991" lon="10.879585860000004"><ele>298.96</ele><time>2026-09-20T9:53:17Z</time><extensions><speed>-1.0</speed><course>-1.0</course><hAcc>0.0</hAcc><vAcc>0.0</vAcc></extensions></trkpt><trkpt lat="49.63338004999991" lon="10.879509190000004"><ele>298.96</ele><time>2026-09-20T9:53:19Z</time><extensions><speed>-1.0</speed><course>-1.0</course><hAcc>0.0</hAcc><vAcc>0.0</vAcc></extensions></trkpt><trkpt lat="49.633347379999904" lon="10.879442860000005"><ele>298.96</ele><time>2026-09-20T9:53:20Z</time><extensions><speed>-1.0</speed><course>-1.0</course><hAcc>0.0</hAcc><vAcc>0.0</vAcc></extensions></trkpt><trkpt lat="49.6333167099999" lon="10.879371860000004"><ele>298.96</ele><time>2026-09-20T9:53:22Z</time><extensions><speed>-1.0</speed><course>-1.0</course><hAcc>0.0</hAcc><vAcc>0.0</vAcc></extensions></trkpt><trkpt lat="49.633285379999904" lon="10.879306860000005"><ele>298.96</ele><time>2026-09-20T9:53:24Z</time><extensions><speed>-1.0</speed><course>-1.0</course><hAcc>0.0</hAcc><vAcc>0.0</vAcc></extensions></trkpt><trkpt lat="49.633266049999904" lon="10.879235860000005"><ele>298.96</ele><time>2026-09-20T9:53:26Z</time><extensions><speed>-1.0</speed><course>-1.0</course><hAcc>0.0</hAcc><vAcc>0.0</vAcc></extensions></trkpt><trkpt lat="49.633263049999904" lon="10.879172530000005"><ele>298.96</ele><time>2026-09-20T9:53:27Z</time><extensions><speed>-1.0</speed><course>-1.0</course><hAcc>0.0</hAcc><vAcc>0.0</vAcc></extensions></trkpt><trkpt lat="49.63325904999991" lon="10.879099200000006"><ele>298.96</ele><time>2026-09-20T9:53:29Z</time><extensions><speed>-1.0</speed><course>-1.0</course><hAcc>0.0</hAcc><vAcc>0.0</vAcc></extensions></trkpt><trkpt lat="49.63325637999991" lon="10.879012200000005"><ele>298.96</ele><time>2026-09-20T9:53:31Z</time><extensions><speed>-1.0</speed><course>-1.0</course><hAcc>0.0</hAcc><vAcc>0.0</vAcc></extensions></trkpt><trkpt lat="49.63325337999991" lon="10.878909530000005"><ele>298.96</ele><time>2026-09-20T9:53:33Z</time><extensions><speed>-1.0</speed><course>-1.0</course><hAcc>0.0</hAcc><vAcc>0.0</vAcc></extensions></trkpt><trkpt lat="49.63324437999991" lon="10.878819200000004"><ele>298.96</ele><time>2026-09-20T9:53:34Z</time><extensions><speed>-1.0</speed><course>-1.0</course><hAcc>0.0</hAcc><vAcc>0.0</vAcc></extensions></trkpt><trkpt lat="49.63321604999991" lon="10.878725530000004"><ele>298.96</ele><time>2026-09-20T9:53:36Z</time><extensions><speed>-1.0</speed><course>-1.0</course><hAcc>0.0</hAcc><vAcc>0.0</vAcc></extensions></trkpt><trkpt lat="49.63317437999991" lon="10.878627860000003"><ele>298.96</ele><time>2026-09-20T9:53:38Z</time><extensions><speed>-1.0</speed><course>-1.0</course><hAcc>0.0</hAcc><vAcc>0.0</vAcc></extensions></trkpt><trkpt lat="49.633135709999905" lon="10.878543860000004"><ele>298.96</ele><time>2026-09-20T9:53:39Z</time><extensions><speed>-1.0</speed><course>-1.0</course><hAcc>0.0</hAcc><vAcc>0.0</vAcc></extensions></trkpt><trkpt lat="49.633099379999905" lon="10.878467530000004"><ele>299.87</ele><time>2026-09-20T9:53:40Z</time><extensions><speed>-1.0</speed><course>-1.0</course><hAcc>0.0</hAcc><vAcc>0.0</vAcc></extensions></trkpt><trkpt lat="49.63306437999991" lon="10.878397200000004"><ele>299.87</ele><time>2026-09-20T9:53:41Z</time><extensions><speed>-1.0</speed><course>-1.0</course><hAcc>0.0</hAcc><vAcc>0.0</vAcc></extensions></trkpt><trkpt lat="49.63302004999991" lon="10.878314530000004"><ele>299.87</ele><time>2026-09-20T9:53:43Z</time><extensions><speed>-1.0</speed><course>-1.0</course><hAcc>0.0</hAcc><vAcc>0.0</vAcc></extensions></trkpt><trkpt lat="49.63297104999991" lon="10.878219530000004"><ele>299.87</ele><time>2026-09-20T9:53:45Z</time><extensions><speed>-1.0</speed><course>-1.0</course><hAcc>0.0</hAcc><vAcc>0.0</vAcc></extensions></trkpt><trkpt lat="49.63292704999991" lon="10.878138530000005"><ele>299.87</ele><time>2026-09-20T9:53:46Z</time><extensions><speed>-1.0</speed><course>-1.0</course><hAcc>0.0</hAcc><vAcc>0.0</vAcc></extensions></trkpt><trkpt lat="49.63287804999991" lon="10.878045530000005"><ele>299.87</ele><time>2026-09-20T9:53:48Z</time><extensions><speed>-1.0</speed><course>-1.0</course><hAcc>0.0</hAcc><vAcc>0.0</vAcc></extensions></trkpt><trkpt lat="49.63283704999991" lon="10.877964200000005"><ele>299.87</ele><time>2026-09-20T9:53:49Z</time><extensions><speed>-1.0</speed><course>-1.0</course><hAcc>0.0</hAcc><vAcc>0.0</vAcc></extensions></trkpt><trkpt lat="49.63279171999991" lon="10.877871530000004"><ele>299.87</ele><time>2026-09-20T9:53:51Z</time><extensions><speed>-1.0</speed><course>-1.0</course><hAcc>0.0</hAcc><vAcc>0.0</vAcc></extensions></trkpt><trkpt lat="49.63274338999991" lon="10.877767530000003"><ele>299.87</ele><time>2026-09-20T9:53:53Z</time><extensions><speed>-1.0</speed><course>-1.0</course><hAcc>0.0</hAcc><vAcc>0.0</vAcc></extensions></trkpt><trkpt lat="49.63269338999991" lon="10.877658200000003"><ele>299.87</ele><time>2026-09-20T9:53:55Z</time><extensions><speed>-1.0</speed><course>-1.0</course><hAcc>0.0</hAcc><vAcc>0.0</vAcc></extensions></trkpt><trkpt lat="49.63265105999991" lon="10.877565530000002"><ele>299.87</ele><time>2026-09-20T9:53:56Z</time><extensions><speed>-1.0</speed><course>-1.0</course><hAcc>0.0</hAcc><vAcc>0.0</vAcc></extensions></trkpt><trkpt lat="49.63260905999991" lon="10.877459530000001"><ele>299.87</ele><time>2026-09-20T9:53:58Z</time><extensions><speed>-1.0</speed><course>-1.0</course><hAcc>0.0</hAcc><vAcc>0.0</vAcc></extensions></trkpt><trkpt lat="49.63257172999991" lon="10.8773692"><ele>299.87</ele><time>2026-09-20T9:53:59Z</time><extensions><speed>-1.0</speed><course>-1.0</course><hAcc>0.0</hAcc><vAcc>0.0</vAcc></extensions></trkpt><trkpt lat="49.63252872999991" lon="10.87726853"><ele>299.87</ele><time>2026-09-20T9:54:01Z</time><extensions><speed>-1.0</speed><course>-1.0</course><hAcc>0.0</hAcc><vAcc>0.0</vAcc></extensions></trkpt><trkpt lat="49.632491059999914" lon="10.87718153"><ele>299.87</ele><time>2026-09-20T9:54:02Z</time><extensions><speed>-1.0</speed><course>-1.0</course><hAcc>0.0</hAcc><vAcc>0.0</vAcc></extensions></trkpt><trkpt lat="49.632445729999915" lon="10.87708653"><ele>299.87</ele><time>2026-09-20T9:54:04Z</time><extensions><speed>-1.0</speed><course>-1.0</course><hAcc>0.0</hAcc><vAcc>0.0</vAcc></extensions></trkpt><trkpt lat="49.63240439999991" lon="10.87700386"><ele>299.87</ele><time>2026-09-20T9:54:05Z</time><extensions><speed>-1.0</speed><course>-1.0</course><hAcc>0.0</hAcc><vAcc>0.0</vAcc></extensions></trkpt><trkpt lat="49.63235672999991" lon="10.87691719"><ele>299.87</ele><time>2026-09-20T9:54:07Z</time><extensions><speed>-1.0</speed><course>-1.0</course><hAcc>0.0</hAcc><vAcc>0.0</vAcc></extensions></trkpt><trkpt lat="49.63231572999991" lon="10.87684452"><ele>299.87</ele><time>2026-09-20T9:54:08Z</time><extensions><speed>-1.0</speed><course>-1.0</course><hAcc>0.0</hAcc><vAcc>0.0</vAcc></extensions></trkpt><trkpt lat="49.63226172999991" lon="10.876768850000001"><ele>299.87</ele><time>2026-09-20T9:54:10Z</time><extensions><speed>-1.0</speed><course>-1.0</course><hAcc>0.0</hAcc><vAcc>0.0</vAcc></extensions></trkpt><trkpt lat="49.632204059999914" lon="10.87669252"><ele>299.87</ele><time>2026-09-20T9:54:12Z</time><extensions><speed>-1.0</speed><course>-1.0</course><hAcc>0.0</hAcc><vAcc>0.0</vAcc></extensions></trkpt><trkpt lat="49.632138729999916" lon="10.876621850000001"><ele>299.87</ele><time>2026-09-20T9:54:14Z</time><extensions><speed>-1.0</speed><course>-1.0</course><hAcc>0.0</hAcc><vAcc>0.0</vAcc></extensions></trkpt><trkpt lat="49.63208072999991" lon="10.87656452"><ele>299.87</ele><time>2026-09-20T9:54:15Z</time><extensions><speed>-1.0</speed><course>-1.0</course><hAcc>0.0</hAcc><vAcc>0.0</vAcc></extensions></trkpt><trkpt lat="49.63201672999991" lon="10.87650485"><ele>300.69</ele><time>2026-09-20T9:54:17Z</time><extensions><speed>-1.0</speed><course>-1.0</course><hAcc>0.0</hAcc><vAcc>0.0</vAcc></extensions></trkpt><trkpt lat="49.63196039999991" lon="10.87645352"><ele>300.69</ele><time>2026-09-20T9:54:18Z</time><extensions><speed>-1.0</speed><course>-1.0</course><hAcc>0.0</hAcc><vAcc>0.0</vAcc></extensions></trkpt><trkpt lat="49.63191372999991" lon="10.87640452"><ele>300.69</ele><time>2026-09-20T9:54:19Z</time><extensions><speed>-1.0</speed><course>-1.0</course><hAcc>0.0</hAcc><vAcc>0.0</vAcc></extensions></trkpt><trkpt lat="49.63187105999991" lon="10.87635752"><ele>300.69</ele><time>2026-09-20T9:54:20Z</time><extensions><speed>-1.0</speed><course>-1.0</course><hAcc>0.0</hAcc><vAcc>0.0</vAcc></extensions></trkpt><trkpt lat="49.63182905999991" lon="10.87631519"><ele>300.69</ele><time>2026-09-20T9:54:21Z</time><extensions><speed>-1.0</speed><course>-1.0</course><hAcc>0.0</hAcc><vAcc>0.0</vAcc></extensions></trkpt><trkpt lat="49.631779389999906" lon="10.87625052"><ele>300.69</ele><time>2026-09-20T9:54:23Z</time><extensions><speed>-1.0</speed><course>-1.0</course><hAcc>0.0</hAcc><vAcc>0.0</vAcc></extensions></trkpt><trkpt lat="49.63173638999991" lon="10.876184519999999"><ele>300.69</ele><time>2026-09-20T9:54:24Z</time><extensions><speed>-1.0</speed><course>-1.0</course><hAcc>0.0</hAcc><vAcc>0.0</vAcc></extensions></trkpt><trkpt lat="49.631695389999905" lon="10.876098189999999"><ele>300.69</ele><time>2026-09-20T9:54:26Z</time><extensions><speed>-1.0</speed><course>-1.0</course><hAcc>0.0</hAcc><vAcc>0.0</vAcc></extensions></trkpt><trkpt lat="49.631664389999905" lon="10.876015859999999"><ele>300.69</ele><time>2026-09-20T9:54:27Z</time><extensions><speed>-1.0</speed><course>-1.0</course><hAcc>0.0</hAcc><vAcc>0.0</vAcc></extensions></trkpt><trkpt lat="49.631639059999905" lon="10.875939859999999"><ele>300.69</ele><time>2026-09-20T9:54:28Z</time><extensions><speed>-1.0</speed><course>-1.0</course><hAcc>0.0</hAcc><vAcc>0.0</vAcc></extensions></trkpt><trkpt lat="49.6316120599999" lon="10.87584186"><ele>300.69</ele><time>2026-09-20T9:54:30Z</time><extensions><speed>-1.0</speed><course>-1.0</course><hAcc>0.0</hAcc><vAcc>0.0</vAcc></extensions></trkpt><trkpt lat="49.6315817299999" lon="10.87573119"><ele>300.69</ele><time>2026-09-20T9:54:32Z</time><extensions><speed>-1.0</speed><course>-1.0</course><hAcc>0.0</hAcc><vAcc>0.0</vAcc></extensions></trkpt><trkpt lat="49.6315533999999" lon="10.87561319"><ele>300.69</ele><time>2026-09-20T9:54:34Z</time><extensions><speed>-1.0</speed><course>-1.0</course><hAcc>0.0</hAcc><vAcc>0.0</vAcc></extensions></trkpt><trkpt lat="49.631527399999904" lon="10.87549052"><ele>300.69</ele><time>2026-09-20T9:54:36Z</time><extensions><speed>-1.0</speed><course>-1.0</course><hAcc>0.0</hAcc><vAcc>0.0</vAcc></extensions></trkpt><trkpt lat="49.631501069999906" lon="10.87536819"><ele>301.69</ele><time>2026-09-20T9:54:38Z</time><extensions><speed>-1.0</speed><course>-1.0</course><hAcc>0.0</hAcc><vAcc>0.0</vAcc></extensions></trkpt><trkpt lat="49.63147839999991" lon="10.87524486"><ele>301.69</ele><time>2026-09-20T9:54:40Z</time><extensions><speed>-1.0</speed><course>-1.0</course><hAcc>0.0</hAcc><vAcc>0.0</vAcc></extensions></trkpt><trkpt lat="49.631462069999905" lon="10.87514119"><ele>301.69</ele><time>2026-09-20T9:54:41Z</time><extensions><speed>-1.0</speed><course>-1.0</course><hAcc>0.0</hAcc><vAcc>0.0</vAcc></extensions></trkpt><trkpt lat="49.63144473999991" lon="10.875029860000001"><ele>301.69</ele><time>2026-09-20T9:54:43Z</time><extensions><speed>-1.0</speed><course>-1.0</course><hAcc>0.0</hAcc><vAcc>0.0</vAcc></extensions></trkpt><trkpt lat="49.63143273999991" lon="10.874935190000002"><ele>301.69</ele><time>2026-09-20T9:54:44Z</time><extensions><speed>-1.0</speed><course>-1.0</course><hAcc>0.0</hAcc><vAcc>0.0</vAcc></extensions></trkpt><trkpt lat="49.63142640999991" lon="10.874831190000002"><ele>301.69</ele><time>2026-09-20T9:54:46Z</time><extensions><speed>-1.0</speed><course>-1.0</course><hAcc>0.0</hAcc><vAcc>0.0</vAcc></extensions></trkpt><trkpt lat="49.63142273999991" lon="10.874742190000003"><ele>301.69</ele><time>2026-09-20T9:54:47Z</time><extensions><speed>-1.0</speed><course>-1.0</course><hAcc>0.0</hAcc><vAcc>0.0</vAcc></extensions></trkpt><trkpt lat="49.63142106999991" lon="10.874664190000003"><ele>301.69</ele><time>2026-09-20T9:54:48Z</time><extensions><speed>-1.0</speed><course>-1.0</course><hAcc>0.0</hAcc><vAcc>0.0</vAcc></extensions></trkpt><trkpt lat="49.63142573999991" lon="10.874575860000002"><ele>301.69</ele><time>2026-09-20T9:54:50Z</time><extensions><speed>-1.0</speed><course>-1.0</course><hAcc>0.0</hAcc><vAcc>0.0</vAcc></extensions></trkpt><trkpt lat="49.63143140999991" lon="10.874487190000002"><ele>301.69</ele><time>2026-09-20T9:54:52Z</time><extensions><speed>-1.0</speed><course>-1.0</course><hAcc>0.0</hAcc><vAcc>0.0</vAcc></extensions></trkpt><trkpt lat="49.631438739999915" lon="10.874408190000002"><ele>301.69</ele><time>2026-09-20T9:54:53Z</time><extensions><speed>-1.0</speed><course>-1.0</course><hAcc>0.0</hAcc><vAcc>0.0</vAcc></extensions></trkpt><trkpt lat="49.63144273999991" lon="10.874318520000003"><ele>301.69</ele><time>2026-09-20T9:54:55Z</time><extensions><speed>-1.0</speed><course>-1.0</course><hAcc>0.0</hAcc><vAcc>0.0</vAcc></extensions></trkpt><trkpt lat="49.63144573999991" lon="10.874219190000003"><ele>301.69</ele><time>2026-09-20T9:54:57Z</time><extensions><speed>-1.0</speed><course>-1.0</course><hAcc>0.0</hAcc><vAcc>0.0</vAcc></extensions></trkpt><trkpt lat="49.63144873999991" lon="10.874133860000004"><ele>301.69</ele><time>2026-09-20T9:54:58Z</time><extensions><speed>-1.0</speed><course>-1.0</course><hAcc>0.0</hAcc><vAcc>0.0</vAcc></extensions></trkpt><trkpt lat="49.631450409999914" lon="10.874057860000004"><ele>301.69</ele><time>2026-09-20T9:54:59Z</time><extensions><speed>-1.0</speed><course>-1.0</course><hAcc>0.0</hAcc><vAcc>0.0</vAcc></extensions></trkpt><trkpt lat="49.631455409999916" lon="10.873970860000004"><ele>301.69</ele><time>2026-09-20T9:55:01Z</time><extensions><speed>-1.0</speed><course>-1.0</course><hAcc>0.0</hAcc><vAcc>0.0</vAcc></extensions></trkpt><trkpt lat="49.631453079999915" lon="10.873873190000003"><ele>301.69</ele><time>2026-09-20T9:55:03Z</time><extensions><speed>-1.0</speed><course>-1.0</course><hAcc>0.0</hAcc><vAcc>0.0</vAcc></extensions></trkpt><trkpt lat="49.63144674999992" lon="10.873769520000003"><ele>301.69</ele><time>2026-09-20T9:55:05Z</time><extensions><speed>-1.0</speed><course>-1.0</course><hAcc>0.0</hAcc><vAcc>0.0</vAcc></extensions></trkpt><trkpt lat="49.631427079999916" lon="10.873671190000003"><ele>301.69</ele><time>2026-09-20T9:55:07Z</time><extensions><speed>-1.0</speed><course>-1.0</course><hAcc>0.0</hAcc><vAcc>0.0</vAcc></extensions></trkpt><trkpt lat="49.63140107999992" lon="10.873566860000004"><ele>301.69</ele><time>2026-09-20T9:55:09Z</time><extensions><speed>-1.0</speed><course>-1.0</course><hAcc>0.0</hAcc><vAcc>0.0</vAcc></extensions></trkpt><trkpt lat="49.63138007999992" lon="10.873477530000004"><ele>301.69</ele><time>2026-09-20T9:55:10Z</time><extensions><speed>-1.0</speed><course>-1.0</course><hAcc>0.0</hAcc><vAcc>0.0</vAcc></extensions></trkpt><trkpt lat="49.63135474999992" lon="10.873382860000005"><ele>302.51</ele><time>2026-09-20T9:55:12Z</time><extensions><speed>-1.0</speed><course>-1.0</course><hAcc>0.0</hAcc><vAcc>0.0</vAcc></extensions></trkpt><trkpt lat="49.63134074999992" lon="10.873300190000005"><ele>302.51</ele><time>2026-09-20T9:55:13Z</time><extensions><speed>-1.0</speed><course>-1.0</course><hAcc>0.0</hAcc><vAcc>0.0</vAcc></extensions></trkpt><trkpt lat="49.63133874999992" lon="10.873233190000006"><ele>302.51</ele><time>2026-09-20T9:55:14Z</time><extensions><speed>-1.0</speed><course>-1.0</course><hAcc>0.0</hAcc><vAcc>0.0</vAcc></extensions></trkpt><trkpt lat="49.63135641999992" lon="10.873182860000005"><ele>302.51</ele><time>2026-09-20T9:55:16Z</time><extensions><speed>-1.0</speed><course>-1.0</course><hAcc>0.0</hAcc><vAcc>0.0</vAcc></extensions></trkpt><trkpt lat="49.63139174999992" lon="10.873149860000005"><ele>302.51</ele><time>2026-09-20T9:55:18Z</time><extensions><speed>-1.0</speed><course>-1.0</course><hAcc>0.0</hAcc><vAcc>0.0</vAcc></extensions></trkpt><trkpt lat="49.63142941999992" lon="10.873130860000005"><ele>302.51</ele><time>2026-09-20T9:55:19Z</time><extensions><speed>-1.0</speed><course>-1.0</course><hAcc>0.0</hAcc><vAcc>0.0</vAcc></extensions></trkpt><trkpt lat="49.63147741999992" lon="10.873121190000004"><ele>302.51</ele><time>2026-09-20T9:55:21Z</time><extensions><speed>-1.0</speed><course>-1.0</course><hAcc>0.0</hAcc><vAcc>0.0</vAcc></extensions></trkpt><trkpt lat="49.63153041999992" lon="10.873112520000005"><ele>302.51</ele><time>2026-09-20T9:55:23Z</time><extensions><speed>-1.0</speed><course>-1.0</course><hAcc>0.0</hAcc><vAcc>0.0</vAcc></extensions></trkpt><trkpt lat="49.63157541999992" lon="10.873098850000005"><ele>302.51</ele><time>2026-09-20T9:55:24Z</time><extensions><speed>-1.0</speed><course>-1.0</course><hAcc>0.0</hAcc><vAcc>0.0</vAcc></extensions></trkpt>
        </trkseg>
    </trk>
</gpx>